SITE_CODE,WLM_ID,MSMT_DATE,WLM_RPE,WLM_GSE,RDNG_WS,RDNG_RP,WSE,RPE_WSE,GSE_WSE,WLM_QA_DESC,WLM_DESC,WLM_ACC_DESC,WLM_ORG_ID,WLM_ORG_NAME,MSMT_CMT,COOP_AGENCY_ORG_ID,COOP_ORG_NAME,TOP_PRF,BOT_PRF,STN_ID,SWN,WELL_NAME,WLM_METHOD,WLM_ACC,BASIN_CODE,BASIN_NAME,COUNTY_NAME,WELL_DEPTH,WELL_USE,WELL_TYPE,WCR_NO,t_range,n_samples,season,fall_high,fall_low,spring_high,spring_low,water_year,HUC8,WYT,water_year_type,water_year_start,water_year_end,X,Y
361197N1195098W001,2170019,2015-10-06T00:00:00Z,209.95,208.81,30,200,39.95,170,168.86,NA,Steel tape measurement,Water level accuracy to nearest tenth of a foot,5030,Tulare Irrigation District,NA,5030,Tulare Irrigation District,NA,NA,48647,NA,212308F2,Surveyed to a benchmark,0.1 ft.,5-022.11,Kaweah,Tulare,NA,Irrigation,Single Well,NA,2011-02-24 10:25:00 - 2015-10-06 00:00:00,10,fall,130.64,168.86,NA,NA,2016,18030012,Below Normal,Below Normal,2015-10-01T00:00:00Z,2016-10-01T00:00:00Z,-119.51,36.1197
361197N1195098W001,2137647,2015-02-02T13:00:00Z,209.95,208.81,5,150,64.95,145,143.86,NA,Steel tape measurement,Water level accuracy to nearest foot,5030,Tulare Irrigation District,NA,5030,Tulare Irrigation District,NA,NA,48647,NA,212308F2,Surveyed to a benchmark,0.1 ft.,5-022.11,Kaweah,Tulare,NA,Irrigation,Single Well,NA,2011-02-24 10:25:00 - 2015-10-06 00:00:00,10,other,NA,NA,NA,NA,2015,18030012,Critical,Critical,2014-10-01T00:00:00Z,2015-10-01T00:00:00Z,-119.51,36.1197
361197N1195098W001,2137646,2014-10-13T11:30:00Z,209.95,208.81,11,160,60.95,149,147.86,NA,Steel tape measurement,Water level accuracy to nearest foot,5030,Tulare Irrigation District,NA,5030,Tulare Irrigation District,NA,NA,48647,NA,212308F2,Surveyed to a benchmark,0.1 ft.,5-022.11,Kaweah,Tulare,NA,Irrigation,Single Well,NA,2011-02-24 10:25:00 - 2015-10-06 00:00:00,10,fall,130.64,168.86,NA,NA,2015,18030012,Critical,Critical,2014-10-01T00:00:00Z,2015-10-01T00:00:00Z,-119.51,36.1197
361197N1195098W001,2137645,2014-02-15T10:30:00Z,209.95,208.81,3,162,50.95,159,157.86,NA,Steel tape measurement,Water level accuracy to nearest foot,5030,Tulare Irrigation District,NA,5030,Tulare Irrigation District,NA,NA,48647,NA,212308F2,Surveyed to a benchmark,0.1 ft.,5-022.11,Kaweah,Tulare,NA,Irrigation,Single Well,NA,2011-02-24 10:25:00 - 2015-10-06 00:00:00,10,other,NA,NA,NA,NA,2014,18030012,Critical,Critical,2013-10-01T00:00:00Z,2014-10-01T00:00:00Z,-119.51,36.1197
361197N1195098W001,2137644,2013-10-09T10:45:00Z,209.95,208.81,3,155,57.95,152,150.86,NA,Steel tape measurement,Water level accuracy to nearest foot,5030,Tulare Irrigation District,NA,5030,Tulare Irrigation District,NA,NA,48647,NA,212308F2,Surveyed to a benchmark,0.1 ft.,5-022.11,Kaweah,Tulare,NA,Irrigation,Single Well,NA,2011-02-24 10:25:00 - 2015-10-06 00:00:00,10,fall,130.64,168.86,NA,NA,2014,18030012,Critical,Critical,2013-10-01T00:00:00Z,2014-10-01T00:00:00Z,-119.51,36.1197
361197N1195098W001,2137643,2013-03-06T10:10:00Z,209.95,208.81,7,150,66.95,143,141.86,NA,Steel tape measurement,Water level accuracy to nearest foot,5030,Tulare Irrigation District,NA,5030,Tulare Irrigation District,NA,NA,48647,NA,212308F2,Surveyed to a benchmark,0.1 ft.,5-022.11,Kaweah,Tulare,NA,Irrigation,Single Well,NA,2011-02-24 10:25:00 - 2015-10-06 00:00:00,10,spring,NA,NA,141.86,141.86,2013,18030012,Critical,Critical,2012-10-01T00:00:00Z,2013-10-01T00:00:00Z,-119.51,36.1197
361197N1195098W001,2137642,2012-10-23T10:50:00Z,209.95,208.81,6,150,65.95,144,142.86,NA,Steel tape measurement,Water level accuracy to nearest foot,5030,Tulare Irrigation District,NA,5030,Tulare Irrigation District,NA,NA,48647,NA,212308F2,Surveyed to a benchmark,0.1 ft.,5-022.11,Kaweah,Tulare,NA,Irrigation,Single Well,NA,2011-02-24 10:25:00 - 2015-10-06 00:00:00,10,fall,130.64,168.86,NA,NA,2013,18030012,Critical,Critical,2012-10-01T00:00:00Z,2013-10-01T00:00:00Z,-119.51,36.1197
361197N1195098W001,2137641,2012-02-16T10:45:00Z,209.95,208.81,15,128,96.95,113,111.86,NA,Steel tape measurement,Water level accuracy to nearest foot,5030,Tulare Irrigation District,NA,5030,Tulare Irrigation District,NA,NA,48647,NA,212308F2,Surveyed to a benchmark,0.1 ft.,5-022.11,Kaweah,Tulare,NA,Irrigation,Single Well,NA,2011-02-24 10:25:00 - 2015-10-06 00:00:00,10,other,NA,NA,NA,NA,2012,18030012,Below Normal,Below Normal,2011-10-01T00:00:00Z,2012-10-01T00:00:00Z,-119.51,36.1197
361197N1195098W001,37322,2011-10-10T10:00:00Z,209.95,218.59,3,125,87.95,122,130.64,Oil or foreign substance in casing,Steel tape measurement,Water level accuracy to nearest tenth of a foot,5030,Tulare Irrigation District,NA,5030,Tulare Irrigation District,NA,NA,48647,NA,212308F2,Surveyed to a benchmark,0.1 ft.,5-022.11,Kaweah,Tulare,NA,Irrigation,Single Well,NA,2011-02-24 10:25:00 - 2015-10-06 00:00:00,10,fall,130.64,168.86,NA,NA,2012,18030012,Below Normal,Below Normal,2011-10-01T00:00:00Z,2012-10-01T00:00:00Z,-119.51,36.1197
361197N1195098W001,2137640,2011-02-24T10:25:00Z,209.95,208.81,26,150,85.95,124,122.86,NA,Steel tape measurement,Water level accuracy to nearest foot,5030,Tulare Irrigation District,NA,5030,Tulare Irrigation District,NA,NA,48647,NA,212308F2,Surveyed to a benchmark,0.1 ft.,5-022.11,Kaweah,Tulare,NA,Irrigation,Single Well,NA,2011-02-24 10:25:00 - 2015-10-06 00:00:00,10,other,NA,NA,NA,NA,2011,18030012,Wet,Wet,2010-10-01T00:00:00Z,2011-10-01T00:00:00Z,-119.51,36.1197
