SITE_CODE,WLM_ID,MSMT_DATE,WLM_RPE,WLM_GSE,RDNG_WS,RDNG_RP,WSE,RPE_WSE,GSE_WSE,WLM_QA_DESC,WLM_DESC,WLM_ACC_DESC,WLM_ORG_ID,WLM_ORG_NAME,MSMT_CMT,COOP_AGENCY_ORG_ID,COOP_ORG_NAME,TOP_PRF,BOT_PRF,STN_ID,SWN,WELL_NAME,WLM_METHOD,WLM_ACC,BASIN_CODE,BASIN_NAME,COUNTY_NAME,WELL_DEPTH,WELL_USE,WELL_TYPE,WCR_NO,t_range,n_samples,season,fall_high,fall_low,spring_high,spring_low,water_year,HUC8,WYT,water_year_type,water_year_start,water_year_end,X,Y
361122N1195013W001,1989018,2013-03-06T17:00:00Z,223.762,222.762,NA,NA,NA,NA,NA,Pumping,NA,NA,1,Department of Water Resources,NA,1,Department of Water Resources,NA,NA,19680,21S23E08R001M,21S23E08R001M,Unknown,Unknown,5-022.11,Kaweah,Tulare,NA,Unknown,Single Well,NA,1968-02-01 00:00:00 - 2013-03-06 17:00:00,78,spring,NA,NA,126,126,2013,18030012,Critical,Critical,2012-10-01T00:00:00Z,2013-10-01T00:00:00Z,-119.501,36.1122
361122N1195013W001,93945,2011-02-24T10:45:00Z,223.762,222.762,0,117,106.762,117,116,Oil or foreign substance in casing,Unknown,Water level accuracy to nearest tenth of a foot,1,Department of Water Resources,Oil in Casing,1,Department of Water Resources,NA,NA,19680,21S23E08R001M,21S23E08R001M,Unknown,Unknown,5-022.11,Kaweah,Tulare,NA,Unknown,Single Well,NA,1968-02-01 00:00:00 - 2013-03-06 17:00:00,78,other,NA,NA,NA,NA,2011,18030012,Wet,Wet,2010-10-01T00:00:00Z,2011-10-01T00:00:00Z,-119.501,36.1122
361122N1195013W001,980514,2010-01-22T00:00:00Z,223.77,222.77,NA,NA,NA,NA,NA,Special/Other,NA,NA,1,Department of Water Resources,NA,5030,Tulare Irrigation District,NA,NA,19680,21S23E08R001M,21S23E08R001M,Unknown,Unknown,5-022.11,Kaweah,Tulare,NA,Unknown,Single Well,NA,1968-02-01 00:00:00 - 2013-03-06 17:00:00,78,other,NA,NA,NA,NA,2010,18030012,Above Normal,Above Normal,2009-10-01T00:00:00Z,2010-10-01T00:00:00Z,-119.501,36.1122
361122N1195013W001,980513,2009-03-03T00:00:00Z,223.77,222.77,0,127,96.77,127,126,NA,Unknown,Water level accuracy is unknown,1,Department of Water Resources,NO OIL,5030,Tulare Irrigation District,NA,NA,19680,21S23E08R001M,21S23E08R001M,Unknown,Unknown,5-022.11,Kaweah,Tulare,NA,Unknown,Single Well,NA,1968-02-01 00:00:00 - 2013-03-06 17:00:00,78,spring,NA,NA,126,126,2009,18030012,Critical,Critical,2008-10-01T00:00:00Z,2009-10-01T00:00:00Z,-119.501,36.1122
361122N1195013W001,980511,2007-10-15T00:00:00Z,223.77,222.77,0,114,109.77,114,113,Oil or foreign substance in casing,Unknown,Water level accuracy is unknown,1,Department of Water Resources,OIL IN CASING,5030,Tulare Irrigation District,NA,NA,19680,21S23E08R001M,21S23E08R001M,Unknown,Unknown,5-022.11,Kaweah,Tulare,NA,Unknown,Single Well,NA,1968-02-01 00:00:00 - 2013-03-06 17:00:00,78,fall,20.5,172,NA,NA,2008,18030012,Critical,Critical,2007-10-01T00:00:00Z,2008-10-01T00:00:00Z,-119.501,36.1122
361122N1195013W001,980510,2007-02-01T00:00:00Z,223.77,222.77,0,94,129.77,94,93,Nearby pump operating,Unknown,Water level accuracy is unknown,1,Department of Water Resources,NO OIL,5030,Tulare Irrigation District,NA,NA,19680,21S23E08R001M,21S23E08R001M,Unknown,Unknown,5-022.11,Kaweah,Tulare,NA,Unknown,Single Well,NA,1968-02-01 00:00:00 - 2013-03-06 17:00:00,78,other,NA,NA,NA,NA,2007,18030012,Critical,Critical,2006-10-01T00:00:00Z,2007-10-01T00:00:00Z,-119.501,36.1122
361122N1195013W001,980512,2006-10-04T00:00:00Z,223.77,222.77,0,100,123.77,100,99,Oil or foreign substance in casing,Unknown,Water level accuracy is unknown,1,Department of Water Resources,NA,5030,Tulare Irrigation District,NA,NA,19680,21S23E08R001M,21S23E08R001M,Unknown,Unknown,5-022.11,Kaweah,Tulare,NA,Unknown,Single Well,NA,1968-02-01 00:00:00 - 2013-03-06 17:00:00,78,fall,20.5,172,NA,NA,2007,18030012,Critical,Critical,2006-10-01T00:00:00Z,2007-10-01T00:00:00Z,-119.501,36.1122
361122N1195013W001,980509,2006-01-24T00:00:00Z,223.77,222.77,0,102.5,121.27,102.5,101.5,NA,Unknown,Water level accuracy is unknown,1,Department of Water Resources,NA,5030,Tulare Irrigation District,NA,NA,19680,21S23E08R001M,21S23E08R001M,Unknown,Unknown,5-022.11,Kaweah,Tulare,NA,Unknown,Single Well,NA,1968-02-01 00:00:00 - 2013-03-06 17:00:00,78,other,NA,NA,NA,NA,2006,18030012,Wet,Wet,2005-10-01T00:00:00Z,2006-10-01T00:00:00Z,-119.501,36.1122
361122N1195013W001,980508,2005-02-04T00:00:00Z,223.77,222.77,0,110,113.77,110,109,NA,Unknown,Water level accuracy is unknown,1,Department of Water Resources,NA,5030,Tulare Irrigation District,NA,NA,19680,21S23E08R001M,21S23E08R001M,Unknown,Unknown,5-022.11,Kaweah,Tulare,NA,Unknown,Single Well,NA,1968-02-01 00:00:00 - 2013-03-06 17:00:00,78,other,NA,NA,NA,NA,2005,18030012,Wet,Wet,2004-10-01T00:00:00Z,2005-10-01T00:00:00Z,-119.501,36.1122
361122N1195013W001,980507,2003-09-24T00:00:00Z,223.77,222.77,0,104,119.77,104,103,Pumped recently,Unknown,Water level accuracy is unknown,1,Department of Water Resources,OIL IN CASING,5030,Tulare Irrigation District,NA,NA,19680,21S23E08R001M,21S23E08R001M,Unknown,Unknown,5-022.11,Kaweah,Tulare,NA,Unknown,Single Well,NA,1968-02-01 00:00:00 - 2013-03-06 17:00:00,78,fall,20.5,172,NA,NA,2003,18030012,Dry,Dry,2002-10-01T00:00:00Z,2003-10-01T00:00:00Z,-119.501,36.1122
361122N1195013W001,980504,2003-01-30T00:00:00Z,223.77,222.77,0,92,131.77,92,91,Pumped recently,Unknown,Water level accuracy is unknown,1,Department of Water Resources,NA,5030,Tulare Irrigation District,NA,NA,19680,21S23E08R001M,21S23E08R001M,Unknown,Unknown,5-022.11,Kaweah,Tulare,NA,Unknown,Single Well,NA,1968-02-01 00:00:00 - 2013-03-06 17:00:00,78,other,NA,NA,NA,NA,2003,18030012,Dry,Dry,2002-10-01T00:00:00Z,2003-10-01T00:00:00Z,-119.501,36.1122
361122N1195013W001,980506,2002-09-16T00:00:00Z,223.77,222.77,0,91,132.77,91,90,Oil or foreign substance in casing,Unknown,Water level accuracy is unknown,1,Department of Water Resources,NA,624,Bureau of Reclamation,NA,NA,19680,21S23E08R001M,21S23E08R001M,Unknown,Unknown,5-022.11,Kaweah,Tulare,NA,Unknown,Single Well,NA,1968-02-01 00:00:00 - 2013-03-06 17:00:00,78,fall,20.5,172,NA,NA,2002,18030012,Critical,Critical,2001-10-01T00:00:00Z,2002-10-01T00:00:00Z,-119.501,36.1122
361122N1195013W001,980505,2002-01-17T00:00:00Z,223.77,222.77,0,74,149.77,74,73,Oil or foreign substance in casing,Unknown,Water level accuracy is unknown,1,Department of Water Resources,NA,624,Bureau of Reclamation,NA,NA,19680,21S23E08R001M,21S23E08R001M,Unknown,Unknown,5-022.11,Kaweah,Tulare,NA,Unknown,Single Well,NA,1968-02-01 00:00:00 - 2013-03-06 17:00:00,78,other,NA,NA,NA,NA,2002,18030012,Critical,Critical,2001-10-01T00:00:00Z,2002-10-01T00:00:00Z,-119.501,36.1122
361122N1195013W001,980503,2001-01-26T00:00:00Z,223.77,222.77,NA,NA,NA,NA,NA,Pumping,NA,NA,1,Department of Water Resources,NA,5030,Tulare Irrigation District,NA,NA,19680,21S23E08R001M,21S23E08R001M,Unknown,Unknown,5-022.11,Kaweah,Tulare,NA,Unknown,Single Well,NA,1968-02-01 00:00:00 - 2013-03-06 17:00:00,78,other,NA,NA,NA,NA,2001,18030012,Below Normal,Below Normal,2000-10-01T00:00:00Z,2001-10-01T00:00:00Z,-119.501,36.1122
361122N1195013W001,980502,2000-01-20T00:00:00Z,223.77,222.77,0,65,158.77,65,64,Oil or foreign substance in casing,Unknown,Water level accuracy is unknown,1,Department of Water Resources,NA,5030,Tulare Irrigation District,NA,NA,19680,21S23E08R001M,21S23E08R001M,Unknown,Unknown,5-022.11,Kaweah,Tulare,NA,Unknown,Single Well,NA,1968-02-01 00:00:00 - 2013-03-06 17:00:00,78,other,NA,NA,NA,NA,2000,18030012,Below Normal,Below Normal,1999-10-01T00:00:00Z,2000-10-01T00:00:00Z,-119.501,36.1122
361122N1195013W001,980501,1999-10-07T00:00:00Z,223.77,222.77,0,65,158.77,65,64,Oil or foreign substance in casing,Unknown,Water level accuracy is unknown,1,Department of Water Resources,NA,5030,Tulare Irrigation District,NA,NA,19680,21S23E08R001M,21S23E08R001M,Unknown,Unknown,5-022.11,Kaweah,Tulare,NA,Unknown,Single Well,NA,1968-02-01 00:00:00 - 2013-03-06 17:00:00,78,fall,20.5,172,NA,NA,2000,18030012,Below Normal,Below Normal,1999-10-01T00:00:00Z,2000-10-01T00:00:00Z,-119.501,36.1122
361122N1195013W001,980500,1999-01-20T00:00:00Z,223.77,222.77,0,68,155.77,68,67,Oil or foreign substance in casing,Unknown,Water level accuracy is unknown,1,Department of Water Resources,NA,5030,Tulare Irrigation District,NA,NA,19680,21S23E08R001M,21S23E08R001M,Unknown,Unknown,5-022.11,Kaweah,Tulare,NA,Unknown,Single Well,NA,1968-02-01 00:00:00 - 2013-03-06 17:00:00,78,other,NA,NA,NA,NA,1999,18030012,Wet,Wet,1998-10-01T00:00:00Z,1999-10-01T00:00:00Z,-119.501,36.1122
361122N1195013W001,980499,1998-10-07T00:00:00Z,223.77,222.77,0,76,147.77,76,75,Oil or foreign substance in casing,Unknown,Water level accuracy is unknown,1,Department of Water Resources,NA,5030,Tulare Irrigation District,NA,NA,19680,21S23E08R001M,21S23E08R001M,Unknown,Unknown,5-022.11,Kaweah,Tulare,NA,Unknown,Single Well,NA,1968-02-01 00:00:00 - 2013-03-06 17:00:00,78,fall,20.5,172,NA,NA,1999,18030012,Wet,Wet,1998-10-01T00:00:00Z,1999-10-01T00:00:00Z,-119.501,36.1122
361122N1195013W001,980498,1998-01-14T00:00:00Z,223.77,222.77,0,85.5,138.27,85.5,84.5,Oil or foreign substance in casing,Unknown,Water level accuracy is unknown,1,Department of Water Resources,NA,5030,Tulare Irrigation District,NA,NA,19680,21S23E08R001M,21S23E08R001M,Unknown,Unknown,5-022.11,Kaweah,Tulare,NA,Unknown,Single Well,NA,1968-02-01 00:00:00 - 2013-03-06 17:00:00,78,other,NA,NA,NA,NA,1998,18030012,Wet,Wet,1997-10-01T00:00:00Z,1998-10-01T00:00:00Z,-119.501,36.1122
361122N1195013W001,980497,1997-10-09T00:00:00Z,223.77,222.77,0,91,132.77,91,90,Oil or foreign substance in casing,Unknown,Water level accuracy is unknown,1,Department of Water Resources,NA,5030,Tulare Irrigation District,NA,NA,19680,21S23E08R001M,21S23E08R001M,Unknown,Unknown,5-022.11,Kaweah,Tulare,NA,Unknown,Single Well,NA,1968-02-01 00:00:00 - 2013-03-06 17:00:00,78,fall,20.5,172,NA,NA,1998,18030012,Wet,Wet,1997-10-01T00:00:00Z,1998-10-01T00:00:00Z,-119.501,36.1122
361122N1195013W001,980496,1997-01-16T00:00:00Z,223.77,222.77,0,98,125.77,98,97,Oil or foreign substance in casing,Unknown,Water level accuracy is unknown,1,Department of Water Resources,NA,5030,Tulare Irrigation District,NA,NA,19680,21S23E08R001M,21S23E08R001M,Unknown,Unknown,5-022.11,Kaweah,Tulare,NA,Unknown,Single Well,NA,1968-02-01 00:00:00 - 2013-03-06 17:00:00,78,other,NA,NA,NA,NA,1997,18030012,Above Normal,Above Normal,1996-10-01T00:00:00Z,1997-10-01T00:00:00Z,-119.501,36.1122
361122N1195013W001,980495,1996-10-03T00:00:00Z,223.77,222.77,0,110,113.77,110,109,Oil or foreign substance in casing,Unknown,Water level accuracy is unknown,1,Department of Water Resources,NA,5030,Tulare Irrigation District,NA,NA,19680,21S23E08R001M,21S23E08R001M,Unknown,Unknown,5-022.11,Kaweah,Tulare,NA,Unknown,Single Well,NA,1968-02-01 00:00:00 - 2013-03-06 17:00:00,78,fall,20.5,172,NA,NA,1997,18030012,Above Normal,Above Normal,1996-10-01T00:00:00Z,1997-10-01T00:00:00Z,-119.501,36.1122
361122N1195013W001,980494,1996-01-15T00:00:00Z,223.77,222.77,0,107,116.77,107,106,NA,Unknown,Water level accuracy is unknown,1,Department of Water Resources,NA,5030,Tulare Irrigation District,NA,NA,19680,21S23E08R001M,21S23E08R001M,Unknown,Unknown,5-022.11,Kaweah,Tulare,NA,Unknown,Single Well,NA,1968-02-01 00:00:00 - 2013-03-06 17:00:00,78,other,NA,NA,NA,NA,1996,18030012,Wet,Wet,1995-10-01T00:00:00Z,1996-10-01T00:00:00Z,-119.501,36.1122
361122N1195013W001,980493,1995-10-09T00:00:00Z,223.77,222.77,0,119,104.77,119,118,NA,Unknown,Water level accuracy is unknown,1,Department of Water Resources,NA,5030,Tulare Irrigation District,NA,NA,19680,21S23E08R001M,21S23E08R001M,Unknown,Unknown,5-022.11,Kaweah,Tulare,NA,Unknown,Single Well,NA,1968-02-01 00:00:00 - 2013-03-06 17:00:00,78,fall,20.5,172,NA,NA,1996,18030012,Wet,Wet,1995-10-01T00:00:00Z,1996-10-01T00:00:00Z,-119.501,36.1122
361122N1195013W001,980492,1995-02-07T00:00:00Z,223.77,222.77,0,125,98.77,125,124,NA,Unknown,Water level accuracy is unknown,1,Department of Water Resources,NA,5030,Tulare Irrigation District,NA,NA,19680,21S23E08R001M,21S23E08R001M,Unknown,Unknown,5-022.11,Kaweah,Tulare,NA,Unknown,Single Well,NA,1968-02-01 00:00:00 - 2013-03-06 17:00:00,78,other,NA,NA,NA,NA,1995,18030012,Wet,Wet,1994-10-01T00:00:00Z,1995-10-01T00:00:00Z,-119.501,36.1122
361122N1195013W001,980491,1994-10-10T00:00:00Z,223.77,222.77,0,173,50.77,173,172,NA,Unknown,Water level accuracy is unknown,1,Department of Water Resources,NA,5030,Tulare Irrigation District,NA,NA,19680,21S23E08R001M,21S23E08R001M,Unknown,Unknown,5-022.11,Kaweah,Tulare,NA,Unknown,Single Well,NA,1968-02-01 00:00:00 - 2013-03-06 17:00:00,78,fall,20.5,172,NA,NA,1995,18030012,Wet,Wet,1994-10-01T00:00:00Z,1995-10-01T00:00:00Z,-119.501,36.1122
361122N1195013W001,980490,1994-01-19T00:00:00Z,223.77,222.77,0,113,110.77,113,112,NA,Unknown,Water level accuracy is unknown,1,Department of Water Resources,NA,5030,Tulare Irrigation District,NA,NA,19680,21S23E08R001M,21S23E08R001M,Unknown,Unknown,5-022.11,Kaweah,Tulare,NA,Unknown,Single Well,NA,1968-02-01 00:00:00 - 2013-03-06 17:00:00,78,other,NA,NA,NA,NA,1994,18030012,Above Normal,Above Normal,1993-10-01T00:00:00Z,1994-10-01T00:00:00Z,-119.501,36.1122
361122N1195013W001,980489,1993-10-11T00:00:00Z,223.77,222.77,0,119,104.77,119,118,NA,Unknown,Water level accuracy is unknown,1,Department of Water Resources,NA,5030,Tulare Irrigation District,NA,NA,19680,21S23E08R001M,21S23E08R001M,Unknown,Unknown,5-022.11,Kaweah,Tulare,NA,Unknown,Single Well,NA,1968-02-01 00:00:00 - 2013-03-06 17:00:00,78,fall,20.5,172,NA,NA,1994,18030012,Above Normal,Above Normal,1993-10-01T00:00:00Z,1994-10-01T00:00:00Z,-119.501,36.1122
361122N1195013W001,980488,1993-01-29T00:00:00Z,223.77,222.77,NA,NA,NA,NA,NA,Special/Other,NA,NA,1,Department of Water Resources,NA,5030,Tulare Irrigation District,NA,NA,19680,21S23E08R001M,21S23E08R001M,Unknown,Unknown,5-022.11,Kaweah,Tulare,NA,Unknown,Single Well,NA,1968-02-01 00:00:00 - 2013-03-06 17:00:00,78,other,NA,NA,NA,NA,1993,18030012,Wet,Wet,1992-10-01T00:00:00Z,1993-10-01T00:00:00Z,-119.501,36.1122
361122N1195013W001,980487,1992-10-12T00:00:00Z,223.77,222.77,0,130.5,93.27,130.5,129.5,NA,Unknown,Water level accuracy is unknown,1,Department of Water Resources,NA,5030,Tulare Irrigation District,NA,NA,19680,21S23E08R001M,21S23E08R001M,Unknown,Unknown,5-022.11,Kaweah,Tulare,NA,Unknown,Single Well,NA,1968-02-01 00:00:00 - 2013-03-06 17:00:00,78,fall,20.5,172,NA,NA,1993,18030012,Wet,Wet,1992-10-01T00:00:00Z,1993-10-01T00:00:00Z,-119.501,36.1122
361122N1195013W001,980486,1992-01-27T00:00:00Z,223.77,222.77,NA,NA,NA,NA,NA,Pumping,NA,NA,1,Department of Water Resources,NA,5030,Tulare Irrigation District,NA,NA,19680,21S23E08R001M,21S23E08R001M,Unknown,Unknown,5-022.11,Kaweah,Tulare,NA,Unknown,Single Well,NA,1968-02-01 00:00:00 - 2013-03-06 17:00:00,78,other,NA,NA,NA,NA,1992,18030012,Above Normal,Above Normal,1991-10-01T00:00:00Z,1992-10-01T00:00:00Z,-119.501,36.1122
361122N1195013W001,980485,1991-10-04T00:00:00Z,223.77,222.77,0,115,108.77,115,114,NA,Unknown,Water level accuracy is unknown,1,Department of Water Resources,NA,5030,Tulare Irrigation District,NA,NA,19680,21S23E08R001M,21S23E08R001M,Unknown,Unknown,5-022.11,Kaweah,Tulare,NA,Unknown,Single Well,NA,1968-02-01 00:00:00 - 2013-03-06 17:00:00,78,fall,20.5,172,NA,NA,1992,18030012,Above Normal,Above Normal,1991-10-01T00:00:00Z,1992-10-01T00:00:00Z,-119.501,36.1122
361122N1195013W001,980484,1991-01-22T00:00:00Z,223.77,222.77,0,91,132.77,91,90,NA,Unknown,Water level accuracy is unknown,1,Department of Water Resources,NA,5030,Tulare Irrigation District,NA,NA,19680,21S23E08R001M,21S23E08R001M,Unknown,Unknown,5-022.11,Kaweah,Tulare,NA,Unknown,Single Well,NA,1968-02-01 00:00:00 - 2013-03-06 17:00:00,78,other,NA,NA,NA,NA,1991,18030012,Dry,Dry,1990-10-01T00:00:00Z,1991-10-01T00:00:00Z,-119.501,36.1122
361122N1195013W001,980483,1990-10-09T00:00:00Z,223.77,222.77,0,95,128.77,95,94,Acoustical sounder,Unknown,Water level accuracy is unknown,1,Department of Water Resources,NA,5030,Tulare Irrigation District,NA,NA,19680,21S23E08R001M,21S23E08R001M,Unknown,Unknown,5-022.11,Kaweah,Tulare,NA,Unknown,Single Well,NA,1968-02-01 00:00:00 - 2013-03-06 17:00:00,78,fall,20.5,172,NA,NA,1991,18030012,Dry,Dry,1990-10-01T00:00:00Z,1991-10-01T00:00:00Z,-119.501,36.1122
361122N1195013W001,980482,1990-01-30T00:00:00Z,223.77,222.77,0,70,153.77,70,69,Pumped recently,Unknown,Water level accuracy is unknown,1,Department of Water Resources,NA,5030,Tulare Irrigation District,NA,NA,19680,21S23E08R001M,21S23E08R001M,Unknown,Unknown,5-022.11,Kaweah,Tulare,NA,Unknown,Single Well,NA,1968-02-01 00:00:00 - 2013-03-06 17:00:00,78,other,NA,NA,NA,NA,1990,18030012,Critical,Critical,1989-10-01T00:00:00Z,1990-10-01T00:00:00Z,-119.501,36.1122
361122N1195013W001,980481,1989-10-04T00:00:00Z,223.77,222.77,0,73,150.77,73,72,NA,Unknown,Water level accuracy is unknown,1,Department of Water Resources,NA,5030,Tulare Irrigation District,NA,NA,19680,21S23E08R001M,21S23E08R001M,Unknown,Unknown,5-022.11,Kaweah,Tulare,NA,Unknown,Single Well,NA,1968-02-01 00:00:00 - 2013-03-06 17:00:00,78,fall,20.5,172,NA,NA,1990,18030012,Critical,Critical,1989-10-01T00:00:00Z,1990-10-01T00:00:00Z,-119.501,36.1122
361122N1195013W001,980480,1989-01-30T00:00:00Z,223.77,222.77,NA,NA,NA,NA,NA,Pumping,NA,NA,1,Department of Water Resources,NA,5030,Tulare Irrigation District,NA,NA,19680,21S23E08R001M,21S23E08R001M,Unknown,Unknown,5-022.11,Kaweah,Tulare,NA,Unknown,Single Well,NA,1968-02-01 00:00:00 - 2013-03-06 17:00:00,78,other,NA,NA,NA,NA,1989,18030012,Dry,Dry,1988-10-01T00:00:00Z,1989-10-01T00:00:00Z,-119.501,36.1122
361122N1195013W001,980479,1988-10-11T00:00:00Z,223.77,222.77,0,54,169.77,54,53,NA,Unknown,Water level accuracy is unknown,1,Department of Water Resources,NA,5030,Tulare Irrigation District,NA,NA,19680,21S23E08R001M,21S23E08R001M,Unknown,Unknown,5-022.11,Kaweah,Tulare,NA,Unknown,Single Well,NA,1968-02-01 00:00:00 - 2013-03-06 17:00:00,78,fall,20.5,172,NA,NA,1989,18030012,Dry,Dry,1988-10-01T00:00:00Z,1989-10-01T00:00:00Z,-119.501,36.1122
361122N1195013W001,980478,1988-02-04T00:00:00Z,223.77,222.77,NA,NA,NA,NA,NA,Pumping,NA,NA,1,Department of Water Resources,NA,5030,Tulare Irrigation District,NA,NA,19680,21S23E08R001M,21S23E08R001M,Unknown,Unknown,5-022.11,Kaweah,Tulare,NA,Unknown,Single Well,NA,1968-02-01 00:00:00 - 2013-03-06 17:00:00,78,other,NA,NA,NA,NA,1988,18030012,Below Normal,Below Normal,1987-10-01T00:00:00Z,1988-10-01T00:00:00Z,-119.501,36.1122
361122N1195013W001,980477,1987-10-08T00:00:00Z,223.77,222.77,0,40,183.77,40,39,NA,Unknown,Water level accuracy is unknown,1,Department of Water Resources,NA,5030,Tulare Irrigation District,NA,NA,19680,21S23E08R001M,21S23E08R001M,Unknown,Unknown,5-022.11,Kaweah,Tulare,NA,Unknown,Single Well,NA,1968-02-01 00:00:00 - 2013-03-06 17:00:00,78,fall,20.5,172,NA,NA,1988,18030012,Below Normal,Below Normal,1987-10-01T00:00:00Z,1988-10-01T00:00:00Z,-119.501,36.1122
361122N1195013W001,980476,1987-02-04T00:00:00Z,223.77,222.77,0,26,197.77,26,25,NA,Unknown,Water level accuracy is unknown,1,Department of Water Resources,NA,5030,Tulare Irrigation District,NA,NA,19680,21S23E08R001M,21S23E08R001M,Unknown,Unknown,5-022.11,Kaweah,Tulare,NA,Unknown,Single Well,NA,1968-02-01 00:00:00 - 2013-03-06 17:00:00,78,other,NA,NA,NA,NA,1987,18030012,Below Normal,Below Normal,1986-10-01T00:00:00Z,1987-10-01T00:00:00Z,-119.501,36.1122
361122N1195013W001,980475,1986-10-02T00:00:00Z,223.77,222.77,0,21.5,202.27,21.5,20.5,NA,Unknown,Water level accuracy is unknown,1,Department of Water Resources,NA,624,Bureau of Reclamation,NA,NA,19680,21S23E08R001M,21S23E08R001M,Unknown,Unknown,5-022.11,Kaweah,Tulare,NA,Unknown,Single Well,NA,1968-02-01 00:00:00 - 2013-03-06 17:00:00,78,fall,20.5,172,NA,NA,1987,18030012,Below Normal,Below Normal,1986-10-01T00:00:00Z,1987-10-01T00:00:00Z,-119.501,36.1122
361122N1195013W001,980474,1986-02-21T00:00:00Z,223.77,222.77,0,35,188.77,35,34,NA,Unknown,Water level accuracy is unknown,1,Department of Water Resources,NA,624,Bureau of Reclamation,NA,NA,19680,21S23E08R001M,21S23E08R001M,Unknown,Unknown,5-022.11,Kaweah,Tulare,NA,Unknown,Single Well,NA,1968-02-01 00:00:00 - 2013-03-06 17:00:00,78,other,NA,NA,NA,NA,1986,18030012,Above Normal,Above Normal,1985-10-01T00:00:00Z,1986-10-01T00:00:00Z,-119.501,36.1122
361122N1195013W001,980473,1985-10-03T00:00:00Z,223.77,222.77,0,37,186.77,37,36,NA,Unknown,Water level accuracy is unknown,1,Department of Water Resources,NA,624,Bureau of Reclamation,NA,NA,19680,21S23E08R001M,21S23E08R001M,Unknown,Unknown,5-022.11,Kaweah,Tulare,NA,Unknown,Single Well,NA,1968-02-01 00:00:00 - 2013-03-06 17:00:00,78,fall,20.5,172,NA,NA,1986,18030012,Above Normal,Above Normal,1985-10-01T00:00:00Z,1986-10-01T00:00:00Z,-119.501,36.1122
361122N1195013W001,980472,1985-02-25T00:00:00Z,223.77,222.77,0,31,192.77,31,30,NA,Unknown,Water level accuracy is unknown,1,Department of Water Resources,NA,624,Bureau of Reclamation,NA,NA,19680,21S23E08R001M,21S23E08R001M,Unknown,Unknown,5-022.11,Kaweah,Tulare,NA,Unknown,Single Well,NA,1968-02-01 00:00:00 - 2013-03-06 17:00:00,78,other,NA,NA,NA,NA,1985,18030012,Dry,Dry,1984-10-01T00:00:00Z,1985-10-01T00:00:00Z,-119.501,36.1122
361122N1195013W001,980471,1984-10-15T00:00:00Z,223.77,222.77,0,32.5,191.27,32.5,31.5,NA,Unknown,Water level accuracy is unknown,1,Department of Water Resources,NA,624,Bureau of Reclamation,NA,NA,19680,21S23E08R001M,21S23E08R001M,Unknown,Unknown,5-022.11,Kaweah,Tulare,NA,Unknown,Single Well,NA,1968-02-01 00:00:00 - 2013-03-06 17:00:00,78,fall,20.5,172,NA,NA,1985,18030012,Dry,Dry,1984-10-01T00:00:00Z,1985-10-01T00:00:00Z,-119.501,36.1122
361122N1195013W001,980470,1984-02-21T00:00:00Z,223.77,222.77,0,26.5,197.27,26.5,25.5,Oil or foreign substance in casing,Unknown,Water level accuracy is unknown,1,Department of Water Resources,NA,624,Bureau of Reclamation,NA,NA,19680,21S23E08R001M,21S23E08R001M,Unknown,Unknown,5-022.11,Kaweah,Tulare,NA,Unknown,Single Well,NA,1968-02-01 00:00:00 - 2013-03-06 17:00:00,78,other,NA,NA,NA,NA,1984,18030012,Above Normal,Above Normal,1983-10-01T00:00:00Z,1984-10-01T00:00:00Z,-119.501,36.1122
361122N1195013W001,980469,1983-10-19T00:00:00Z,223.77,222.77,0,28,195.77,28,27,NA,Unknown,Water level accuracy is unknown,1,Department of Water Resources,NA,624,Bureau of Reclamation,NA,NA,19680,21S23E08R001M,21S23E08R001M,Unknown,Unknown,5-022.11,Kaweah,Tulare,NA,Unknown,Single Well,NA,1968-02-01 00:00:00 - 2013-03-06 17:00:00,78,fall,20.5,172,NA,NA,1984,18030012,Above Normal,Above Normal,1983-10-01T00:00:00Z,1984-10-01T00:00:00Z,-119.501,36.1122
361122N1195013W001,980468,1983-02-18T00:00:00Z,223.77,222.77,NA,NA,NA,NA,NA,Unable to locate well,NA,NA,1,Department of Water Resources,NA,5030,Tulare Irrigation District,NA,NA,19680,21S23E08R001M,21S23E08R001M,Unknown,Unknown,5-022.11,Kaweah,Tulare,NA,Unknown,Single Well,NA,1968-02-01 00:00:00 - 2013-03-06 17:00:00,78,other,NA,NA,NA,NA,1983,18030012,Wet,Wet,1982-10-01T00:00:00Z,1983-10-01T00:00:00Z,-119.501,36.1122
361122N1195013W001,980467,1982-10-07T00:00:00Z,223.77,222.77,NA,NA,NA,NA,NA,Unable to locate well,NA,NA,1,Department of Water Resources,NA,5030,Tulare Irrigation District,NA,NA,19680,21S23E08R001M,21S23E08R001M,Unknown,Unknown,5-022.11,Kaweah,Tulare,NA,Unknown,Single Well,NA,1968-02-01 00:00:00 - 2013-03-06 17:00:00,78,fall,20.5,172,NA,NA,1983,18030012,Wet,Wet,1982-10-01T00:00:00Z,1983-10-01T00:00:00Z,-119.501,36.1122
361122N1195013W001,980466,1982-02-08T00:00:00Z,223.77,222.77,0,65,158.77,65,64,NA,Unknown,Water level accuracy is unknown,1,Department of Water Resources,NA,624,Bureau of Reclamation,NA,NA,19680,21S23E08R001M,21S23E08R001M,Unknown,Unknown,5-022.11,Kaweah,Tulare,NA,Unknown,Single Well,NA,1968-02-01 00:00:00 - 2013-03-06 17:00:00,78,other,NA,NA,NA,NA,1982,18030012,Wet,Wet,1981-10-01T00:00:00Z,1982-10-01T00:00:00Z,-119.501,36.1122
361122N1195013W001,980465,1981-09-25T00:00:00Z,223.77,222.77,0,83,140.77,83,82,NA,Unknown,Water level accuracy is unknown,1,Department of Water Resources,NA,624,Bureau of Reclamation,NA,NA,19680,21S23E08R001M,21S23E08R001M,Unknown,Unknown,5-022.11,Kaweah,Tulare,NA,Unknown,Single Well,NA,1968-02-01 00:00:00 - 2013-03-06 17:00:00,78,fall,20.5,172,NA,NA,1981,18030012,Below Normal,Below Normal,1980-10-01T00:00:00Z,1981-10-01T00:00:00Z,-119.501,36.1122
361122N1195013W001,980464,1981-01-26T00:00:00Z,223.77,222.77,0,51,172.77,51,50,NA,Unknown,Water level accuracy is unknown,1,Department of Water Resources,NA,5030,Tulare Irrigation District,NA,NA,19680,21S23E08R001M,21S23E08R001M,Unknown,Unknown,5-022.11,Kaweah,Tulare,NA,Unknown,Single Well,NA,1968-02-01 00:00:00 - 2013-03-06 17:00:00,78,other,NA,NA,NA,NA,1981,18030012,Below Normal,Below Normal,1980-10-01T00:00:00Z,1981-10-01T00:00:00Z,-119.501,36.1122
361122N1195013W001,980463,1980-09-23T00:00:00Z,223.77,222.77,0,66,157.77,66,65,NA,Unknown,Water level accuracy is unknown,1,Department of Water Resources,NA,5030,Tulare Irrigation District,NA,NA,19680,21S23E08R001M,21S23E08R001M,Unknown,Unknown,5-022.11,Kaweah,Tulare,NA,Unknown,Single Well,NA,1968-02-01 00:00:00 - 2013-03-06 17:00:00,78,fall,20.5,172,NA,NA,1980,18030012,Wet,Wet,1979-10-01T00:00:00Z,1980-10-01T00:00:00Z,-119.501,36.1122
361122N1195013W001,980462,1980-01-23T00:00:00Z,223.77,222.77,0,68,155.77,68,67,NA,Unknown,Water level accuracy is unknown,1,Department of Water Resources,NA,5030,Tulare Irrigation District,NA,NA,19680,21S23E08R001M,21S23E08R001M,Unknown,Unknown,5-022.11,Kaweah,Tulare,NA,Unknown,Single Well,NA,1968-02-01 00:00:00 - 2013-03-06 17:00:00,78,other,NA,NA,NA,NA,1980,18030012,Wet,Wet,1979-10-01T00:00:00Z,1980-10-01T00:00:00Z,-119.501,36.1122
361122N1195013W001,980461,1979-09-26T00:00:00Z,223.77,222.77,0,79,144.77,79,78,NA,Unknown,Water level accuracy is unknown,1,Department of Water Resources,NA,5030,Tulare Irrigation District,NA,NA,19680,21S23E08R001M,21S23E08R001M,Unknown,Unknown,5-022.11,Kaweah,Tulare,NA,Unknown,Single Well,NA,1968-02-01 00:00:00 - 2013-03-06 17:00:00,78,fall,20.5,172,NA,NA,1979,18030012,Wet,Wet,1978-10-01T00:00:00Z,1979-10-01T00:00:00Z,-119.501,36.1122
361122N1195013W001,980460,1979-01-24T00:00:00Z,223.77,222.77,0,76,147.77,76,75,NA,Unknown,Water level accuracy is unknown,1,Department of Water Resources,NA,5030,Tulare Irrigation District,NA,NA,19680,21S23E08R001M,21S23E08R001M,Unknown,Unknown,5-022.11,Kaweah,Tulare,NA,Unknown,Single Well,NA,1968-02-01 00:00:00 - 2013-03-06 17:00:00,78,other,NA,NA,NA,NA,1979,18030012,Wet,Wet,1978-10-01T00:00:00Z,1979-10-01T00:00:00Z,-119.501,36.1122
361122N1195013W001,980459,1978-10-04T00:00:00Z,223.77,222.77,0,91,132.77,91,90,NA,Unknown,Water level accuracy is unknown,1,Department of Water Resources,NA,5030,Tulare Irrigation District,NA,NA,19680,21S23E08R001M,21S23E08R001M,Unknown,Unknown,5-022.11,Kaweah,Tulare,NA,Unknown,Single Well,NA,1968-02-01 00:00:00 - 2013-03-06 17:00:00,78,fall,20.5,172,NA,NA,1979,18030012,Wet,Wet,1978-10-01T00:00:00Z,1979-10-01T00:00:00Z,-119.501,36.1122
361122N1195013W001,980458,1978-02-01T00:00:00Z,223.77,222.77,0,102.5,121.27,102.5,101.5,NA,Unknown,Water level accuracy is unknown,1,Department of Water Resources,NA,5030,Tulare Irrigation District,NA,NA,19680,21S23E08R001M,21S23E08R001M,Unknown,Unknown,5-022.11,Kaweah,Tulare,NA,Unknown,Single Well,NA,1968-02-01 00:00:00 - 2013-03-06 17:00:00,78,other,NA,NA,NA,NA,1978,18030012,Wet,Wet,1977-10-01T00:00:00Z,1978-10-01T00:00:00Z,-119.501,36.1122
361122N1195013W001,980457,1977-10-06T00:00:00Z,223.77,222.77,0,120.5,103.27,120.5,119.5,NA,Unknown,Water level accuracy is unknown,1,Department of Water Resources,NA,5030,Tulare Irrigation District,NA,NA,19680,21S23E08R001M,21S23E08R001M,Unknown,Unknown,5-022.11,Kaweah,Tulare,NA,Unknown,Single Well,NA,1968-02-01 00:00:00 - 2013-03-06 17:00:00,78,fall,20.5,172,NA,NA,1978,18030012,Wet,Wet,1977-10-01T00:00:00Z,1978-10-01T00:00:00Z,-119.501,36.1122
361122N1195013W001,980456,1977-01-25T00:00:00Z,223.77,222.77,0,93.5,130.27,93.5,92.5,NA,Unknown,Water level accuracy is unknown,1,Department of Water Resources,NA,5030,Tulare Irrigation District,NA,NA,19680,21S23E08R001M,21S23E08R001M,Unknown,Unknown,5-022.11,Kaweah,Tulare,NA,Unknown,Single Well,NA,1968-02-01 00:00:00 - 2013-03-06 17:00:00,78,other,NA,NA,NA,NA,1977,18030012,Dry,Dry,1976-10-01T00:00:00Z,1977-10-01T00:00:00Z,-119.501,36.1122
361122N1195013W001,980455,1976-10-08T00:00:00Z,223.77,222.77,0,87,136.77,87,86,NA,Unknown,Water level accuracy is unknown,1,Department of Water Resources,NA,5030,Tulare Irrigation District,NA,NA,19680,21S23E08R001M,21S23E08R001M,Unknown,Unknown,5-022.11,Kaweah,Tulare,NA,Unknown,Single Well,NA,1968-02-01 00:00:00 - 2013-03-06 17:00:00,78,fall,20.5,172,NA,NA,1977,18030012,Dry,Dry,1976-10-01T00:00:00Z,1977-10-01T00:00:00Z,-119.501,36.1122
361122N1195013W001,980454,1976-01-28T00:00:00Z,223.77,222.77,0,71.5,152.27,71.5,70.5,NA,Unknown,Water level accuracy is unknown,1,Department of Water Resources,NA,5030,Tulare Irrigation District,NA,NA,19680,21S23E08R001M,21S23E08R001M,Unknown,Unknown,5-022.11,Kaweah,Tulare,NA,Unknown,Single Well,NA,1968-02-01 00:00:00 - 2013-03-06 17:00:00,78,other,NA,NA,NA,NA,1976,18030012,Above Normal,Above Normal,1975-10-01T00:00:00Z,1976-10-01T00:00:00Z,-119.501,36.1122
361122N1195013W001,980453,1975-10-02T00:00:00Z,223.77,222.77,0,75,148.77,75,74,NA,Unknown,Water level accuracy is unknown,1,Department of Water Resources,NA,5030,Tulare Irrigation District,NA,NA,19680,21S23E08R001M,21S23E08R001M,Unknown,Unknown,5-022.11,Kaweah,Tulare,NA,Unknown,Single Well,NA,1968-02-01 00:00:00 - 2013-03-06 17:00:00,78,fall,20.5,172,NA,NA,1976,18030012,Above Normal,Above Normal,1975-10-01T00:00:00Z,1976-10-01T00:00:00Z,-119.501,36.1122
361122N1195013W001,980452,1975-02-10T00:00:00Z,223.77,222.77,0,64,159.77,64,63,NA,Unknown,Water level accuracy is unknown,1,Department of Water Resources,NA,5030,Tulare Irrigation District,NA,NA,19680,21S23E08R001M,21S23E08R001M,Unknown,Unknown,5-022.11,Kaweah,Tulare,NA,Unknown,Single Well,NA,1968-02-01 00:00:00 - 2013-03-06 17:00:00,78,other,NA,NA,NA,NA,1975,18030012,Above Normal,Above Normal,1974-10-01T00:00:00Z,1975-10-01T00:00:00Z,-119.501,36.1122
361122N1195013W001,980451,1974-10-02T00:00:00Z,223.77,222.77,0,64.5,159.27,64.5,63.5,NA,Unknown,Water level accuracy is unknown,1,Department of Water Resources,NA,5030,Tulare Irrigation District,NA,NA,19680,21S23E08R001M,21S23E08R001M,Unknown,Unknown,5-022.11,Kaweah,Tulare,NA,Unknown,Single Well,NA,1968-02-01 00:00:00 - 2013-03-06 17:00:00,78,fall,20.5,172,NA,NA,1975,18030012,Above Normal,Above Normal,1974-10-01T00:00:00Z,1975-10-01T00:00:00Z,-119.501,36.1122
361122N1195013W001,980450,1974-01-24T00:00:00Z,223.77,222.77,0,64,159.77,64,63,NA,Unknown,Water level accuracy is unknown,1,Department of Water Resources,NA,5030,Tulare Irrigation District,NA,NA,19680,21S23E08R001M,21S23E08R001M,Unknown,Unknown,5-022.11,Kaweah,Tulare,NA,Unknown,Single Well,NA,1968-02-01 00:00:00 - 2013-03-06 17:00:00,78,other,NA,NA,NA,NA,1974,18030012,Wet,Wet,1973-10-01T00:00:00Z,1974-10-01T00:00:00Z,-119.501,36.1122
361122N1195013W001,980449,1973-10-02T00:00:00Z,223.77,222.77,0,69.7,154.07,69.7,68.7,NA,Unknown,Water level accuracy is unknown,1,Department of Water Resources,NA,5030,Tulare Irrigation District,NA,NA,19680,21S23E08R001M,21S23E08R001M,Unknown,Unknown,5-022.11,Kaweah,Tulare,NA,Unknown,Single Well,NA,1968-02-01 00:00:00 - 2013-03-06 17:00:00,78,fall,20.5,172,NA,NA,1974,18030012,Wet,Wet,1973-10-01T00:00:00Z,1974-10-01T00:00:00Z,-119.501,36.1122
361122N1195013W001,980448,1973-02-14T00:00:00Z,223.77,222.77,0,75,148.77,75,74,NA,Unknown,Water level accuracy is unknown,1,Department of Water Resources,NA,5030,Tulare Irrigation District,NA,NA,19680,21S23E08R001M,21S23E08R001M,Unknown,Unknown,5-022.11,Kaweah,Tulare,NA,Unknown,Single Well,NA,1968-02-01 00:00:00 - 2013-03-06 17:00:00,78,other,NA,NA,NA,NA,1973,18030012,Wet,Wet,1972-10-01T00:00:00Z,1973-10-01T00:00:00Z,-119.501,36.1122
361122N1195013W001,980447,1972-10-13T00:00:00Z,223.77,222.77,0,83,140.77,83,82,NA,Unknown,Water level accuracy is unknown,1,Department of Water Resources,NA,5030,Tulare Irrigation District,NA,NA,19680,21S23E08R001M,21S23E08R001M,Unknown,Unknown,5-022.11,Kaweah,Tulare,NA,Unknown,Single Well,NA,1968-02-01 00:00:00 - 2013-03-06 17:00:00,78,fall,20.5,172,NA,NA,1973,18030012,Wet,Wet,1972-10-01T00:00:00Z,1973-10-01T00:00:00Z,-119.501,36.1122
361122N1195013W001,980446,1972-02-23T00:00:00Z,223.77,222.77,0,74.5,149.27,74.5,73.5,NA,Unknown,Water level accuracy is unknown,1,Department of Water Resources,NA,5030,Tulare Irrigation District,NA,NA,19680,21S23E08R001M,21S23E08R001M,Unknown,Unknown,5-022.11,Kaweah,Tulare,NA,Unknown,Single Well,NA,1968-02-01 00:00:00 - 2013-03-06 17:00:00,78,other,NA,NA,NA,NA,1972,18030012,Critical,Critical,1971-10-01T00:00:00Z,1972-10-01T00:00:00Z,-119.501,36.1122
361122N1195013W001,980445,1971-10-13T00:00:00Z,223.77,222.77,0,84.2,139.57,84.2,83.2,NA,Unknown,Water level accuracy is unknown,1,Department of Water Resources,NA,5030,Tulare Irrigation District,NA,NA,19680,21S23E08R001M,21S23E08R001M,Unknown,Unknown,5-022.11,Kaweah,Tulare,NA,Unknown,Single Well,NA,1968-02-01 00:00:00 - 2013-03-06 17:00:00,78,fall,20.5,172,NA,NA,1972,18030012,Critical,Critical,1971-10-01T00:00:00Z,1972-10-01T00:00:00Z,-119.501,36.1122
361122N1195013W001,980444,1971-02-23T00:00:00Z,223.77,222.77,0,64.4,159.37,64.4,63.4,NA,Unknown,Water level accuracy is unknown,1,Department of Water Resources,NA,5030,Tulare Irrigation District,NA,NA,19680,21S23E08R001M,21S23E08R001M,Unknown,Unknown,5-022.11,Kaweah,Tulare,NA,Unknown,Single Well,NA,1968-02-01 00:00:00 - 2013-03-06 17:00:00,78,other,NA,NA,NA,NA,1971,18030012,Dry,Dry,1970-10-01T00:00:00Z,1971-10-01T00:00:00Z,-119.501,36.1122
361122N1195013W001,980443,1970-10-08T00:00:00Z,223.77,222.77,0,69,154.77,69,68,NA,Unknown,Water level accuracy is unknown,1,Department of Water Resources,NA,5030,Tulare Irrigation District,NA,NA,19680,21S23E08R001M,21S23E08R001M,Unknown,Unknown,5-022.11,Kaweah,Tulare,NA,Unknown,Single Well,NA,1968-02-01 00:00:00 - 2013-03-06 17:00:00,78,fall,20.5,172,NA,NA,1971,18030012,Dry,Dry,1970-10-01T00:00:00Z,1971-10-01T00:00:00Z,-119.501,36.1122
361122N1195013W001,980442,1970-02-09T00:00:00Z,223.77,222.77,0,73.3,150.47,73.3,72.3,NA,Unknown,Water level accuracy is unknown,1,Department of Water Resources,NA,5030,Tulare Irrigation District,NA,NA,19680,21S23E08R001M,21S23E08R001M,Unknown,Unknown,5-022.11,Kaweah,Tulare,NA,Unknown,Single Well,NA,1968-02-01 00:00:00 - 2013-03-06 17:00:00,78,other,NA,NA,NA,NA,1970,18030012,Wet,Wet,1969-10-01T00:00:00Z,1970-10-01T00:00:00Z,-119.501,36.1122
361122N1195013W001,980441,1969-10-02T00:00:00Z,223.77,222.77,0,77.4,146.37,77.4,76.4,NA,Unknown,Water level accuracy is unknown,1,Department of Water Resources,NA,624,Bureau of Reclamation,NA,NA,19680,21S23E08R001M,21S23E08R001M,Unknown,Unknown,5-022.11,Kaweah,Tulare,NA,Unknown,Single Well,NA,1968-02-01 00:00:00 - 2013-03-06 17:00:00,78,fall,20.5,172,NA,NA,1970,18030012,Wet,Wet,1969-10-01T00:00:00Z,1970-10-01T00:00:00Z,-119.501,36.1122
361122N1195013W001,980440,1969-02-06T00:00:00Z,223.77,222.77,0,90.2,133.57,90.2,89.2,NA,Unknown,Water level accuracy is unknown,1,Department of Water Resources,NA,5030,Tulare Irrigation District,NA,NA,19680,21S23E08R001M,21S23E08R001M,Unknown,Unknown,5-022.11,Kaweah,Tulare,NA,Unknown,Single Well,NA,1968-02-01 00:00:00 - 2013-03-06 17:00:00,78,other,NA,NA,NA,NA,1969,18030012,Wet,Wet,1968-10-01T00:00:00Z,1969-10-01T00:00:00Z,-119.501,36.1122
361122N1195013W001,980439,1968-02-01T00:00:00Z,223.77,222.77,NA,NA,NA,NA,NA,Pumping,NA,NA,1,Department of Water Resources,NA,5030,Tulare Irrigation District,NA,NA,19680,21S23E08R001M,21S23E08R001M,Unknown,Unknown,5-022.11,Kaweah,Tulare,NA,Unknown,Single Well,NA,1968-02-01 00:00:00 - 2013-03-06 17:00:00,78,other,NA,NA,NA,NA,1968,18030012,Below Normal,Below Normal,1967-10-01T00:00:00Z,1968-10-01T00:00:00Z,-119.501,36.1122
