SITE_CODE,WLM_ID,MSMT_DATE,WLM_RPE,WLM_GSE,RDNG_WS,RDNG_RP,WSE,RPE_WSE,GSE_WSE,WLM_QA_DESC,WLM_DESC,WLM_ACC_DESC,WLM_ORG_ID,WLM_ORG_NAME,MSMT_CMT,COOP_AGENCY_ORG_ID,COOP_ORG_NAME,TOP_PRF,BOT_PRF,STN_ID,SWN,WELL_NAME,WLM_METHOD,WLM_ACC,BASIN_CODE,BASIN_NAME,COUNTY_NAME,WELL_DEPTH,WELL_USE,WELL_TYPE,WCR_NO,t_range,n_samples,season,fall_high,fall_low,spring_high,spring_low,water_year,HUC8,WYT,water_year_type,water_year_start,water_year_end,X,Y
361269N1194774W001,2231658,2016-10-25T00:00:00Z,220.297,219.253,54,220,54.297,166,164.956,NA,Steel tape measurement,Water level accuracy to nearest foot,5030,Tulare Irrigation District,NA,5030,Tulare Irrigation District,NA,NA,48648,NA,212303N1,Surveyed to a benchmark,0.1 ft.,5-022.11,Kaweah,Tulare,NA,Irrigation,Single Well,NA,2011-02-24 13:00:00 - 2016-10-25 00:00:00,12,fall,99.04,164.956,NA,NA,2017,18030012,Wet,Wet,2016-10-01T00:00:00Z,2017-10-01T00:00:00Z,-119.477,36.1269
361269N1194774W001,2183763,2016-02-09T11:00:00Z,218.65,217.69,NA,NA,NA,NA,NA,Pumping,NA,NA,5030,Tulare Irrigation District,NA,5030,Tulare Irrigation District,NA,NA,48648,NA,212303N1,Surveyed to a benchmark,0.1 ft.,5-022.11,Kaweah,Tulare,NA,Irrigation,Single Well,NA,2011-02-24 13:00:00 - 2016-10-25 00:00:00,12,other,NA,NA,NA,NA,2016,18030012,Below Normal,Below Normal,2015-10-01T00:00:00Z,2016-10-01T00:00:00Z,-119.477,36.1269
361269N1194774W001,2170018,2015-10-06T00:00:00Z,218.65,217.69,86,250,54.65,164,163.04,NA,Steel tape measurement,Water level accuracy to nearest tenth of a foot,5030,Tulare Irrigation District,NA,5030,Tulare Irrigation District,NA,NA,48648,NA,212303N1,Surveyed to a benchmark,0.1 ft.,5-022.11,Kaweah,Tulare,NA,Irrigation,Single Well,NA,2011-02-24 13:00:00 - 2016-10-25 00:00:00,12,fall,99.04,164.956,NA,NA,2016,18030012,Below Normal,Below Normal,2015-10-01T00:00:00Z,2016-10-01T00:00:00Z,-119.477,36.1269
361269N1194774W001,2137639,2015-02-02T14:15:00Z,218.65,217.69,13,160,71.65,147,146.04,NA,Steel tape measurement,Water level accuracy to nearest foot,5030,Tulare Irrigation District,NA,5030,Tulare Irrigation District,NA,NA,48648,NA,212303N1,Surveyed to a benchmark,0.1 ft.,5-022.11,Kaweah,Tulare,NA,Irrigation,Single Well,NA,2011-02-24 13:00:00 - 2016-10-25 00:00:00,12,other,NA,NA,NA,NA,2015,18030012,Critical,Critical,2014-10-01T00:00:00Z,2015-10-01T00:00:00Z,-119.477,36.1269
361269N1194774W001,2137638,2014-10-13T13:50:00Z,218.65,217.69,14,170,62.65,156,155.04,NA,Steel tape measurement,Water level accuracy to nearest foot,5030,Tulare Irrigation District,NA,5030,Tulare Irrigation District,NA,NA,48648,NA,212303N1,Surveyed to a benchmark,0.1 ft.,5-022.11,Kaweah,Tulare,NA,Irrigation,Single Well,NA,2011-02-24 13:00:00 - 2016-10-25 00:00:00,12,fall,99.04,164.956,NA,NA,2015,18030012,Critical,Critical,2014-10-01T00:00:00Z,2015-10-01T00:00:00Z,-119.477,36.1269
361269N1194774W001,2137637,2014-02-15T14:00:00Z,218.65,217.69,15,180,53.65,165,164.04,NA,Steel tape measurement,Water level accuracy to nearest foot,5030,Tulare Irrigation District,NA,5030,Tulare Irrigation District,NA,NA,48648,NA,212303N1,Surveyed to a benchmark,0.1 ft.,5-022.11,Kaweah,Tulare,NA,Irrigation,Single Well,NA,2011-02-24 13:00:00 - 2016-10-25 00:00:00,12,other,NA,NA,NA,NA,2014,18030012,Critical,Critical,2013-10-01T00:00:00Z,2014-10-01T00:00:00Z,-119.477,36.1269
361269N1194774W001,2137636,2013-10-10T13:45:00Z,218.65,217.69,17,180,55.65,163,162.04,NA,Steel tape measurement,Water level accuracy to nearest foot,5030,Tulare Irrigation District,NA,5030,Tulare Irrigation District,NA,NA,48648,NA,212303N1,Surveyed to a benchmark,0.1 ft.,5-022.11,Kaweah,Tulare,NA,Irrigation,Single Well,NA,2011-02-24 13:00:00 - 2016-10-25 00:00:00,12,fall,99.04,164.956,NA,NA,2014,18030012,Critical,Critical,2013-10-01T00:00:00Z,2014-10-01T00:00:00Z,-119.477,36.1269
361269N1194774W001,2137635,2013-03-06T13:00:00Z,218.65,217.69,10,160,68.65,150,149.04,NA,Steel tape measurement,Water level accuracy to nearest foot,5030,Tulare Irrigation District,NA,5030,Tulare Irrigation District,NA,NA,48648,NA,212303N1,Surveyed to a benchmark,0.1 ft.,5-022.11,Kaweah,Tulare,NA,Irrigation,Single Well,NA,2011-02-24 13:00:00 - 2016-10-25 00:00:00,12,spring,NA,NA,149.04,149.04,2013,18030012,Critical,Critical,2012-10-01T00:00:00Z,2013-10-01T00:00:00Z,-119.477,36.1269
361269N1194774W001,2137634,2012-10-23T13:15:00Z,218.65,217.69,NA,NA,NA,NA,NA,Pumping,NA,NA,5030,Tulare Irrigation District,NA,5030,Tulare Irrigation District,NA,NA,48648,NA,212303N1,Surveyed to a benchmark,0.1 ft.,5-022.11,Kaweah,Tulare,NA,Irrigation,Single Well,NA,2011-02-24 13:00:00 - 2016-10-25 00:00:00,12,fall,99.04,164.956,NA,NA,2013,18030012,Critical,Critical,2012-10-01T00:00:00Z,2013-10-01T00:00:00Z,-119.477,36.1269
361269N1194774W001,2137633,2012-02-09T13:25:00Z,218.65,217.69,11,130,99.65,119,118.04,NA,Steel tape measurement,Water level accuracy to nearest foot,5030,Tulare Irrigation District,NA,5030,Tulare Irrigation District,NA,NA,48648,NA,212303N1,Surveyed to a benchmark,0.1 ft.,5-022.11,Kaweah,Tulare,NA,Irrigation,Single Well,NA,2011-02-24 13:00:00 - 2016-10-25 00:00:00,12,other,NA,NA,NA,NA,2012,18030012,Below Normal,Below Normal,2011-10-01T00:00:00Z,2012-10-01T00:00:00Z,-119.477,36.1269
361269N1194774W001,37323,2011-10-10T10:00:00Z,218.65,217.69,30,130,118.65,100,99.04,Oil or foreign substance in casing,Steel tape measurement,Water level accuracy to nearest tenth of a foot,5030,Tulare Irrigation District,NA,5030,Tulare Irrigation District,NA,NA,48648,NA,212303N1,Surveyed to a benchmark,0.1 ft.,5-022.11,Kaweah,Tulare,NA,Irrigation,Single Well,NA,2011-02-24 13:00:00 - 2016-10-25 00:00:00,12,fall,99.04,164.956,NA,NA,2012,18030012,Below Normal,Below Normal,2011-10-01T00:00:00Z,2012-10-01T00:00:00Z,-119.477,36.1269
361269N1194774W001,2137632,2011-02-24T13:00:00Z,218.65,217.69,5,135,88.65,130,129.04,NA,Steel tape measurement,Water level accuracy to nearest foot,5030,Tulare Irrigation District,NA,5030,Tulare Irrigation District,NA,NA,48648,NA,212303N1,Surveyed to a benchmark,0.1 ft.,5-022.11,Kaweah,Tulare,NA,Irrigation,Single Well,NA,2011-02-24 13:00:00 - 2016-10-25 00:00:00,12,other,NA,NA,NA,NA,2011,18030012,Wet,Wet,2010-10-01T00:00:00Z,2011-10-01T00:00:00Z,-119.477,36.1269
