SITE_CODE,WLM_ID,MSMT_DATE,WLM_RPE,WLM_GSE,RDNG_WS,RDNG_RP,WSE,RPE_WSE,GSE_WSE,WLM_QA_DESC,WLM_DESC,WLM_ACC_DESC,WLM_ORG_ID,WLM_ORG_NAME,MSMT_CMT,COOP_AGENCY_ORG_ID,COOP_ORG_NAME,TOP_PRF,BOT_PRF,STN_ID,SWN,WELL_NAME,WLM_METHOD,WLM_ACC,BASIN_CODE,BASIN_NAME,COUNTY_NAME,WELL_DEPTH,WELL_USE,WELL_TYPE,WCR_NO,t_range,n_samples,season,fall_high,fall_low,spring_high,spring_low,water_year,HUC8,WYT,water_year_type,water_year_start,water_year_end,X,Y
361372N1194860W001,1989012,2013-03-06T15:30:00Z,233.756,231.756,NA,NA,NA,NA,NA,Pumping,NA,NA,1,Department of Water Resources,NA,1,Department of Water Resources,NA,NA,23126,21S23E04A001M,21S23E04A001M,Unknown,Unknown,5-022.11,Kaweah,Tulare,NA,Unknown,Single Well,NA,1974-10-04 00:00:00 - 2013-03-06 15:30:00,65,spring,NA,NA,Inf,-Inf,2013,18030012,Critical,Critical,2012-10-01T00:00:00Z,2013-10-01T00:00:00Z,-119.486,36.1372
361372N1194860W001,93939,2011-02-18T08:15:00Z,233.756,231.756,11,150,94.756,139,137,NA,Unknown,Water level accuracy to nearest tenth of a foot,1,Department of Water Resources,NA,1,Department of Water Resources,NA,NA,23126,21S23E04A001M,21S23E04A001M,Unknown,Unknown,5-022.11,Kaweah,Tulare,NA,Unknown,Single Well,NA,1974-10-04 00:00:00 - 2013-03-06 15:30:00,65,other,NA,NA,NA,NA,2011,18030012,Wet,Wet,2010-10-01T00:00:00Z,2011-10-01T00:00:00Z,-119.486,36.1372
361372N1194860W001,979974,2010-01-20T00:00:00Z,233.76,231.76,0,182,51.76,182,180,NA,Unknown,Water level accuracy is unknown,1,Department of Water Resources,NA,5030,Tulare Irrigation District,NA,NA,23126,21S23E04A001M,21S23E04A001M,Unknown,Unknown,5-022.11,Kaweah,Tulare,NA,Unknown,Single Well,NA,1974-10-04 00:00:00 - 2013-03-06 15:30:00,65,other,NA,NA,NA,NA,2010,18030012,Above Normal,Above Normal,2009-10-01T00:00:00Z,2010-10-01T00:00:00Z,-119.486,36.1372
361372N1194860W001,979973,2009-03-03T00:00:00Z,233.76,231.76,NA,NA,NA,NA,NA,Pumping,NA,NA,1,Department of Water Resources,TAPE-,5030,Tulare Irrigation District,NA,NA,23126,21S23E04A001M,21S23E04A001M,Unknown,Unknown,5-022.11,Kaweah,Tulare,NA,Unknown,Single Well,NA,1974-10-04 00:00:00 - 2013-03-06 15:30:00,65,spring,NA,NA,Inf,-Inf,2009,18030012,Critical,Critical,2008-10-01T00:00:00Z,2009-10-01T00:00:00Z,-119.486,36.1372
361372N1194860W001,979971,2007-10-17T00:00:00Z,233.76,231.76,0,129,104.76,129,127,Pumped recently,Unknown,Water level accuracy is unknown,1,Department of Water Resources,NA,5030,Tulare Irrigation District,NA,NA,23126,21S23E04A001M,21S23E04A001M,Unknown,Unknown,5-022.11,Kaweah,Tulare,NA,Unknown,Single Well,NA,1974-10-04 00:00:00 - 2013-03-06 15:30:00,65,fall,29,147,NA,NA,2008,18030012,Critical,Critical,2007-10-01T00:00:00Z,2008-10-01T00:00:00Z,-119.486,36.1372
361372N1194860W001,979972,2006-10-04T00:00:00Z,233.76,231.76,0,110.5,123.26,110.5,108.5,Oil or foreign substance in casing,Unknown,Water level accuracy is unknown,1,Department of Water Resources,TAPE-110.5 FEET,5030,Tulare Irrigation District,NA,NA,23126,21S23E04A001M,21S23E04A001M,Unknown,Unknown,5-022.11,Kaweah,Tulare,NA,Unknown,Single Well,NA,1974-10-04 00:00:00 - 2013-03-06 15:30:00,65,fall,29,147,NA,NA,2007,18030012,Critical,Critical,2006-10-01T00:00:00Z,2007-10-01T00:00:00Z,-119.486,36.1372
361372N1194860W001,979970,2006-01-24T00:00:00Z,233.76,231.76,0,110,123.76,110,108,NA,Unknown,Water level accuracy is unknown,1,Department of Water Resources,NA,5030,Tulare Irrigation District,NA,NA,23126,21S23E04A001M,21S23E04A001M,Unknown,Unknown,5-022.11,Kaweah,Tulare,NA,Unknown,Single Well,NA,1974-10-04 00:00:00 - 2013-03-06 15:30:00,65,other,NA,NA,NA,NA,2006,18030012,Wet,Wet,2005-10-01T00:00:00Z,2006-10-01T00:00:00Z,-119.486,36.1372
361372N1194860W001,979969,2005-02-04T00:00:00Z,233.76,231.76,NA,NA,NA,NA,NA,Pumping,NA,NA,1,Department of Water Resources,NA,5030,Tulare Irrigation District,NA,NA,23126,21S23E04A001M,21S23E04A001M,Unknown,Unknown,5-022.11,Kaweah,Tulare,NA,Unknown,Single Well,NA,1974-10-04 00:00:00 - 2013-03-06 15:30:00,65,other,NA,NA,NA,NA,2005,18030012,Wet,Wet,2004-10-01T00:00:00Z,2005-10-01T00:00:00Z,-119.486,36.1372
361372N1194860W001,979968,2003-09-24T00:00:00Z,233.76,231.76,0,105,128.76,105,103,Oil or foreign substance in casing,Unknown,Water level accuracy is unknown,1,Department of Water Resources,TAPE-105'/O.I.C,5030,Tulare Irrigation District,NA,NA,23126,21S23E04A001M,21S23E04A001M,Unknown,Unknown,5-022.11,Kaweah,Tulare,NA,Unknown,Single Well,NA,1974-10-04 00:00:00 - 2013-03-06 15:30:00,65,fall,29,147,NA,NA,2003,18030012,Dry,Dry,2002-10-01T00:00:00Z,2003-10-01T00:00:00Z,-119.486,36.1372
361372N1194860W001,979965,2003-01-23T00:00:00Z,233.76,231.76,0,107,126.76,107,105,Oil or foreign substance in casing,Unknown,Water level accuracy is unknown,1,Department of Water Resources,NA,5030,Tulare Irrigation District,NA,NA,23126,21S23E04A001M,21S23E04A001M,Unknown,Unknown,5-022.11,Kaweah,Tulare,NA,Unknown,Single Well,NA,1974-10-04 00:00:00 - 2013-03-06 15:30:00,65,other,NA,NA,NA,NA,2003,18030012,Dry,Dry,2002-10-01T00:00:00Z,2003-10-01T00:00:00Z,-119.486,36.1372
361372N1194860W001,979967,2002-09-17T00:00:00Z,233.76,231.76,0,102,131.76,102,100,Oil or foreign substance in casing,Unknown,Water level accuracy is unknown,1,Department of Water Resources,NA,624,Bureau of Reclamation,NA,NA,23126,21S23E04A001M,21S23E04A001M,Unknown,Unknown,5-022.11,Kaweah,Tulare,NA,Unknown,Single Well,NA,1974-10-04 00:00:00 - 2013-03-06 15:30:00,65,fall,29,147,NA,NA,2002,18030012,Critical,Critical,2001-10-01T00:00:00Z,2002-10-01T00:00:00Z,-119.486,36.1372
361372N1194860W001,979966,2002-01-17T00:00:00Z,233.76,231.76,0,82,151.76,82,80,Oil or foreign substance in casing,Unknown,Water level accuracy is unknown,1,Department of Water Resources,NA,624,Bureau of Reclamation,NA,NA,23126,21S23E04A001M,21S23E04A001M,Unknown,Unknown,5-022.11,Kaweah,Tulare,NA,Unknown,Single Well,NA,1974-10-04 00:00:00 - 2013-03-06 15:30:00,65,other,NA,NA,NA,NA,2002,18030012,Critical,Critical,2001-10-01T00:00:00Z,2002-10-01T00:00:00Z,-119.486,36.1372
361372N1194860W001,979964,2001-01-25T00:00:00Z,233.76,231.76,0,71,162.76,71,69,Oil or foreign substance in casing,Unknown,Water level accuracy is unknown,1,Department of Water Resources,NA,5030,Tulare Irrigation District,NA,NA,23126,21S23E04A001M,21S23E04A001M,Unknown,Unknown,5-022.11,Kaweah,Tulare,NA,Unknown,Single Well,NA,1974-10-04 00:00:00 - 2013-03-06 15:30:00,65,other,NA,NA,NA,NA,2001,18030012,Below Normal,Below Normal,2000-10-01T00:00:00Z,2001-10-01T00:00:00Z,-119.486,36.1372
361372N1194860W001,979963,2000-01-20T00:00:00Z,233.76,231.76,0,73,160.76,73,71,Oil or foreign substance in casing,Unknown,Water level accuracy is unknown,1,Department of Water Resources,NA,5030,Tulare Irrigation District,NA,NA,23126,21S23E04A001M,21S23E04A001M,Unknown,Unknown,5-022.11,Kaweah,Tulare,NA,Unknown,Single Well,NA,1974-10-04 00:00:00 - 2013-03-06 15:30:00,65,other,NA,NA,NA,NA,2000,18030012,Below Normal,Below Normal,1999-10-01T00:00:00Z,2000-10-01T00:00:00Z,-119.486,36.1372
361372N1194860W001,979962,1999-10-07T00:00:00Z,233.76,231.76,0,75,158.76,75,73,Oil or foreign substance in casing,Unknown,Water level accuracy is unknown,1,Department of Water Resources,NA,5030,Tulare Irrigation District,NA,NA,23126,21S23E04A001M,21S23E04A001M,Unknown,Unknown,5-022.11,Kaweah,Tulare,NA,Unknown,Single Well,NA,1974-10-04 00:00:00 - 2013-03-06 15:30:00,65,fall,29,147,NA,NA,2000,18030012,Below Normal,Below Normal,1999-10-01T00:00:00Z,2000-10-01T00:00:00Z,-119.486,36.1372
361372N1194860W001,979961,1999-01-22T00:00:00Z,233.76,231.76,0,80,153.76,80,78,Pumped recently,Unknown,Water level accuracy is unknown,1,Department of Water Resources,NA,5030,Tulare Irrigation District,NA,NA,23126,21S23E04A001M,21S23E04A001M,Unknown,Unknown,5-022.11,Kaweah,Tulare,NA,Unknown,Single Well,NA,1974-10-04 00:00:00 - 2013-03-06 15:30:00,65,other,NA,NA,NA,NA,1999,18030012,Wet,Wet,1998-10-01T00:00:00Z,1999-10-01T00:00:00Z,-119.486,36.1372
361372N1194860W001,979960,1998-10-06T00:00:00Z,233.76,231.76,0,87,146.76,87,85,Oil or foreign substance in casing,Unknown,Water level accuracy is unknown,1,Department of Water Resources,NA,5030,Tulare Irrigation District,NA,NA,23126,21S23E04A001M,21S23E04A001M,Unknown,Unknown,5-022.11,Kaweah,Tulare,NA,Unknown,Single Well,NA,1974-10-04 00:00:00 - 2013-03-06 15:30:00,65,fall,29,147,NA,NA,1999,18030012,Wet,Wet,1998-10-01T00:00:00Z,1999-10-01T00:00:00Z,-119.486,36.1372
361372N1194860W001,979959,1998-01-14T00:00:00Z,233.76,231.76,0,93,140.76,93,91,Oil or foreign substance in casing,Unknown,Water level accuracy is unknown,1,Department of Water Resources,NA,5030,Tulare Irrigation District,NA,NA,23126,21S23E04A001M,21S23E04A001M,Unknown,Unknown,5-022.11,Kaweah,Tulare,NA,Unknown,Single Well,NA,1974-10-04 00:00:00 - 2013-03-06 15:30:00,65,other,NA,NA,NA,NA,1998,18030012,Wet,Wet,1997-10-01T00:00:00Z,1998-10-01T00:00:00Z,-119.486,36.1372
361372N1194860W001,979958,1997-10-08T00:00:00Z,233.76,231.76,0,100.5,133.26,100.5,98.5,Oil or foreign substance in casing,Unknown,Water level accuracy is unknown,1,Department of Water Resources,NA,5030,Tulare Irrigation District,NA,NA,23126,21S23E04A001M,21S23E04A001M,Unknown,Unknown,5-022.11,Kaweah,Tulare,NA,Unknown,Single Well,NA,1974-10-04 00:00:00 - 2013-03-06 15:30:00,65,fall,29,147,NA,NA,1998,18030012,Wet,Wet,1997-10-01T00:00:00Z,1998-10-01T00:00:00Z,-119.486,36.1372
361372N1194860W001,979957,1997-01-16T00:00:00Z,233.76,231.76,0,106.5,127.26,106.5,104.5,NA,Unknown,Water level accuracy is unknown,1,Department of Water Resources,NA,5030,Tulare Irrigation District,NA,NA,23126,21S23E04A001M,21S23E04A001M,Unknown,Unknown,5-022.11,Kaweah,Tulare,NA,Unknown,Single Well,NA,1974-10-04 00:00:00 - 2013-03-06 15:30:00,65,other,NA,NA,NA,NA,1997,18030012,Above Normal,Above Normal,1996-10-01T00:00:00Z,1997-10-01T00:00:00Z,-119.486,36.1372
361372N1194860W001,979956,1996-10-03T00:00:00Z,233.76,231.76,0,129,104.76,129,127,NA,Unknown,Water level accuracy is unknown,1,Department of Water Resources,NA,5030,Tulare Irrigation District,NA,NA,23126,21S23E04A001M,21S23E04A001M,Unknown,Unknown,5-022.11,Kaweah,Tulare,NA,Unknown,Single Well,NA,1974-10-04 00:00:00 - 2013-03-06 15:30:00,65,fall,29,147,NA,NA,1997,18030012,Above Normal,Above Normal,1996-10-01T00:00:00Z,1997-10-01T00:00:00Z,-119.486,36.1372
361372N1194860W001,979955,1996-01-15T00:00:00Z,233.76,231.76,0,107,126.76,107,105,NA,Unknown,Water level accuracy is unknown,1,Department of Water Resources,NA,5030,Tulare Irrigation District,NA,NA,23126,21S23E04A001M,21S23E04A001M,Unknown,Unknown,5-022.11,Kaweah,Tulare,NA,Unknown,Single Well,NA,1974-10-04 00:00:00 - 2013-03-06 15:30:00,65,other,NA,NA,NA,NA,1996,18030012,Wet,Wet,1995-10-01T00:00:00Z,1996-10-01T00:00:00Z,-119.486,36.1372
361372N1194860W001,979954,1995-10-09T00:00:00Z,233.76,231.76,0,113,120.76,113,111,NA,Unknown,Water level accuracy is unknown,1,Department of Water Resources,NA,5030,Tulare Irrigation District,NA,NA,23126,21S23E04A001M,21S23E04A001M,Unknown,Unknown,5-022.11,Kaweah,Tulare,NA,Unknown,Single Well,NA,1974-10-04 00:00:00 - 2013-03-06 15:30:00,65,fall,29,147,NA,NA,1996,18030012,Wet,Wet,1995-10-01T00:00:00Z,1996-10-01T00:00:00Z,-119.486,36.1372
361372N1194860W001,979953,1995-02-08T00:00:00Z,233.76,231.76,0,155,78.76,155,153,NA,Unknown,Water level accuracy is unknown,1,Department of Water Resources,NA,5030,Tulare Irrigation District,NA,NA,23126,21S23E04A001M,21S23E04A001M,Unknown,Unknown,5-022.11,Kaweah,Tulare,NA,Unknown,Single Well,NA,1974-10-04 00:00:00 - 2013-03-06 15:30:00,65,other,NA,NA,NA,NA,1995,18030012,Wet,Wet,1994-10-01T00:00:00Z,1995-10-01T00:00:00Z,-119.486,36.1372
361372N1194860W001,979952,1994-10-10T00:00:00Z,233.76,231.76,0,128,105.76,128,126,NA,Unknown,Water level accuracy is unknown,1,Department of Water Resources,NA,5030,Tulare Irrigation District,NA,NA,23126,21S23E04A001M,21S23E04A001M,Unknown,Unknown,5-022.11,Kaweah,Tulare,NA,Unknown,Single Well,NA,1974-10-04 00:00:00 - 2013-03-06 15:30:00,65,fall,29,147,NA,NA,1995,18030012,Wet,Wet,1994-10-01T00:00:00Z,1995-10-01T00:00:00Z,-119.486,36.1372
361372N1194860W001,979951,1994-01-19T00:00:00Z,233.76,231.76,0,182,51.76,182,180,NA,Unknown,Water level accuracy is unknown,1,Department of Water Resources,NA,5030,Tulare Irrigation District,NA,NA,23126,21S23E04A001M,21S23E04A001M,Unknown,Unknown,5-022.11,Kaweah,Tulare,NA,Unknown,Single Well,NA,1974-10-04 00:00:00 - 2013-03-06 15:30:00,65,other,NA,NA,NA,NA,1994,18030012,Above Normal,Above Normal,1993-10-01T00:00:00Z,1994-10-01T00:00:00Z,-119.486,36.1372
361372N1194860W001,979950,1993-10-07T00:00:00Z,233.76,231.76,0,133,100.76,133,131,NA,Unknown,Water level accuracy is unknown,1,Department of Water Resources,NA,5030,Tulare Irrigation District,NA,NA,23126,21S23E04A001M,21S23E04A001M,Unknown,Unknown,5-022.11,Kaweah,Tulare,NA,Unknown,Single Well,NA,1974-10-04 00:00:00 - 2013-03-06 15:30:00,65,fall,29,147,NA,NA,1994,18030012,Above Normal,Above Normal,1993-10-01T00:00:00Z,1994-10-01T00:00:00Z,-119.486,36.1372
361372N1194860W001,979949,1993-01-29T00:00:00Z,233.76,231.76,0,116,117.76,116,114,NA,Unknown,Water level accuracy is unknown,1,Department of Water Resources,NA,5030,Tulare Irrigation District,NA,NA,23126,21S23E04A001M,21S23E04A001M,Unknown,Unknown,5-022.11,Kaweah,Tulare,NA,Unknown,Single Well,NA,1974-10-04 00:00:00 - 2013-03-06 15:30:00,65,other,NA,NA,NA,NA,1993,18030012,Wet,Wet,1992-10-01T00:00:00Z,1993-10-01T00:00:00Z,-119.486,36.1372
361372N1194860W001,979948,1992-10-07T00:00:00Z,233.76,231.76,0,149,84.76,149,147,NA,Unknown,Water level accuracy is unknown,1,Department of Water Resources,NA,5030,Tulare Irrigation District,NA,NA,23126,21S23E04A001M,21S23E04A001M,Unknown,Unknown,5-022.11,Kaweah,Tulare,NA,Unknown,Single Well,NA,1974-10-04 00:00:00 - 2013-03-06 15:30:00,65,fall,29,147,NA,NA,1993,18030012,Wet,Wet,1992-10-01T00:00:00Z,1993-10-01T00:00:00Z,-119.486,36.1372
361372N1194860W001,979947,1992-01-23T00:00:00Z,233.76,231.76,0,124,109.76,124,122,NA,Unknown,Water level accuracy is unknown,1,Department of Water Resources,NA,5030,Tulare Irrigation District,NA,NA,23126,21S23E04A001M,21S23E04A001M,Unknown,Unknown,5-022.11,Kaweah,Tulare,NA,Unknown,Single Well,NA,1974-10-04 00:00:00 - 2013-03-06 15:30:00,65,other,NA,NA,NA,NA,1992,18030012,Above Normal,Above Normal,1991-10-01T00:00:00Z,1992-10-01T00:00:00Z,-119.486,36.1372
361372N1194860W001,979946,1991-10-04T00:00:00Z,233.76,231.76,0,121,112.76,121,119,NA,Unknown,Water level accuracy is unknown,1,Department of Water Resources,NA,5030,Tulare Irrigation District,NA,NA,23126,21S23E04A001M,21S23E04A001M,Unknown,Unknown,5-022.11,Kaweah,Tulare,NA,Unknown,Single Well,NA,1974-10-04 00:00:00 - 2013-03-06 15:30:00,65,fall,29,147,NA,NA,1992,18030012,Above Normal,Above Normal,1991-10-01T00:00:00Z,1992-10-01T00:00:00Z,-119.486,36.1372
361372N1194860W001,979945,1991-01-28T00:00:00Z,233.76,231.76,0,106,127.76,106,104,NA,Unknown,Water level accuracy is unknown,1,Department of Water Resources,NA,5030,Tulare Irrigation District,NA,NA,23126,21S23E04A001M,21S23E04A001M,Unknown,Unknown,5-022.11,Kaweah,Tulare,NA,Unknown,Single Well,NA,1974-10-04 00:00:00 - 2013-03-06 15:30:00,65,other,NA,NA,NA,NA,1991,18030012,Dry,Dry,1990-10-01T00:00:00Z,1991-10-01T00:00:00Z,-119.486,36.1372
361372N1194860W001,979944,1990-10-09T00:00:00Z,233.76,231.76,0,110,123.76,110,108,Acoustical sounder,Unknown,Water level accuracy is unknown,1,Department of Water Resources,NA,5030,Tulare Irrigation District,NA,NA,23126,21S23E04A001M,21S23E04A001M,Unknown,Unknown,5-022.11,Kaweah,Tulare,NA,Unknown,Single Well,NA,1974-10-04 00:00:00 - 2013-03-06 15:30:00,65,fall,29,147,NA,NA,1991,18030012,Dry,Dry,1990-10-01T00:00:00Z,1991-10-01T00:00:00Z,-119.486,36.1372
361372N1194860W001,979943,1990-01-25T00:00:00Z,233.76,231.76,0,73,160.76,73,71,NA,Unknown,Water level accuracy is unknown,1,Department of Water Resources,NA,5030,Tulare Irrigation District,NA,NA,23126,21S23E04A001M,21S23E04A001M,Unknown,Unknown,5-022.11,Kaweah,Tulare,NA,Unknown,Single Well,NA,1974-10-04 00:00:00 - 2013-03-06 15:30:00,65,other,NA,NA,NA,NA,1990,18030012,Critical,Critical,1989-10-01T00:00:00Z,1990-10-01T00:00:00Z,-119.486,36.1372
361372N1194860W001,979942,1989-10-04T00:00:00Z,233.76,231.76,0,75,158.76,75,73,NA,Unknown,Water level accuracy is unknown,1,Department of Water Resources,NA,5030,Tulare Irrigation District,NA,NA,23126,21S23E04A001M,21S23E04A001M,Unknown,Unknown,5-022.11,Kaweah,Tulare,NA,Unknown,Single Well,NA,1974-10-04 00:00:00 - 2013-03-06 15:30:00,65,fall,29,147,NA,NA,1990,18030012,Critical,Critical,1989-10-01T00:00:00Z,1990-10-01T00:00:00Z,-119.486,36.1372
361372N1194860W001,979941,1989-01-30T00:00:00Z,233.76,231.76,0,58.5,175.26,58.5,56.5,NA,Unknown,Water level accuracy is unknown,1,Department of Water Resources,NA,5030,Tulare Irrigation District,NA,NA,23126,21S23E04A001M,21S23E04A001M,Unknown,Unknown,5-022.11,Kaweah,Tulare,NA,Unknown,Single Well,NA,1974-10-04 00:00:00 - 2013-03-06 15:30:00,65,other,NA,NA,NA,NA,1989,18030012,Dry,Dry,1988-10-01T00:00:00Z,1989-10-01T00:00:00Z,-119.486,36.1372
361372N1194860W001,979940,1988-10-06T00:00:00Z,233.76,231.76,0,61,172.76,61,59,NA,Unknown,Water level accuracy is unknown,1,Department of Water Resources,NA,5030,Tulare Irrigation District,NA,NA,23126,21S23E04A001M,21S23E04A001M,Unknown,Unknown,5-022.11,Kaweah,Tulare,NA,Unknown,Single Well,NA,1974-10-04 00:00:00 - 2013-03-06 15:30:00,65,fall,29,147,NA,NA,1989,18030012,Dry,Dry,1988-10-01T00:00:00Z,1989-10-01T00:00:00Z,-119.486,36.1372
361372N1194860W001,979939,1988-02-03T00:00:00Z,233.76,231.76,0,46,187.76,46,44,NA,Unknown,Water level accuracy is unknown,1,Department of Water Resources,NA,5030,Tulare Irrigation District,NA,NA,23126,21S23E04A001M,21S23E04A001M,Unknown,Unknown,5-022.11,Kaweah,Tulare,NA,Unknown,Single Well,NA,1974-10-04 00:00:00 - 2013-03-06 15:30:00,65,other,NA,NA,NA,NA,1988,18030012,Below Normal,Below Normal,1987-10-01T00:00:00Z,1988-10-01T00:00:00Z,-119.486,36.1372
361372N1194860W001,979938,1987-10-08T00:00:00Z,233.76,231.76,0,48,185.76,48,46,NA,Unknown,Water level accuracy is unknown,1,Department of Water Resources,NA,5030,Tulare Irrigation District,NA,NA,23126,21S23E04A001M,21S23E04A001M,Unknown,Unknown,5-022.11,Kaweah,Tulare,NA,Unknown,Single Well,NA,1974-10-04 00:00:00 - 2013-03-06 15:30:00,65,fall,29,147,NA,NA,1988,18030012,Below Normal,Below Normal,1987-10-01T00:00:00Z,1988-10-01T00:00:00Z,-119.486,36.1372
361372N1194860W001,979937,1987-02-04T00:00:00Z,233.76,231.76,0,33,200.76,33,31,NA,Unknown,Water level accuracy is unknown,1,Department of Water Resources,NA,5030,Tulare Irrigation District,NA,NA,23126,21S23E04A001M,21S23E04A001M,Unknown,Unknown,5-022.11,Kaweah,Tulare,NA,Unknown,Single Well,NA,1974-10-04 00:00:00 - 2013-03-06 15:30:00,65,other,NA,NA,NA,NA,1987,18030012,Below Normal,Below Normal,1986-10-01T00:00:00Z,1987-10-01T00:00:00Z,-119.486,36.1372
361372N1194860W001,979936,1986-10-02T00:00:00Z,233.76,231.76,0,31,202.76,31,29,NA,Unknown,Water level accuracy is unknown,1,Department of Water Resources,NA,624,Bureau of Reclamation,NA,NA,23126,21S23E04A001M,21S23E04A001M,Unknown,Unknown,5-022.11,Kaweah,Tulare,NA,Unknown,Single Well,NA,1974-10-04 00:00:00 - 2013-03-06 15:30:00,65,fall,29,147,NA,NA,1987,18030012,Below Normal,Below Normal,1986-10-01T00:00:00Z,1987-10-01T00:00:00Z,-119.486,36.1372
361372N1194860W001,979935,1986-02-21T00:00:00Z,233.76,231.76,0,35,198.76,35,33,NA,Unknown,Water level accuracy is unknown,1,Department of Water Resources,NA,624,Bureau of Reclamation,NA,NA,23126,21S23E04A001M,21S23E04A001M,Unknown,Unknown,5-022.11,Kaweah,Tulare,NA,Unknown,Single Well,NA,1974-10-04 00:00:00 - 2013-03-06 15:30:00,65,other,NA,NA,NA,NA,1986,18030012,Above Normal,Above Normal,1985-10-01T00:00:00Z,1986-10-01T00:00:00Z,-119.486,36.1372
361372N1194860W001,979934,1985-10-03T00:00:00Z,233.76,231.76,0,42,191.76,42,40,NA,Unknown,Water level accuracy is unknown,1,Department of Water Resources,NA,624,Bureau of Reclamation,NA,NA,23126,21S23E04A001M,21S23E04A001M,Unknown,Unknown,5-022.11,Kaweah,Tulare,NA,Unknown,Single Well,NA,1974-10-04 00:00:00 - 2013-03-06 15:30:00,65,fall,29,147,NA,NA,1986,18030012,Above Normal,Above Normal,1985-10-01T00:00:00Z,1986-10-01T00:00:00Z,-119.486,36.1372
361372N1194860W001,979933,1985-02-25T00:00:00Z,233.76,231.76,0,42,191.76,42,40,NA,Unknown,Water level accuracy is unknown,1,Department of Water Resources,NA,624,Bureau of Reclamation,NA,NA,23126,21S23E04A001M,21S23E04A001M,Unknown,Unknown,5-022.11,Kaweah,Tulare,NA,Unknown,Single Well,NA,1974-10-04 00:00:00 - 2013-03-06 15:30:00,65,other,NA,NA,NA,NA,1985,18030012,Dry,Dry,1984-10-01T00:00:00Z,1985-10-01T00:00:00Z,-119.486,36.1372
361372N1194860W001,979932,1984-10-15T00:00:00Z,233.76,231.76,0,40,193.76,40,38,NA,Unknown,Water level accuracy is unknown,1,Department of Water Resources,NA,624,Bureau of Reclamation,NA,NA,23126,21S23E04A001M,21S23E04A001M,Unknown,Unknown,5-022.11,Kaweah,Tulare,NA,Unknown,Single Well,NA,1974-10-04 00:00:00 - 2013-03-06 15:30:00,65,fall,29,147,NA,NA,1985,18030012,Dry,Dry,1984-10-01T00:00:00Z,1985-10-01T00:00:00Z,-119.486,36.1372
361372N1194860W001,979931,1984-02-21T00:00:00Z,233.76,231.76,0,39,194.76,39,37,Oil or foreign substance in casing,Unknown,Water level accuracy is unknown,1,Department of Water Resources,NA,624,Bureau of Reclamation,NA,NA,23126,21S23E04A001M,21S23E04A001M,Unknown,Unknown,5-022.11,Kaweah,Tulare,NA,Unknown,Single Well,NA,1974-10-04 00:00:00 - 2013-03-06 15:30:00,65,other,NA,NA,NA,NA,1984,18030012,Above Normal,Above Normal,1983-10-01T00:00:00Z,1984-10-01T00:00:00Z,-119.486,36.1372
361372N1194860W001,979930,1983-10-19T00:00:00Z,233.76,231.76,0,43.5,190.26,43.5,41.5,NA,Unknown,Water level accuracy is unknown,1,Department of Water Resources,NA,624,Bureau of Reclamation,NA,NA,23126,21S23E04A001M,21S23E04A001M,Unknown,Unknown,5-022.11,Kaweah,Tulare,NA,Unknown,Single Well,NA,1974-10-04 00:00:00 - 2013-03-06 15:30:00,65,fall,29,147,NA,NA,1984,18030012,Above Normal,Above Normal,1983-10-01T00:00:00Z,1984-10-01T00:00:00Z,-119.486,36.1372
361372N1194860W001,979929,1983-02-17T00:00:00Z,233.76,231.76,0,54,179.76,54,52,Oil or foreign substance in casing,Unknown,Water level accuracy is unknown,1,Department of Water Resources,NA,5030,Tulare Irrigation District,NA,NA,23126,21S23E04A001M,21S23E04A001M,Unknown,Unknown,5-022.11,Kaweah,Tulare,NA,Unknown,Single Well,NA,1974-10-04 00:00:00 - 2013-03-06 15:30:00,65,other,NA,NA,NA,NA,1983,18030012,Wet,Wet,1982-10-01T00:00:00Z,1983-10-01T00:00:00Z,-119.486,36.1372
361372N1194860W001,979928,1982-10-07T00:00:00Z,233.76,231.76,0,59.5,174.26,59.5,57.5,NA,Unknown,Water level accuracy is unknown,1,Department of Water Resources,NA,5030,Tulare Irrigation District,NA,NA,23126,21S23E04A001M,21S23E04A001M,Unknown,Unknown,5-022.11,Kaweah,Tulare,NA,Unknown,Single Well,NA,1974-10-04 00:00:00 - 2013-03-06 15:30:00,65,fall,29,147,NA,NA,1983,18030012,Wet,Wet,1982-10-01T00:00:00Z,1983-10-01T00:00:00Z,-119.486,36.1372
361372N1194860W001,979927,1982-02-08T00:00:00Z,233.76,231.76,0,77,156.76,77,75,NA,Unknown,Water level accuracy is unknown,1,Department of Water Resources,NA,624,Bureau of Reclamation,NA,NA,23126,21S23E04A001M,21S23E04A001M,Unknown,Unknown,5-022.11,Kaweah,Tulare,NA,Unknown,Single Well,NA,1974-10-04 00:00:00 - 2013-03-06 15:30:00,65,other,NA,NA,NA,NA,1982,18030012,Wet,Wet,1981-10-01T00:00:00Z,1982-10-01T00:00:00Z,-119.486,36.1372
361372N1194860W001,979926,1981-09-25T00:00:00Z,233.76,231.76,0,84.5,149.26,84.5,82.5,NA,Unknown,Water level accuracy is unknown,1,Department of Water Resources,NA,624,Bureau of Reclamation,NA,NA,23126,21S23E04A001M,21S23E04A001M,Unknown,Unknown,5-022.11,Kaweah,Tulare,NA,Unknown,Single Well,NA,1974-10-04 00:00:00 - 2013-03-06 15:30:00,65,fall,29,147,NA,NA,1981,18030012,Below Normal,Below Normal,1980-10-01T00:00:00Z,1981-10-01T00:00:00Z,-119.486,36.1372
361372N1194860W001,979925,1981-01-29T00:00:00Z,233.76,231.76,0,71,162.76,71,69,NA,Unknown,Water level accuracy is unknown,1,Department of Water Resources,NA,5030,Tulare Irrigation District,NA,NA,23126,21S23E04A001M,21S23E04A001M,Unknown,Unknown,5-022.11,Kaweah,Tulare,NA,Unknown,Single Well,NA,1974-10-04 00:00:00 - 2013-03-06 15:30:00,65,other,NA,NA,NA,NA,1981,18030012,Below Normal,Below Normal,1980-10-01T00:00:00Z,1981-10-01T00:00:00Z,-119.486,36.1372
361372N1194860W001,979924,1980-09-22T00:00:00Z,233.76,231.76,0,73,160.76,73,71,NA,Unknown,Water level accuracy is unknown,1,Department of Water Resources,NA,5030,Tulare Irrigation District,NA,NA,23126,21S23E04A001M,21S23E04A001M,Unknown,Unknown,5-022.11,Kaweah,Tulare,NA,Unknown,Single Well,NA,1974-10-04 00:00:00 - 2013-03-06 15:30:00,65,fall,29,147,NA,NA,1980,18030012,Wet,Wet,1979-10-01T00:00:00Z,1980-10-01T00:00:00Z,-119.486,36.1372
361372N1194860W001,979923,1980-01-28T00:00:00Z,233.76,231.76,0,99.5,134.26,99.5,97.5,NA,Unknown,Water level accuracy is unknown,1,Department of Water Resources,NA,5030,Tulare Irrigation District,NA,NA,23126,21S23E04A001M,21S23E04A001M,Unknown,Unknown,5-022.11,Kaweah,Tulare,NA,Unknown,Single Well,NA,1974-10-04 00:00:00 - 2013-03-06 15:30:00,65,other,NA,NA,NA,NA,1980,18030012,Wet,Wet,1979-10-01T00:00:00Z,1980-10-01T00:00:00Z,-119.486,36.1372
361372N1194860W001,979922,1979-09-27T00:00:00Z,233.76,231.76,0,96,137.76,96,94,NA,Unknown,Water level accuracy is unknown,1,Department of Water Resources,NA,5030,Tulare Irrigation District,NA,NA,23126,21S23E04A001M,21S23E04A001M,Unknown,Unknown,5-022.11,Kaweah,Tulare,NA,Unknown,Single Well,NA,1974-10-04 00:00:00 - 2013-03-06 15:30:00,65,fall,29,147,NA,NA,1979,18030012,Wet,Wet,1978-10-01T00:00:00Z,1979-10-01T00:00:00Z,-119.486,36.1372
361372N1194860W001,979921,1979-01-24T00:00:00Z,233.76,231.76,0,85.5,148.26,85.5,83.5,NA,Unknown,Water level accuracy is unknown,1,Department of Water Resources,NA,5030,Tulare Irrigation District,NA,NA,23126,21S23E04A001M,21S23E04A001M,Unknown,Unknown,5-022.11,Kaweah,Tulare,NA,Unknown,Single Well,NA,1974-10-04 00:00:00 - 2013-03-06 15:30:00,65,other,NA,NA,NA,NA,1979,18030012,Wet,Wet,1978-10-01T00:00:00Z,1979-10-01T00:00:00Z,-119.486,36.1372
361372N1194860W001,979920,1978-10-04T00:00:00Z,233.76,231.76,0,93.5,140.26,93.5,91.5,NA,Unknown,Water level accuracy is unknown,1,Department of Water Resources,NA,5030,Tulare Irrigation District,NA,NA,23126,21S23E04A001M,21S23E04A001M,Unknown,Unknown,5-022.11,Kaweah,Tulare,NA,Unknown,Single Well,NA,1974-10-04 00:00:00 - 2013-03-06 15:30:00,65,fall,29,147,NA,NA,1979,18030012,Wet,Wet,1978-10-01T00:00:00Z,1979-10-01T00:00:00Z,-119.486,36.1372
361372N1194860W001,979919,1978-02-01T00:00:00Z,233.76,231.76,0,106,127.76,106,104,NA,Unknown,Water level accuracy is unknown,1,Department of Water Resources,NA,5030,Tulare Irrigation District,NA,NA,23126,21S23E04A001M,21S23E04A001M,Unknown,Unknown,5-022.11,Kaweah,Tulare,NA,Unknown,Single Well,NA,1974-10-04 00:00:00 - 2013-03-06 15:30:00,65,other,NA,NA,NA,NA,1978,18030012,Wet,Wet,1977-10-01T00:00:00Z,1978-10-01T00:00:00Z,-119.486,36.1372
361372N1194860W001,979918,1977-10-06T00:00:00Z,233.76,231.76,0,122,111.76,122,120,NA,Unknown,Water level accuracy is unknown,1,Department of Water Resources,NA,5030,Tulare Irrigation District,NA,NA,23126,21S23E04A001M,21S23E04A001M,Unknown,Unknown,5-022.11,Kaweah,Tulare,NA,Unknown,Single Well,NA,1974-10-04 00:00:00 - 2013-03-06 15:30:00,65,fall,29,147,NA,NA,1978,18030012,Wet,Wet,1977-10-01T00:00:00Z,1978-10-01T00:00:00Z,-119.486,36.1372
361372N1194860W001,979917,1977-01-25T00:00:00Z,233.76,231.76,0,91,142.76,91,89,NA,Unknown,Water level accuracy is unknown,1,Department of Water Resources,NA,5030,Tulare Irrigation District,NA,NA,23126,21S23E04A001M,21S23E04A001M,Unknown,Unknown,5-022.11,Kaweah,Tulare,NA,Unknown,Single Well,NA,1974-10-04 00:00:00 - 2013-03-06 15:30:00,65,other,NA,NA,NA,NA,1977,18030012,Dry,Dry,1976-10-01T00:00:00Z,1977-10-01T00:00:00Z,-119.486,36.1372
361372N1194860W001,979916,1976-10-08T00:00:00Z,233.76,231.76,0,91.5,142.26,91.5,89.5,NA,Unknown,Water level accuracy is unknown,1,Department of Water Resources,NA,5030,Tulare Irrigation District,NA,NA,23126,21S23E04A001M,21S23E04A001M,Unknown,Unknown,5-022.11,Kaweah,Tulare,NA,Unknown,Single Well,NA,1974-10-04 00:00:00 - 2013-03-06 15:30:00,65,fall,29,147,NA,NA,1977,18030012,Dry,Dry,1976-10-01T00:00:00Z,1977-10-01T00:00:00Z,-119.486,36.1372
361372N1194860W001,979915,1976-01-28T00:00:00Z,233.76,231.76,0,76,157.76,76,74,NA,Unknown,Water level accuracy is unknown,1,Department of Water Resources,NA,5030,Tulare Irrigation District,NA,NA,23126,21S23E04A001M,21S23E04A001M,Unknown,Unknown,5-022.11,Kaweah,Tulare,NA,Unknown,Single Well,NA,1974-10-04 00:00:00 - 2013-03-06 15:30:00,65,other,NA,NA,NA,NA,1976,18030012,Above Normal,Above Normal,1975-10-01T00:00:00Z,1976-10-01T00:00:00Z,-119.486,36.1372
361372N1194860W001,979914,1975-10-02T00:00:00Z,233.76,231.76,NA,NA,NA,NA,NA,Pumping,NA,NA,1,Department of Water Resources,NA,5030,Tulare Irrigation District,NA,NA,23126,21S23E04A001M,21S23E04A001M,Unknown,Unknown,5-022.11,Kaweah,Tulare,NA,Unknown,Single Well,NA,1974-10-04 00:00:00 - 2013-03-06 15:30:00,65,fall,29,147,NA,NA,1976,18030012,Above Normal,Above Normal,1975-10-01T00:00:00Z,1976-10-01T00:00:00Z,-119.486,36.1372
361372N1194860W001,979913,1975-02-10T00:00:00Z,233.76,231.76,0,73,160.76,73,71,NA,Unknown,Water level accuracy is unknown,1,Department of Water Resources,NA,5030,Tulare Irrigation District,NA,NA,23126,21S23E04A001M,21S23E04A001M,Unknown,Unknown,5-022.11,Kaweah,Tulare,NA,Unknown,Single Well,NA,1974-10-04 00:00:00 - 2013-03-06 15:30:00,65,other,NA,NA,NA,NA,1975,18030012,Above Normal,Above Normal,1974-10-01T00:00:00Z,1975-10-01T00:00:00Z,-119.486,36.1372
361372N1194860W001,979912,1974-10-04T00:00:00Z,233.76,231.76,0,83,150.76,83,81,NA,Unknown,Water level accuracy is unknown,1,Department of Water Resources,NA,5030,Tulare Irrigation District,NA,NA,23126,21S23E04A001M,21S23E04A001M,Unknown,Unknown,5-022.11,Kaweah,Tulare,NA,Unknown,Single Well,NA,1974-10-04 00:00:00 - 2013-03-06 15:30:00,65,fall,29,147,NA,NA,1975,18030012,Above Normal,Above Normal,1974-10-01T00:00:00Z,1975-10-01T00:00:00Z,-119.486,36.1372
