SITE_CODE,WLM_ID,MSMT_DATE,WLM_RPE,WLM_GSE,RDNG_WS,RDNG_RP,WSE,RPE_WSE,GSE_WSE,WLM_QA_DESC,WLM_DESC,WLM_ACC_DESC,WLM_ORG_ID,WLM_ORG_NAME,MSMT_CMT,COOP_AGENCY_ORG_ID,COOP_ORG_NAME,TOP_PRF,BOT_PRF,STN_ID,SWN,WELL_NAME,WLM_METHOD,WLM_ACC,BASIN_CODE,BASIN_NAME,COUNTY_NAME,WELL_DEPTH,WELL_USE,WELL_TYPE,WCR_NO,t_range,n_samples,season,fall_high,fall_low,spring_high,spring_low,water_year,HUC8,WYT,water_year_type,water_year_start,water_year_end,X,Y
361375N1195049W002,2660016,2020-03-15T12:00:00Z,227.77,226.77,0,139,88.77,139,138,NA,Unknown,Water level accuracy is unknown,5317,Mid-Kaweah GSA,NA,5317,Mid-Kaweah GSA,NA,NA,23127,21S23E05A002M,21S23E05A002M,Unknown,Unknown,5-022.11,Kaweah,Tulare,NA,Unknown,Single Well,NA,1961-10-03 00:00:00 - 2020-03-15 12:00:00,90,spring,NA,NA,135,154,2020,NA,NA,NA,2019-10-01T00:00:00Z,2020-10-01T00:00:00Z,-119.505,36.1375
361375N1195049W002,2660049,2019-10-15T12:00:00Z,227.77,226.77,0,150,77.77,150,149,NA,Unknown,Water level accuracy is unknown,5317,Mid-Kaweah GSA,NA,5317,Mid-Kaweah GSA,NA,NA,23127,21S23E05A002M,21S23E05A002M,Unknown,Unknown,5-022.11,Kaweah,Tulare,NA,Unknown,Single Well,NA,1961-10-03 00:00:00 - 2020-03-15 12:00:00,90,fall,31,149,NA,NA,2020,NA,NA,NA,2019-10-01T00:00:00Z,2020-10-01T00:00:00Z,-119.505,36.1375
361375N1195049W002,2619955,2019-03-15T12:00:00Z,227.77,226.77,0,154,73.77,154,153,NA,Unknown,Water level accuracy is unknown,5317,Mid-Kaweah GSA,NA,5317,Mid-Kaweah GSA,NA,NA,23127,21S23E05A002M,21S23E05A002M,Unknown,Unknown,5-022.11,Kaweah,Tulare,NA,Unknown,Single Well,NA,1961-10-03 00:00:00 - 2020-03-15 12:00:00,90,spring,NA,NA,135,154,2019,NA,NA,NA,2018-10-01T00:00:00Z,2019-10-01T00:00:00Z,-119.505,36.1375
361375N1195049W002,1989013,2013-03-06T15:45:00Z,227.766,226.766,5,160,72.766,155,154,NA,Unknown,Water level accuracy to nearest tenth of a foot,1,Department of Water Resources,tape=155,1,Department of Water Resources,NA,NA,23127,21S23E05A002M,21S23E05A002M,Unknown,Unknown,5-022.11,Kaweah,Tulare,NA,Unknown,Single Well,NA,1961-10-03 00:00:00 - 2020-03-15 12:00:00,90,spring,NA,NA,135,154,2013,18030012,Critical,Critical,2012-10-01T00:00:00Z,2013-10-01T00:00:00Z,-119.505,36.1375
361375N1195049W002,93940,2011-02-24T09:45:00Z,227.766,226.766,0,132,95.766,132,131,NA,Unknown,Water level accuracy to nearest tenth of a foot,1,Department of Water Resources,NA,1,Department of Water Resources,NA,NA,23127,21S23E05A002M,21S23E05A002M,Unknown,Unknown,5-022.11,Kaweah,Tulare,NA,Unknown,Single Well,NA,1961-10-03 00:00:00 - 2020-03-15 12:00:00,90,other,NA,NA,NA,NA,2011,18030012,Wet,Wet,2010-10-01T00:00:00Z,2011-10-01T00:00:00Z,-119.505,36.1375
361375N1195049W002,980075,2010-01-21T00:00:00Z,227.77,226.77,0,138,89.77,138,137,NA,Unknown,Water level accuracy is unknown,1,Department of Water Resources,NA,5030,Tulare Irrigation District,NA,NA,23127,21S23E05A002M,21S23E05A002M,Unknown,Unknown,5-022.11,Kaweah,Tulare,NA,Unknown,Single Well,NA,1961-10-03 00:00:00 - 2020-03-15 12:00:00,90,other,NA,NA,NA,NA,2010,18030012,Above Normal,Above Normal,2009-10-01T00:00:00Z,2010-10-01T00:00:00Z,-119.505,36.1375
361375N1195049W002,980074,2009-03-03T00:00:00Z,227.77,226.77,0,136,91.77,136,135,Pumped recently,Unknown,Water level accuracy is unknown,1,Department of Water Resources,NA,5030,Tulare Irrigation District,NA,NA,23127,21S23E05A002M,21S23E05A002M,Unknown,Unknown,5-022.11,Kaweah,Tulare,NA,Unknown,Single Well,NA,1961-10-03 00:00:00 - 2020-03-15 12:00:00,90,spring,NA,NA,135,154,2009,18030012,Critical,Critical,2008-10-01T00:00:00Z,2009-10-01T00:00:00Z,-119.505,36.1375
361375N1195049W002,980072,2007-10-15T00:00:00Z,227.77,226.77,0,119,108.77,119,118,Pumped recently,Unknown,Water level accuracy is unknown,1,Department of Water Resources,NO OIL,5030,Tulare Irrigation District,NA,NA,23127,21S23E05A002M,21S23E05A002M,Unknown,Unknown,5-022.11,Kaweah,Tulare,NA,Unknown,Single Well,NA,1961-10-03 00:00:00 - 2020-03-15 12:00:00,90,fall,31,149,NA,NA,2008,18030012,Critical,Critical,2007-10-01T00:00:00Z,2008-10-01T00:00:00Z,-119.505,36.1375
361375N1195049W002,980071,2007-02-01T00:00:00Z,227.77,226.77,0,102,125.77,102,101,Pumped recently,Unknown,Water level accuracy is unknown,1,Department of Water Resources,NO OIL,5030,Tulare Irrigation District,NA,NA,23127,21S23E05A002M,21S23E05A002M,Unknown,Unknown,5-022.11,Kaweah,Tulare,NA,Unknown,Single Well,NA,1961-10-03 00:00:00 - 2020-03-15 12:00:00,90,other,NA,NA,NA,NA,2007,18030012,Critical,Critical,2006-10-01T00:00:00Z,2007-10-01T00:00:00Z,-119.505,36.1375
361375N1195049W002,980073,2006-10-04T00:00:00Z,227.77,226.77,0,104,123.77,104,103,NA,Unknown,Water level accuracy is unknown,1,Department of Water Resources,NO OIL,5030,Tulare Irrigation District,NA,NA,23127,21S23E05A002M,21S23E05A002M,Unknown,Unknown,5-022.11,Kaweah,Tulare,NA,Unknown,Single Well,NA,1961-10-03 00:00:00 - 2020-03-15 12:00:00,90,fall,31,149,NA,NA,2007,18030012,Critical,Critical,2006-10-01T00:00:00Z,2007-10-01T00:00:00Z,-119.505,36.1375
361375N1195049W002,980070,2006-01-25T00:00:00Z,227.77,226.77,0,114,113.77,114,113,Pumped recently,Unknown,Water level accuracy is unknown,1,Department of Water Resources,NA,5030,Tulare Irrigation District,NA,NA,23127,21S23E05A002M,21S23E05A002M,Unknown,Unknown,5-022.11,Kaweah,Tulare,NA,Unknown,Single Well,NA,1961-10-03 00:00:00 - 2020-03-15 12:00:00,90,other,NA,NA,NA,NA,2006,18030012,Wet,Wet,2005-10-01T00:00:00Z,2006-10-01T00:00:00Z,-119.505,36.1375
361375N1195049W002,980069,2005-01-29T00:00:00Z,227.77,226.77,0,120,107.77,120,119,NA,Unknown,Water level accuracy is unknown,1,Department of Water Resources,NA,5030,Tulare Irrigation District,NA,NA,23127,21S23E05A002M,21S23E05A002M,Unknown,Unknown,5-022.11,Kaweah,Tulare,NA,Unknown,Single Well,NA,1961-10-03 00:00:00 - 2020-03-15 12:00:00,90,other,NA,NA,NA,NA,2005,18030012,Wet,Wet,2004-10-01T00:00:00Z,2005-10-01T00:00:00Z,-119.505,36.1375
361375N1195049W002,980067,2004-02-04T00:00:00Z,227.77,226.77,0,123,104.77,123,122,Nearby pump operating,Unknown,Water level accuracy is unknown,1,Department of Water Resources,NO OIL,5030,Tulare Irrigation District,NA,NA,23127,21S23E05A002M,21S23E05A002M,Unknown,Unknown,5-022.11,Kaweah,Tulare,NA,Unknown,Single Well,NA,1961-10-03 00:00:00 - 2020-03-15 12:00:00,90,other,NA,NA,NA,NA,2004,18030012,Dry,Dry,2003-10-01T00:00:00Z,2004-10-01T00:00:00Z,-119.505,36.1375
361375N1195049W002,980068,2003-09-24T00:00:00Z,227.77,226.77,0,111,116.77,111,110,Pumped recently,Unknown,Water level accuracy is unknown,1,Department of Water Resources,NO OIL,5030,Tulare Irrigation District,NA,NA,23127,21S23E05A002M,21S23E05A002M,Unknown,Unknown,5-022.11,Kaweah,Tulare,NA,Unknown,Single Well,NA,1961-10-03 00:00:00 - 2020-03-15 12:00:00,90,fall,31,149,NA,NA,2003,18030012,Dry,Dry,2002-10-01T00:00:00Z,2003-10-01T00:00:00Z,-119.505,36.1375
361375N1195049W002,980064,2003-01-23T00:00:00Z,227.77,226.77,0,102,125.77,102,101,Pumped recently,Unknown,Water level accuracy is unknown,1,Department of Water Resources,NA,5030,Tulare Irrigation District,NA,NA,23127,21S23E05A002M,21S23E05A002M,Unknown,Unknown,5-022.11,Kaweah,Tulare,NA,Unknown,Single Well,NA,1961-10-03 00:00:00 - 2020-03-15 12:00:00,90,other,NA,NA,NA,NA,2003,18030012,Dry,Dry,2002-10-01T00:00:00Z,2003-10-01T00:00:00Z,-119.505,36.1375
361375N1195049W002,980066,2002-09-17T00:00:00Z,227.77,226.77,0,106,121.77,106,105,Pumped recently,Unknown,Water level accuracy is unknown,1,Department of Water Resources,NA,624,Bureau of Reclamation,NA,NA,23127,21S23E05A002M,21S23E05A002M,Unknown,Unknown,5-022.11,Kaweah,Tulare,NA,Unknown,Single Well,NA,1961-10-03 00:00:00 - 2020-03-15 12:00:00,90,fall,31,149,NA,NA,2002,18030012,Critical,Critical,2001-10-01T00:00:00Z,2002-10-01T00:00:00Z,-119.505,36.1375
361375N1195049W002,980065,2002-01-17T00:00:00Z,227.77,226.77,0,86,141.77,86,85,Nearby pump operating,Unknown,Water level accuracy is unknown,1,Department of Water Resources,NA,624,Bureau of Reclamation,NA,NA,23127,21S23E05A002M,21S23E05A002M,Unknown,Unknown,5-022.11,Kaweah,Tulare,NA,Unknown,Single Well,NA,1961-10-03 00:00:00 - 2020-03-15 12:00:00,90,other,NA,NA,NA,NA,2002,18030012,Critical,Critical,2001-10-01T00:00:00Z,2002-10-01T00:00:00Z,-119.505,36.1375
361375N1195049W002,980063,2001-01-22T00:00:00Z,227.77,226.77,0,75,152.77,75,74,Pumped recently,Unknown,Water level accuracy is unknown,1,Department of Water Resources,NA,5030,Tulare Irrigation District,NA,NA,23127,21S23E05A002M,21S23E05A002M,Unknown,Unknown,5-022.11,Kaweah,Tulare,NA,Unknown,Single Well,NA,1961-10-03 00:00:00 - 2020-03-15 12:00:00,90,other,NA,NA,NA,NA,2001,18030012,Below Normal,Below Normal,2000-10-01T00:00:00Z,2001-10-01T00:00:00Z,-119.505,36.1375
361375N1195049W002,980062,2000-01-20T00:00:00Z,227.77,226.77,0,75,152.77,75,74,NA,Unknown,Water level accuracy is unknown,1,Department of Water Resources,NA,5030,Tulare Irrigation District,NA,NA,23127,21S23E05A002M,21S23E05A002M,Unknown,Unknown,5-022.11,Kaweah,Tulare,NA,Unknown,Single Well,NA,1961-10-03 00:00:00 - 2020-03-15 12:00:00,90,other,NA,NA,NA,NA,2000,18030012,Below Normal,Below Normal,1999-10-01T00:00:00Z,2000-10-01T00:00:00Z,-119.505,36.1375
361375N1195049W002,980061,1999-10-07T00:00:00Z,227.77,226.77,0,80,147.77,80,79,Pumped recently,Unknown,Water level accuracy is unknown,1,Department of Water Resources,NA,5030,Tulare Irrigation District,NA,NA,23127,21S23E05A002M,21S23E05A002M,Unknown,Unknown,5-022.11,Kaweah,Tulare,NA,Unknown,Single Well,NA,1961-10-03 00:00:00 - 2020-03-15 12:00:00,90,fall,31,149,NA,NA,2000,18030012,Below Normal,Below Normal,1999-10-01T00:00:00Z,2000-10-01T00:00:00Z,-119.505,36.1375
361375N1195049W002,980060,1999-01-20T00:00:00Z,227.77,226.77,0,80,147.77,80,79,Other,Unknown,Water level accuracy is unknown,1,Department of Water Resources,NA,5030,Tulare Irrigation District,NA,NA,23127,21S23E05A002M,21S23E05A002M,Unknown,Unknown,5-022.11,Kaweah,Tulare,NA,Unknown,Single Well,NA,1961-10-03 00:00:00 - 2020-03-15 12:00:00,90,other,NA,NA,NA,NA,1999,18030012,Wet,Wet,1998-10-01T00:00:00Z,1999-10-01T00:00:00Z,-119.505,36.1375
361375N1195049W002,980059,1998-10-06T00:00:00Z,227.77,226.77,0,87,140.77,87,86,Pumped recently,Unknown,Water level accuracy is unknown,1,Department of Water Resources,NA,5030,Tulare Irrigation District,NA,NA,23127,21S23E05A002M,21S23E05A002M,Unknown,Unknown,5-022.11,Kaweah,Tulare,NA,Unknown,Single Well,NA,1961-10-03 00:00:00 - 2020-03-15 12:00:00,90,fall,31,149,NA,NA,1999,18030012,Wet,Wet,1998-10-01T00:00:00Z,1999-10-01T00:00:00Z,-119.505,36.1375
361375N1195049W002,980058,1998-01-14T00:00:00Z,227.77,226.77,0,98,129.77,98,97,NA,Unknown,Water level accuracy is unknown,1,Department of Water Resources,NA,5030,Tulare Irrigation District,NA,NA,23127,21S23E05A002M,21S23E05A002M,Unknown,Unknown,5-022.11,Kaweah,Tulare,NA,Unknown,Single Well,NA,1961-10-03 00:00:00 - 2020-03-15 12:00:00,90,other,NA,NA,NA,NA,1998,18030012,Wet,Wet,1997-10-01T00:00:00Z,1998-10-01T00:00:00Z,-119.505,36.1375
361375N1195049W002,980057,1997-10-08T00:00:00Z,227.77,226.77,0,108,119.77,108,107,NA,Unknown,Water level accuracy is unknown,1,Department of Water Resources,NA,5030,Tulare Irrigation District,NA,NA,23127,21S23E05A002M,21S23E05A002M,Unknown,Unknown,5-022.11,Kaweah,Tulare,NA,Unknown,Single Well,NA,1961-10-03 00:00:00 - 2020-03-15 12:00:00,90,fall,31,149,NA,NA,1998,18030012,Wet,Wet,1997-10-01T00:00:00Z,1998-10-01T00:00:00Z,-119.505,36.1375
361375N1195049W002,980056,1997-01-16T00:00:00Z,227.77,226.77,0,107.5,120.27,107.5,106.5,Pumped recently,Unknown,Water level accuracy is unknown,1,Department of Water Resources,NA,5030,Tulare Irrigation District,NA,NA,23127,21S23E05A002M,21S23E05A002M,Unknown,Unknown,5-022.11,Kaweah,Tulare,NA,Unknown,Single Well,NA,1961-10-03 00:00:00 - 2020-03-15 12:00:00,90,other,NA,NA,NA,NA,1997,18030012,Above Normal,Above Normal,1996-10-01T00:00:00Z,1997-10-01T00:00:00Z,-119.505,36.1375
361375N1195049W002,980055,1996-10-03T00:00:00Z,227.77,226.77,0,115,112.77,115,114,Pumped recently,Unknown,Water level accuracy is unknown,1,Department of Water Resources,NA,5030,Tulare Irrigation District,NA,NA,23127,21S23E05A002M,21S23E05A002M,Unknown,Unknown,5-022.11,Kaweah,Tulare,NA,Unknown,Single Well,NA,1961-10-03 00:00:00 - 2020-03-15 12:00:00,90,fall,31,149,NA,NA,1997,18030012,Above Normal,Above Normal,1996-10-01T00:00:00Z,1997-10-01T00:00:00Z,-119.505,36.1375
361375N1195049W002,980054,1996-01-15T00:00:00Z,227.77,226.77,0,117,110.77,117,116,NA,Unknown,Water level accuracy is unknown,1,Department of Water Resources,NA,5030,Tulare Irrigation District,NA,NA,23127,21S23E05A002M,21S23E05A002M,Unknown,Unknown,5-022.11,Kaweah,Tulare,NA,Unknown,Single Well,NA,1961-10-03 00:00:00 - 2020-03-15 12:00:00,90,other,NA,NA,NA,NA,1996,18030012,Wet,Wet,1995-10-01T00:00:00Z,1996-10-01T00:00:00Z,-119.505,36.1375
361375N1195049W002,980053,1995-10-09T00:00:00Z,227.77,226.77,0,125.5,102.27,125.5,124.5,NA,Unknown,Water level accuracy is unknown,1,Department of Water Resources,NA,5030,Tulare Irrigation District,NA,NA,23127,21S23E05A002M,21S23E05A002M,Unknown,Unknown,5-022.11,Kaweah,Tulare,NA,Unknown,Single Well,NA,1961-10-03 00:00:00 - 2020-03-15 12:00:00,90,fall,31,149,NA,NA,1996,18030012,Wet,Wet,1995-10-01T00:00:00Z,1996-10-01T00:00:00Z,-119.505,36.1375
361375N1195049W002,980052,1995-02-08T00:00:00Z,227.77,226.77,0,128.5,99.27,128.5,127.5,NA,Unknown,Water level accuracy is unknown,1,Department of Water Resources,NA,5030,Tulare Irrigation District,NA,NA,23127,21S23E05A002M,21S23E05A002M,Unknown,Unknown,5-022.11,Kaweah,Tulare,NA,Unknown,Single Well,NA,1961-10-03 00:00:00 - 2020-03-15 12:00:00,90,other,NA,NA,NA,NA,1995,18030012,Wet,Wet,1994-10-01T00:00:00Z,1995-10-01T00:00:00Z,-119.505,36.1375
361375N1195049W002,980051,1994-10-10T00:00:00Z,227.77,226.77,0,136.5,91.27,136.5,135.5,NA,Unknown,Water level accuracy is unknown,1,Department of Water Resources,NA,5030,Tulare Irrigation District,NA,NA,23127,21S23E05A002M,21S23E05A002M,Unknown,Unknown,5-022.11,Kaweah,Tulare,NA,Unknown,Single Well,NA,1961-10-03 00:00:00 - 2020-03-15 12:00:00,90,fall,31,149,NA,NA,1995,18030012,Wet,Wet,1994-10-01T00:00:00Z,1995-10-01T00:00:00Z,-119.505,36.1375
361375N1195049W002,980050,1994-01-19T00:00:00Z,227.77,226.77,0,119.5,108.27,119.5,118.5,NA,Unknown,Water level accuracy is unknown,1,Department of Water Resources,NA,5030,Tulare Irrigation District,NA,NA,23127,21S23E05A002M,21S23E05A002M,Unknown,Unknown,5-022.11,Kaweah,Tulare,NA,Unknown,Single Well,NA,1961-10-03 00:00:00 - 2020-03-15 12:00:00,90,other,NA,NA,NA,NA,1994,18030012,Above Normal,Above Normal,1993-10-01T00:00:00Z,1994-10-01T00:00:00Z,-119.505,36.1375
361375N1195049W002,980049,1993-10-11T00:00:00Z,227.77,226.77,0,126,101.77,126,125,NA,Unknown,Water level accuracy is unknown,1,Department of Water Resources,NA,5030,Tulare Irrigation District,NA,NA,23127,21S23E05A002M,21S23E05A002M,Unknown,Unknown,5-022.11,Kaweah,Tulare,NA,Unknown,Single Well,NA,1961-10-03 00:00:00 - 2020-03-15 12:00:00,90,fall,31,149,NA,NA,1994,18030012,Above Normal,Above Normal,1993-10-01T00:00:00Z,1994-10-01T00:00:00Z,-119.505,36.1375
361375N1195049W002,980048,1993-01-29T00:00:00Z,227.77,226.77,0,125,102.77,125,124,NA,Unknown,Water level accuracy is unknown,1,Department of Water Resources,NA,5030,Tulare Irrigation District,NA,NA,23127,21S23E05A002M,21S23E05A002M,Unknown,Unknown,5-022.11,Kaweah,Tulare,NA,Unknown,Single Well,NA,1961-10-03 00:00:00 - 2020-03-15 12:00:00,90,other,NA,NA,NA,NA,1993,18030012,Wet,Wet,1992-10-01T00:00:00Z,1993-10-01T00:00:00Z,-119.505,36.1375
361375N1195049W002,980047,1992-10-07T00:00:00Z,227.77,226.77,0,129,98.77,129,128,NA,Unknown,Water level accuracy is unknown,1,Department of Water Resources,NA,5030,Tulare Irrigation District,NA,NA,23127,21S23E05A002M,21S23E05A002M,Unknown,Unknown,5-022.11,Kaweah,Tulare,NA,Unknown,Single Well,NA,1961-10-03 00:00:00 - 2020-03-15 12:00:00,90,fall,31,149,NA,NA,1993,18030012,Wet,Wet,1992-10-01T00:00:00Z,1993-10-01T00:00:00Z,-119.505,36.1375
361375N1195049W002,980046,1992-01-27T00:00:00Z,227.77,226.77,0,112.5,115.27,112.5,111.5,NA,Unknown,Water level accuracy is unknown,1,Department of Water Resources,NA,5030,Tulare Irrigation District,NA,NA,23127,21S23E05A002M,21S23E05A002M,Unknown,Unknown,5-022.11,Kaweah,Tulare,NA,Unknown,Single Well,NA,1961-10-03 00:00:00 - 2020-03-15 12:00:00,90,other,NA,NA,NA,NA,1992,18030012,Above Normal,Above Normal,1991-10-01T00:00:00Z,1992-10-01T00:00:00Z,-119.505,36.1375
361375N1195049W002,980045,1991-10-04T00:00:00Z,227.77,226.77,0,116,111.77,116,115,NA,Unknown,Water level accuracy is unknown,1,Department of Water Resources,NA,5030,Tulare Irrigation District,NA,NA,23127,21S23E05A002M,21S23E05A002M,Unknown,Unknown,5-022.11,Kaweah,Tulare,NA,Unknown,Single Well,NA,1961-10-03 00:00:00 - 2020-03-15 12:00:00,90,fall,31,149,NA,NA,1992,18030012,Above Normal,Above Normal,1991-10-01T00:00:00Z,1992-10-01T00:00:00Z,-119.505,36.1375
361375N1195049W002,980044,1991-01-21T00:00:00Z,227.77,226.77,0,99.5,128.27,99.5,98.5,NA,Unknown,Water level accuracy is unknown,1,Department of Water Resources,NA,5030,Tulare Irrigation District,NA,NA,23127,21S23E05A002M,21S23E05A002M,Unknown,Unknown,5-022.11,Kaweah,Tulare,NA,Unknown,Single Well,NA,1961-10-03 00:00:00 - 2020-03-15 12:00:00,90,other,NA,NA,NA,NA,1991,18030012,Dry,Dry,1990-10-01T00:00:00Z,1991-10-01T00:00:00Z,-119.505,36.1375
361375N1195049W002,980043,1990-10-09T00:00:00Z,227.77,226.77,0,102,125.77,102,101,Acoustical sounder,Unknown,Water level accuracy is unknown,1,Department of Water Resources,NA,5030,Tulare Irrigation District,NA,NA,23127,21S23E05A002M,21S23E05A002M,Unknown,Unknown,5-022.11,Kaweah,Tulare,NA,Unknown,Single Well,NA,1961-10-03 00:00:00 - 2020-03-15 12:00:00,90,fall,31,149,NA,NA,1991,18030012,Dry,Dry,1990-10-01T00:00:00Z,1991-10-01T00:00:00Z,-119.505,36.1375
361375N1195049W002,980042,1990-01-25T00:00:00Z,227.77,226.77,0,76.5,151.27,76.5,75.5,NA,Unknown,Water level accuracy is unknown,1,Department of Water Resources,NA,5030,Tulare Irrigation District,NA,NA,23127,21S23E05A002M,21S23E05A002M,Unknown,Unknown,5-022.11,Kaweah,Tulare,NA,Unknown,Single Well,NA,1961-10-03 00:00:00 - 2020-03-15 12:00:00,90,other,NA,NA,NA,NA,1990,18030012,Critical,Critical,1989-10-01T00:00:00Z,1990-10-01T00:00:00Z,-119.505,36.1375
361375N1195049W002,980041,1989-10-04T00:00:00Z,227.77,226.77,0,79,148.77,79,78,NA,Unknown,Water level accuracy is unknown,1,Department of Water Resources,NA,5030,Tulare Irrigation District,NA,NA,23127,21S23E05A002M,21S23E05A002M,Unknown,Unknown,5-022.11,Kaweah,Tulare,NA,Unknown,Single Well,NA,1961-10-03 00:00:00 - 2020-03-15 12:00:00,90,fall,31,149,NA,NA,1990,18030012,Critical,Critical,1989-10-01T00:00:00Z,1990-10-01T00:00:00Z,-119.505,36.1375
361375N1195049W002,980040,1989-01-30T00:00:00Z,227.77,226.77,0,61,166.77,61,60,NA,Unknown,Water level accuracy is unknown,1,Department of Water Resources,NA,5030,Tulare Irrigation District,NA,NA,23127,21S23E05A002M,21S23E05A002M,Unknown,Unknown,5-022.11,Kaweah,Tulare,NA,Unknown,Single Well,NA,1961-10-03 00:00:00 - 2020-03-15 12:00:00,90,other,NA,NA,NA,NA,1989,18030012,Dry,Dry,1988-10-01T00:00:00Z,1989-10-01T00:00:00Z,-119.505,36.1375
361375N1195049W002,980039,1988-10-06T00:00:00Z,227.77,226.77,0,64,163.77,64,63,NA,Unknown,Water level accuracy is unknown,1,Department of Water Resources,NA,5030,Tulare Irrigation District,NA,NA,23127,21S23E05A002M,21S23E05A002M,Unknown,Unknown,5-022.11,Kaweah,Tulare,NA,Unknown,Single Well,NA,1961-10-03 00:00:00 - 2020-03-15 12:00:00,90,fall,31,149,NA,NA,1989,18030012,Dry,Dry,1988-10-01T00:00:00Z,1989-10-01T00:00:00Z,-119.505,36.1375
361375N1195049W002,980038,1988-02-04T00:00:00Z,227.77,226.77,0,47,180.77,47,46,NA,Unknown,Water level accuracy is unknown,1,Department of Water Resources,NA,5030,Tulare Irrigation District,NA,NA,23127,21S23E05A002M,21S23E05A002M,Unknown,Unknown,5-022.11,Kaweah,Tulare,NA,Unknown,Single Well,NA,1961-10-03 00:00:00 - 2020-03-15 12:00:00,90,other,NA,NA,NA,NA,1988,18030012,Below Normal,Below Normal,1987-10-01T00:00:00Z,1988-10-01T00:00:00Z,-119.505,36.1375
361375N1195049W002,980037,1987-10-08T00:00:00Z,227.77,226.77,0,45.5,182.27,45.5,44.5,NA,Unknown,Water level accuracy is unknown,1,Department of Water Resources,NA,5030,Tulare Irrigation District,NA,NA,23127,21S23E05A002M,21S23E05A002M,Unknown,Unknown,5-022.11,Kaweah,Tulare,NA,Unknown,Single Well,NA,1961-10-03 00:00:00 - 2020-03-15 12:00:00,90,fall,31,149,NA,NA,1988,18030012,Below Normal,Below Normal,1987-10-01T00:00:00Z,1988-10-01T00:00:00Z,-119.505,36.1375
361375N1195049W002,980036,1987-02-04T00:00:00Z,227.77,226.77,0,30,197.77,30,29,NA,Unknown,Water level accuracy is unknown,1,Department of Water Resources,NA,5030,Tulare Irrigation District,NA,NA,23127,21S23E05A002M,21S23E05A002M,Unknown,Unknown,5-022.11,Kaweah,Tulare,NA,Unknown,Single Well,NA,1961-10-03 00:00:00 - 2020-03-15 12:00:00,90,other,NA,NA,NA,NA,1987,18030012,Below Normal,Below Normal,1986-10-01T00:00:00Z,1987-10-01T00:00:00Z,-119.505,36.1375
361375N1195049W002,980035,1986-10-02T00:00:00Z,227.77,226.77,0,32,195.77,32,31,NA,Unknown,Water level accuracy is unknown,1,Department of Water Resources,NA,624,Bureau of Reclamation,NA,NA,23127,21S23E05A002M,21S23E05A002M,Unknown,Unknown,5-022.11,Kaweah,Tulare,NA,Unknown,Single Well,NA,1961-10-03 00:00:00 - 2020-03-15 12:00:00,90,fall,31,149,NA,NA,1987,18030012,Below Normal,Below Normal,1986-10-01T00:00:00Z,1987-10-01T00:00:00Z,-119.505,36.1375
361375N1195049W002,980034,1986-02-21T00:00:00Z,227.77,226.77,0,39,188.77,39,38,NA,Unknown,Water level accuracy is unknown,1,Department of Water Resources,NA,624,Bureau of Reclamation,NA,NA,23127,21S23E05A002M,21S23E05A002M,Unknown,Unknown,5-022.11,Kaweah,Tulare,NA,Unknown,Single Well,NA,1961-10-03 00:00:00 - 2020-03-15 12:00:00,90,other,NA,NA,NA,NA,1986,18030012,Above Normal,Above Normal,1985-10-01T00:00:00Z,1986-10-01T00:00:00Z,-119.505,36.1375
361375N1195049W002,980033,1985-10-03T00:00:00Z,227.77,226.77,0,45.5,182.27,45.5,44.5,NA,Unknown,Water level accuracy is unknown,1,Department of Water Resources,NA,624,Bureau of Reclamation,NA,NA,23127,21S23E05A002M,21S23E05A002M,Unknown,Unknown,5-022.11,Kaweah,Tulare,NA,Unknown,Single Well,NA,1961-10-03 00:00:00 - 2020-03-15 12:00:00,90,fall,31,149,NA,NA,1986,18030012,Above Normal,Above Normal,1985-10-01T00:00:00Z,1986-10-01T00:00:00Z,-119.505,36.1375
361375N1195049W002,980032,1985-02-25T00:00:00Z,227.77,226.77,0,35,192.77,35,34,NA,Unknown,Water level accuracy is unknown,1,Department of Water Resources,NA,624,Bureau of Reclamation,NA,NA,23127,21S23E05A002M,21S23E05A002M,Unknown,Unknown,5-022.11,Kaweah,Tulare,NA,Unknown,Single Well,NA,1961-10-03 00:00:00 - 2020-03-15 12:00:00,90,other,NA,NA,NA,NA,1985,18030012,Dry,Dry,1984-10-01T00:00:00Z,1985-10-01T00:00:00Z,-119.505,36.1375
361375N1195049W002,980031,1984-10-12T00:00:00Z,227.77,226.77,0,34,193.77,34,33,NA,Unknown,Water level accuracy is unknown,1,Department of Water Resources,NA,624,Bureau of Reclamation,NA,NA,23127,21S23E05A002M,21S23E05A002M,Unknown,Unknown,5-022.11,Kaweah,Tulare,NA,Unknown,Single Well,NA,1961-10-03 00:00:00 - 2020-03-15 12:00:00,90,fall,31,149,NA,NA,1985,18030012,Dry,Dry,1984-10-01T00:00:00Z,1985-10-01T00:00:00Z,-119.505,36.1375
361375N1195049W002,980030,1984-02-21T00:00:00Z,227.77,226.77,0,34,193.77,34,33,NA,Unknown,Water level accuracy is unknown,1,Department of Water Resources,NA,624,Bureau of Reclamation,NA,NA,23127,21S23E05A002M,21S23E05A002M,Unknown,Unknown,5-022.11,Kaweah,Tulare,NA,Unknown,Single Well,NA,1961-10-03 00:00:00 - 2020-03-15 12:00:00,90,other,NA,NA,NA,NA,1984,18030012,Above Normal,Above Normal,1983-10-01T00:00:00Z,1984-10-01T00:00:00Z,-119.505,36.1375
361375N1195049W002,980029,1983-10-19T00:00:00Z,227.77,226.77,0,36.5,191.27,36.5,35.5,NA,Unknown,Water level accuracy is unknown,1,Department of Water Resources,NA,624,Bureau of Reclamation,NA,NA,23127,21S23E05A002M,21S23E05A002M,Unknown,Unknown,5-022.11,Kaweah,Tulare,NA,Unknown,Single Well,NA,1961-10-03 00:00:00 - 2020-03-15 12:00:00,90,fall,31,149,NA,NA,1984,18030012,Above Normal,Above Normal,1983-10-01T00:00:00Z,1984-10-01T00:00:00Z,-119.505,36.1375
361375N1195049W002,980028,1983-02-17T00:00:00Z,227.77,226.77,0,41,186.77,41,40,NA,Unknown,Water level accuracy is unknown,1,Department of Water Resources,NA,5030,Tulare Irrigation District,NA,NA,23127,21S23E05A002M,21S23E05A002M,Unknown,Unknown,5-022.11,Kaweah,Tulare,NA,Unknown,Single Well,NA,1961-10-03 00:00:00 - 2020-03-15 12:00:00,90,other,NA,NA,NA,NA,1983,18030012,Wet,Wet,1982-10-01T00:00:00Z,1983-10-01T00:00:00Z,-119.505,36.1375
361375N1195049W002,980027,1982-09-30T00:00:00Z,227.77,226.77,0,59,168.77,59,58,NA,Unknown,Water level accuracy is unknown,1,Department of Water Resources,NA,5030,Tulare Irrigation District,NA,NA,23127,21S23E05A002M,21S23E05A002M,Unknown,Unknown,5-022.11,Kaweah,Tulare,NA,Unknown,Single Well,NA,1961-10-03 00:00:00 - 2020-03-15 12:00:00,90,fall,31,149,NA,NA,1982,18030012,Wet,Wet,1981-10-01T00:00:00Z,1982-10-01T00:00:00Z,-119.505,36.1375
361375N1195049W002,980026,1982-02-08T00:00:00Z,227.77,226.77,0,69,158.77,69,68,NA,Unknown,Water level accuracy is unknown,1,Department of Water Resources,NA,624,Bureau of Reclamation,NA,NA,23127,21S23E05A002M,21S23E05A002M,Unknown,Unknown,5-022.11,Kaweah,Tulare,NA,Unknown,Single Well,NA,1961-10-03 00:00:00 - 2020-03-15 12:00:00,90,other,NA,NA,NA,NA,1982,18030012,Wet,Wet,1981-10-01T00:00:00Z,1982-10-01T00:00:00Z,-119.505,36.1375
361375N1195049W002,980025,1981-09-25T00:00:00Z,227.77,226.77,0,72,155.77,72,71,NA,Unknown,Water level accuracy is unknown,1,Department of Water Resources,NA,624,Bureau of Reclamation,NA,NA,23127,21S23E05A002M,21S23E05A002M,Unknown,Unknown,5-022.11,Kaweah,Tulare,NA,Unknown,Single Well,NA,1961-10-03 00:00:00 - 2020-03-15 12:00:00,90,fall,31,149,NA,NA,1981,18030012,Below Normal,Below Normal,1980-10-01T00:00:00Z,1981-10-01T00:00:00Z,-119.505,36.1375
361375N1195049W002,980024,1981-01-29T00:00:00Z,227.77,226.77,0,72,155.77,72,71,NA,Unknown,Water level accuracy is unknown,1,Department of Water Resources,NA,5030,Tulare Irrigation District,NA,NA,23127,21S23E05A002M,21S23E05A002M,Unknown,Unknown,5-022.11,Kaweah,Tulare,NA,Unknown,Single Well,NA,1961-10-03 00:00:00 - 2020-03-15 12:00:00,90,other,NA,NA,NA,NA,1981,18030012,Below Normal,Below Normal,1980-10-01T00:00:00Z,1981-10-01T00:00:00Z,-119.505,36.1375
361375N1195049W002,980023,1980-09-25T00:00:00Z,227.77,226.77,0,70,157.77,70,69,NA,Unknown,Water level accuracy is unknown,1,Department of Water Resources,NA,5030,Tulare Irrigation District,NA,NA,23127,21S23E05A002M,21S23E05A002M,Unknown,Unknown,5-022.11,Kaweah,Tulare,NA,Unknown,Single Well,NA,1961-10-03 00:00:00 - 2020-03-15 12:00:00,90,fall,31,149,NA,NA,1980,18030012,Wet,Wet,1979-10-01T00:00:00Z,1980-10-01T00:00:00Z,-119.505,36.1375
361375N1195049W002,980022,1980-01-28T00:00:00Z,227.77,226.77,0,90.5,137.27,90.5,89.5,NA,Unknown,Water level accuracy is unknown,1,Department of Water Resources,NA,5030,Tulare Irrigation District,NA,NA,23127,21S23E05A002M,21S23E05A002M,Unknown,Unknown,5-022.11,Kaweah,Tulare,NA,Unknown,Single Well,NA,1961-10-03 00:00:00 - 2020-03-15 12:00:00,90,other,NA,NA,NA,NA,1980,18030012,Wet,Wet,1979-10-01T00:00:00Z,1980-10-01T00:00:00Z,-119.505,36.1375
361375N1195049W002,980021,1979-09-26T00:00:00Z,227.77,226.77,0,82,145.77,82,81,NA,Unknown,Water level accuracy is unknown,1,Department of Water Resources,NA,5030,Tulare Irrigation District,NA,NA,23127,21S23E05A002M,21S23E05A002M,Unknown,Unknown,5-022.11,Kaweah,Tulare,NA,Unknown,Single Well,NA,1961-10-03 00:00:00 - 2020-03-15 12:00:00,90,fall,31,149,NA,NA,1979,18030012,Wet,Wet,1978-10-01T00:00:00Z,1979-10-01T00:00:00Z,-119.505,36.1375
361375N1195049W002,980020,1979-01-24T00:00:00Z,227.77,226.77,0,82,145.77,82,81,NA,Unknown,Water level accuracy is unknown,1,Department of Water Resources,NA,5030,Tulare Irrigation District,NA,NA,23127,21S23E05A002M,21S23E05A002M,Unknown,Unknown,5-022.11,Kaweah,Tulare,NA,Unknown,Single Well,NA,1961-10-03 00:00:00 - 2020-03-15 12:00:00,90,other,NA,NA,NA,NA,1979,18030012,Wet,Wet,1978-10-01T00:00:00Z,1979-10-01T00:00:00Z,-119.505,36.1375
361375N1195049W002,980019,1978-10-04T00:00:00Z,227.77,226.77,0,97.5,130.27,97.5,96.5,NA,Unknown,Water level accuracy is unknown,1,Department of Water Resources,NA,5030,Tulare Irrigation District,NA,NA,23127,21S23E05A002M,21S23E05A002M,Unknown,Unknown,5-022.11,Kaweah,Tulare,NA,Unknown,Single Well,NA,1961-10-03 00:00:00 - 2020-03-15 12:00:00,90,fall,31,149,NA,NA,1979,18030012,Wet,Wet,1978-10-01T00:00:00Z,1979-10-01T00:00:00Z,-119.505,36.1375
361375N1195049W002,980018,1978-02-01T00:00:00Z,227.77,226.77,0,103.5,124.27,103.5,102.5,NA,Unknown,Water level accuracy is unknown,1,Department of Water Resources,NA,5030,Tulare Irrigation District,NA,NA,23127,21S23E05A002M,21S23E05A002M,Unknown,Unknown,5-022.11,Kaweah,Tulare,NA,Unknown,Single Well,NA,1961-10-03 00:00:00 - 2020-03-15 12:00:00,90,other,NA,NA,NA,NA,1978,18030012,Wet,Wet,1977-10-01T00:00:00Z,1978-10-01T00:00:00Z,-119.505,36.1375
361375N1195049W002,980017,1977-10-06T00:00:00Z,227.77,226.77,0,113,114.77,113,112,NA,Unknown,Water level accuracy is unknown,1,Department of Water Resources,NA,5030,Tulare Irrigation District,NA,NA,23127,21S23E05A002M,21S23E05A002M,Unknown,Unknown,5-022.11,Kaweah,Tulare,NA,Unknown,Single Well,NA,1961-10-03 00:00:00 - 2020-03-15 12:00:00,90,fall,31,149,NA,NA,1978,18030012,Wet,Wet,1977-10-01T00:00:00Z,1978-10-01T00:00:00Z,-119.505,36.1375
361375N1195049W002,980016,1977-01-25T00:00:00Z,227.77,226.77,0,92.5,135.27,92.5,91.5,NA,Unknown,Water level accuracy is unknown,1,Department of Water Resources,NA,5030,Tulare Irrigation District,NA,NA,23127,21S23E05A002M,21S23E05A002M,Unknown,Unknown,5-022.11,Kaweah,Tulare,NA,Unknown,Single Well,NA,1961-10-03 00:00:00 - 2020-03-15 12:00:00,90,other,NA,NA,NA,NA,1977,18030012,Dry,Dry,1976-10-01T00:00:00Z,1977-10-01T00:00:00Z,-119.505,36.1375
361375N1195049W002,980015,1976-10-08T00:00:00Z,227.77,226.77,0,86.5,141.27,86.5,85.5,NA,Unknown,Water level accuracy is unknown,1,Department of Water Resources,NA,5030,Tulare Irrigation District,NA,NA,23127,21S23E05A002M,21S23E05A002M,Unknown,Unknown,5-022.11,Kaweah,Tulare,NA,Unknown,Single Well,NA,1961-10-03 00:00:00 - 2020-03-15 12:00:00,90,fall,31,149,NA,NA,1977,18030012,Dry,Dry,1976-10-01T00:00:00Z,1977-10-01T00:00:00Z,-119.505,36.1375
361375N1195049W002,980014,1976-01-28T00:00:00Z,227.77,226.77,0,74.5,153.27,74.5,73.5,NA,Unknown,Water level accuracy is unknown,1,Department of Water Resources,NA,5030,Tulare Irrigation District,NA,NA,23127,21S23E05A002M,21S23E05A002M,Unknown,Unknown,5-022.11,Kaweah,Tulare,NA,Unknown,Single Well,NA,1961-10-03 00:00:00 - 2020-03-15 12:00:00,90,other,NA,NA,NA,NA,1976,18030012,Above Normal,Above Normal,1975-10-01T00:00:00Z,1976-10-01T00:00:00Z,-119.505,36.1375
361375N1195049W002,980013,1975-10-02T00:00:00Z,227.77,226.77,0,78,149.77,78,77,NA,Unknown,Water level accuracy is unknown,1,Department of Water Resources,NA,5030,Tulare Irrigation District,NA,NA,23127,21S23E05A002M,21S23E05A002M,Unknown,Unknown,5-022.11,Kaweah,Tulare,NA,Unknown,Single Well,NA,1961-10-03 00:00:00 - 2020-03-15 12:00:00,90,fall,31,149,NA,NA,1976,18030012,Above Normal,Above Normal,1975-10-01T00:00:00Z,1976-10-01T00:00:00Z,-119.505,36.1375
361375N1195049W002,980012,1975-02-10T00:00:00Z,227.77,226.77,0,70.5,157.27,70.5,69.5,NA,Unknown,Water level accuracy is unknown,1,Department of Water Resources,NA,5030,Tulare Irrigation District,NA,NA,23127,21S23E05A002M,21S23E05A002M,Unknown,Unknown,5-022.11,Kaweah,Tulare,NA,Unknown,Single Well,NA,1961-10-03 00:00:00 - 2020-03-15 12:00:00,90,other,NA,NA,NA,NA,1975,18030012,Above Normal,Above Normal,1974-10-01T00:00:00Z,1975-10-01T00:00:00Z,-119.505,36.1375
361375N1195049W002,980011,1974-10-02T00:00:00Z,227.77,226.77,0,89,138.77,89,88,NA,Unknown,Water level accuracy is unknown,1,Department of Water Resources,NA,5030,Tulare Irrigation District,NA,NA,23127,21S23E05A002M,21S23E05A002M,Unknown,Unknown,5-022.11,Kaweah,Tulare,NA,Unknown,Single Well,NA,1961-10-03 00:00:00 - 2020-03-15 12:00:00,90,fall,31,149,NA,NA,1975,18030012,Above Normal,Above Normal,1974-10-01T00:00:00Z,1975-10-01T00:00:00Z,-119.505,36.1375
361375N1195049W002,980010,1974-01-24T00:00:00Z,227.77,226.77,0,75,152.77,75,74,NA,Unknown,Water level accuracy is unknown,1,Department of Water Resources,NA,5030,Tulare Irrigation District,NA,NA,23127,21S23E05A002M,21S23E05A002M,Unknown,Unknown,5-022.11,Kaweah,Tulare,NA,Unknown,Single Well,NA,1961-10-03 00:00:00 - 2020-03-15 12:00:00,90,other,NA,NA,NA,NA,1974,18030012,Wet,Wet,1973-10-01T00:00:00Z,1974-10-01T00:00:00Z,-119.505,36.1375
361375N1195049W002,980009,1973-10-02T00:00:00Z,227.77,226.77,0,77.4,150.37,77.4,76.4,NA,Unknown,Water level accuracy is unknown,1,Department of Water Resources,NA,5030,Tulare Irrigation District,NA,NA,23127,21S23E05A002M,21S23E05A002M,Unknown,Unknown,5-022.11,Kaweah,Tulare,NA,Unknown,Single Well,NA,1961-10-03 00:00:00 - 2020-03-15 12:00:00,90,fall,31,149,NA,NA,1974,18030012,Wet,Wet,1973-10-01T00:00:00Z,1974-10-01T00:00:00Z,-119.505,36.1375
361375N1195049W002,980008,1973-02-13T00:00:00Z,227.77,226.77,0,83.5,144.27,83.5,82.5,NA,Unknown,Water level accuracy is unknown,1,Department of Water Resources,NA,5030,Tulare Irrigation District,NA,NA,23127,21S23E05A002M,21S23E05A002M,Unknown,Unknown,5-022.11,Kaweah,Tulare,NA,Unknown,Single Well,NA,1961-10-03 00:00:00 - 2020-03-15 12:00:00,90,other,NA,NA,NA,NA,1973,18030012,Wet,Wet,1972-10-01T00:00:00Z,1973-10-01T00:00:00Z,-119.505,36.1375
361375N1195049W002,980007,1972-10-13T00:00:00Z,227.77,226.77,0,87,140.77,87,86,NA,Unknown,Water level accuracy is unknown,1,Department of Water Resources,NA,5030,Tulare Irrigation District,NA,NA,23127,21S23E05A002M,21S23E05A002M,Unknown,Unknown,5-022.11,Kaweah,Tulare,NA,Unknown,Single Well,NA,1961-10-03 00:00:00 - 2020-03-15 12:00:00,90,fall,31,149,NA,NA,1973,18030012,Wet,Wet,1972-10-01T00:00:00Z,1973-10-01T00:00:00Z,-119.505,36.1375
361375N1195049W002,980006,1972-02-23T00:00:00Z,227.77,226.77,0,75.7,152.07,75.7,74.7,NA,Unknown,Water level accuracy is unknown,1,Department of Water Resources,NA,5030,Tulare Irrigation District,NA,NA,23127,21S23E05A002M,21S23E05A002M,Unknown,Unknown,5-022.11,Kaweah,Tulare,NA,Unknown,Single Well,NA,1961-10-03 00:00:00 - 2020-03-15 12:00:00,90,other,NA,NA,NA,NA,1972,18030012,Critical,Critical,1971-10-01T00:00:00Z,1972-10-01T00:00:00Z,-119.505,36.1375
361375N1195049W002,980005,1971-10-13T00:00:00Z,227.77,226.77,0,73.3,154.47,73.3,72.3,NA,Unknown,Water level accuracy is unknown,1,Department of Water Resources,NA,5030,Tulare Irrigation District,NA,NA,23127,21S23E05A002M,21S23E05A002M,Unknown,Unknown,5-022.11,Kaweah,Tulare,NA,Unknown,Single Well,NA,1961-10-03 00:00:00 - 2020-03-15 12:00:00,90,fall,31,149,NA,NA,1972,18030012,Critical,Critical,1971-10-01T00:00:00Z,1972-10-01T00:00:00Z,-119.505,36.1375
361375N1195049W002,980004,1971-02-23T00:00:00Z,227.77,226.77,0,68.3,159.47,68.3,67.3,NA,Unknown,Water level accuracy is unknown,1,Department of Water Resources,NA,5030,Tulare Irrigation District,NA,NA,23127,21S23E05A002M,21S23E05A002M,Unknown,Unknown,5-022.11,Kaweah,Tulare,NA,Unknown,Single Well,NA,1961-10-03 00:00:00 - 2020-03-15 12:00:00,90,other,NA,NA,NA,NA,1971,18030012,Dry,Dry,1970-10-01T00:00:00Z,1971-10-01T00:00:00Z,-119.505,36.1375
361375N1195049W002,980003,1970-10-07T00:00:00Z,227.77,226.77,0,71.3,156.47,71.3,70.3,NA,Unknown,Water level accuracy is unknown,1,Department of Water Resources,NA,5030,Tulare Irrigation District,NA,NA,23127,21S23E05A002M,21S23E05A002M,Unknown,Unknown,5-022.11,Kaweah,Tulare,NA,Unknown,Single Well,NA,1961-10-03 00:00:00 - 2020-03-15 12:00:00,90,fall,31,149,NA,NA,1971,18030012,Dry,Dry,1970-10-01T00:00:00Z,1971-10-01T00:00:00Z,-119.505,36.1375
361375N1195049W002,980002,1970-02-09T00:00:00Z,227.77,226.77,0,69,158.77,69,68,NA,Unknown,Water level accuracy is unknown,1,Department of Water Resources,NA,5030,Tulare Irrigation District,NA,NA,23127,21S23E05A002M,21S23E05A002M,Unknown,Unknown,5-022.11,Kaweah,Tulare,NA,Unknown,Single Well,NA,1961-10-03 00:00:00 - 2020-03-15 12:00:00,90,other,NA,NA,NA,NA,1970,18030012,Wet,Wet,1969-10-01T00:00:00Z,1970-10-01T00:00:00Z,-119.505,36.1375
361375N1195049W002,980001,1969-10-02T00:00:00Z,227.77,226.77,0,75.8,151.97,75.8,74.8,NA,Unknown,Water level accuracy is unknown,1,Department of Water Resources,NA,624,Bureau of Reclamation,NA,NA,23127,21S23E05A002M,21S23E05A002M,Unknown,Unknown,5-022.11,Kaweah,Tulare,NA,Unknown,Single Well,NA,1961-10-03 00:00:00 - 2020-03-15 12:00:00,90,fall,31,149,NA,NA,1970,18030012,Wet,Wet,1969-10-01T00:00:00Z,1970-10-01T00:00:00Z,-119.505,36.1375
361375N1195049W002,980000,1969-02-06T00:00:00Z,227.77,226.77,0,89.1,138.67,89.1,88.1,NA,Unknown,Water level accuracy is unknown,1,Department of Water Resources,NA,5030,Tulare Irrigation District,NA,NA,23127,21S23E05A002M,21S23E05A002M,Unknown,Unknown,5-022.11,Kaweah,Tulare,NA,Unknown,Single Well,NA,1961-10-03 00:00:00 - 2020-03-15 12:00:00,90,other,NA,NA,NA,NA,1969,18030012,Wet,Wet,1968-10-01T00:00:00Z,1969-10-01T00:00:00Z,-119.505,36.1375
361375N1195049W002,979999,1968-02-01T00:00:00Z,227.77,226.77,0,83,144.77,83,82,NA,Unknown,Water level accuracy is unknown,1,Department of Water Resources,NA,5030,Tulare Irrigation District,NA,NA,23127,21S23E05A002M,21S23E05A002M,Unknown,Unknown,5-022.11,Kaweah,Tulare,NA,Unknown,Single Well,NA,1961-10-03 00:00:00 - 2020-03-15 12:00:00,90,other,NA,NA,NA,NA,1968,18030012,Below Normal,Below Normal,1967-10-01T00:00:00Z,1968-10-01T00:00:00Z,-119.505,36.1375
361375N1195049W002,979998,1967-02-13T00:00:00Z,227.77,226.77,0,103.6,124.17,103.6,102.6,NA,Unknown,Water level accuracy is unknown,1,Department of Water Resources,NA,5030,Tulare Irrigation District,NA,NA,23127,21S23E05A002M,21S23E05A002M,Unknown,Unknown,5-022.11,Kaweah,Tulare,NA,Unknown,Single Well,NA,1961-10-03 00:00:00 - 2020-03-15 12:00:00,90,other,NA,NA,NA,NA,1967,18030012,Wet,Wet,1966-10-01T00:00:00Z,1967-10-01T00:00:00Z,-119.505,36.1375
361375N1195049W002,979997,1966-02-02T00:00:00Z,227.77,226.77,NA,NA,NA,NA,NA,Special/Other,NA,NA,1,Department of Water Resources,NA,5030,Tulare Irrigation District,NA,NA,23127,21S23E05A002M,21S23E05A002M,Unknown,Unknown,5-022.11,Kaweah,Tulare,NA,Unknown,Single Well,NA,1961-10-03 00:00:00 - 2020-03-15 12:00:00,90,other,NA,NA,NA,NA,1966,18030012,Below Normal,Below Normal,1965-10-01T00:00:00Z,1966-10-01T00:00:00Z,-119.505,36.1375
361375N1195049W002,979996,1965-02-03T00:00:00Z,227.77,226.77,NA,NA,NA,NA,NA,Special/Other,NA,NA,1,Department of Water Resources,NA,5030,Tulare Irrigation District,NA,NA,23127,21S23E05A002M,21S23E05A002M,Unknown,Unknown,5-022.11,Kaweah,Tulare,NA,Unknown,Single Well,NA,1961-10-03 00:00:00 - 2020-03-15 12:00:00,90,other,NA,NA,NA,NA,1965,18030012,Below Normal,Below Normal,1964-10-01T00:00:00Z,1965-10-01T00:00:00Z,-119.505,36.1375
361375N1195049W002,979995,1964-09-30T00:00:00Z,227.77,226.77,NA,NA,NA,NA,NA,Special/Other,NA,NA,1,Department of Water Resources,NA,5030,Tulare Irrigation District,NA,NA,23127,21S23E05A002M,21S23E05A002M,Unknown,Unknown,5-022.11,Kaweah,Tulare,NA,Unknown,Single Well,NA,1961-10-03 00:00:00 - 2020-03-15 12:00:00,90,fall,31,149,NA,NA,1964,18030012,Dry,Dry,1963-10-01T00:00:00Z,1964-10-01T00:00:00Z,-119.505,36.1375
361375N1195049W002,979994,1964-02-05T00:00:00Z,227.77,226.77,0,92.8,134.97,92.8,91.8,NA,Unknown,Water level accuracy is unknown,1,Department of Water Resources,NA,5030,Tulare Irrigation District,NA,NA,23127,21S23E05A002M,21S23E05A002M,Unknown,Unknown,5-022.11,Kaweah,Tulare,NA,Unknown,Single Well,NA,1961-10-03 00:00:00 - 2020-03-15 12:00:00,90,other,NA,NA,NA,NA,1964,18030012,Dry,Dry,1963-10-01T00:00:00Z,1964-10-01T00:00:00Z,-119.505,36.1375
361375N1195049W002,979993,1963-02-08T00:00:00Z,227.77,226.77,0,98,129.77,98,97,NA,Unknown,Water level accuracy is unknown,1,Department of Water Resources,NA,5030,Tulare Irrigation District,NA,NA,23127,21S23E05A002M,21S23E05A002M,Unknown,Unknown,5-022.11,Kaweah,Tulare,NA,Unknown,Single Well,NA,1961-10-03 00:00:00 - 2020-03-15 12:00:00,90,other,NA,NA,NA,NA,1963,18030012,Above Normal,Above Normal,1962-10-01T00:00:00Z,1963-10-01T00:00:00Z,-119.505,36.1375
361375N1195049W002,979992,1962-02-08T00:00:00Z,227.77,226.77,0,100.9,126.87,100.9,99.9,NA,Unknown,Water level accuracy is unknown,1,Department of Water Resources,NA,5030,Tulare Irrigation District,NA,NA,23127,21S23E05A002M,21S23E05A002M,Unknown,Unknown,5-022.11,Kaweah,Tulare,NA,Unknown,Single Well,NA,1961-10-03 00:00:00 - 2020-03-15 12:00:00,90,other,NA,NA,NA,NA,1962,18030012,Above Normal,Above Normal,1961-10-01T00:00:00Z,1962-10-01T00:00:00Z,-119.505,36.1375
361375N1195049W002,979991,1961-10-03T00:00:00Z,227.77,226.77,0,105,122.77,105,104,NA,Unknown,Water level accuracy is unknown,1,Department of Water Resources,NA,5030,Tulare Irrigation District,NA,NA,23127,21S23E05A002M,21S23E05A002M,Unknown,Unknown,5-022.11,Kaweah,Tulare,NA,Unknown,Single Well,NA,1961-10-03 00:00:00 - 2020-03-15 12:00:00,90,fall,31,149,NA,NA,1962,18030012,Above Normal,Above Normal,1961-10-01T00:00:00Z,1962-10-01T00:00:00Z,-119.505,36.1375
