SITE_CODE,WLM_ID,MSMT_DATE,WLM_RPE,WLM_GSE,RDNG_WS,RDNG_RP,WSE,RPE_WSE,GSE_WSE,WLM_QA_DESC,WLM_DESC,WLM_ACC_DESC,WLM_ORG_ID,WLM_ORG_NAME,MSMT_CMT,COOP_AGENCY_ORG_ID,COOP_ORG_NAME,TOP_PRF,BOT_PRF,STN_ID,SWN,WELL_NAME,WLM_METHOD,WLM_ACC,BASIN_CODE,BASIN_NAME,COUNTY_NAME,WELL_DEPTH,WELL_USE,WELL_TYPE,WCR_NO,t_range,n_samples,season,fall_high,fall_low,spring_high,spring_low,water_year,HUC8,WYT,water_year_type,water_year_start,water_year_end,X,Y
361439N1193924W001,951003,1960-09-26T00:00:00Z,253.72,253.22,NA,NA,NA,NA,NA,Well has been destroyed,NA,NA,1,Department of Water Resources,NA,5030,Tulare Irrigation District,NA,NA,19029,20S24E32K001M,NA,Unknown,Unknown,5-022.11,Kaweah,Tulare,NA,Unknown,Unknown,NA,1945-10-22 - 1960-09-26,41,fall,34.9,89.2,NA,NA,1960,18030012,Critical,Critical,1959-10-01T00:00:00Z,1960-10-01T00:00:00Z,-119.392,36.1439
361439N1193924W001,951002,1960-02-10T00:00:00Z,253.72,253.22,0,81.2,172.52,81.2,80.7,NA,Unknown,Water level accuracy is unknown,1,Department of Water Resources,NA,5030,Tulare Irrigation District,NA,NA,19029,20S24E32K001M,NA,Unknown,Unknown,5-022.11,Kaweah,Tulare,NA,Unknown,Unknown,NA,1945-10-22 - 1960-09-26,41,other,NA,NA,NA,NA,1960,18030012,Critical,Critical,1959-10-01T00:00:00Z,1960-10-01T00:00:00Z,-119.392,36.1439
361439N1193924W001,951001,1959-09-30T00:00:00Z,253.72,253.22,0,82.7,171.02,82.7,82.2,NA,Unknown,Water level accuracy is unknown,1,Department of Water Resources,NA,5030,Tulare Irrigation District,NA,NA,19029,20S24E32K001M,NA,Unknown,Unknown,5-022.11,Kaweah,Tulare,NA,Unknown,Unknown,NA,1945-10-22 - 1960-09-26,41,fall,34.9,89.2,NA,NA,1959,18030012,Below Normal,Below Normal,1958-10-01T00:00:00Z,1959-10-01T00:00:00Z,-119.392,36.1439
361439N1193924W001,951000,1959-02-17T00:00:00Z,253.72,253.22,0,76.7,177.02,76.7,76.2,NA,Unknown,Water level accuracy is unknown,1,Department of Water Resources,NA,5030,Tulare Irrigation District,NA,NA,19029,20S24E32K001M,NA,Unknown,Unknown,5-022.11,Kaweah,Tulare,NA,Unknown,Unknown,NA,1945-10-22 - 1960-09-26,41,other,NA,NA,NA,NA,1959,18030012,Below Normal,Below Normal,1958-10-01T00:00:00Z,1959-10-01T00:00:00Z,-119.392,36.1439
361439N1193924W001,950999,1958-10-10T00:00:00Z,253.72,253.22,0,89.7,164.02,89.7,89.2,NA,Unknown,Water level accuracy is unknown,1,Department of Water Resources,NA,5030,Tulare Irrigation District,NA,NA,19029,20S24E32K001M,NA,Unknown,Unknown,5-022.11,Kaweah,Tulare,NA,Unknown,Unknown,NA,1945-10-22 - 1960-09-26,41,fall,34.9,89.2,NA,NA,1959,18030012,Below Normal,Below Normal,1958-10-01T00:00:00Z,1959-10-01T00:00:00Z,-119.392,36.1439
361439N1193924W001,950998,1958-02-21T00:00:00Z,253.72,253.22,0,80,173.72,80,79.5,NA,Unknown,Water level accuracy is unknown,1,Department of Water Resources,NA,5030,Tulare Irrigation District,NA,NA,19029,20S24E32K001M,NA,Unknown,Unknown,5-022.11,Kaweah,Tulare,NA,Unknown,Unknown,NA,1945-10-22 - 1960-09-26,41,other,NA,NA,NA,NA,1958,18030012,Wet,Wet,1957-10-01T00:00:00Z,1958-10-01T00:00:00Z,-119.392,36.1439
361439N1193924W001,950997,1957-10-03T00:00:00Z,253.72,253.22,0,83,170.72,83,82.5,NA,Unknown,Water level accuracy is unknown,1,Department of Water Resources,NA,5030,Tulare Irrigation District,NA,NA,19029,20S24E32K001M,NA,Unknown,Unknown,5-022.11,Kaweah,Tulare,NA,Unknown,Unknown,NA,1945-10-22 - 1960-09-26,41,fall,34.9,89.2,NA,NA,1958,18030012,Wet,Wet,1957-10-01T00:00:00Z,1958-10-01T00:00:00Z,-119.392,36.1439
361439N1193924W001,950996,1957-02-18T00:00:00Z,253.72,253.22,0,77.4,176.32,77.4,76.9,NA,Unknown,Water level accuracy is unknown,1,Department of Water Resources,NA,5030,Tulare Irrigation District,NA,NA,19029,20S24E32K001M,NA,Unknown,Unknown,5-022.11,Kaweah,Tulare,NA,Unknown,Unknown,NA,1945-10-22 - 1960-09-26,41,other,NA,NA,NA,NA,1957,18030012,Below Normal,Below Normal,1956-10-01T00:00:00Z,1957-10-01T00:00:00Z,-119.392,36.1439
361439N1193924W001,950995,1956-10-18T00:00:00Z,253.72,253.22,0,73,180.72,73,72.5,NA,Unknown,Water level accuracy is unknown,1,Department of Water Resources,NA,5030,Tulare Irrigation District,NA,NA,19029,20S24E32K001M,NA,Unknown,Unknown,5-022.11,Kaweah,Tulare,NA,Unknown,Unknown,NA,1945-10-22 - 1960-09-26,41,fall,34.9,89.2,NA,NA,1957,18030012,Below Normal,Below Normal,1956-10-01T00:00:00Z,1957-10-01T00:00:00Z,-119.392,36.1439
361439N1193924W001,950994,1956-02-15T00:00:00Z,253.72,253.22,0,80.6,173.12,80.6,80.1,NA,Unknown,Water level accuracy is unknown,1,Department of Water Resources,NA,5030,Tulare Irrigation District,NA,NA,19029,20S24E32K001M,NA,Unknown,Unknown,5-022.11,Kaweah,Tulare,NA,Unknown,Unknown,NA,1945-10-22 - 1960-09-26,41,other,NA,NA,NA,NA,1956,18030012,Above Normal,Above Normal,1955-10-01T00:00:00Z,1956-10-01T00:00:00Z,-119.392,36.1439
361439N1193924W001,950993,1955-09-06T00:00:00Z,253.72,253.22,0,85.2,168.52,85.2,84.7,NA,Unknown,Water level accuracy is unknown,1,Department of Water Resources,NA,5030,Tulare Irrigation District,NA,NA,19029,20S24E32K001M,NA,Unknown,Unknown,5-022.11,Kaweah,Tulare,NA,Unknown,Unknown,NA,1945-10-22 - 1960-09-26,41,fall,34.9,89.2,NA,NA,1955,18030012,Below Normal,Below Normal,1954-10-01T00:00:00Z,1955-10-01T00:00:00Z,-119.392,36.1439
361439N1193924W001,950992,1955-02-18T00:00:00Z,253.72,253.22,0,80.4,173.32,80.4,79.9,NA,Unknown,Water level accuracy is unknown,1,Department of Water Resources,NA,5030,Tulare Irrigation District,NA,NA,19029,20S24E32K001M,NA,Unknown,Unknown,5-022.11,Kaweah,Tulare,NA,Unknown,Unknown,NA,1945-10-22 - 1960-09-26,41,other,NA,NA,NA,NA,1955,18030012,Below Normal,Below Normal,1954-10-01T00:00:00Z,1955-10-01T00:00:00Z,-119.392,36.1439
361439N1193924W001,950991,1954-11-01T00:00:00Z,253.72,253.22,NA,NA,NA,NA,NA,Special/Other,NA,NA,1,Department of Water Resources,NA,5030,Tulare Irrigation District,NA,NA,19029,20S24E32K001M,NA,Unknown,Unknown,5-022.11,Kaweah,Tulare,NA,Unknown,Unknown,NA,1945-10-22 - 1960-09-26,41,fall,34.9,89.2,NA,NA,1955,18030012,Below Normal,Below Normal,1954-10-01T00:00:00Z,1955-10-01T00:00:00Z,-119.392,36.1439
361439N1193924W001,950990,1954-10-04T00:00:00Z,253.72,253.22,0,84.3,169.42,84.3,83.8,NA,Unknown,Water level accuracy is unknown,1,Department of Water Resources,NA,5030,Tulare Irrigation District,NA,NA,19029,20S24E32K001M,NA,Unknown,Unknown,5-022.11,Kaweah,Tulare,NA,Unknown,Unknown,NA,1945-10-22 - 1960-09-26,41,fall,34.9,89.2,NA,NA,1955,18030012,Below Normal,Below Normal,1954-10-01T00:00:00Z,1955-10-01T00:00:00Z,-119.392,36.1439
361439N1193924W001,950989,1954-05-14T00:00:00Z,253.72,253.22,0,86,167.72,86,85.5,NA,Unknown,Water level accuracy is unknown,1,Department of Water Resources,NA,5030,Tulare Irrigation District,NA,NA,19029,20S24E32K001M,NA,Unknown,Unknown,5-022.11,Kaweah,Tulare,NA,Unknown,Unknown,NA,1945-10-22 - 1960-09-26,41,spring,NA,NA,42.5,85.5,1954,18030012,Below Normal,Below Normal,1953-10-01T00:00:00Z,1954-10-01T00:00:00Z,-119.392,36.1439
361439N1193924W001,950988,1954-02-24T00:00:00Z,253.72,253.22,0,82.8,170.92,82.8,82.3,NA,Unknown,Water level accuracy is unknown,1,Department of Water Resources,NA,5030,Tulare Irrigation District,NA,NA,19029,20S24E32K001M,NA,Unknown,Unknown,5-022.11,Kaweah,Tulare,NA,Unknown,Unknown,NA,1945-10-22 - 1960-09-26,41,other,NA,NA,NA,NA,1954,18030012,Below Normal,Below Normal,1953-10-01T00:00:00Z,1954-10-01T00:00:00Z,-119.392,36.1439
361439N1193924W001,950987,1954-01-22T00:00:00Z,253.72,253.22,0,79.7,174.02,79.7,79.2,NA,Unknown,Water level accuracy is unknown,1,Department of Water Resources,NA,5030,Tulare Irrigation District,NA,NA,19029,20S24E32K001M,NA,Unknown,Unknown,5-022.11,Kaweah,Tulare,NA,Unknown,Unknown,NA,1945-10-22 - 1960-09-26,41,other,NA,NA,NA,NA,1954,18030012,Below Normal,Below Normal,1953-10-01T00:00:00Z,1954-10-01T00:00:00Z,-119.392,36.1439
361439N1193924W001,950986,1953-11-01T00:00:00Z,253.72,253.22,NA,NA,NA,NA,NA,Special/Other,NA,NA,1,Department of Water Resources,NA,5030,Tulare Irrigation District,NA,NA,19029,20S24E32K001M,NA,Unknown,Unknown,5-022.11,Kaweah,Tulare,NA,Unknown,Unknown,NA,1945-10-22 - 1960-09-26,41,fall,34.9,89.2,NA,NA,1954,18030012,Below Normal,Below Normal,1953-10-01T00:00:00Z,1954-10-01T00:00:00Z,-119.392,36.1439
361439N1193924W001,950985,1953-10-05T00:00:00Z,253.72,253.22,0,86.5,167.22,86.5,86,NA,Unknown,Water level accuracy is unknown,1,Department of Water Resources,NA,5030,Tulare Irrigation District,NA,NA,19029,20S24E32K001M,NA,Unknown,Unknown,5-022.11,Kaweah,Tulare,NA,Unknown,Unknown,NA,1945-10-22 - 1960-09-26,41,fall,34.9,89.2,NA,NA,1954,18030012,Below Normal,Below Normal,1953-10-01T00:00:00Z,1954-10-01T00:00:00Z,-119.392,36.1439
361439N1193924W001,950984,1953-02-20T00:00:00Z,253.72,253.22,0,78.7,175.02,78.7,78.2,NA,Unknown,Water level accuracy is unknown,1,Department of Water Resources,NA,5030,Tulare Irrigation District,NA,NA,19029,20S24E32K001M,NA,Unknown,Unknown,5-022.11,Kaweah,Tulare,NA,Unknown,Unknown,NA,1945-10-22 - 1960-09-26,41,other,NA,NA,NA,NA,1953,18030012,Above Normal,Above Normal,1952-10-01T00:00:00Z,1953-10-01T00:00:00Z,-119.392,36.1439
361439N1193924W001,950983,1952-11-01T00:00:00Z,253.72,253.22,NA,NA,NA,NA,NA,Special/Other,NA,NA,1,Department of Water Resources,NA,5030,Tulare Irrigation District,NA,NA,19029,20S24E32K001M,NA,Unknown,Unknown,5-022.11,Kaweah,Tulare,NA,Unknown,Unknown,NA,1945-10-22 - 1960-09-26,41,fall,34.9,89.2,NA,NA,1953,18030012,Above Normal,Above Normal,1952-10-01T00:00:00Z,1953-10-01T00:00:00Z,-119.392,36.1439
361439N1193924W001,950982,1952-09-15T00:00:00Z,253.72,253.22,0,84,169.72,84,83.5,NA,Unknown,Water level accuracy is unknown,1,Department of Water Resources,NA,5030,Tulare Irrigation District,NA,NA,19029,20S24E32K001M,NA,Unknown,Unknown,5-022.11,Kaweah,Tulare,NA,Unknown,Unknown,NA,1945-10-22 - 1960-09-26,41,fall,34.9,89.2,NA,NA,1952,18030012,Wet,Wet,1951-10-01T00:00:00Z,1952-10-01T00:00:00Z,-119.392,36.1439
361439N1193924W001,950981,1952-02-19T00:00:00Z,253.72,253.22,0,78.5,175.22,78.5,78,NA,Unknown,Water level accuracy is unknown,1,Department of Water Resources,NA,5030,Tulare Irrigation District,NA,NA,19029,20S24E32K001M,NA,Unknown,Unknown,5-022.11,Kaweah,Tulare,NA,Unknown,Unknown,NA,1945-10-22 - 1960-09-26,41,other,NA,NA,NA,NA,1952,18030012,Wet,Wet,1951-10-01T00:00:00Z,1952-10-01T00:00:00Z,-119.392,36.1439
361439N1193924W001,950980,1951-11-01T00:00:00Z,253.72,253.22,NA,NA,NA,NA,NA,Special/Other,NA,NA,1,Department of Water Resources,NA,5030,Tulare Irrigation District,NA,NA,19029,20S24E32K001M,NA,Unknown,Unknown,5-022.11,Kaweah,Tulare,NA,Unknown,Unknown,NA,1945-10-22 - 1960-09-26,41,fall,34.9,89.2,NA,NA,1952,18030012,Wet,Wet,1951-10-01T00:00:00Z,1952-10-01T00:00:00Z,-119.392,36.1439
361439N1193924W001,950979,1951-10-10T00:00:00Z,253.72,253.22,0,81.6,172.12,81.6,81.1,NA,Unknown,Water level accuracy is unknown,1,Department of Water Resources,NA,5030,Tulare Irrigation District,NA,NA,19029,20S24E32K001M,NA,Unknown,Unknown,5-022.11,Kaweah,Tulare,NA,Unknown,Unknown,NA,1945-10-22 - 1960-09-26,41,fall,34.9,89.2,NA,NA,1952,18030012,Wet,Wet,1951-10-01T00:00:00Z,1952-10-01T00:00:00Z,-119.392,36.1439
361439N1193924W001,950978,1951-02-05T00:00:00Z,253.72,253.22,0,70.5,183.22,70.5,70,NA,Unknown,Water level accuracy is unknown,1,Department of Water Resources,NA,5030,Tulare Irrigation District,NA,NA,19029,20S24E32K001M,NA,Unknown,Unknown,5-022.11,Kaweah,Tulare,NA,Unknown,Unknown,NA,1945-10-22 - 1960-09-26,41,other,NA,NA,NA,NA,1951,18030012,Critical,Critical,1950-10-01T00:00:00Z,1951-10-01T00:00:00Z,-119.392,36.1439
361439N1193924W001,950977,1950-12-01T00:00:00Z,253.72,253.22,NA,NA,NA,NA,NA,Special/Other,NA,NA,1,Department of Water Resources,NA,5030,Tulare Irrigation District,NA,NA,19029,20S24E32K001M,NA,Unknown,Unknown,5-022.11,Kaweah,Tulare,NA,Unknown,Unknown,NA,1945-10-22 - 1960-09-26,41,other,NA,NA,NA,NA,1951,18030012,Critical,Critical,1950-10-01T00:00:00Z,1951-10-01T00:00:00Z,-119.392,36.1439
361439N1193924W001,950976,1950-11-01T00:00:00Z,253.72,253.22,NA,NA,NA,NA,NA,Special/Other,NA,NA,1,Department of Water Resources,NA,5030,Tulare Irrigation District,NA,NA,19029,20S24E32K001M,NA,Unknown,Unknown,5-022.11,Kaweah,Tulare,NA,Unknown,Unknown,NA,1945-10-22 - 1960-09-26,41,fall,34.9,89.2,NA,NA,1951,18030012,Critical,Critical,1950-10-01T00:00:00Z,1951-10-01T00:00:00Z,-119.392,36.1439
361439N1193924W001,950975,1950-10-13T00:00:00Z,253.72,253.22,0,73.7,180.02,73.7,73.2,NA,Unknown,Water level accuracy is unknown,1,Department of Water Resources,NA,5030,Tulare Irrigation District,NA,NA,19029,20S24E32K001M,NA,Unknown,Unknown,5-022.11,Kaweah,Tulare,NA,Unknown,Unknown,NA,1945-10-22 - 1960-09-26,41,fall,34.9,89.2,NA,NA,1951,18030012,Critical,Critical,1950-10-01T00:00:00Z,1951-10-01T00:00:00Z,-119.392,36.1439
361439N1193924W001,950974,1950-02-16T00:00:00Z,253.72,253.22,0,66.2,187.52,66.2,65.7,NA,Unknown,Water level accuracy is unknown,1,Department of Water Resources,NA,5030,Tulare Irrigation District,NA,NA,19029,20S24E32K001M,NA,Unknown,Unknown,5-022.11,Kaweah,Tulare,NA,Unknown,Unknown,NA,1945-10-22 - 1960-09-26,41,other,NA,NA,NA,NA,1950,18030012,Dry,Dry,1949-10-01T00:00:00Z,1950-10-01T00:00:00Z,-119.392,36.1439
361439N1193924W001,950973,1949-10-04T00:00:00Z,253.72,253.22,0,67.5,186.22,67.5,67,NA,Unknown,Water level accuracy is unknown,1,Department of Water Resources,NA,5030,Tulare Irrigation District,NA,NA,19029,20S24E32K001M,NA,Unknown,Unknown,5-022.11,Kaweah,Tulare,NA,Unknown,Unknown,NA,1945-10-22 - 1960-09-26,41,fall,34.9,89.2,NA,NA,1950,18030012,Dry,Dry,1949-10-01T00:00:00Z,1950-10-01T00:00:00Z,-119.392,36.1439
361439N1193924W001,950972,1949-02-17T00:00:00Z,253.72,253.22,0,58.7,195.02,58.7,58.2,NA,Unknown,Water level accuracy is unknown,1,Department of Water Resources,NA,5030,Tulare Irrigation District,NA,NA,19029,20S24E32K001M,NA,Unknown,Unknown,5-022.11,Kaweah,Tulare,NA,Unknown,Unknown,NA,1945-10-22 - 1960-09-26,41,other,NA,NA,NA,NA,1949,18030012,Critical,Critical,1948-10-01T00:00:00Z,1949-10-01T00:00:00Z,-119.392,36.1439
361439N1193924W001,950971,1948-09-16T00:00:00Z,253.72,253.22,0,63.9,189.82,63.9,63.4,NA,Unknown,Water level accuracy is unknown,1,Department of Water Resources,NA,5030,Tulare Irrigation District,NA,NA,19029,20S24E32K001M,NA,Unknown,Unknown,5-022.11,Kaweah,Tulare,NA,Unknown,Unknown,NA,1945-10-22 - 1960-09-26,41,fall,34.9,89.2,NA,NA,1948,18030012,Critical,Critical,1947-10-01T00:00:00Z,1948-10-01T00:00:00Z,-119.392,36.1439
361439N1193924W001,950970,1948-06-01T00:00:00Z,253.72,253.22,0,52.7,201.02,52.7,52.2,NA,Unknown,Water level accuracy is unknown,1,Department of Water Resources,NA,5030,Tulare Irrigation District,NA,NA,19029,20S24E32K001M,NA,Unknown,Unknown,5-022.11,Kaweah,Tulare,NA,Unknown,Unknown,NA,1945-10-22 - 1960-09-26,41,other,NA,NA,NA,NA,1948,18030012,Critical,Critical,1947-10-01T00:00:00Z,1948-10-01T00:00:00Z,-119.392,36.1439
361439N1193924W001,950969,1947-12-09T00:00:00Z,253.72,253.22,0,49.6,204.12,49.6,49.1,NA,Unknown,Water level accuracy is unknown,1,Department of Water Resources,NA,5030,Tulare Irrigation District,NA,NA,19029,20S24E32K001M,NA,Unknown,Unknown,5-022.11,Kaweah,Tulare,NA,Unknown,Unknown,NA,1945-10-22 - 1960-09-26,41,other,NA,NA,NA,NA,1948,18030012,Critical,Critical,1947-10-01T00:00:00Z,1948-10-01T00:00:00Z,-119.392,36.1439
361439N1193924W001,950968,1947-10-16T00:00:00Z,253.72,253.22,0,51,202.72,51,50.5,NA,Unknown,Water level accuracy is unknown,1,Department of Water Resources,NA,5030,Tulare Irrigation District,NA,NA,19029,20S24E32K001M,NA,Unknown,Unknown,5-022.11,Kaweah,Tulare,NA,Unknown,Unknown,NA,1945-10-22 - 1960-09-26,41,fall,34.9,89.2,NA,NA,1948,18030012,Critical,Critical,1947-10-01T00:00:00Z,1948-10-01T00:00:00Z,-119.392,36.1439
361439N1193924W001,950967,1947-05-05T00:00:00Z,253.72,253.22,0,43,210.72,43,42.5,NA,Unknown,Water level accuracy is unknown,1,Department of Water Resources,NA,5030,Tulare Irrigation District,NA,NA,19029,20S24E32K001M,NA,Unknown,Unknown,5-022.11,Kaweah,Tulare,NA,Unknown,Unknown,NA,1945-10-22 - 1960-09-26,41,spring,NA,NA,42.5,85.5,1947,18030012,Dry,Dry,1946-10-01T00:00:00Z,1947-10-01T00:00:00Z,-119.392,36.1439
361439N1193924W001,950966,1947-01-20T00:00:00Z,253.72,253.22,0,37.6,216.12,37.6,37.1,NA,Unknown,Water level accuracy is unknown,1,Department of Water Resources,NA,5030,Tulare Irrigation District,NA,NA,19029,20S24E32K001M,NA,Unknown,Unknown,5-022.11,Kaweah,Tulare,NA,Unknown,Unknown,NA,1945-10-22 - 1960-09-26,41,other,NA,NA,NA,NA,1947,18030012,Dry,Dry,1946-10-01T00:00:00Z,1947-10-01T00:00:00Z,-119.392,36.1439
361439N1193924W001,950965,1946-12-13T00:00:00Z,253.72,253.22,0,40.3,213.42,40.3,39.8,NA,Unknown,Water level accuracy is unknown,1,Department of Water Resources,NA,5030,Tulare Irrigation District,NA,NA,19029,20S24E32K001M,NA,Unknown,Unknown,5-022.11,Kaweah,Tulare,NA,Unknown,Unknown,NA,1945-10-22 - 1960-09-26,41,other,NA,NA,NA,NA,1947,18030012,Dry,Dry,1946-10-01T00:00:00Z,1947-10-01T00:00:00Z,-119.392,36.1439
361439N1193924W001,950964,1946-10-14T00:00:00Z,253.72,253.22,0,38.2,215.52,38.2,37.7,NA,Unknown,Water level accuracy is unknown,1,Department of Water Resources,NA,5030,Tulare Irrigation District,NA,NA,19029,20S24E32K001M,NA,Unknown,Unknown,5-022.11,Kaweah,Tulare,NA,Unknown,Unknown,NA,1945-10-22 - 1960-09-26,41,fall,34.9,89.2,NA,NA,1947,18030012,Dry,Dry,1946-10-01T00:00:00Z,1947-10-01T00:00:00Z,-119.392,36.1439
361439N1193924W001,950963,1945-10-22T00:00:00Z,253.72,253.22,0,35.4,218.32,35.4,34.9,NA,Unknown,Water level accuracy is unknown,1,Department of Water Resources,NA,5030,Tulare Irrigation District,NA,NA,19029,20S24E32K001M,NA,Unknown,Unknown,5-022.11,Kaweah,Tulare,NA,Unknown,Unknown,NA,1945-10-22 - 1960-09-26,41,fall,34.9,89.2,NA,NA,1946,18030012,Dry,Dry,1945-10-01T00:00:00Z,1946-10-01T00:00:00Z,-119.392,36.1439
