SITE_CODE,WLM_ID,MSMT_DATE,WLM_RPE,WLM_GSE,RDNG_WS,RDNG_RP,WSE,RPE_WSE,GSE_WSE,WLM_QA_DESC,WLM_DESC,WLM_ACC_DESC,WLM_ORG_ID,WLM_ORG_NAME,MSMT_CMT,COOP_AGENCY_ORG_ID,COOP_ORG_NAME,TOP_PRF,BOT_PRF,STN_ID,SWN,WELL_NAME,WLM_METHOD,WLM_ACC,BASIN_CODE,BASIN_NAME,COUNTY_NAME,WELL_DEPTH,WELL_USE,WELL_TYPE,WCR_NO,t_range,n_samples,season,fall_high,fall_low,spring_high,spring_low,water_year,HUC8,WYT,water_year_type,water_year_start,water_year_end,X,Y
361564N1194404W001,2447767,2019-01-30T10:00:00Z,237.34,236.48,NA,NA,NA,NA,NA,Well has been destroyed,NA,NA,5030,Tulare Irrigation District,Well Destroyed,5030,Tulare Irrigation District,NA,NA,36053,20S23E26R001M,202326R1,GPS,0.1 ft.,5-022.11,Kaweah,Tulare,NA,Irrigation,Single Well,NA,2011-02-24 08:45:00 - 2019-01-30 10:00:00,8,other,NA,NA,NA,NA,2019,NA,NA,NA,2018-10-01T00:00:00Z,2019-10-01T00:00:00Z,-119.44,36.1564
361564N1194404W001,2415756,2018-10-09T11:00:00Z,237.34,236.48,NA,NA,NA,NA,NA,Well has been destroyed,NA,NA,5030,Tulare Irrigation District,Well Destroyed,5030,Tulare Irrigation District,NA,NA,36053,20S23E26R001M,202326R1,GPS,0.1 ft.,5-022.11,Kaweah,Tulare,NA,Irrigation,Single Well,NA,2011-02-24 08:45:00 - 2019-01-30 10:00:00,8,fall,Inf,-Inf,NA,NA,2019,NA,NA,NA,2018-10-01T00:00:00Z,2019-10-01T00:00:00Z,-119.44,36.1564
361564N1194404W001,2282159,2018-01-29T10:00:00Z,237.34,236.48,NA,NA,NA,NA,NA,Well has been destroyed,NA,NA,5030,Tulare Irrigation District,Well Destroyed,5030,Tulare Irrigation District,NA,NA,36053,20S23E26R001M,202326R1,GPS,0.1 ft.,5-022.11,Kaweah,Tulare,NA,Irrigation,Single Well,NA,2011-02-24 08:45:00 - 2019-01-30 10:00:00,8,other,NA,NA,NA,NA,2018,18030012,Below Normal,Below Normal,2017-10-01T00:00:00Z,2018-10-01T00:00:00Z,-119.44,36.1564
361564N1194404W001,2262956,2017-09-26T10:00:00Z,237.34,236.48,NA,NA,NA,NA,NA,Well has been destroyed,NA,NA,5030,Tulare Irrigation District,Well Destroyed,5030,Tulare Irrigation District,NA,NA,36053,20S23E26R001M,202326R1,GPS,0.1 ft.,5-022.11,Kaweah,Tulare,NA,Irrigation,Single Well,NA,2011-02-24 08:45:00 - 2019-01-30 10:00:00,8,fall,Inf,-Inf,NA,NA,2017,18030012,Wet,Wet,2016-10-01T00:00:00Z,2017-10-01T00:00:00Z,-119.44,36.1564
361564N1194404W001,2250763,2017-01-26T16:00:00Z,237.34,236.48,NA,NA,NA,NA,NA,Well has been destroyed,NA,NA,5030,Tulare Irrigation District,Well Destroyed,5030,Tulare Irrigation District,NA,NA,36053,20S23E26R001M,202326R1,GPS,0.1 ft.,5-022.11,Kaweah,Tulare,NA,Irrigation,Single Well,NA,2011-02-24 08:45:00 - 2019-01-30 10:00:00,8,other,NA,NA,NA,NA,2017,18030012,Wet,Wet,2016-10-01T00:00:00Z,2017-10-01T00:00:00Z,-119.44,36.1564
361564N1194404W001,2231651,2016-10-24T00:00:00Z,237.34,236.48,NA,NA,NA,NA,NA,Well has been destroyed,NA,NA,5030,Tulare Irrigation District,NA,5030,Tulare Irrigation District,NA,NA,36053,20S23E26R001M,202326R1,GPS,0.1 ft.,5-022.11,Kaweah,Tulare,NA,Irrigation,Single Well,NA,2011-02-24 08:45:00 - 2019-01-30 10:00:00,8,fall,Inf,-Inf,NA,NA,2017,18030012,Wet,Wet,2016-10-01T00:00:00Z,2017-10-01T00:00:00Z,-119.44,36.1564
361564N1194404W001,1988986,2013-03-05T09:00:00Z,246.236,245.736,2,150,98.236,148,147.5,Pumped recently,Unknown,Water level accuracy to nearest tenth of a foot,1,Department of Water Resources,tape=148,1,Department of Water Resources,NA,NA,36053,20S23E26R001M,202326R1,GPS,0.1 ft.,5-022.11,Kaweah,Tulare,NA,Irrigation,Single Well,NA,2011-02-24 08:45:00 - 2019-01-30 10:00:00,8,spring,NA,NA,147.5,147.5,2013,18030012,Critical,Critical,2012-10-01T00:00:00Z,2013-10-01T00:00:00Z,-119.44,36.1564
361564N1194404W001,93912,2011-02-24T08:45:00Z,246.236,245.736,10,130,126.236,120,119.5,NA,Unknown,Water level accuracy to nearest tenth of a foot,1,Department of Water Resources,NA,1,Department of Water Resources,NA,NA,36053,20S23E26R001M,202326R1,GPS,0.1 ft.,5-022.11,Kaweah,Tulare,NA,Irrigation,Single Well,NA,2011-02-24 08:45:00 - 2019-01-30 10:00:00,8,other,NA,NA,NA,NA,2011,18030012,Wet,Wet,2010-10-01T00:00:00Z,2011-10-01T00:00:00Z,-119.44,36.1564
