SITE_CODE,WLM_ID,MSMT_DATE,WLM_RPE,WLM_GSE,RDNG_WS,RDNG_RP,WSE,RPE_WSE,GSE_WSE,WLM_QA_DESC,WLM_DESC,WLM_ACC_DESC,WLM_ORG_ID,WLM_ORG_NAME,MSMT_CMT,COOP_AGENCY_ORG_ID,COOP_ORG_NAME,TOP_PRF,BOT_PRF,STN_ID,SWN,WELL_NAME,WLM_METHOD,WLM_ACC,BASIN_CODE,BASIN_NAME,COUNTY_NAME,WELL_DEPTH,WELL_USE,WELL_TYPE,WCR_NO,t_range,n_samples,season,fall_high,fall_low,spring_high,spring_low,water_year,HUC8,WYT,water_year_type,water_year_start,water_year_end,X,Y
361522N1193201W001,951212,1961-02-20T00:00:00Z,273.71,272.71,NA,NA,NA,NA,NA,Tape hung up,NA,NA,1,Department of Water Resources,NA,5155,Kaweah Delta Water Conservation District,NA,NA,35013,20S24E36B001M,NA,Unknown,Unknown,5-022.11,Kaweah,Tulare,NA,Unknown,Unknown,NA,1945-10-30 - 1961-02-20,34,other,NA,NA,NA,NA,1961,18030012,Critical,Critical,1960-10-01T00:00:00Z,1961-10-01T00:00:00Z,-119.32,36.1522
361522N1193201W001,951211,1960-10-06T00:00:00Z,273.71,272.71,NA,NA,NA,NA,NA,Tape hung up,NA,NA,1,Department of Water Resources,NA,5155,Kaweah Delta Water Conservation District,NA,NA,35013,20S24E36B001M,NA,Unknown,Unknown,5-022.11,Kaweah,Tulare,NA,Unknown,Unknown,NA,1945-10-30 - 1961-02-20,34,fall,23.8,65.8,NA,NA,1961,18030012,Critical,Critical,1960-10-01T00:00:00Z,1961-10-01T00:00:00Z,-119.32,36.1522
361522N1193201W001,951210,1960-02-17T00:00:00Z,273.71,272.71,0,62.7,211.01,62.7,61.7,NA,Unknown,Water level accuracy is unknown,1,Department of Water Resources,NA,5155,Kaweah Delta Water Conservation District,NA,NA,35013,20S24E36B001M,NA,Unknown,Unknown,5-022.11,Kaweah,Tulare,NA,Unknown,Unknown,NA,1945-10-30 - 1961-02-20,34,other,NA,NA,NA,NA,1960,18030012,Critical,Critical,1959-10-01T00:00:00Z,1960-10-01T00:00:00Z,-119.32,36.1522
361522N1193201W001,951209,1959-09-29T00:00:00Z,273.71,272.71,0,64,209.71,64,63,NA,Unknown,Water level accuracy is unknown,1,Department of Water Resources,NA,5155,Kaweah Delta Water Conservation District,NA,NA,35013,20S24E36B001M,NA,Unknown,Unknown,5-022.11,Kaweah,Tulare,NA,Unknown,Unknown,NA,1945-10-30 - 1961-02-20,34,fall,23.8,65.8,NA,NA,1959,18030012,Below Normal,Below Normal,1958-10-01T00:00:00Z,1959-10-01T00:00:00Z,-119.32,36.1522
361522N1193201W001,951208,1959-02-19T00:00:00Z,273.71,272.71,0,56.8,216.91,56.8,55.8,NA,Unknown,Water level accuracy is unknown,1,Department of Water Resources,NA,5155,Kaweah Delta Water Conservation District,NA,NA,35013,20S24E36B001M,NA,Unknown,Unknown,5-022.11,Kaweah,Tulare,NA,Unknown,Unknown,NA,1945-10-30 - 1961-02-20,34,other,NA,NA,NA,NA,1959,18030012,Below Normal,Below Normal,1958-10-01T00:00:00Z,1959-10-01T00:00:00Z,-119.32,36.1522
361522N1193201W001,951207,1958-10-06T00:00:00Z,273.71,272.71,0,55.8,217.91,55.8,54.8,NA,Unknown,Water level accuracy is unknown,1,Department of Water Resources,NA,5155,Kaweah Delta Water Conservation District,NA,NA,35013,20S24E36B001M,NA,Unknown,Unknown,5-022.11,Kaweah,Tulare,NA,Unknown,Unknown,NA,1945-10-30 - 1961-02-20,34,fall,23.8,65.8,NA,NA,1959,18030012,Below Normal,Below Normal,1958-10-01T00:00:00Z,1959-10-01T00:00:00Z,-119.32,36.1522
361522N1193201W001,951206,1958-02-27T00:00:00Z,273.71,272.71,0,61.8,211.91,61.8,60.8,NA,Unknown,Water level accuracy is unknown,1,Department of Water Resources,NA,5155,Kaweah Delta Water Conservation District,NA,NA,35013,20S24E36B001M,NA,Unknown,Unknown,5-022.11,Kaweah,Tulare,NA,Unknown,Unknown,NA,1945-10-30 - 1961-02-20,34,other,NA,NA,NA,NA,1958,18030012,Wet,Wet,1957-10-01T00:00:00Z,1958-10-01T00:00:00Z,-119.32,36.1522
361522N1193201W001,951205,1957-10-21T00:00:00Z,273.71,272.71,0,62.4,211.31,62.4,61.4,NA,Unknown,Water level accuracy is unknown,1,Department of Water Resources,NA,5155,Kaweah Delta Water Conservation District,NA,NA,35013,20S24E36B001M,NA,Unknown,Unknown,5-022.11,Kaweah,Tulare,NA,Unknown,Unknown,NA,1945-10-30 - 1961-02-20,34,fall,23.8,65.8,NA,NA,1958,18030012,Wet,Wet,1957-10-01T00:00:00Z,1958-10-01T00:00:00Z,-119.32,36.1522
361522N1193201W001,951204,1957-02-13T00:00:00Z,273.71,272.71,0,59.8,213.91,59.8,58.8,NA,Unknown,Water level accuracy is unknown,1,Department of Water Resources,NA,5155,Kaweah Delta Water Conservation District,NA,NA,35013,20S24E36B001M,NA,Unknown,Unknown,5-022.11,Kaweah,Tulare,NA,Unknown,Unknown,NA,1945-10-30 - 1961-02-20,34,other,NA,NA,NA,NA,1957,18030012,Below Normal,Below Normal,1956-10-01T00:00:00Z,1957-10-01T00:00:00Z,-119.32,36.1522
361522N1193201W001,951203,1956-10-11T00:00:00Z,273.71,272.71,0,58.3,215.41,58.3,57.3,NA,Unknown,Water level accuracy is unknown,1,Department of Water Resources,NA,5155,Kaweah Delta Water Conservation District,NA,NA,35013,20S24E36B001M,NA,Unknown,Unknown,5-022.11,Kaweah,Tulare,NA,Unknown,Unknown,NA,1945-10-30 - 1961-02-20,34,fall,23.8,65.8,NA,NA,1957,18030012,Below Normal,Below Normal,1956-10-01T00:00:00Z,1957-10-01T00:00:00Z,-119.32,36.1522
361522N1193201W001,951202,1956-02-16T00:00:00Z,273.71,272.71,0,59.1,214.61,59.1,58.1,NA,Unknown,Water level accuracy is unknown,1,Department of Water Resources,NA,5155,Kaweah Delta Water Conservation District,NA,NA,35013,20S24E36B001M,NA,Unknown,Unknown,5-022.11,Kaweah,Tulare,NA,Unknown,Unknown,NA,1945-10-30 - 1961-02-20,34,other,NA,NA,NA,NA,1956,18030012,Above Normal,Above Normal,1955-10-01T00:00:00Z,1956-10-01T00:00:00Z,-119.32,36.1522
361522N1193201W001,951201,1955-09-29T00:00:00Z,273.71,272.71,0,66.8,206.91,66.8,65.8,NA,Unknown,Water level accuracy is unknown,1,Department of Water Resources,NA,5155,Kaweah Delta Water Conservation District,NA,NA,35013,20S24E36B001M,NA,Unknown,Unknown,5-022.11,Kaweah,Tulare,NA,Unknown,Unknown,NA,1945-10-30 - 1961-02-20,34,fall,23.8,65.8,NA,NA,1955,18030012,Below Normal,Below Normal,1954-10-01T00:00:00Z,1955-10-01T00:00:00Z,-119.32,36.1522
361522N1193201W001,951200,1955-02-18T00:00:00Z,273.71,272.71,0,62.1,211.61,62.1,61.1,NA,Unknown,Water level accuracy is unknown,1,Department of Water Resources,NA,5155,Kaweah Delta Water Conservation District,NA,NA,35013,20S24E36B001M,NA,Unknown,Unknown,5-022.11,Kaweah,Tulare,NA,Unknown,Unknown,NA,1945-10-30 - 1961-02-20,34,other,NA,NA,NA,NA,1955,18030012,Below Normal,Below Normal,1954-10-01T00:00:00Z,1955-10-01T00:00:00Z,-119.32,36.1522
361522N1193201W001,951199,1954-09-27T00:00:00Z,273.71,272.71,0,63.9,209.81,63.9,62.9,NA,Unknown,Water level accuracy is unknown,1,Department of Water Resources,NA,5155,Kaweah Delta Water Conservation District,NA,NA,35013,20S24E36B001M,NA,Unknown,Unknown,5-022.11,Kaweah,Tulare,NA,Unknown,Unknown,NA,1945-10-30 - 1961-02-20,34,fall,23.8,65.8,NA,NA,1954,18030012,Below Normal,Below Normal,1953-10-01T00:00:00Z,1954-10-01T00:00:00Z,-119.32,36.1522
361522N1193201W001,951198,1954-02-17T00:00:00Z,273.71,272.71,0,65.6,208.11,65.6,64.6,NA,Unknown,Water level accuracy is unknown,1,Department of Water Resources,NA,5155,Kaweah Delta Water Conservation District,NA,NA,35013,20S24E36B001M,NA,Unknown,Unknown,5-022.11,Kaweah,Tulare,NA,Unknown,Unknown,NA,1945-10-30 - 1961-02-20,34,other,NA,NA,NA,NA,1954,18030012,Below Normal,Below Normal,1953-10-01T00:00:00Z,1954-10-01T00:00:00Z,-119.32,36.1522
361522N1193201W001,951197,1953-10-10T00:00:00Z,273.71,272.71,0,66.8,206.91,66.8,65.8,NA,Unknown,Water level accuracy is unknown,1,Department of Water Resources,NA,5155,Kaweah Delta Water Conservation District,NA,NA,35013,20S24E36B001M,NA,Unknown,Unknown,5-022.11,Kaweah,Tulare,NA,Unknown,Unknown,NA,1945-10-30 - 1961-02-20,34,fall,23.8,65.8,NA,NA,1954,18030012,Below Normal,Below Normal,1953-10-01T00:00:00Z,1954-10-01T00:00:00Z,-119.32,36.1522
361522N1193201W001,951196,1953-02-13T00:00:00Z,273.71,272.71,0,52.4,221.31,52.4,51.4,NA,Unknown,Water level accuracy is unknown,1,Department of Water Resources,NA,5155,Kaweah Delta Water Conservation District,NA,NA,35013,20S24E36B001M,NA,Unknown,Unknown,5-022.11,Kaweah,Tulare,NA,Unknown,Unknown,NA,1945-10-30 - 1961-02-20,34,other,NA,NA,NA,NA,1953,18030012,Above Normal,Above Normal,1952-10-01T00:00:00Z,1953-10-01T00:00:00Z,-119.32,36.1522
361522N1193201W001,951195,1952-10-09T00:00:00Z,273.71,272.71,0,50.1,223.61,50.1,49.1,NA,Unknown,Water level accuracy is unknown,1,Department of Water Resources,NA,5155,Kaweah Delta Water Conservation District,NA,NA,35013,20S24E36B001M,NA,Unknown,Unknown,5-022.11,Kaweah,Tulare,NA,Unknown,Unknown,NA,1945-10-30 - 1961-02-20,34,fall,23.8,65.8,NA,NA,1953,18030012,Above Normal,Above Normal,1952-10-01T00:00:00Z,1953-10-01T00:00:00Z,-119.32,36.1522
361522N1193201W001,951194,1952-02-19T00:00:00Z,273.71,272.71,0,61,212.71,61,60,NA,Unknown,Water level accuracy is unknown,1,Department of Water Resources,NA,5155,Kaweah Delta Water Conservation District,NA,NA,35013,20S24E36B001M,NA,Unknown,Unknown,5-022.11,Kaweah,Tulare,NA,Unknown,Unknown,NA,1945-10-30 - 1961-02-20,34,other,NA,NA,NA,NA,1952,18030012,Wet,Wet,1951-10-01T00:00:00Z,1952-10-01T00:00:00Z,-119.32,36.1522
361522N1193201W001,951193,1951-11-01T00:00:00Z,273.71,272.71,NA,NA,NA,NA,NA,Special/Other,NA,NA,1,Department of Water Resources,NA,5155,Kaweah Delta Water Conservation District,NA,NA,35013,20S24E36B001M,NA,Unknown,Unknown,5-022.11,Kaweah,Tulare,NA,Unknown,Unknown,NA,1945-10-30 - 1961-02-20,34,fall,23.8,65.8,NA,NA,1952,18030012,Wet,Wet,1951-10-01T00:00:00Z,1952-10-01T00:00:00Z,-119.32,36.1522
361522N1193201W001,951192,1951-10-10T00:00:00Z,273.71,272.71,0,54.6,219.11,54.6,53.6,NA,Unknown,Water level accuracy is unknown,1,Department of Water Resources,NA,5155,Kaweah Delta Water Conservation District,NA,NA,35013,20S24E36B001M,NA,Unknown,Unknown,5-022.11,Kaweah,Tulare,NA,Unknown,Unknown,NA,1945-10-30 - 1961-02-20,34,fall,23.8,65.8,NA,NA,1952,18030012,Wet,Wet,1951-10-01T00:00:00Z,1952-10-01T00:00:00Z,-119.32,36.1522
361522N1193201W001,951191,1951-02-02T00:00:00Z,273.71,272.71,0,55.1,218.61,55.1,54.1,NA,Unknown,Water level accuracy is unknown,1,Department of Water Resources,NA,5155,Kaweah Delta Water Conservation District,NA,NA,35013,20S24E36B001M,NA,Unknown,Unknown,5-022.11,Kaweah,Tulare,NA,Unknown,Unknown,NA,1945-10-30 - 1961-02-20,34,other,NA,NA,NA,NA,1951,18030012,Critical,Critical,1950-10-01T00:00:00Z,1951-10-01T00:00:00Z,-119.32,36.1522
361522N1193201W001,951190,1950-12-01T00:00:00Z,273.71,272.71,NA,NA,NA,NA,NA,Special/Other,NA,NA,1,Department of Water Resources,NA,5155,Kaweah Delta Water Conservation District,NA,NA,35013,20S24E36B001M,NA,Unknown,Unknown,5-022.11,Kaweah,Tulare,NA,Unknown,Unknown,NA,1945-10-30 - 1961-02-20,34,other,NA,NA,NA,NA,1951,18030012,Critical,Critical,1950-10-01T00:00:00Z,1951-10-01T00:00:00Z,-119.32,36.1522
361522N1193201W001,951189,1950-11-01T00:00:00Z,273.71,272.71,NA,NA,NA,NA,NA,Special/Other,NA,NA,1,Department of Water Resources,NA,5155,Kaweah Delta Water Conservation District,NA,NA,35013,20S24E36B001M,NA,Unknown,Unknown,5-022.11,Kaweah,Tulare,NA,Unknown,Unknown,NA,1945-10-30 - 1961-02-20,34,fall,23.8,65.8,NA,NA,1951,18030012,Critical,Critical,1950-10-01T00:00:00Z,1951-10-01T00:00:00Z,-119.32,36.1522
361522N1193201W001,951188,1950-10-13T00:00:00Z,273.71,272.71,0,57.7,216.01,57.7,56.7,NA,Unknown,Water level accuracy is unknown,1,Department of Water Resources,NA,5155,Kaweah Delta Water Conservation District,NA,NA,35013,20S24E36B001M,NA,Unknown,Unknown,5-022.11,Kaweah,Tulare,NA,Unknown,Unknown,NA,1945-10-30 - 1961-02-20,34,fall,23.8,65.8,NA,NA,1951,18030012,Critical,Critical,1950-10-01T00:00:00Z,1951-10-01T00:00:00Z,-119.32,36.1522
361522N1193201W001,951187,1950-02-14T00:00:00Z,273.71,272.71,0,51.7,222.01,51.7,50.7,NA,Unknown,Water level accuracy is unknown,1,Department of Water Resources,NA,5155,Kaweah Delta Water Conservation District,NA,NA,35013,20S24E36B001M,NA,Unknown,Unknown,5-022.11,Kaweah,Tulare,NA,Unknown,Unknown,NA,1945-10-30 - 1961-02-20,34,other,NA,NA,NA,NA,1950,18030012,Dry,Dry,1949-10-01T00:00:00Z,1950-10-01T00:00:00Z,-119.32,36.1522
361522N1193201W001,951186,1949-10-04T00:00:00Z,273.71,272.71,0,51.3,222.41,51.3,50.3,NA,Unknown,Water level accuracy is unknown,1,Department of Water Resources,NA,5155,Kaweah Delta Water Conservation District,NA,NA,35013,20S24E36B001M,NA,Unknown,Unknown,5-022.11,Kaweah,Tulare,NA,Unknown,Unknown,NA,1945-10-30 - 1961-02-20,34,fall,23.8,65.8,NA,NA,1950,18030012,Dry,Dry,1949-10-01T00:00:00Z,1950-10-01T00:00:00Z,-119.32,36.1522
361522N1193201W001,951185,1949-02-16T00:00:00Z,273.71,272.71,0,46.3,227.41,46.3,45.3,NA,Unknown,Water level accuracy is unknown,1,Department of Water Resources,NA,5155,Kaweah Delta Water Conservation District,NA,NA,35013,20S24E36B001M,NA,Unknown,Unknown,5-022.11,Kaweah,Tulare,NA,Unknown,Unknown,NA,1945-10-30 - 1961-02-20,34,other,NA,NA,NA,NA,1949,18030012,Critical,Critical,1948-10-01T00:00:00Z,1949-10-01T00:00:00Z,-119.32,36.1522
361522N1193201W001,951184,1948-11-05T00:00:00Z,273.71,272.71,0,44.4,229.31,44.4,43.4,NA,Unknown,Water level accuracy is unknown,1,Department of Water Resources,NA,5155,Kaweah Delta Water Conservation District,NA,NA,35013,20S24E36B001M,NA,Unknown,Unknown,5-022.11,Kaweah,Tulare,NA,Unknown,Unknown,NA,1945-10-30 - 1961-02-20,34,fall,23.8,65.8,NA,NA,1949,18030012,Critical,Critical,1948-10-01T00:00:00Z,1949-10-01T00:00:00Z,-119.32,36.1522
361522N1193201W001,951183,1948-03-05T00:00:00Z,273.71,272.71,0,43.2,230.51,43.2,42.2,NA,Unknown,Water level accuracy is unknown,1,Department of Water Resources,NA,5155,Kaweah Delta Water Conservation District,NA,NA,35013,20S24E36B001M,NA,Unknown,Unknown,5-022.11,Kaweah,Tulare,NA,Unknown,Unknown,NA,1945-10-30 - 1961-02-20,34,spring,NA,NA,19,42.2,1948,18030012,Critical,Critical,1947-10-01T00:00:00Z,1948-10-01T00:00:00Z,-119.32,36.1522
361522N1193201W001,951182,1947-09-29T00:00:00Z,273.71,272.71,0,38.9,234.81,38.9,37.9,NA,Unknown,Water level accuracy is unknown,1,Department of Water Resources,NA,5155,Kaweah Delta Water Conservation District,NA,NA,35013,20S24E36B001M,NA,Unknown,Unknown,5-022.11,Kaweah,Tulare,NA,Unknown,Unknown,NA,1945-10-30 - 1961-02-20,34,fall,23.8,65.8,NA,NA,1947,18030012,Dry,Dry,1946-10-01T00:00:00Z,1947-10-01T00:00:00Z,-119.32,36.1522
361522N1193201W001,951181,1946-10-21T00:00:00Z,273.71,272.71,0,28.4,245.31,28.4,27.4,NA,Unknown,Water level accuracy is unknown,1,Department of Water Resources,NA,5155,Kaweah Delta Water Conservation District,NA,NA,35013,20S24E36B001M,NA,Unknown,Unknown,5-022.11,Kaweah,Tulare,NA,Unknown,Unknown,NA,1945-10-30 - 1961-02-20,34,fall,23.8,65.8,NA,NA,1947,18030012,Dry,Dry,1946-10-01T00:00:00Z,1947-10-01T00:00:00Z,-119.32,36.1522
361522N1193201W001,951180,1946-04-25T00:00:00Z,273.71,272.71,0,20,253.71,20,19,NA,Unknown,Water level accuracy is unknown,1,Department of Water Resources,NA,5155,Kaweah Delta Water Conservation District,NA,NA,35013,20S24E36B001M,NA,Unknown,Unknown,5-022.11,Kaweah,Tulare,NA,Unknown,Unknown,NA,1945-10-30 - 1961-02-20,34,spring,NA,NA,19,42.2,1946,18030012,Dry,Dry,1945-10-01T00:00:00Z,1946-10-01T00:00:00Z,-119.32,36.1522
361522N1193201W001,951179,1945-10-30T00:00:00Z,273.71,272.71,0,24.8,248.91,24.8,23.8,NA,Unknown,Water level accuracy is unknown,1,Department of Water Resources,NA,5155,Kaweah Delta Water Conservation District,NA,NA,35013,20S24E36B001M,NA,Unknown,Unknown,5-022.11,Kaweah,Tulare,NA,Unknown,Unknown,NA,1945-10-30 - 1961-02-20,34,fall,23.8,65.8,NA,NA,1946,18030012,Dry,Dry,1945-10-01T00:00:00Z,1946-10-01T00:00:00Z,-119.32,36.1522
