SITE_CODE,WLM_ID,MSMT_DATE,WLM_RPE,WLM_GSE,RDNG_WS,RDNG_RP,WSE,RPE_WSE,GSE_WSE,WLM_QA_DESC,WLM_DESC,WLM_ACC_DESC,WLM_ORG_ID,WLM_ORG_NAME,MSMT_CMT,COOP_AGENCY_ORG_ID,COOP_ORG_NAME,TOP_PRF,BOT_PRF,STN_ID,SWN,WELL_NAME,WLM_METHOD,WLM_ACC,BASIN_CODE,BASIN_NAME,COUNTY_NAME,WELL_DEPTH,WELL_USE,WELL_TYPE,WCR_NO,t_range,n_samples,season,fall_high,fall_low,spring_high,spring_low,water_year,HUC8,WYT,water_year_type,water_year_start,water_year_end,X,Y
361578N1194935W001,1988989,2013-03-05T09:45:00Z,235.759,234.259,2,158,79.759,156,154.5,Oil or foreign substance in casing,Unknown,Water level accuracy to nearest tenth of a foot,1,Department of Water Resources,tape=156,1,Department of Water Resources,NA,NA,17405,20S23E29J002M,20S23E29J002M,Unknown,Unknown,5-022.11,Kaweah,Tulare,NA,Unknown,Single Well,NA,1961-10-03 00:00:00 - 2013-03-05 09:45:00,87,spring,NA,NA,79.5,154.5,2013,18030012,Critical,Critical,2012-10-01T00:00:00Z,2013-10-01T00:00:00Z,-119.494,36.1578
361578N1194935W001,93915,2011-02-22T10:30:00Z,235.759,234.259,7,145,97.759,138,136.5,Oil or foreign substance in casing,Unknown,Water level accuracy to nearest tenth of a foot,1,Department of Water Resources,Oil in Casing,1,Department of Water Resources,NA,NA,17405,20S23E29J002M,20S23E29J002M,Unknown,Unknown,5-022.11,Kaweah,Tulare,NA,Unknown,Single Well,NA,1961-10-03 00:00:00 - 2013-03-05 09:45:00,87,other,NA,NA,NA,NA,2011,18030012,Wet,Wet,2010-10-01T00:00:00Z,2011-10-01T00:00:00Z,-119.494,36.1578
361578N1194935W001,948925,2010-01-21T00:00:00Z,235.76,234.26,0,146,89.76,146,144.5,Nearby pump operating,Unknown,Water level accuracy is unknown,1,Department of Water Resources,NA,5030,Tulare Irrigation District,NA,NA,17405,20S23E29J002M,20S23E29J002M,Unknown,Unknown,5-022.11,Kaweah,Tulare,NA,Unknown,Single Well,NA,1961-10-03 00:00:00 - 2013-03-05 09:45:00,87,other,NA,NA,NA,NA,2010,18030012,Above Normal,Above Normal,2009-10-01T00:00:00Z,2010-10-01T00:00:00Z,-119.494,36.1578
361578N1194935W001,948924,2009-03-03T00:00:00Z,235.76,234.26,0,145,90.76,145,143.5,Nearby pump operating,Unknown,Water level accuracy is unknown,1,Department of Water Resources,TAPE-145',5030,Tulare Irrigation District,NA,NA,17405,20S23E29J002M,20S23E29J002M,Unknown,Unknown,5-022.11,Kaweah,Tulare,NA,Unknown,Single Well,NA,1961-10-03 00:00:00 - 2013-03-05 09:45:00,87,spring,NA,NA,79.5,154.5,2009,18030012,Critical,Critical,2008-10-01T00:00:00Z,2009-10-01T00:00:00Z,-119.494,36.1578
361578N1194935W001,948922,2007-10-15T00:00:00Z,235.76,234.26,0,126,109.76,126,124.5,Nearby pump operating,Unknown,Water level accuracy is unknown,1,Department of Water Resources,NA,5030,Tulare Irrigation District,NA,NA,17405,20S23E29J002M,20S23E29J002M,Unknown,Unknown,5-022.11,Kaweah,Tulare,NA,Unknown,Single Well,NA,1961-10-03 00:00:00 - 2013-03-05 09:45:00,87,fall,33.5,153,NA,NA,2008,18030012,Critical,Critical,2007-10-01T00:00:00Z,2008-10-01T00:00:00Z,-119.494,36.1578
361578N1194935W001,948923,2006-10-04T00:00:00Z,235.76,234.26,0,110.5,125.26,110.5,109,NA,Unknown,Water level accuracy is unknown,1,Department of Water Resources,TAPE-100.5 FEET,5030,Tulare Irrigation District,NA,NA,17405,20S23E29J002M,20S23E29J002M,Unknown,Unknown,5-022.11,Kaweah,Tulare,NA,Unknown,Single Well,NA,1961-10-03 00:00:00 - 2013-03-05 09:45:00,87,fall,33.5,153,NA,NA,2007,18030012,Critical,Critical,2006-10-01T00:00:00Z,2007-10-01T00:00:00Z,-119.494,36.1578
361578N1194935W001,948921,2006-02-03T00:00:00Z,235.76,234.26,0,115,120.76,115,113.5,Nearby pump operating,Unknown,Water level accuracy is unknown,1,Department of Water Resources,NA,5030,Tulare Irrigation District,NA,NA,17405,20S23E29J002M,20S23E29J002M,Unknown,Unknown,5-022.11,Kaweah,Tulare,NA,Unknown,Single Well,NA,1961-10-03 00:00:00 - 2013-03-05 09:45:00,87,other,NA,NA,NA,NA,2006,18030012,Wet,Wet,2005-10-01T00:00:00Z,2006-10-01T00:00:00Z,-119.494,36.1578
361578N1194935W001,948920,2005-01-27T00:00:00Z,235.76,234.26,0,116,119.76,116,114.5,Oil or foreign substance in casing,Unknown,Water level accuracy is unknown,1,Department of Water Resources,NA,5030,Tulare Irrigation District,NA,NA,17405,20S23E29J002M,20S23E29J002M,Unknown,Unknown,5-022.11,Kaweah,Tulare,NA,Unknown,Single Well,NA,1961-10-03 00:00:00 - 2013-03-05 09:45:00,87,other,NA,NA,NA,NA,2005,18030012,Wet,Wet,2004-10-01T00:00:00Z,2005-10-01T00:00:00Z,-119.494,36.1578
361578N1194935W001,948918,2004-02-05T00:00:00Z,235.76,234.26,0,110,125.76,110,108.5,Nearby pump operating,Unknown,Water level accuracy is unknown,1,Department of Water Resources,110'/OIL IN CASE,5030,Tulare Irrigation District,NA,NA,17405,20S23E29J002M,20S23E29J002M,Unknown,Unknown,5-022.11,Kaweah,Tulare,NA,Unknown,Single Well,NA,1961-10-03 00:00:00 - 2013-03-05 09:45:00,87,other,NA,NA,NA,NA,2004,18030012,Dry,Dry,2003-10-01T00:00:00Z,2004-10-01T00:00:00Z,-119.494,36.1578
361578N1194935W001,948919,2003-09-23T00:00:00Z,235.76,234.26,0,112,123.76,112,110.5,Nearby pump operating,Unknown,Water level accuracy is unknown,1,Department of Water Resources,TAPE-112'/NO OIL,5030,Tulare Irrigation District,NA,NA,17405,20S23E29J002M,20S23E29J002M,Unknown,Unknown,5-022.11,Kaweah,Tulare,NA,Unknown,Single Well,NA,1961-10-03 00:00:00 - 2013-03-05 09:45:00,87,fall,33.5,153,NA,NA,2003,18030012,Dry,Dry,2002-10-01T00:00:00Z,2003-10-01T00:00:00Z,-119.494,36.1578
361578N1194935W001,948915,2003-01-22T00:00:00Z,235.76,234.26,0,104,131.76,104,102.5,Nearby pump operating,Unknown,Water level accuracy is unknown,1,Department of Water Resources,NA,5030,Tulare Irrigation District,NA,NA,17405,20S23E29J002M,20S23E29J002M,Unknown,Unknown,5-022.11,Kaweah,Tulare,NA,Unknown,Single Well,NA,1961-10-03 00:00:00 - 2013-03-05 09:45:00,87,other,NA,NA,NA,NA,2003,18030012,Dry,Dry,2002-10-01T00:00:00Z,2003-10-01T00:00:00Z,-119.494,36.1578
361578N1194935W001,948917,2002-09-18T00:00:00Z,235.76,234.26,0,109,126.76,109,107.5,Nearby pump operating,Unknown,Water level accuracy is unknown,1,Department of Water Resources,NA,624,Bureau of Reclamation,NA,NA,17405,20S23E29J002M,20S23E29J002M,Unknown,Unknown,5-022.11,Kaweah,Tulare,NA,Unknown,Single Well,NA,1961-10-03 00:00:00 - 2013-03-05 09:45:00,87,fall,33.5,153,NA,NA,2002,18030012,Critical,Critical,2001-10-01T00:00:00Z,2002-10-01T00:00:00Z,-119.494,36.1578
361578N1194935W001,948916,2002-01-21T00:00:00Z,235.76,234.26,0,105,130.76,105,103.5,Pumped recently,Unknown,Water level accuracy is unknown,1,Department of Water Resources,NA,624,Bureau of Reclamation,NA,NA,17405,20S23E29J002M,20S23E29J002M,Unknown,Unknown,5-022.11,Kaweah,Tulare,NA,Unknown,Single Well,NA,1961-10-03 00:00:00 - 2013-03-05 09:45:00,87,other,NA,NA,NA,NA,2002,18030012,Critical,Critical,2001-10-01T00:00:00Z,2002-10-01T00:00:00Z,-119.494,36.1578
361578N1194935W001,948914,2001-01-25T00:00:00Z,235.76,234.26,0,84,151.76,84,82.5,Nearby pump operating,Unknown,Water level accuracy is unknown,1,Department of Water Resources,NA,5030,Tulare Irrigation District,NA,NA,17405,20S23E29J002M,20S23E29J002M,Unknown,Unknown,5-022.11,Kaweah,Tulare,NA,Unknown,Single Well,NA,1961-10-03 00:00:00 - 2013-03-05 09:45:00,87,other,NA,NA,NA,NA,2001,18030012,Below Normal,Below Normal,2000-10-01T00:00:00Z,2001-10-01T00:00:00Z,-119.494,36.1578
361578N1194935W001,948913,2000-01-21T00:00:00Z,235.76,234.26,0,81,154.76,81,79.5,Nearby pump operating,Unknown,Water level accuracy is unknown,1,Department of Water Resources,NA,5030,Tulare Irrigation District,NA,NA,17405,20S23E29J002M,20S23E29J002M,Unknown,Unknown,5-022.11,Kaweah,Tulare,NA,Unknown,Single Well,NA,1961-10-03 00:00:00 - 2013-03-05 09:45:00,87,other,NA,NA,NA,NA,2000,18030012,Below Normal,Below Normal,1999-10-01T00:00:00Z,2000-10-01T00:00:00Z,-119.494,36.1578
361578N1194935W001,948912,1999-10-08T00:00:00Z,235.76,234.26,0,82,153.76,82,80.5,NA,Unknown,Water level accuracy is unknown,1,Department of Water Resources,NA,5030,Tulare Irrigation District,NA,NA,17405,20S23E29J002M,20S23E29J002M,Unknown,Unknown,5-022.11,Kaweah,Tulare,NA,Unknown,Single Well,NA,1961-10-03 00:00:00 - 2013-03-05 09:45:00,87,fall,33.5,153,NA,NA,2000,18030012,Below Normal,Below Normal,1999-10-01T00:00:00Z,2000-10-01T00:00:00Z,-119.494,36.1578
361578N1194935W001,948911,1999-01-20T00:00:00Z,235.76,234.26,0,81,154.76,81,79.5,Other,Unknown,Water level accuracy is unknown,1,Department of Water Resources,NA,5030,Tulare Irrigation District,NA,NA,17405,20S23E29J002M,20S23E29J002M,Unknown,Unknown,5-022.11,Kaweah,Tulare,NA,Unknown,Single Well,NA,1961-10-03 00:00:00 - 2013-03-05 09:45:00,87,other,NA,NA,NA,NA,1999,18030012,Wet,Wet,1998-10-01T00:00:00Z,1999-10-01T00:00:00Z,-119.494,36.1578
361578N1194935W001,948910,1998-10-06T00:00:00Z,235.76,234.26,0,105,130.76,105,103.5,Nearby pump operating,Unknown,Water level accuracy is unknown,1,Department of Water Resources,NA,5030,Tulare Irrigation District,NA,NA,17405,20S23E29J002M,20S23E29J002M,Unknown,Unknown,5-022.11,Kaweah,Tulare,NA,Unknown,Single Well,NA,1961-10-03 00:00:00 - 2013-03-05 09:45:00,87,fall,33.5,153,NA,NA,1999,18030012,Wet,Wet,1998-10-01T00:00:00Z,1999-10-01T00:00:00Z,-119.494,36.1578
361578N1194935W001,948909,1998-01-16T00:00:00Z,235.76,234.26,0,99,136.76,99,97.5,NA,Unknown,Water level accuracy is unknown,1,Department of Water Resources,NA,5030,Tulare Irrigation District,NA,NA,17405,20S23E29J002M,20S23E29J002M,Unknown,Unknown,5-022.11,Kaweah,Tulare,NA,Unknown,Single Well,NA,1961-10-03 00:00:00 - 2013-03-05 09:45:00,87,other,NA,NA,NA,NA,1998,18030012,Wet,Wet,1997-10-01T00:00:00Z,1998-10-01T00:00:00Z,-119.494,36.1578
361578N1194935W001,948908,1997-10-08T00:00:00Z,235.76,234.26,0,108,127.76,108,106.5,Pumping,Unknown,Water level accuracy is unknown,1,Department of Water Resources,NA,5030,Tulare Irrigation District,NA,NA,17405,20S23E29J002M,20S23E29J002M,Unknown,Unknown,5-022.11,Kaweah,Tulare,NA,Unknown,Single Well,NA,1961-10-03 00:00:00 - 2013-03-05 09:45:00,87,fall,33.5,153,NA,NA,1998,18030012,Wet,Wet,1997-10-01T00:00:00Z,1998-10-01T00:00:00Z,-119.494,36.1578
361578N1194935W001,948907,1997-01-16T00:00:00Z,235.76,234.26,0,135,100.76,135,133.5,Nearby pump operating,Unknown,Water level accuracy is unknown,1,Department of Water Resources,NA,5030,Tulare Irrigation District,NA,NA,17405,20S23E29J002M,20S23E29J002M,Unknown,Unknown,5-022.11,Kaweah,Tulare,NA,Unknown,Single Well,NA,1961-10-03 00:00:00 - 2013-03-05 09:45:00,87,other,NA,NA,NA,NA,1997,18030012,Above Normal,Above Normal,1996-10-01T00:00:00Z,1997-10-01T00:00:00Z,-119.494,36.1578
361578N1194935W001,948906,1996-10-03T00:00:00Z,235.76,234.26,0,123,112.76,123,121.5,NA,Unknown,Water level accuracy is unknown,1,Department of Water Resources,NA,5030,Tulare Irrigation District,NA,NA,17405,20S23E29J002M,20S23E29J002M,Unknown,Unknown,5-022.11,Kaweah,Tulare,NA,Unknown,Single Well,NA,1961-10-03 00:00:00 - 2013-03-05 09:45:00,87,fall,33.5,153,NA,NA,1997,18030012,Above Normal,Above Normal,1996-10-01T00:00:00Z,1997-10-01T00:00:00Z,-119.494,36.1578
361578N1194935W001,948905,1996-01-15T00:00:00Z,235.76,234.26,0,117,118.76,117,115.5,NA,Unknown,Water level accuracy is unknown,1,Department of Water Resources,NA,5030,Tulare Irrigation District,NA,NA,17405,20S23E29J002M,20S23E29J002M,Unknown,Unknown,5-022.11,Kaweah,Tulare,NA,Unknown,Single Well,NA,1961-10-03 00:00:00 - 2013-03-05 09:45:00,87,other,NA,NA,NA,NA,1996,18030012,Wet,Wet,1995-10-01T00:00:00Z,1996-10-01T00:00:00Z,-119.494,36.1578
361578N1194935W001,948904,1995-10-05T00:00:00Z,235.76,234.26,0,124,111.76,124,122.5,NA,Unknown,Water level accuracy is unknown,1,Department of Water Resources,NA,5030,Tulare Irrigation District,NA,NA,17405,20S23E29J002M,20S23E29J002M,Unknown,Unknown,5-022.11,Kaweah,Tulare,NA,Unknown,Single Well,NA,1961-10-03 00:00:00 - 2013-03-05 09:45:00,87,fall,33.5,153,NA,NA,1996,18030012,Wet,Wet,1995-10-01T00:00:00Z,1996-10-01T00:00:00Z,-119.494,36.1578
361578N1194935W001,948903,1995-02-08T00:00:00Z,235.76,234.26,0,129,106.76,129,127.5,NA,Unknown,Water level accuracy is unknown,1,Department of Water Resources,NA,5030,Tulare Irrigation District,NA,NA,17405,20S23E29J002M,20S23E29J002M,Unknown,Unknown,5-022.11,Kaweah,Tulare,NA,Unknown,Single Well,NA,1961-10-03 00:00:00 - 2013-03-05 09:45:00,87,other,NA,NA,NA,NA,1995,18030012,Wet,Wet,1994-10-01T00:00:00Z,1995-10-01T00:00:00Z,-119.494,36.1578
361578N1194935W001,948902,1994-10-06T00:00:00Z,235.76,234.26,0,154.5,81.26,154.5,153,NA,Unknown,Water level accuracy is unknown,1,Department of Water Resources,NA,5030,Tulare Irrigation District,NA,NA,17405,20S23E29J002M,20S23E29J002M,Unknown,Unknown,5-022.11,Kaweah,Tulare,NA,Unknown,Single Well,NA,1961-10-03 00:00:00 - 2013-03-05 09:45:00,87,fall,33.5,153,NA,NA,1995,18030012,Wet,Wet,1994-10-01T00:00:00Z,1995-10-01T00:00:00Z,-119.494,36.1578
361578N1194935W001,948901,1994-01-19T00:00:00Z,235.76,234.26,0,127,108.76,127,125.5,NA,Unknown,Water level accuracy is unknown,1,Department of Water Resources,NA,5030,Tulare Irrigation District,NA,NA,17405,20S23E29J002M,20S23E29J002M,Unknown,Unknown,5-022.11,Kaweah,Tulare,NA,Unknown,Single Well,NA,1961-10-03 00:00:00 - 2013-03-05 09:45:00,87,other,NA,NA,NA,NA,1994,18030012,Above Normal,Above Normal,1993-10-01T00:00:00Z,1994-10-01T00:00:00Z,-119.494,36.1578
361578N1194935W001,948900,1993-10-07T00:00:00Z,235.76,234.26,0,130,105.76,130,128.5,NA,Unknown,Water level accuracy is unknown,1,Department of Water Resources,NA,5030,Tulare Irrigation District,NA,NA,17405,20S23E29J002M,20S23E29J002M,Unknown,Unknown,5-022.11,Kaweah,Tulare,NA,Unknown,Single Well,NA,1961-10-03 00:00:00 - 2013-03-05 09:45:00,87,fall,33.5,153,NA,NA,1994,18030012,Above Normal,Above Normal,1993-10-01T00:00:00Z,1994-10-01T00:00:00Z,-119.494,36.1578
361578N1194935W001,948899,1993-01-28T00:00:00Z,235.76,234.26,0,125,110.76,125,123.5,NA,Unknown,Water level accuracy is unknown,1,Department of Water Resources,NA,5030,Tulare Irrigation District,NA,NA,17405,20S23E29J002M,20S23E29J002M,Unknown,Unknown,5-022.11,Kaweah,Tulare,NA,Unknown,Single Well,NA,1961-10-03 00:00:00 - 2013-03-05 09:45:00,87,other,NA,NA,NA,NA,1993,18030012,Wet,Wet,1992-10-01T00:00:00Z,1993-10-01T00:00:00Z,-119.494,36.1578
361578N1194935W001,948898,1992-10-07T00:00:00Z,235.76,234.26,0,128,107.76,128,126.5,NA,Unknown,Water level accuracy is unknown,1,Department of Water Resources,NA,5030,Tulare Irrigation District,NA,NA,17405,20S23E29J002M,20S23E29J002M,Unknown,Unknown,5-022.11,Kaweah,Tulare,NA,Unknown,Single Well,NA,1961-10-03 00:00:00 - 2013-03-05 09:45:00,87,fall,33.5,153,NA,NA,1993,18030012,Wet,Wet,1992-10-01T00:00:00Z,1993-10-01T00:00:00Z,-119.494,36.1578
361578N1194935W001,948897,1992-01-23T00:00:00Z,235.76,234.26,0,112,123.76,112,110.5,NA,Unknown,Water level accuracy is unknown,1,Department of Water Resources,NA,5030,Tulare Irrigation District,NA,NA,17405,20S23E29J002M,20S23E29J002M,Unknown,Unknown,5-022.11,Kaweah,Tulare,NA,Unknown,Single Well,NA,1961-10-03 00:00:00 - 2013-03-05 09:45:00,87,other,NA,NA,NA,NA,1992,18030012,Above Normal,Above Normal,1991-10-01T00:00:00Z,1992-10-01T00:00:00Z,-119.494,36.1578
361578N1194935W001,948896,1991-10-03T00:00:00Z,235.76,234.26,0,116,119.76,116,114.5,NA,Unknown,Water level accuracy is unknown,1,Department of Water Resources,NA,5030,Tulare Irrigation District,NA,NA,17405,20S23E29J002M,20S23E29J002M,Unknown,Unknown,5-022.11,Kaweah,Tulare,NA,Unknown,Single Well,NA,1961-10-03 00:00:00 - 2013-03-05 09:45:00,87,fall,33.5,153,NA,NA,1992,18030012,Above Normal,Above Normal,1991-10-01T00:00:00Z,1992-10-01T00:00:00Z,-119.494,36.1578
361578N1194935W001,948895,1991-01-21T00:00:00Z,235.76,234.26,0,101,134.76,101,99.5,NA,Unknown,Water level accuracy is unknown,1,Department of Water Resources,NA,5030,Tulare Irrigation District,NA,NA,17405,20S23E29J002M,20S23E29J002M,Unknown,Unknown,5-022.11,Kaweah,Tulare,NA,Unknown,Single Well,NA,1961-10-03 00:00:00 - 2013-03-05 09:45:00,87,other,NA,NA,NA,NA,1991,18030012,Dry,Dry,1990-10-01T00:00:00Z,1991-10-01T00:00:00Z,-119.494,36.1578
361578N1194935W001,948894,1990-10-08T00:00:00Z,235.76,234.26,0,83,152.76,83,81.5,Acoustical sounder,Unknown,Water level accuracy is unknown,1,Department of Water Resources,NA,5030,Tulare Irrigation District,NA,NA,17405,20S23E29J002M,20S23E29J002M,Unknown,Unknown,5-022.11,Kaweah,Tulare,NA,Unknown,Single Well,NA,1961-10-03 00:00:00 - 2013-03-05 09:45:00,87,fall,33.5,153,NA,NA,1991,18030012,Dry,Dry,1990-10-01T00:00:00Z,1991-10-01T00:00:00Z,-119.494,36.1578
361578N1194935W001,948893,1990-01-25T00:00:00Z,235.76,234.26,0,79,156.76,79,77.5,Oil or foreign substance in casing,Unknown,Water level accuracy is unknown,1,Department of Water Resources,NA,5030,Tulare Irrigation District,NA,NA,17405,20S23E29J002M,20S23E29J002M,Unknown,Unknown,5-022.11,Kaweah,Tulare,NA,Unknown,Single Well,NA,1961-10-03 00:00:00 - 2013-03-05 09:45:00,87,other,NA,NA,NA,NA,1990,18030012,Critical,Critical,1989-10-01T00:00:00Z,1990-10-01T00:00:00Z,-119.494,36.1578
361578N1194935W001,948892,1989-10-04T00:00:00Z,235.76,234.26,0,82,153.76,82,80.5,NA,Unknown,Water level accuracy is unknown,1,Department of Water Resources,NA,5030,Tulare Irrigation District,NA,NA,17405,20S23E29J002M,20S23E29J002M,Unknown,Unknown,5-022.11,Kaweah,Tulare,NA,Unknown,Single Well,NA,1961-10-03 00:00:00 - 2013-03-05 09:45:00,87,fall,33.5,153,NA,NA,1990,18030012,Critical,Critical,1989-10-01T00:00:00Z,1990-10-01T00:00:00Z,-119.494,36.1578
361578N1194935W001,948891,1989-01-30T00:00:00Z,235.76,234.26,0,57,178.76,57,55.5,NA,Unknown,Water level accuracy is unknown,1,Department of Water Resources,NA,5030,Tulare Irrigation District,NA,NA,17405,20S23E29J002M,20S23E29J002M,Unknown,Unknown,5-022.11,Kaweah,Tulare,NA,Unknown,Single Well,NA,1961-10-03 00:00:00 - 2013-03-05 09:45:00,87,other,NA,NA,NA,NA,1989,18030012,Dry,Dry,1988-10-01T00:00:00Z,1989-10-01T00:00:00Z,-119.494,36.1578
361578N1194935W001,948890,1988-10-04T00:00:00Z,235.76,234.26,0,65,170.76,65,63.5,NA,Unknown,Water level accuracy is unknown,1,Department of Water Resources,NA,5030,Tulare Irrigation District,NA,NA,17405,20S23E29J002M,20S23E29J002M,Unknown,Unknown,5-022.11,Kaweah,Tulare,NA,Unknown,Single Well,NA,1961-10-03 00:00:00 - 2013-03-05 09:45:00,87,fall,33.5,153,NA,NA,1989,18030012,Dry,Dry,1988-10-01T00:00:00Z,1989-10-01T00:00:00Z,-119.494,36.1578
361578N1194935W001,948889,1988-02-03T00:00:00Z,235.76,234.26,0,51.5,184.26,51.5,50,NA,Unknown,Water level accuracy is unknown,1,Department of Water Resources,NA,5030,Tulare Irrigation District,NA,NA,17405,20S23E29J002M,20S23E29J002M,Unknown,Unknown,5-022.11,Kaweah,Tulare,NA,Unknown,Single Well,NA,1961-10-03 00:00:00 - 2013-03-05 09:45:00,87,other,NA,NA,NA,NA,1988,18030012,Below Normal,Below Normal,1987-10-01T00:00:00Z,1988-10-01T00:00:00Z,-119.494,36.1578
361578N1194935W001,948888,1987-10-08T00:00:00Z,235.76,234.26,0,56,179.76,56,54.5,NA,Unknown,Water level accuracy is unknown,1,Department of Water Resources,NA,5030,Tulare Irrigation District,NA,NA,17405,20S23E29J002M,20S23E29J002M,Unknown,Unknown,5-022.11,Kaweah,Tulare,NA,Unknown,Single Well,NA,1961-10-03 00:00:00 - 2013-03-05 09:45:00,87,fall,33.5,153,NA,NA,1988,18030012,Below Normal,Below Normal,1987-10-01T00:00:00Z,1988-10-01T00:00:00Z,-119.494,36.1578
361578N1194935W001,948887,1987-02-05T00:00:00Z,235.76,234.26,0,35,200.76,35,33.5,NA,Unknown,Water level accuracy is unknown,1,Department of Water Resources,NA,5030,Tulare Irrigation District,NA,NA,17405,20S23E29J002M,20S23E29J002M,Unknown,Unknown,5-022.11,Kaweah,Tulare,NA,Unknown,Single Well,NA,1961-10-03 00:00:00 - 2013-03-05 09:45:00,87,other,NA,NA,NA,NA,1987,18030012,Below Normal,Below Normal,1986-10-01T00:00:00Z,1987-10-01T00:00:00Z,-119.494,36.1578
361578N1194935W001,948886,1986-10-02T00:00:00Z,235.76,234.26,0,35,200.76,35,33.5,NA,Unknown,Water level accuracy is unknown,1,Department of Water Resources,NA,624,Bureau of Reclamation,NA,NA,17405,20S23E29J002M,20S23E29J002M,Unknown,Unknown,5-022.11,Kaweah,Tulare,NA,Unknown,Single Well,NA,1961-10-03 00:00:00 - 2013-03-05 09:45:00,87,fall,33.5,153,NA,NA,1987,18030012,Below Normal,Below Normal,1986-10-01T00:00:00Z,1987-10-01T00:00:00Z,-119.494,36.1578
361578N1194935W001,948885,1986-02-21T00:00:00Z,235.76,234.26,0,42,193.76,42,40.5,NA,Unknown,Water level accuracy is unknown,1,Department of Water Resources,NA,624,Bureau of Reclamation,NA,NA,17405,20S23E29J002M,20S23E29J002M,Unknown,Unknown,5-022.11,Kaweah,Tulare,NA,Unknown,Single Well,NA,1961-10-03 00:00:00 - 2013-03-05 09:45:00,87,other,NA,NA,NA,NA,1986,18030012,Above Normal,Above Normal,1985-10-01T00:00:00Z,1986-10-01T00:00:00Z,-119.494,36.1578
361578N1194935W001,948884,1985-10-02T00:00:00Z,235.76,234.26,0,50,185.76,50,48.5,NA,Unknown,Water level accuracy is unknown,1,Department of Water Resources,NA,624,Bureau of Reclamation,NA,NA,17405,20S23E29J002M,20S23E29J002M,Unknown,Unknown,5-022.11,Kaweah,Tulare,NA,Unknown,Single Well,NA,1961-10-03 00:00:00 - 2013-03-05 09:45:00,87,fall,33.5,153,NA,NA,1986,18030012,Above Normal,Above Normal,1985-10-01T00:00:00Z,1986-10-01T00:00:00Z,-119.494,36.1578
361578N1194935W001,948883,1985-02-25T00:00:00Z,235.76,234.26,0,40,195.76,40,38.5,NA,Unknown,Water level accuracy is unknown,1,Department of Water Resources,NA,624,Bureau of Reclamation,NA,NA,17405,20S23E29J002M,20S23E29J002M,Unknown,Unknown,5-022.11,Kaweah,Tulare,NA,Unknown,Single Well,NA,1961-10-03 00:00:00 - 2013-03-05 09:45:00,87,other,NA,NA,NA,NA,1985,18030012,Dry,Dry,1984-10-01T00:00:00Z,1985-10-01T00:00:00Z,-119.494,36.1578
361578N1194935W001,948882,1984-10-15T00:00:00Z,235.76,234.26,0,40,195.76,40,38.5,NA,Unknown,Water level accuracy is unknown,1,Department of Water Resources,NA,624,Bureau of Reclamation,NA,NA,17405,20S23E29J002M,20S23E29J002M,Unknown,Unknown,5-022.11,Kaweah,Tulare,NA,Unknown,Single Well,NA,1961-10-03 00:00:00 - 2013-03-05 09:45:00,87,fall,33.5,153,NA,NA,1985,18030012,Dry,Dry,1984-10-01T00:00:00Z,1985-10-01T00:00:00Z,-119.494,36.1578
361578N1194935W001,948881,1984-02-21T00:00:00Z,235.76,234.26,0,40.5,195.26,40.5,39,Oil or foreign substance in casing,Unknown,Water level accuracy is unknown,1,Department of Water Resources,NA,624,Bureau of Reclamation,NA,NA,17405,20S23E29J002M,20S23E29J002M,Unknown,Unknown,5-022.11,Kaweah,Tulare,NA,Unknown,Single Well,NA,1961-10-03 00:00:00 - 2013-03-05 09:45:00,87,other,NA,NA,NA,NA,1984,18030012,Above Normal,Above Normal,1983-10-01T00:00:00Z,1984-10-01T00:00:00Z,-119.494,36.1578
361578N1194935W001,948880,1983-10-19T00:00:00Z,235.76,234.26,0,46,189.76,46,44.5,NA,Unknown,Water level accuracy is unknown,1,Department of Water Resources,NA,624,Bureau of Reclamation,NA,NA,17405,20S23E29J002M,20S23E29J002M,Unknown,Unknown,5-022.11,Kaweah,Tulare,NA,Unknown,Single Well,NA,1961-10-03 00:00:00 - 2013-03-05 09:45:00,87,fall,33.5,153,NA,NA,1984,18030012,Above Normal,Above Normal,1983-10-01T00:00:00Z,1984-10-01T00:00:00Z,-119.494,36.1578
361578N1194935W001,948879,1983-02-17T00:00:00Z,235.76,234.26,NA,NA,NA,NA,NA,Unable to locate well,NA,NA,1,Department of Water Resources,NA,5030,Tulare Irrigation District,NA,NA,17405,20S23E29J002M,20S23E29J002M,Unknown,Unknown,5-022.11,Kaweah,Tulare,NA,Unknown,Single Well,NA,1961-10-03 00:00:00 - 2013-03-05 09:45:00,87,other,NA,NA,NA,NA,1983,18030012,Wet,Wet,1982-10-01T00:00:00Z,1983-10-01T00:00:00Z,-119.494,36.1578
361578N1194935W001,948878,1982-10-08T00:00:00Z,235.76,234.26,0,78,157.76,78,76.5,NA,Unknown,Water level accuracy is unknown,1,Department of Water Resources,NA,5030,Tulare Irrigation District,NA,NA,17405,20S23E29J002M,20S23E29J002M,Unknown,Unknown,5-022.11,Kaweah,Tulare,NA,Unknown,Single Well,NA,1961-10-03 00:00:00 - 2013-03-05 09:45:00,87,fall,33.5,153,NA,NA,1983,18030012,Wet,Wet,1982-10-01T00:00:00Z,1983-10-01T00:00:00Z,-119.494,36.1578
361578N1194935W001,948877,1982-02-11T00:00:00Z,235.76,234.26,0,75,160.76,75,73.5,NA,Unknown,Water level accuracy is unknown,1,Department of Water Resources,NA,624,Bureau of Reclamation,NA,NA,17405,20S23E29J002M,20S23E29J002M,Unknown,Unknown,5-022.11,Kaweah,Tulare,NA,Unknown,Single Well,NA,1961-10-03 00:00:00 - 2013-03-05 09:45:00,87,other,NA,NA,NA,NA,1982,18030012,Wet,Wet,1981-10-01T00:00:00Z,1982-10-01T00:00:00Z,-119.494,36.1578
361578N1194935W001,948876,1981-09-25T00:00:00Z,235.76,234.26,0,80,155.76,80,78.5,NA,Unknown,Water level accuracy is unknown,1,Department of Water Resources,NA,624,Bureau of Reclamation,NA,NA,17405,20S23E29J002M,20S23E29J002M,Unknown,Unknown,5-022.11,Kaweah,Tulare,NA,Unknown,Single Well,NA,1961-10-03 00:00:00 - 2013-03-05 09:45:00,87,fall,33.5,153,NA,NA,1981,18030012,Below Normal,Below Normal,1980-10-01T00:00:00Z,1981-10-01T00:00:00Z,-119.494,36.1578
361578N1194935W001,948875,1981-01-30T00:00:00Z,235.76,234.26,0,69.5,166.26,69.5,68,NA,Unknown,Water level accuracy is unknown,1,Department of Water Resources,NA,5030,Tulare Irrigation District,NA,NA,17405,20S23E29J002M,20S23E29J002M,Unknown,Unknown,5-022.11,Kaweah,Tulare,NA,Unknown,Single Well,NA,1961-10-03 00:00:00 - 2013-03-05 09:45:00,87,other,NA,NA,NA,NA,1981,18030012,Below Normal,Below Normal,1980-10-01T00:00:00Z,1981-10-01T00:00:00Z,-119.494,36.1578
361578N1194935W001,948874,1980-09-25T00:00:00Z,235.76,234.26,0,70.5,165.26,70.5,69,NA,Unknown,Water level accuracy is unknown,1,Department of Water Resources,NA,5030,Tulare Irrigation District,NA,NA,17405,20S23E29J002M,20S23E29J002M,Unknown,Unknown,5-022.11,Kaweah,Tulare,NA,Unknown,Single Well,NA,1961-10-03 00:00:00 - 2013-03-05 09:45:00,87,fall,33.5,153,NA,NA,1980,18030012,Wet,Wet,1979-10-01T00:00:00Z,1980-10-01T00:00:00Z,-119.494,36.1578
361578N1194935W001,948873,1980-01-28T00:00:00Z,235.76,234.26,0,89.5,146.26,89.5,88,NA,Unknown,Water level accuracy is unknown,1,Department of Water Resources,NA,5030,Tulare Irrigation District,NA,NA,17405,20S23E29J002M,20S23E29J002M,Unknown,Unknown,5-022.11,Kaweah,Tulare,NA,Unknown,Single Well,NA,1961-10-03 00:00:00 - 2013-03-05 09:45:00,87,other,NA,NA,NA,NA,1980,18030012,Wet,Wet,1979-10-01T00:00:00Z,1980-10-01T00:00:00Z,-119.494,36.1578
361578N1194935W001,948872,1979-09-27T00:00:00Z,235.76,234.26,0,87.5,148.26,87.5,86,NA,Unknown,Water level accuracy is unknown,1,Department of Water Resources,NA,5030,Tulare Irrigation District,NA,NA,17405,20S23E29J002M,20S23E29J002M,Unknown,Unknown,5-022.11,Kaweah,Tulare,NA,Unknown,Single Well,NA,1961-10-03 00:00:00 - 2013-03-05 09:45:00,87,fall,33.5,153,NA,NA,1979,18030012,Wet,Wet,1978-10-01T00:00:00Z,1979-10-01T00:00:00Z,-119.494,36.1578
361578N1194935W001,948871,1979-01-24T00:00:00Z,235.76,234.26,NA,NA,NA,NA,NA,Can't get tape in casing,NA,NA,1,Department of Water Resources,NA,5030,Tulare Irrigation District,NA,NA,17405,20S23E29J002M,20S23E29J002M,Unknown,Unknown,5-022.11,Kaweah,Tulare,NA,Unknown,Single Well,NA,1961-10-03 00:00:00 - 2013-03-05 09:45:00,87,other,NA,NA,NA,NA,1979,18030012,Wet,Wet,1978-10-01T00:00:00Z,1979-10-01T00:00:00Z,-119.494,36.1578
361578N1194935W001,948870,1978-02-01T00:00:00Z,235.76,234.26,NA,NA,NA,NA,NA,Can't get tape in casing,NA,NA,1,Department of Water Resources,NA,5030,Tulare Irrigation District,NA,NA,17405,20S23E29J002M,20S23E29J002M,Unknown,Unknown,5-022.11,Kaweah,Tulare,NA,Unknown,Single Well,NA,1961-10-03 00:00:00 - 2013-03-05 09:45:00,87,other,NA,NA,NA,NA,1978,18030012,Wet,Wet,1977-10-01T00:00:00Z,1978-10-01T00:00:00Z,-119.494,36.1578
361578N1194935W001,948869,1977-10-06T00:00:00Z,235.76,234.26,NA,NA,NA,NA,NA,Can't get tape in casing,NA,NA,1,Department of Water Resources,NA,5030,Tulare Irrigation District,NA,NA,17405,20S23E29J002M,20S23E29J002M,Unknown,Unknown,5-022.11,Kaweah,Tulare,NA,Unknown,Single Well,NA,1961-10-03 00:00:00 - 2013-03-05 09:45:00,87,fall,33.5,153,NA,NA,1978,18030012,Wet,Wet,1977-10-01T00:00:00Z,1978-10-01T00:00:00Z,-119.494,36.1578
361578N1194935W001,948868,1977-01-25T00:00:00Z,235.76,234.26,NA,NA,NA,NA,NA,Tape hung up,NA,NA,1,Department of Water Resources,NA,5030,Tulare Irrigation District,NA,NA,17405,20S23E29J002M,20S23E29J002M,Unknown,Unknown,5-022.11,Kaweah,Tulare,NA,Unknown,Single Well,NA,1961-10-03 00:00:00 - 2013-03-05 09:45:00,87,other,NA,NA,NA,NA,1977,18030012,Dry,Dry,1976-10-01T00:00:00Z,1977-10-01T00:00:00Z,-119.494,36.1578
361578N1194935W001,948867,1976-10-08T00:00:00Z,235.76,234.26,0,97.5,138.26,97.5,96,NA,Unknown,Water level accuracy is unknown,1,Department of Water Resources,NA,5030,Tulare Irrigation District,NA,NA,17405,20S23E29J002M,20S23E29J002M,Unknown,Unknown,5-022.11,Kaweah,Tulare,NA,Unknown,Single Well,NA,1961-10-03 00:00:00 - 2013-03-05 09:45:00,87,fall,33.5,153,NA,NA,1977,18030012,Dry,Dry,1976-10-01T00:00:00Z,1977-10-01T00:00:00Z,-119.494,36.1578
361578N1194935W001,948866,1976-07-29T00:00:00Z,235.76,234.26,0,90.5,145.26,90.5,89,NA,Unknown,Water level accuracy is unknown,1,Department of Water Resources,NA,5030,Tulare Irrigation District,NA,NA,17405,20S23E29J002M,20S23E29J002M,Unknown,Unknown,5-022.11,Kaweah,Tulare,NA,Unknown,Single Well,NA,1961-10-03 00:00:00 - 2013-03-05 09:45:00,87,other,NA,NA,NA,NA,1976,18030012,Above Normal,Above Normal,1975-10-01T00:00:00Z,1976-10-01T00:00:00Z,-119.494,36.1578
361578N1194935W001,948865,1976-01-28T00:00:00Z,235.76,234.26,NA,NA,NA,NA,NA,Can't get tape in casing,NA,NA,1,Department of Water Resources,NA,5030,Tulare Irrigation District,NA,NA,17405,20S23E29J002M,20S23E29J002M,Unknown,Unknown,5-022.11,Kaweah,Tulare,NA,Unknown,Single Well,NA,1961-10-03 00:00:00 - 2013-03-05 09:45:00,87,other,NA,NA,NA,NA,1976,18030012,Above Normal,Above Normal,1975-10-01T00:00:00Z,1976-10-01T00:00:00Z,-119.494,36.1578
361578N1194935W001,948864,1975-10-02T00:00:00Z,235.76,234.26,NA,NA,NA,NA,NA,Pumping,NA,NA,1,Department of Water Resources,NA,5030,Tulare Irrigation District,NA,NA,17405,20S23E29J002M,20S23E29J002M,Unknown,Unknown,5-022.11,Kaweah,Tulare,NA,Unknown,Single Well,NA,1961-10-03 00:00:00 - 2013-03-05 09:45:00,87,fall,33.5,153,NA,NA,1976,18030012,Above Normal,Above Normal,1975-10-01T00:00:00Z,1976-10-01T00:00:00Z,-119.494,36.1578
361578N1194935W001,948863,1975-02-11T00:00:00Z,235.76,234.26,0,77.5,158.26,77.5,76,NA,Unknown,Water level accuracy is unknown,1,Department of Water Resources,NA,5030,Tulare Irrigation District,NA,NA,17405,20S23E29J002M,20S23E29J002M,Unknown,Unknown,5-022.11,Kaweah,Tulare,NA,Unknown,Single Well,NA,1961-10-03 00:00:00 - 2013-03-05 09:45:00,87,other,NA,NA,NA,NA,1975,18030012,Above Normal,Above Normal,1974-10-01T00:00:00Z,1975-10-01T00:00:00Z,-119.494,36.1578
361578N1194935W001,948862,1974-10-02T00:00:00Z,235.76,234.26,0,78,157.76,78,76.5,NA,Unknown,Water level accuracy is unknown,1,Department of Water Resources,NA,5155,Kaweah Delta Water Conservation District,NA,NA,17405,20S23E29J002M,20S23E29J002M,Unknown,Unknown,5-022.11,Kaweah,Tulare,NA,Unknown,Single Well,NA,1961-10-03 00:00:00 - 2013-03-05 09:45:00,87,fall,33.5,153,NA,NA,1975,18030012,Above Normal,Above Normal,1974-10-01T00:00:00Z,1975-10-01T00:00:00Z,-119.494,36.1578
361578N1194935W001,948861,1974-01-24T00:00:00Z,235.76,234.26,0,82.5,153.26,82.5,81,NA,Unknown,Water level accuracy is unknown,1,Department of Water Resources,NA,5030,Tulare Irrigation District,NA,NA,17405,20S23E29J002M,20S23E29J002M,Unknown,Unknown,5-022.11,Kaweah,Tulare,NA,Unknown,Single Well,NA,1961-10-03 00:00:00 - 2013-03-05 09:45:00,87,other,NA,NA,NA,NA,1974,18030012,Wet,Wet,1973-10-01T00:00:00Z,1974-10-01T00:00:00Z,-119.494,36.1578
361578N1194935W001,948860,1973-10-02T00:00:00Z,235.76,234.26,0,94,141.76,94,92.5,NA,Unknown,Water level accuracy is unknown,1,Department of Water Resources,NA,5030,Tulare Irrigation District,NA,NA,17405,20S23E29J002M,20S23E29J002M,Unknown,Unknown,5-022.11,Kaweah,Tulare,NA,Unknown,Single Well,NA,1961-10-03 00:00:00 - 2013-03-05 09:45:00,87,fall,33.5,153,NA,NA,1974,18030012,Wet,Wet,1973-10-01T00:00:00Z,1974-10-01T00:00:00Z,-119.494,36.1578
361578N1194935W001,948859,1973-02-14T00:00:00Z,235.76,234.26,0,94,141.76,94,92.5,NA,Unknown,Water level accuracy is unknown,1,Department of Water Resources,NA,5030,Tulare Irrigation District,NA,NA,17405,20S23E29J002M,20S23E29J002M,Unknown,Unknown,5-022.11,Kaweah,Tulare,NA,Unknown,Single Well,NA,1961-10-03 00:00:00 - 2013-03-05 09:45:00,87,other,NA,NA,NA,NA,1973,18030012,Wet,Wet,1972-10-01T00:00:00Z,1973-10-01T00:00:00Z,-119.494,36.1578
361578N1194935W001,948858,1972-10-12T00:00:00Z,235.76,234.26,0,97,138.76,97,95.5,NA,Unknown,Water level accuracy is unknown,1,Department of Water Resources,NA,5030,Tulare Irrigation District,NA,NA,17405,20S23E29J002M,20S23E29J002M,Unknown,Unknown,5-022.11,Kaweah,Tulare,NA,Unknown,Single Well,NA,1961-10-03 00:00:00 - 2013-03-05 09:45:00,87,fall,33.5,153,NA,NA,1973,18030012,Wet,Wet,1972-10-01T00:00:00Z,1973-10-01T00:00:00Z,-119.494,36.1578
361578N1194935W001,948857,1972-02-23T00:00:00Z,235.76,234.26,0,93.9,141.86,93.9,92.4,NA,Unknown,Water level accuracy is unknown,1,Department of Water Resources,NA,5030,Tulare Irrigation District,NA,NA,17405,20S23E29J002M,20S23E29J002M,Unknown,Unknown,5-022.11,Kaweah,Tulare,NA,Unknown,Single Well,NA,1961-10-03 00:00:00 - 2013-03-05 09:45:00,87,other,NA,NA,NA,NA,1972,18030012,Critical,Critical,1971-10-01T00:00:00Z,1972-10-01T00:00:00Z,-119.494,36.1578
361578N1194935W001,948856,1971-10-11T00:00:00Z,235.76,234.26,0,85.5,150.26,85.5,84,NA,Unknown,Water level accuracy is unknown,1,Department of Water Resources,NA,5030,Tulare Irrigation District,NA,NA,17405,20S23E29J002M,20S23E29J002M,Unknown,Unknown,5-022.11,Kaweah,Tulare,NA,Unknown,Single Well,NA,1961-10-03 00:00:00 - 2013-03-05 09:45:00,87,fall,33.5,153,NA,NA,1972,18030012,Critical,Critical,1971-10-01T00:00:00Z,1972-10-01T00:00:00Z,-119.494,36.1578
361578N1194935W001,948855,1971-04-02T00:00:00Z,235.76,234.26,0,81,154.76,81,79.5,NA,Unknown,Water level accuracy is unknown,1,Department of Water Resources,NA,1,Department of Water Resources,NA,NA,17405,20S23E29J002M,20S23E29J002M,Unknown,Unknown,5-022.11,Kaweah,Tulare,NA,Unknown,Single Well,NA,1961-10-03 00:00:00 - 2013-03-05 09:45:00,87,spring,NA,NA,79.5,154.5,1971,18030012,Dry,Dry,1970-10-01T00:00:00Z,1971-10-01T00:00:00Z,-119.494,36.1578
361578N1194935W001,948854,1971-02-17T00:00:00Z,235.76,234.26,0,79.9,155.86,79.9,78.4,NA,Unknown,Water level accuracy is unknown,1,Department of Water Resources,NA,5030,Tulare Irrigation District,NA,NA,17405,20S23E29J002M,20S23E29J002M,Unknown,Unknown,5-022.11,Kaweah,Tulare,NA,Unknown,Single Well,NA,1961-10-03 00:00:00 - 2013-03-05 09:45:00,87,other,NA,NA,NA,NA,1971,18030012,Dry,Dry,1970-10-01T00:00:00Z,1971-10-01T00:00:00Z,-119.494,36.1578
361578N1194935W001,948853,1970-10-07T00:00:00Z,235.76,234.26,0,85.3,150.46,85.3,83.8,NA,Unknown,Water level accuracy is unknown,1,Department of Water Resources,NA,5030,Tulare Irrigation District,NA,NA,17405,20S23E29J002M,20S23E29J002M,Unknown,Unknown,5-022.11,Kaweah,Tulare,NA,Unknown,Single Well,NA,1961-10-03 00:00:00 - 2013-03-05 09:45:00,87,fall,33.5,153,NA,NA,1971,18030012,Dry,Dry,1970-10-01T00:00:00Z,1971-10-01T00:00:00Z,-119.494,36.1578
361578N1194935W001,948852,1970-02-04T00:00:00Z,235.76,234.26,0,71.5,164.26,71.5,70,NA,Unknown,Water level accuracy is unknown,1,Department of Water Resources,NA,5030,Tulare Irrigation District,NA,NA,17405,20S23E29J002M,20S23E29J002M,Unknown,Unknown,5-022.11,Kaweah,Tulare,NA,Unknown,Single Well,NA,1961-10-03 00:00:00 - 2013-03-05 09:45:00,87,other,NA,NA,NA,NA,1970,18030012,Wet,Wet,1969-10-01T00:00:00Z,1970-10-01T00:00:00Z,-119.494,36.1578
361578N1194935W001,948851,1969-10-01T00:00:00Z,235.76,234.26,0,88,147.76,88,86.5,NA,Unknown,Water level accuracy is unknown,1,Department of Water Resources,NA,624,Bureau of Reclamation,NA,NA,17405,20S23E29J002M,20S23E29J002M,Unknown,Unknown,5-022.11,Kaweah,Tulare,NA,Unknown,Single Well,NA,1961-10-03 00:00:00 - 2013-03-05 09:45:00,87,fall,33.5,153,NA,NA,1970,18030012,Wet,Wet,1969-10-01T00:00:00Z,1970-10-01T00:00:00Z,-119.494,36.1578
361578N1194935W001,948850,1969-02-05T00:00:00Z,235.76,234.26,0,98,137.76,98,96.5,NA,Unknown,Water level accuracy is unknown,1,Department of Water Resources,NA,5030,Tulare Irrigation District,NA,NA,17405,20S23E29J002M,20S23E29J002M,Unknown,Unknown,5-022.11,Kaweah,Tulare,NA,Unknown,Single Well,NA,1961-10-03 00:00:00 - 2013-03-05 09:45:00,87,other,NA,NA,NA,NA,1969,18030012,Wet,Wet,1968-10-01T00:00:00Z,1969-10-01T00:00:00Z,-119.494,36.1578
361578N1194935W001,948849,1968-02-01T00:00:00Z,235.76,234.26,0,91.8,143.96,91.8,90.3,NA,Unknown,Water level accuracy is unknown,1,Department of Water Resources,NA,5030,Tulare Irrigation District,NA,NA,17405,20S23E29J002M,20S23E29J002M,Unknown,Unknown,5-022.11,Kaweah,Tulare,NA,Unknown,Single Well,NA,1961-10-03 00:00:00 - 2013-03-05 09:45:00,87,other,NA,NA,NA,NA,1968,18030012,Below Normal,Below Normal,1967-10-01T00:00:00Z,1968-10-01T00:00:00Z,-119.494,36.1578
361578N1194935W001,948848,1967-02-13T00:00:00Z,235.76,234.26,0,101.2,134.56,101.2,99.7,NA,Unknown,Water level accuracy is unknown,1,Department of Water Resources,NA,5030,Tulare Irrigation District,NA,NA,17405,20S23E29J002M,20S23E29J002M,Unknown,Unknown,5-022.11,Kaweah,Tulare,NA,Unknown,Single Well,NA,1961-10-03 00:00:00 - 2013-03-05 09:45:00,87,other,NA,NA,NA,NA,1967,18030012,Wet,Wet,1966-10-01T00:00:00Z,1967-10-01T00:00:00Z,-119.494,36.1578
361578N1194935W001,948847,1966-02-02T00:00:00Z,235.76,234.26,0,96.3,139.46,96.3,94.8,NA,Unknown,Water level accuracy is unknown,1,Department of Water Resources,NA,5030,Tulare Irrigation District,NA,NA,17405,20S23E29J002M,20S23E29J002M,Unknown,Unknown,5-022.11,Kaweah,Tulare,NA,Unknown,Single Well,NA,1961-10-03 00:00:00 - 2013-03-05 09:45:00,87,other,NA,NA,NA,NA,1966,18030012,Below Normal,Below Normal,1965-10-01T00:00:00Z,1966-10-01T00:00:00Z,-119.494,36.1578
361578N1194935W001,948846,1965-02-03T00:00:00Z,235.76,234.26,0,104.8,130.96,104.8,103.3,NA,Unknown,Water level accuracy is unknown,1,Department of Water Resources,NA,5030,Tulare Irrigation District,NA,NA,17405,20S23E29J002M,20S23E29J002M,Unknown,Unknown,5-022.11,Kaweah,Tulare,NA,Unknown,Single Well,NA,1961-10-03 00:00:00 - 2013-03-05 09:45:00,87,other,NA,NA,NA,NA,1965,18030012,Below Normal,Below Normal,1964-10-01T00:00:00Z,1965-10-01T00:00:00Z,-119.494,36.1578
361578N1194935W001,948845,1964-09-30T00:00:00Z,235.76,234.26,0,110.5,125.26,110.5,109,NA,Unknown,Water level accuracy is unknown,1,Department of Water Resources,NA,5030,Tulare Irrigation District,NA,NA,17405,20S23E29J002M,20S23E29J002M,Unknown,Unknown,5-022.11,Kaweah,Tulare,NA,Unknown,Single Well,NA,1961-10-03 00:00:00 - 2013-03-05 09:45:00,87,fall,33.5,153,NA,NA,1964,18030012,Dry,Dry,1963-10-01T00:00:00Z,1964-10-01T00:00:00Z,-119.494,36.1578
361578N1194935W001,948844,1964-02-06T00:00:00Z,235.76,234.26,0,97.8,137.96,97.8,96.3,NA,Unknown,Water level accuracy is unknown,1,Department of Water Resources,NA,5030,Tulare Irrigation District,NA,NA,17405,20S23E29J002M,20S23E29J002M,Unknown,Unknown,5-022.11,Kaweah,Tulare,NA,Unknown,Single Well,NA,1961-10-03 00:00:00 - 2013-03-05 09:45:00,87,other,NA,NA,NA,NA,1964,18030012,Dry,Dry,1963-10-01T00:00:00Z,1964-10-01T00:00:00Z,-119.494,36.1578
361578N1194935W001,948843,1963-02-08T00:00:00Z,235.76,234.26,0,100,135.76,100,98.5,NA,Unknown,Water level accuracy is unknown,1,Department of Water Resources,NA,5030,Tulare Irrigation District,NA,NA,17405,20S23E29J002M,20S23E29J002M,Unknown,Unknown,5-022.11,Kaweah,Tulare,NA,Unknown,Single Well,NA,1961-10-03 00:00:00 - 2013-03-05 09:45:00,87,other,NA,NA,NA,NA,1963,18030012,Above Normal,Above Normal,1962-10-01T00:00:00Z,1963-10-01T00:00:00Z,-119.494,36.1578
361578N1194935W001,948842,1962-02-08T00:00:00Z,235.76,234.26,0,105.9,129.86,105.9,104.4,NA,Unknown,Water level accuracy is unknown,1,Department of Water Resources,NA,5030,Tulare Irrigation District,NA,NA,17405,20S23E29J002M,20S23E29J002M,Unknown,Unknown,5-022.11,Kaweah,Tulare,NA,Unknown,Single Well,NA,1961-10-03 00:00:00 - 2013-03-05 09:45:00,87,other,NA,NA,NA,NA,1962,18030012,Above Normal,Above Normal,1961-10-01T00:00:00Z,1962-10-01T00:00:00Z,-119.494,36.1578
361578N1194935W001,948841,1961-10-03T00:00:00Z,235.76,234.26,0,112.8,122.96,112.8,111.3,NA,Unknown,Water level accuracy is unknown,1,Department of Water Resources,NA,5030,Tulare Irrigation District,NA,NA,17405,20S23E29J002M,20S23E29J002M,Unknown,Unknown,5-022.11,Kaweah,Tulare,NA,Unknown,Single Well,NA,1961-10-03 00:00:00 - 2013-03-05 09:45:00,87,fall,33.5,153,NA,NA,1962,18030012,Above Normal,Above Normal,1961-10-01T00:00:00Z,1962-10-01T00:00:00Z,-119.494,36.1578
