SITE_CODE,WLM_ID,MSMT_DATE,WLM_RPE,WLM_GSE,RDNG_WS,RDNG_RP,WSE,RPE_WSE,GSE_WSE,WLM_QA_DESC,WLM_DESC,WLM_ACC_DESC,WLM_ORG_ID,WLM_ORG_NAME,MSMT_CMT,COOP_AGENCY_ORG_ID,COOP_ORG_NAME,TOP_PRF,BOT_PRF,STN_ID,SWN,WELL_NAME,WLM_METHOD,WLM_ACC,BASIN_CODE,BASIN_NAME,COUNTY_NAME,WELL_DEPTH,WELL_USE,WELL_TYPE,WCR_NO,t_range,n_samples,season,fall_high,fall_low,spring_high,spring_low,water_year,HUC8,WYT,water_year_type,water_year_start,water_year_end,X,Y
361678N1194027W001,950042,1975-02-24T00:00:00Z,256.72,255.72,NA,NA,NA,NA,NA,Well has been destroyed,NA,NA,1,Department of Water Resources,NA,5155,Kaweah Delta Water Conservation District,NA,NA,17425,20S24E19R001M,NA,Unknown,Unknown,5-022.11,Kaweah,Tulare,NA,Unknown,Unknown,NA,1972-02-04 - 1975-02-24,6,other,NA,NA,NA,NA,1975,18030012,Above Normal,Above Normal,1974-10-01T00:00:00Z,1975-10-01T00:00:00Z,-119.403,36.1678
361678N1194027W001,950041,1974-10-08T00:00:00Z,256.72,255.72,NA,NA,NA,NA,NA,Pumping,NA,NA,1,Department of Water Resources,NA,5155,Kaweah Delta Water Conservation District,NA,NA,17425,20S24E19R001M,NA,Unknown,Unknown,5-022.11,Kaweah,Tulare,NA,Unknown,Unknown,NA,1972-02-04 - 1975-02-24,6,fall,Inf,-Inf,NA,NA,1975,18030012,Above Normal,Above Normal,1974-10-01T00:00:00Z,1975-10-01T00:00:00Z,-119.403,36.1678
361678N1194027W001,950040,1974-01-31T00:00:00Z,256.72,255.72,NA,NA,NA,NA,NA,Pumping,NA,NA,1,Department of Water Resources,NA,5155,Kaweah Delta Water Conservation District,NA,NA,17425,20S24E19R001M,NA,Unknown,Unknown,5-022.11,Kaweah,Tulare,NA,Unknown,Unknown,NA,1972-02-04 - 1975-02-24,6,other,NA,NA,NA,NA,1974,18030012,Wet,Wet,1973-10-01T00:00:00Z,1974-10-01T00:00:00Z,-119.403,36.1678
361678N1194027W001,950039,1973-02-15T00:00:00Z,256.72,255.72,NA,NA,NA,NA,NA,Pumping,NA,NA,1,Department of Water Resources,NA,5155,Kaweah Delta Water Conservation District,NA,NA,17425,20S24E19R001M,NA,Unknown,Unknown,5-022.11,Kaweah,Tulare,NA,Unknown,Unknown,NA,1972-02-04 - 1975-02-24,6,other,NA,NA,NA,NA,1973,18030012,Wet,Wet,1972-10-01T00:00:00Z,1973-10-01T00:00:00Z,-119.403,36.1678
361678N1194027W001,950038,1972-10-04T00:00:00Z,256.72,255.72,NA,NA,NA,NA,NA,Pumping,NA,NA,1,Department of Water Resources,NA,5155,Kaweah Delta Water Conservation District,NA,NA,17425,20S24E19R001M,NA,Unknown,Unknown,5-022.11,Kaweah,Tulare,NA,Unknown,Unknown,NA,1972-02-04 - 1975-02-24,6,fall,Inf,-Inf,NA,NA,1973,18030012,Wet,Wet,1972-10-01T00:00:00Z,1973-10-01T00:00:00Z,-119.403,36.1678
361678N1194027W001,950037,1972-02-04T00:00:00Z,256.72,255.72,NA,NA,NA,NA,NA,Pumping,NA,NA,1,Department of Water Resources,NA,5155,Kaweah Delta Water Conservation District,NA,NA,17425,20S24E19R001M,NA,Unknown,Unknown,5-022.11,Kaweah,Tulare,NA,Unknown,Unknown,NA,1972-02-04 - 1975-02-24,6,other,NA,NA,NA,NA,1972,18030012,Critical,Critical,1971-10-01T00:00:00Z,1972-10-01T00:00:00Z,-119.403,36.1678
