SITE_CODE,WLM_ID,MSMT_DATE,WLM_RPE,WLM_GSE,RDNG_WS,RDNG_RP,WSE,RPE_WSE,GSE_WSE,WLM_QA_DESC,WLM_DESC,WLM_ACC_DESC,WLM_ORG_ID,WLM_ORG_NAME,MSMT_CMT,COOP_AGENCY_ORG_ID,COOP_ORG_NAME,TOP_PRF,BOT_PRF,STN_ID,SWN,WELL_NAME,WLM_METHOD,WLM_ACC,BASIN_CODE,BASIN_NAME,COUNTY_NAME,WELL_DEPTH,WELL_USE,WELL_TYPE,WCR_NO,t_range,n_samples,season,fall_high,fall_low,spring_high,spring_low,water_year,HUC8,WYT,water_year_type,water_year_start,water_year_end,X,Y
361665N1194735W001,2170009,2015-10-05T00:00:00Z,230.98,229.76,NA,NA,NA,NA,NA,Temporarily inaccessible,NA,NA,5030,Tulare Irrigation District,NA,5030,Tulare Irrigation District,NA,NA,48645,NA,202327D1,Surveyed to a benchmark,0.1 ft.,5-022.11,Kaweah,Tulare,NA,Irrigation,Single Well,NA,2011-02-22 09:00:00 - 2015-10-05 00:00:00,10,fall,120.78,144.78,NA,NA,2016,18030012,Below Normal,Below Normal,2015-10-01T00:00:00Z,2016-10-01T00:00:00Z,-119.474,36.1665
361665N1194735W001,2137567,2015-03-16T10:00:00Z,230.98,229.76,NA,NA,NA,NA,NA,Tape hung up,NA,NA,5030,Tulare Irrigation District,NA,5030,Tulare Irrigation District,NA,NA,48645,NA,202327D1,Surveyed to a benchmark,0.1 ft.,5-022.11,Kaweah,Tulare,NA,Irrigation,Single Well,NA,2011-02-22 09:00:00 - 2015-10-05 00:00:00,10,spring,NA,NA,Inf,-Inf,2015,18030012,Critical,Critical,2014-10-01T00:00:00Z,2015-10-01T00:00:00Z,-119.474,36.1665
361665N1194735W001,2137566,2014-10-17T11:00:00Z,230.98,229.76,NA,NA,NA,NA,NA,Pumping,NA,NA,5030,Tulare Irrigation District,NA,5030,Tulare Irrigation District,NA,NA,48645,NA,202327D1,Surveyed to a benchmark,0.1 ft.,5-022.11,Kaweah,Tulare,NA,Irrigation,Single Well,NA,2011-02-22 09:00:00 - 2015-10-05 00:00:00,10,fall,120.78,144.78,NA,NA,2015,18030012,Critical,Critical,2014-10-01T00:00:00Z,2015-10-01T00:00:00Z,-119.474,36.1665
361665N1194735W001,2137565,2014-02-15T10:50:00Z,230.98,229.76,NA,NA,NA,NA,NA,Pumping,NA,NA,5030,Tulare Irrigation District,NA,5030,Tulare Irrigation District,NA,NA,48645,NA,202327D1,Surveyed to a benchmark,0.1 ft.,5-022.11,Kaweah,Tulare,NA,Irrigation,Single Well,NA,2011-02-22 09:00:00 - 2015-10-05 00:00:00,10,other,NA,NA,NA,NA,2014,18030012,Critical,Critical,2013-10-01T00:00:00Z,2014-10-01T00:00:00Z,-119.474,36.1665
361665N1194735W001,2137564,2013-10-07T10:20:00Z,230.98,229.76,19,165,84.98,146,144.78,NA,Steel tape measurement,Water level accuracy to nearest foot,5030,Tulare Irrigation District,NA,5030,Tulare Irrigation District,NA,NA,48645,NA,202327D1,Surveyed to a benchmark,0.1 ft.,5-022.11,Kaweah,Tulare,NA,Irrigation,Single Well,NA,2011-02-22 09:00:00 - 2015-10-05 00:00:00,10,fall,120.78,144.78,NA,NA,2014,18030012,Critical,Critical,2013-10-01T00:00:00Z,2014-10-01T00:00:00Z,-119.474,36.1665
361665N1194735W001,2137563,2013-03-06T10:00:00Z,230.98,229.76,NA,NA,NA,NA,NA,Pumping,NA,NA,5030,Tulare Irrigation District,NA,5030,Tulare Irrigation District,NA,NA,48645,NA,202327D1,Surveyed to a benchmark,0.1 ft.,5-022.11,Kaweah,Tulare,NA,Irrigation,Single Well,NA,2011-02-22 09:00:00 - 2015-10-05 00:00:00,10,spring,NA,NA,Inf,-Inf,2013,18030012,Critical,Critical,2012-10-01T00:00:00Z,2013-10-01T00:00:00Z,-119.474,36.1665
361665N1194735W001,2137562,2012-10-23T11:00:00Z,230.98,229.76,NA,NA,NA,NA,NA,Pumping,NA,NA,5030,Tulare Irrigation District,NA,5030,Tulare Irrigation District,NA,NA,48645,NA,202327D1,Surveyed to a benchmark,0.1 ft.,5-022.11,Kaweah,Tulare,NA,Irrigation,Single Well,NA,2011-02-22 09:00:00 - 2015-10-05 00:00:00,10,fall,120.78,144.78,NA,NA,2013,18030012,Critical,Critical,2012-10-01T00:00:00Z,2013-10-01T00:00:00Z,-119.474,36.1665
361665N1194735W001,2137561,2012-02-15T09:55:00Z,230.98,229.76,0,119,111.98,119,117.78,NA,Electric sounder measurement,Water level accuracy to nearest foot,5030,Tulare Irrigation District,NA,5030,Tulare Irrigation District,NA,NA,48645,NA,202327D1,Surveyed to a benchmark,0.1 ft.,5-022.11,Kaweah,Tulare,NA,Irrigation,Single Well,NA,2011-02-22 09:00:00 - 2015-10-05 00:00:00,10,other,NA,NA,NA,NA,2012,18030012,Below Normal,Below Normal,2011-10-01T00:00:00Z,2012-10-01T00:00:00Z,-119.474,36.1665
361665N1194735W001,37325,2011-10-10T10:00:00Z,230.98,229.76,0,122,108.98,122,120.78,NA,Electric sounder measurement,Water level accuracy to nearest tenth of a foot,5030,Tulare Irrigation District,NA,5030,Tulare Irrigation District,NA,NA,48645,NA,202327D1,Surveyed to a benchmark,0.1 ft.,5-022.11,Kaweah,Tulare,NA,Irrigation,Single Well,NA,2011-02-22 09:00:00 - 2015-10-05 00:00:00,10,fall,120.78,144.78,NA,NA,2012,18030012,Below Normal,Below Normal,2011-10-01T00:00:00Z,2012-10-01T00:00:00Z,-119.474,36.1665
361665N1194735W001,2137560,2011-02-22T09:00:00Z,230.98,229.76,0,129,101.98,129,127.78,NA,Electric sounder measurement,Water level accuracy to nearest foot,5030,Tulare Irrigation District,NA,5030,Tulare Irrigation District,NA,NA,48645,NA,202327D1,Surveyed to a benchmark,0.1 ft.,5-022.11,Kaweah,Tulare,NA,Irrigation,Single Well,NA,2011-02-22 09:00:00 - 2015-10-05 00:00:00,10,other,NA,NA,NA,NA,2011,18030012,Wet,Wet,2010-10-01T00:00:00Z,2011-10-01T00:00:00Z,-119.474,36.1665
