SITE_CODE,WLM_ID,MSMT_DATE,WLM_RPE,WLM_GSE,RDNG_WS,RDNG_RP,WSE,RPE_WSE,GSE_WSE,WLM_QA_DESC,WLM_DESC,WLM_ACC_DESC,WLM_ORG_ID,WLM_ORG_NAME,MSMT_CMT,COOP_AGENCY_ORG_ID,COOP_ORG_NAME,TOP_PRF,BOT_PRF,STN_ID,SWN,WELL_NAME,WLM_METHOD,WLM_ACC,BASIN_CODE,BASIN_NAME,COUNTY_NAME,WELL_DEPTH,WELL_USE,WELL_TYPE,WCR_NO,t_range,n_samples,season,fall_high,fall_low,spring_high,spring_low,water_year,HUC8,WYT,water_year_type,water_year_start,water_year_end,X,Y
361747N1193754W001,950147,1983-10-11T00:00:00Z,267.22,266.72,NA,NA,NA,NA,NA,Well has been destroyed,NA,NA,1,Department of Water Resources,NA,624,Bureau of Reclamation,NA,NA,35006,20S24E21L001M,NA,Unknown,Unknown,5-022.11,Kaweah,Tulare,NA,Unknown,Unknown,NA,1968-02-01 - 1983-10-11,31,fall,62,93.5,NA,NA,1984,18030012,Above Normal,Above Normal,1983-10-01T00:00:00Z,1984-10-01T00:00:00Z,-119.375,36.1747
361747N1193754W001,950146,1983-02-09T00:00:00Z,267.22,266.72,0,58,209.22,58,57.5,Oil or foreign substance in casing,Unknown,Water level accuracy is unknown,1,Department of Water Resources,NA,5030,Tulare Irrigation District,NA,NA,35006,20S24E21L001M,NA,Unknown,Unknown,5-022.11,Kaweah,Tulare,NA,Unknown,Unknown,NA,1968-02-01 - 1983-10-11,31,other,NA,NA,NA,NA,1983,18030012,Wet,Wet,1982-10-01T00:00:00Z,1983-10-01T00:00:00Z,-119.375,36.1747
361747N1193754W001,950145,1982-10-08T00:00:00Z,267.22,266.72,0,62.5,204.72,62.5,62,NA,Unknown,Water level accuracy is unknown,1,Department of Water Resources,NA,5030,Tulare Irrigation District,NA,NA,35006,20S24E21L001M,NA,Unknown,Unknown,5-022.11,Kaweah,Tulare,NA,Unknown,Unknown,NA,1968-02-01 - 1983-10-11,31,fall,62,93.5,NA,NA,1983,18030012,Wet,Wet,1982-10-01T00:00:00Z,1983-10-01T00:00:00Z,-119.375,36.1747
361747N1193754W001,950144,1982-02-04T00:00:00Z,267.22,266.72,0,74,193.22,74,73.5,NA,Unknown,Water level accuracy is unknown,1,Department of Water Resources,NA,624,Bureau of Reclamation,NA,NA,35006,20S24E21L001M,NA,Unknown,Unknown,5-022.11,Kaweah,Tulare,NA,Unknown,Unknown,NA,1968-02-01 - 1983-10-11,31,other,NA,NA,NA,NA,1982,18030012,Wet,Wet,1981-10-01T00:00:00Z,1982-10-01T00:00:00Z,-119.375,36.1747
361747N1193754W001,950143,1981-09-23T00:00:00Z,267.22,266.72,0,72.5,194.72,72.5,72,NA,Unknown,Water level accuracy is unknown,1,Department of Water Resources,NA,624,Bureau of Reclamation,NA,NA,35006,20S24E21L001M,NA,Unknown,Unknown,5-022.11,Kaweah,Tulare,NA,Unknown,Unknown,NA,1968-02-01 - 1983-10-11,31,fall,62,93.5,NA,NA,1981,18030012,Below Normal,Below Normal,1980-10-01T00:00:00Z,1981-10-01T00:00:00Z,-119.375,36.1747
361747N1193754W001,950142,1981-01-26T00:00:00Z,267.22,266.72,0,68.5,198.72,68.5,68,NA,Unknown,Water level accuracy is unknown,1,Department of Water Resources,NA,5030,Tulare Irrigation District,NA,NA,35006,20S24E21L001M,NA,Unknown,Unknown,5-022.11,Kaweah,Tulare,NA,Unknown,Unknown,NA,1968-02-01 - 1983-10-11,31,other,NA,NA,NA,NA,1981,18030012,Below Normal,Below Normal,1980-10-01T00:00:00Z,1981-10-01T00:00:00Z,-119.375,36.1747
361747N1193754W001,950141,1980-09-23T00:00:00Z,267.22,266.72,0,75,192.22,75,74.5,NA,Unknown,Water level accuracy is unknown,1,Department of Water Resources,NA,5030,Tulare Irrigation District,NA,NA,35006,20S24E21L001M,NA,Unknown,Unknown,5-022.11,Kaweah,Tulare,NA,Unknown,Unknown,NA,1968-02-01 - 1983-10-11,31,fall,62,93.5,NA,NA,1980,18030012,Wet,Wet,1979-10-01T00:00:00Z,1980-10-01T00:00:00Z,-119.375,36.1747
361747N1193754W001,950140,1980-01-30T00:00:00Z,267.22,266.72,0,73,194.22,73,72.5,NA,Unknown,Water level accuracy is unknown,1,Department of Water Resources,NA,5030,Tulare Irrigation District,NA,NA,35006,20S24E21L001M,NA,Unknown,Unknown,5-022.11,Kaweah,Tulare,NA,Unknown,Unknown,NA,1968-02-01 - 1983-10-11,31,other,NA,NA,NA,NA,1980,18030012,Wet,Wet,1979-10-01T00:00:00Z,1980-10-01T00:00:00Z,-119.375,36.1747
361747N1193754W001,950139,1979-09-27T00:00:00Z,267.22,266.72,0,85.5,181.72,85.5,85,NA,Unknown,Water level accuracy is unknown,1,Department of Water Resources,NA,5030,Tulare Irrigation District,NA,NA,35006,20S24E21L001M,NA,Unknown,Unknown,5-022.11,Kaweah,Tulare,NA,Unknown,Unknown,NA,1968-02-01 - 1983-10-11,31,fall,62,93.5,NA,NA,1979,18030012,Wet,Wet,1978-10-01T00:00:00Z,1979-10-01T00:00:00Z,-119.375,36.1747
361747N1193754W001,950138,1979-01-25T00:00:00Z,267.22,266.72,0,78.5,188.72,78.5,78,NA,Unknown,Water level accuracy is unknown,1,Department of Water Resources,NA,5030,Tulare Irrigation District,NA,NA,35006,20S24E21L001M,NA,Unknown,Unknown,5-022.11,Kaweah,Tulare,NA,Unknown,Unknown,NA,1968-02-01 - 1983-10-11,31,other,NA,NA,NA,NA,1979,18030012,Wet,Wet,1978-10-01T00:00:00Z,1979-10-01T00:00:00Z,-119.375,36.1747
361747N1193754W001,950137,1978-10-05T00:00:00Z,267.22,266.72,0,87,180.22,87,86.5,NA,Unknown,Water level accuracy is unknown,1,Department of Water Resources,NA,5030,Tulare Irrigation District,NA,NA,35006,20S24E21L001M,NA,Unknown,Unknown,5-022.11,Kaweah,Tulare,NA,Unknown,Unknown,NA,1968-02-01 - 1983-10-11,31,fall,62,93.5,NA,NA,1979,18030012,Wet,Wet,1978-10-01T00:00:00Z,1979-10-01T00:00:00Z,-119.375,36.1747
361747N1193754W001,950136,1978-02-01T00:00:00Z,267.22,266.72,0,94,173.22,94,93.5,NA,Unknown,Water level accuracy is unknown,1,Department of Water Resources,NA,5030,Tulare Irrigation District,NA,NA,35006,20S24E21L001M,NA,Unknown,Unknown,5-022.11,Kaweah,Tulare,NA,Unknown,Unknown,NA,1968-02-01 - 1983-10-11,31,other,NA,NA,NA,NA,1978,18030012,Wet,Wet,1977-10-01T00:00:00Z,1978-10-01T00:00:00Z,-119.375,36.1747
361747N1193754W001,950135,1977-10-06T00:00:00Z,267.22,266.72,0,94,173.22,94,93.5,NA,Unknown,Water level accuracy is unknown,1,Department of Water Resources,NA,5030,Tulare Irrigation District,NA,NA,35006,20S24E21L001M,NA,Unknown,Unknown,5-022.11,Kaweah,Tulare,NA,Unknown,Unknown,NA,1968-02-01 - 1983-10-11,31,fall,62,93.5,NA,NA,1978,18030012,Wet,Wet,1977-10-01T00:00:00Z,1978-10-01T00:00:00Z,-119.375,36.1747
361747N1193754W001,950134,1977-01-26T00:00:00Z,267.22,266.72,0,83,184.22,83,82.5,NA,Unknown,Water level accuracy is unknown,1,Department of Water Resources,NA,5030,Tulare Irrigation District,NA,NA,35006,20S24E21L001M,NA,Unknown,Unknown,5-022.11,Kaweah,Tulare,NA,Unknown,Unknown,NA,1968-02-01 - 1983-10-11,31,other,NA,NA,NA,NA,1977,18030012,Dry,Dry,1976-10-01T00:00:00Z,1977-10-01T00:00:00Z,-119.375,36.1747
361747N1193754W001,950133,1976-10-08T00:00:00Z,267.22,266.72,0,93.5,173.72,93.5,93,NA,Unknown,Water level accuracy is unknown,1,Department of Water Resources,NA,5030,Tulare Irrigation District,NA,NA,35006,20S24E21L001M,NA,Unknown,Unknown,5-022.11,Kaweah,Tulare,NA,Unknown,Unknown,NA,1968-02-01 - 1983-10-11,31,fall,62,93.5,NA,NA,1977,18030012,Dry,Dry,1976-10-01T00:00:00Z,1977-10-01T00:00:00Z,-119.375,36.1747
361747N1193754W001,950132,1976-01-27T00:00:00Z,267.22,266.72,0,77.5,189.72,77.5,77,NA,Unknown,Water level accuracy is unknown,1,Department of Water Resources,NA,5030,Tulare Irrigation District,NA,NA,35006,20S24E21L001M,NA,Unknown,Unknown,5-022.11,Kaweah,Tulare,NA,Unknown,Unknown,NA,1968-02-01 - 1983-10-11,31,other,NA,NA,NA,NA,1976,18030012,Above Normal,Above Normal,1975-10-01T00:00:00Z,1976-10-01T00:00:00Z,-119.375,36.1747
361747N1193754W001,950131,1975-09-30T00:00:00Z,267.22,266.72,0,80,187.22,80,79.5,NA,Unknown,Water level accuracy is unknown,1,Department of Water Resources,NA,5030,Tulare Irrigation District,NA,NA,35006,20S24E21L001M,NA,Unknown,Unknown,5-022.11,Kaweah,Tulare,NA,Unknown,Unknown,NA,1968-02-01 - 1983-10-11,31,fall,62,93.5,NA,NA,1975,18030012,Above Normal,Above Normal,1974-10-01T00:00:00Z,1975-10-01T00:00:00Z,-119.375,36.1747
361747N1193754W001,950130,1975-02-10T00:00:00Z,267.22,266.72,0,78,189.22,78,77.5,NA,Unknown,Water level accuracy is unknown,1,Department of Water Resources,NA,5030,Tulare Irrigation District,NA,NA,35006,20S24E21L001M,NA,Unknown,Unknown,5-022.11,Kaweah,Tulare,NA,Unknown,Unknown,NA,1968-02-01 - 1983-10-11,31,other,NA,NA,NA,NA,1975,18030012,Above Normal,Above Normal,1974-10-01T00:00:00Z,1975-10-01T00:00:00Z,-119.375,36.1747
361747N1193754W001,950129,1974-10-02T00:00:00Z,267.22,266.72,0,76,191.22,76,75.5,NA,Unknown,Water level accuracy is unknown,1,Department of Water Resources,NA,5155,Kaweah Delta Water Conservation District,NA,NA,35006,20S24E21L001M,NA,Unknown,Unknown,5-022.11,Kaweah,Tulare,NA,Unknown,Unknown,NA,1968-02-01 - 1983-10-11,31,fall,62,93.5,NA,NA,1975,18030012,Above Normal,Above Normal,1974-10-01T00:00:00Z,1975-10-01T00:00:00Z,-119.375,36.1747
361747N1193754W001,950128,1974-01-25T00:00:00Z,267.22,266.72,0,74.5,192.72,74.5,74,NA,Unknown,Water level accuracy is unknown,1,Department of Water Resources,NA,5030,Tulare Irrigation District,NA,NA,35006,20S24E21L001M,NA,Unknown,Unknown,5-022.11,Kaweah,Tulare,NA,Unknown,Unknown,NA,1968-02-01 - 1983-10-11,31,other,NA,NA,NA,NA,1974,18030012,Wet,Wet,1973-10-01T00:00:00Z,1974-10-01T00:00:00Z,-119.375,36.1747
361747N1193754W001,950127,1973-10-03T00:00:00Z,267.22,266.72,0,77.5,189.72,77.5,77,NA,Unknown,Water level accuracy is unknown,1,Department of Water Resources,NA,5030,Tulare Irrigation District,NA,NA,35006,20S24E21L001M,NA,Unknown,Unknown,5-022.11,Kaweah,Tulare,NA,Unknown,Unknown,NA,1968-02-01 - 1983-10-11,31,fall,62,93.5,NA,NA,1974,18030012,Wet,Wet,1973-10-01T00:00:00Z,1974-10-01T00:00:00Z,-119.375,36.1747
361747N1193754W001,950126,1973-02-13T00:00:00Z,267.22,266.72,0,81,186.22,81,80.5,Nearby pump operating,Unknown,Water level accuracy is unknown,1,Department of Water Resources,NA,5030,Tulare Irrigation District,NA,NA,35006,20S24E21L001M,NA,Unknown,Unknown,5-022.11,Kaweah,Tulare,NA,Unknown,Unknown,NA,1968-02-01 - 1983-10-11,31,other,NA,NA,NA,NA,1973,18030012,Wet,Wet,1972-10-01T00:00:00Z,1973-10-01T00:00:00Z,-119.375,36.1747
361747N1193754W001,950125,1972-10-09T00:00:00Z,267.22,266.72,0,84,183.22,84,83.5,NA,Unknown,Water level accuracy is unknown,1,Department of Water Resources,NA,5030,Tulare Irrigation District,NA,NA,35006,20S24E21L001M,NA,Unknown,Unknown,5-022.11,Kaweah,Tulare,NA,Unknown,Unknown,NA,1968-02-01 - 1983-10-11,31,fall,62,93.5,NA,NA,1973,18030012,Wet,Wet,1972-10-01T00:00:00Z,1973-10-01T00:00:00Z,-119.375,36.1747
361747N1193754W001,950124,1972-02-22T00:00:00Z,267.22,266.72,0,79.5,187.72,79.5,79,NA,Unknown,Water level accuracy is unknown,1,Department of Water Resources,NA,5030,Tulare Irrigation District,NA,NA,35006,20S24E21L001M,NA,Unknown,Unknown,5-022.11,Kaweah,Tulare,NA,Unknown,Unknown,NA,1968-02-01 - 1983-10-11,31,other,NA,NA,NA,NA,1972,18030012,Critical,Critical,1971-10-01T00:00:00Z,1972-10-01T00:00:00Z,-119.375,36.1747
361747N1193754W001,950123,1971-10-12T00:00:00Z,267.22,266.72,0,76,191.22,76,75.5,NA,Unknown,Water level accuracy is unknown,1,Department of Water Resources,NA,5030,Tulare Irrigation District,NA,NA,35006,20S24E21L001M,NA,Unknown,Unknown,5-022.11,Kaweah,Tulare,NA,Unknown,Unknown,NA,1968-02-01 - 1983-10-11,31,fall,62,93.5,NA,NA,1972,18030012,Critical,Critical,1971-10-01T00:00:00Z,1972-10-01T00:00:00Z,-119.375,36.1747
361747N1193754W001,950122,1971-02-20T00:00:00Z,267.22,266.72,0,78.2,189.02,78.2,77.7,NA,Unknown,Water level accuracy is unknown,1,Department of Water Resources,NA,5030,Tulare Irrigation District,NA,NA,35006,20S24E21L001M,NA,Unknown,Unknown,5-022.11,Kaweah,Tulare,NA,Unknown,Unknown,NA,1968-02-01 - 1983-10-11,31,other,NA,NA,NA,NA,1971,18030012,Dry,Dry,1970-10-01T00:00:00Z,1971-10-01T00:00:00Z,-119.375,36.1747
361747N1193754W001,950121,1970-10-03T00:00:00Z,267.22,266.72,0,75.9,191.32,75.9,75.4,NA,Unknown,Water level accuracy is unknown,1,Department of Water Resources,NA,5030,Tulare Irrigation District,NA,NA,35006,20S24E21L001M,NA,Unknown,Unknown,5-022.11,Kaweah,Tulare,NA,Unknown,Unknown,NA,1968-02-01 - 1983-10-11,31,fall,62,93.5,NA,NA,1971,18030012,Dry,Dry,1970-10-01T00:00:00Z,1971-10-01T00:00:00Z,-119.375,36.1747
361747N1193754W001,950120,1970-02-05T00:00:00Z,267.22,266.72,0,70,197.22,70,69.5,NA,Unknown,Water level accuracy is unknown,1,Department of Water Resources,NA,5030,Tulare Irrigation District,NA,NA,35006,20S24E21L001M,NA,Unknown,Unknown,5-022.11,Kaweah,Tulare,NA,Unknown,Unknown,NA,1968-02-01 - 1983-10-11,31,other,NA,NA,NA,NA,1970,18030012,Wet,Wet,1969-10-01T00:00:00Z,1970-10-01T00:00:00Z,-119.375,36.1747
361747N1193754W001,950119,1969-10-02T00:00:00Z,267.22,266.72,0,78.5,188.72,78.5,78,NA,Unknown,Water level accuracy is unknown,1,Department of Water Resources,NA,624,Bureau of Reclamation,NA,NA,35006,20S24E21L001M,NA,Unknown,Unknown,5-022.11,Kaweah,Tulare,NA,Unknown,Unknown,NA,1968-02-01 - 1983-10-11,31,fall,62,93.5,NA,NA,1970,18030012,Wet,Wet,1969-10-01T00:00:00Z,1970-10-01T00:00:00Z,-119.375,36.1747
361747N1193754W001,950118,1969-02-06T00:00:00Z,267.22,266.72,0,84.5,182.72,84.5,84,NA,Unknown,Water level accuracy is unknown,1,Department of Water Resources,NA,5030,Tulare Irrigation District,NA,NA,35006,20S24E21L001M,NA,Unknown,Unknown,5-022.11,Kaweah,Tulare,NA,Unknown,Unknown,NA,1968-02-01 - 1983-10-11,31,other,NA,NA,NA,NA,1969,18030012,Wet,Wet,1968-10-01T00:00:00Z,1969-10-01T00:00:00Z,-119.375,36.1747
361747N1193754W001,950117,1968-02-01T00:00:00Z,267.22,266.72,0,80,187.22,80,79.5,NA,Unknown,Water level accuracy is unknown,1,Department of Water Resources,NA,5030,Tulare Irrigation District,NA,NA,35006,20S24E21L001M,NA,Unknown,Unknown,5-022.11,Kaweah,Tulare,NA,Unknown,Unknown,NA,1968-02-01 - 1983-10-11,31,other,NA,NA,NA,NA,1968,18030012,Below Normal,Below Normal,1967-10-01T00:00:00Z,1968-10-01T00:00:00Z,-119.375,36.1747
