SITE_CODE,WLM_ID,MSMT_DATE,WLM_RPE,WLM_GSE,RDNG_WS,RDNG_RP,WSE,RPE_WSE,GSE_WSE,WLM_QA_DESC,WLM_DESC,WLM_ACC_DESC,WLM_ORG_ID,WLM_ORG_NAME,MSMT_CMT,COOP_AGENCY_ORG_ID,COOP_ORG_NAME,TOP_PRF,BOT_PRF,STN_ID,SWN,WELL_NAME,WLM_METHOD,WLM_ACC,BASIN_CODE,BASIN_NAME,COUNTY_NAME,WELL_DEPTH,WELL_USE,WELL_TYPE,WCR_NO,t_range,n_samples,season,fall_high,fall_low,spring_high,spring_low,water_year,HUC8,WYT,water_year_type,water_year_start,water_year_end,X,Y
361717N1193376W001,950192,1962-02-07T00:00:00Z,272.71,272.71,NA,NA,NA,NA,NA,Measurement Discontinued,NA,NA,1,Department of Water Resources,NA,624,Bureau of Reclamation,NA,NA,19022,20S24E23K001M,NA,Unknown,Unknown,5-022.11,Kaweah,Tulare,NA,Unknown,Unknown,NA,1944-10-24 - 1962-02-07,45,other,NA,NA,NA,NA,1962,18030012,Above Normal,Above Normal,1961-10-01T00:00:00Z,1962-10-01T00:00:00Z,-119.338,36.1717
361717N1193376W001,950191,1961-12-20T00:00:00Z,272.71,272.71,NA,NA,NA,NA,NA,Tape hung up,NA,NA,1,Department of Water Resources,NA,624,Bureau of Reclamation,NA,NA,19022,20S24E23K001M,NA,Unknown,Unknown,5-022.11,Kaweah,Tulare,NA,Unknown,Unknown,NA,1944-10-24 - 1962-02-07,45,other,NA,NA,NA,NA,1962,18030012,Above Normal,Above Normal,1961-10-01T00:00:00Z,1962-10-01T00:00:00Z,-119.338,36.1717
361717N1193376W001,950190,1961-11-28T00:00:00Z,272.71,272.71,NA,NA,NA,NA,NA,Tape hung up,NA,NA,1,Department of Water Resources,NA,624,Bureau of Reclamation,NA,NA,19022,20S24E23K001M,NA,Unknown,Unknown,5-022.11,Kaweah,Tulare,NA,Unknown,Unknown,NA,1944-10-24 - 1962-02-07,45,fall,25.5,81.2,NA,NA,1962,18030012,Above Normal,Above Normal,1961-10-01T00:00:00Z,1962-10-01T00:00:00Z,-119.338,36.1717
361717N1193376W001,950189,1961-10-25T00:00:00Z,272.71,272.71,0,80.1,192.61,80.1,80.1,NA,Unknown,Water level accuracy is unknown,1,Department of Water Resources,NA,624,Bureau of Reclamation,NA,NA,19022,20S24E23K001M,NA,Unknown,Unknown,5-022.11,Kaweah,Tulare,NA,Unknown,Unknown,NA,1944-10-24 - 1962-02-07,45,fall,25.5,81.2,NA,NA,1962,18030012,Above Normal,Above Normal,1961-10-01T00:00:00Z,1962-10-01T00:00:00Z,-119.338,36.1717
361717N1193376W001,950188,1961-10-24T00:00:00Z,272.71,272.71,0,81.2,191.51,81.2,81.2,NA,Unknown,Water level accuracy is unknown,1,Department of Water Resources,NA,5155,Kaweah Delta Water Conservation District,NA,NA,19022,20S24E23K001M,NA,Unknown,Unknown,5-022.11,Kaweah,Tulare,NA,Unknown,Unknown,NA,1944-10-24 - 1962-02-07,45,fall,25.5,81.2,NA,NA,1962,18030012,Above Normal,Above Normal,1961-10-01T00:00:00Z,1962-10-01T00:00:00Z,-119.338,36.1717
361717N1193376W001,950187,1961-09-20T00:00:00Z,272.71,272.71,0,79,193.71,79,79,NA,Unknown,Water level accuracy is unknown,1,Department of Water Resources,NA,624,Bureau of Reclamation,NA,NA,19022,20S24E23K001M,NA,Unknown,Unknown,5-022.11,Kaweah,Tulare,NA,Unknown,Unknown,NA,1944-10-24 - 1962-02-07,45,fall,25.5,81.2,NA,NA,1961,18030012,Critical,Critical,1960-10-01T00:00:00Z,1961-10-01T00:00:00Z,-119.338,36.1717
361717N1193376W001,950186,1961-08-31T00:00:00Z,272.71,272.71,0,78.3,194.41,78.3,78.3,NA,Unknown,Water level accuracy is unknown,1,Department of Water Resources,NA,624,Bureau of Reclamation,NA,NA,19022,20S24E23K001M,NA,Unknown,Unknown,5-022.11,Kaweah,Tulare,NA,Unknown,Unknown,NA,1944-10-24 - 1962-02-07,45,fall,25.5,81.2,NA,NA,1961,18030012,Critical,Critical,1960-10-01T00:00:00Z,1961-10-01T00:00:00Z,-119.338,36.1717
361717N1193376W001,950185,1961-07-26T00:00:00Z,272.71,272.71,0,77,195.71,77,77,NA,Unknown,Water level accuracy is unknown,1,Department of Water Resources,NA,624,Bureau of Reclamation,NA,NA,19022,20S24E23K001M,NA,Unknown,Unknown,5-022.11,Kaweah,Tulare,NA,Unknown,Unknown,NA,1944-10-24 - 1962-02-07,45,other,NA,NA,NA,NA,1961,18030012,Critical,Critical,1960-10-01T00:00:00Z,1961-10-01T00:00:00Z,-119.338,36.1717
361717N1193376W001,950184,1961-02-20T00:00:00Z,272.71,272.71,0,72.9,199.81,72.9,72.9,NA,Unknown,Water level accuracy is unknown,1,Department of Water Resources,NA,5155,Kaweah Delta Water Conservation District,NA,NA,19022,20S24E23K001M,NA,Unknown,Unknown,5-022.11,Kaweah,Tulare,NA,Unknown,Unknown,NA,1944-10-24 - 1962-02-07,45,other,NA,NA,NA,NA,1961,18030012,Critical,Critical,1960-10-01T00:00:00Z,1961-10-01T00:00:00Z,-119.338,36.1717
361717N1193376W001,950183,1960-10-06T00:00:00Z,272.71,272.71,0,71.5,201.21,71.5,71.5,NA,Unknown,Water level accuracy is unknown,1,Department of Water Resources,NA,5155,Kaweah Delta Water Conservation District,NA,NA,19022,20S24E23K001M,NA,Unknown,Unknown,5-022.11,Kaweah,Tulare,NA,Unknown,Unknown,NA,1944-10-24 - 1962-02-07,45,fall,25.5,81.2,NA,NA,1961,18030012,Critical,Critical,1960-10-01T00:00:00Z,1961-10-01T00:00:00Z,-119.338,36.1717
361717N1193376W001,950182,1960-02-17T00:00:00Z,272.71,272.71,0,60.2,212.51,60.2,60.2,NA,Unknown,Water level accuracy is unknown,1,Department of Water Resources,NA,5155,Kaweah Delta Water Conservation District,NA,NA,19022,20S24E23K001M,NA,Unknown,Unknown,5-022.11,Kaweah,Tulare,NA,Unknown,Unknown,NA,1944-10-24 - 1962-02-07,45,other,NA,NA,NA,NA,1960,18030012,Critical,Critical,1959-10-01T00:00:00Z,1960-10-01T00:00:00Z,-119.338,36.1717
361717N1193376W001,950181,1959-09-29T00:00:00Z,272.71,272.71,0,62.1,210.61,62.1,62.1,NA,Unknown,Water level accuracy is unknown,1,Department of Water Resources,NA,5155,Kaweah Delta Water Conservation District,NA,NA,19022,20S24E23K001M,NA,Unknown,Unknown,5-022.11,Kaweah,Tulare,NA,Unknown,Unknown,NA,1944-10-24 - 1962-02-07,45,fall,25.5,81.2,NA,NA,1959,18030012,Below Normal,Below Normal,1958-10-01T00:00:00Z,1959-10-01T00:00:00Z,-119.338,36.1717
361717N1193376W001,950180,1959-02-19T00:00:00Z,272.71,272.71,0,55.1,217.61,55.1,55.1,NA,Unknown,Water level accuracy is unknown,1,Department of Water Resources,NA,624,Bureau of Reclamation,NA,NA,19022,20S24E23K001M,NA,Unknown,Unknown,5-022.11,Kaweah,Tulare,NA,Unknown,Unknown,NA,1944-10-24 - 1962-02-07,45,other,NA,NA,NA,NA,1959,18030012,Below Normal,Below Normal,1958-10-01T00:00:00Z,1959-10-01T00:00:00Z,-119.338,36.1717
361717N1193376W001,950179,1958-10-06T00:00:00Z,272.71,272.71,0,48.4,224.31,48.4,48.4,NA,Unknown,Water level accuracy is unknown,1,Department of Water Resources,NA,624,Bureau of Reclamation,NA,NA,19022,20S24E23K001M,NA,Unknown,Unknown,5-022.11,Kaweah,Tulare,NA,Unknown,Unknown,NA,1944-10-24 - 1962-02-07,45,fall,25.5,81.2,NA,NA,1959,18030012,Below Normal,Below Normal,1958-10-01T00:00:00Z,1959-10-01T00:00:00Z,-119.338,36.1717
361717N1193376W001,950178,1958-02-27T00:00:00Z,272.71,272.71,0,60.1,212.61,60.1,60.1,NA,Unknown,Water level accuracy is unknown,1,Department of Water Resources,NA,624,Bureau of Reclamation,NA,NA,19022,20S24E23K001M,NA,Unknown,Unknown,5-022.11,Kaweah,Tulare,NA,Unknown,Unknown,NA,1944-10-24 - 1962-02-07,45,other,NA,NA,NA,NA,1958,18030012,Wet,Wet,1957-10-01T00:00:00Z,1958-10-01T00:00:00Z,-119.338,36.1717
361717N1193376W001,950177,1957-10-21T00:00:00Z,272.71,272.71,0,59.6,213.11,59.6,59.6,NA,Unknown,Water level accuracy is unknown,1,Department of Water Resources,NA,624,Bureau of Reclamation,NA,NA,19022,20S24E23K001M,NA,Unknown,Unknown,5-022.11,Kaweah,Tulare,NA,Unknown,Unknown,NA,1944-10-24 - 1962-02-07,45,fall,25.5,81.2,NA,NA,1958,18030012,Wet,Wet,1957-10-01T00:00:00Z,1958-10-01T00:00:00Z,-119.338,36.1717
361717N1193376W001,950176,1957-02-13T00:00:00Z,272.71,272.71,0,58.8,213.91,58.8,58.8,NA,Unknown,Water level accuracy is unknown,1,Department of Water Resources,NA,624,Bureau of Reclamation,NA,NA,19022,20S24E23K001M,NA,Unknown,Unknown,5-022.11,Kaweah,Tulare,NA,Unknown,Unknown,NA,1944-10-24 - 1962-02-07,45,other,NA,NA,NA,NA,1957,18030012,Below Normal,Below Normal,1956-10-01T00:00:00Z,1957-10-01T00:00:00Z,-119.338,36.1717
361717N1193376W001,950175,1956-10-11T00:00:00Z,272.71,272.71,0,51.8,220.91,51.8,51.8,NA,Unknown,Water level accuracy is unknown,1,Department of Water Resources,NA,624,Bureau of Reclamation,NA,NA,19022,20S24E23K001M,NA,Unknown,Unknown,5-022.11,Kaweah,Tulare,NA,Unknown,Unknown,NA,1944-10-24 - 1962-02-07,45,fall,25.5,81.2,NA,NA,1957,18030012,Below Normal,Below Normal,1956-10-01T00:00:00Z,1957-10-01T00:00:00Z,-119.338,36.1717
361717N1193376W001,950174,1956-02-16T00:00:00Z,272.71,272.71,0,61.5,211.21,61.5,61.5,NA,Unknown,Water level accuracy is unknown,1,Department of Water Resources,NA,624,Bureau of Reclamation,NA,NA,19022,20S24E23K001M,NA,Unknown,Unknown,5-022.11,Kaweah,Tulare,NA,Unknown,Unknown,NA,1944-10-24 - 1962-02-07,45,other,NA,NA,NA,NA,1956,18030012,Above Normal,Above Normal,1955-10-01T00:00:00Z,1956-10-01T00:00:00Z,-119.338,36.1717
361717N1193376W001,950173,1955-09-29T00:00:00Z,272.71,272.71,0,61,211.71,61,61,NA,Unknown,Water level accuracy is unknown,1,Department of Water Resources,NA,624,Bureau of Reclamation,NA,NA,19022,20S24E23K001M,NA,Unknown,Unknown,5-022.11,Kaweah,Tulare,NA,Unknown,Unknown,NA,1944-10-24 - 1962-02-07,45,fall,25.5,81.2,NA,NA,1955,18030012,Below Normal,Below Normal,1954-10-01T00:00:00Z,1955-10-01T00:00:00Z,-119.338,36.1717
361717N1193376W001,950172,1955-02-18T00:00:00Z,272.71,272.71,0,61.3,211.41,61.3,61.3,NA,Unknown,Water level accuracy is unknown,1,Department of Water Resources,NA,624,Bureau of Reclamation,NA,NA,19022,20S24E23K001M,NA,Unknown,Unknown,5-022.11,Kaweah,Tulare,NA,Unknown,Unknown,NA,1944-10-24 - 1962-02-07,45,other,NA,NA,NA,NA,1955,18030012,Below Normal,Below Normal,1954-10-01T00:00:00Z,1955-10-01T00:00:00Z,-119.338,36.1717
361717N1193376W001,950171,1954-11-01T00:00:00Z,272.71,272.71,NA,NA,NA,NA,NA,Special/Other,NA,NA,1,Department of Water Resources,NA,624,Bureau of Reclamation,NA,NA,19022,20S24E23K001M,NA,Unknown,Unknown,5-022.11,Kaweah,Tulare,NA,Unknown,Unknown,NA,1944-10-24 - 1962-02-07,45,fall,25.5,81.2,NA,NA,1955,18030012,Below Normal,Below Normal,1954-10-01T00:00:00Z,1955-10-01T00:00:00Z,-119.338,36.1717
361717N1193376W001,950170,1954-09-27T00:00:00Z,272.71,272.71,0,58.8,213.91,58.8,58.8,NA,Unknown,Water level accuracy is unknown,1,Department of Water Resources,NA,624,Bureau of Reclamation,NA,NA,19022,20S24E23K001M,NA,Unknown,Unknown,5-022.11,Kaweah,Tulare,NA,Unknown,Unknown,NA,1944-10-24 - 1962-02-07,45,fall,25.5,81.2,NA,NA,1954,18030012,Below Normal,Below Normal,1953-10-01T00:00:00Z,1954-10-01T00:00:00Z,-119.338,36.1717
361717N1193376W001,950169,1954-02-17T00:00:00Z,272.71,272.71,0,59.5,213.21,59.5,59.5,NA,Unknown,Water level accuracy is unknown,1,Department of Water Resources,NA,624,Bureau of Reclamation,NA,NA,19022,20S24E23K001M,NA,Unknown,Unknown,5-022.11,Kaweah,Tulare,NA,Unknown,Unknown,NA,1944-10-24 - 1962-02-07,45,other,NA,NA,NA,NA,1954,18030012,Below Normal,Below Normal,1953-10-01T00:00:00Z,1954-10-01T00:00:00Z,-119.338,36.1717
361717N1193376W001,950168,1953-10-10T00:00:00Z,272.71,272.71,0,61,211.71,61,61,NA,Unknown,Water level accuracy is unknown,1,Department of Water Resources,NA,624,Bureau of Reclamation,NA,NA,19022,20S24E23K001M,NA,Unknown,Unknown,5-022.11,Kaweah,Tulare,NA,Unknown,Unknown,NA,1944-10-24 - 1962-02-07,45,fall,25.5,81.2,NA,NA,1954,18030012,Below Normal,Below Normal,1953-10-01T00:00:00Z,1954-10-01T00:00:00Z,-119.338,36.1717
361717N1193376W001,950167,1953-02-13T00:00:00Z,272.71,272.71,0,60.1,212.61,60.1,60.1,NA,Unknown,Water level accuracy is unknown,1,Department of Water Resources,NA,624,Bureau of Reclamation,NA,NA,19022,20S24E23K001M,NA,Unknown,Unknown,5-022.11,Kaweah,Tulare,NA,Unknown,Unknown,NA,1944-10-24 - 1962-02-07,45,other,NA,NA,NA,NA,1953,18030012,Above Normal,Above Normal,1952-10-01T00:00:00Z,1953-10-01T00:00:00Z,-119.338,36.1717
361717N1193376W001,950166,1952-10-09T00:00:00Z,272.71,272.71,0,60,212.71,60,60,NA,Unknown,Water level accuracy is unknown,1,Department of Water Resources,NA,624,Bureau of Reclamation,NA,NA,19022,20S24E23K001M,NA,Unknown,Unknown,5-022.11,Kaweah,Tulare,NA,Unknown,Unknown,NA,1944-10-24 - 1962-02-07,45,fall,25.5,81.2,NA,NA,1953,18030012,Above Normal,Above Normal,1952-10-01T00:00:00Z,1953-10-01T00:00:00Z,-119.338,36.1717
361717N1193376W001,950165,1952-02-19T00:00:00Z,272.71,272.71,0,63.6,209.11,63.6,63.6,NA,Unknown,Water level accuracy is unknown,1,Department of Water Resources,NA,624,Bureau of Reclamation,NA,NA,19022,20S24E23K001M,NA,Unknown,Unknown,5-022.11,Kaweah,Tulare,NA,Unknown,Unknown,NA,1944-10-24 - 1962-02-07,45,other,NA,NA,NA,NA,1952,18030012,Wet,Wet,1951-10-01T00:00:00Z,1952-10-01T00:00:00Z,-119.338,36.1717
361717N1193376W001,950164,1951-10-10T00:00:00Z,272.71,272.71,0,63.6,209.11,63.6,63.6,NA,Unknown,Water level accuracy is unknown,1,Department of Water Resources,NA,624,Bureau of Reclamation,NA,NA,19022,20S24E23K001M,NA,Unknown,Unknown,5-022.11,Kaweah,Tulare,NA,Unknown,Unknown,NA,1944-10-24 - 1962-02-07,45,fall,25.5,81.2,NA,NA,1952,18030012,Wet,Wet,1951-10-01T00:00:00Z,1952-10-01T00:00:00Z,-119.338,36.1717
361717N1193376W001,950163,1951-02-02T00:00:00Z,272.71,272.71,0,60.4,212.31,60.4,60.4,NA,Unknown,Water level accuracy is unknown,1,Department of Water Resources,NA,624,Bureau of Reclamation,NA,NA,19022,20S24E23K001M,NA,Unknown,Unknown,5-022.11,Kaweah,Tulare,NA,Unknown,Unknown,NA,1944-10-24 - 1962-02-07,45,other,NA,NA,NA,NA,1951,18030012,Critical,Critical,1950-10-01T00:00:00Z,1951-10-01T00:00:00Z,-119.338,36.1717
361717N1193376W001,950162,1950-10-13T00:00:00Z,272.71,272.71,0,60.6,212.11,60.6,60.6,NA,Unknown,Water level accuracy is unknown,1,Department of Water Resources,NA,624,Bureau of Reclamation,NA,NA,19022,20S24E23K001M,NA,Unknown,Unknown,5-022.11,Kaweah,Tulare,NA,Unknown,Unknown,NA,1944-10-24 - 1962-02-07,45,fall,25.5,81.2,NA,NA,1951,18030012,Critical,Critical,1950-10-01T00:00:00Z,1951-10-01T00:00:00Z,-119.338,36.1717
361717N1193376W001,950161,1950-02-16T00:00:00Z,272.71,272.71,0,56.2,216.51,56.2,56.2,NA,Unknown,Water level accuracy is unknown,1,Department of Water Resources,NA,624,Bureau of Reclamation,NA,NA,19022,20S24E23K001M,NA,Unknown,Unknown,5-022.11,Kaweah,Tulare,NA,Unknown,Unknown,NA,1944-10-24 - 1962-02-07,45,other,NA,NA,NA,NA,1950,18030012,Dry,Dry,1949-10-01T00:00:00Z,1950-10-01T00:00:00Z,-119.338,36.1717
361717N1193376W001,950160,1949-10-04T00:00:00Z,272.71,272.71,0,55.6,217.11,55.6,55.6,NA,Unknown,Water level accuracy is unknown,1,Department of Water Resources,NA,624,Bureau of Reclamation,NA,NA,19022,20S24E23K001M,NA,Unknown,Unknown,5-022.11,Kaweah,Tulare,NA,Unknown,Unknown,NA,1944-10-24 - 1962-02-07,45,fall,25.5,81.2,NA,NA,1950,18030012,Dry,Dry,1949-10-01T00:00:00Z,1950-10-01T00:00:00Z,-119.338,36.1717
361717N1193376W001,950159,1949-02-16T00:00:00Z,272.71,272.71,0,48.6,224.11,48.6,48.6,NA,Unknown,Water level accuracy is unknown,1,Department of Water Resources,NA,624,Bureau of Reclamation,NA,NA,19022,20S24E23K001M,NA,Unknown,Unknown,5-022.11,Kaweah,Tulare,NA,Unknown,Unknown,NA,1944-10-24 - 1962-02-07,45,other,NA,NA,NA,NA,1949,18030012,Critical,Critical,1948-10-01T00:00:00Z,1949-10-01T00:00:00Z,-119.338,36.1717
361717N1193376W001,950158,1948-09-16T00:00:00Z,272.71,272.71,0,51.4,221.31,51.4,51.4,NA,Unknown,Water level accuracy is unknown,1,Department of Water Resources,NA,624,Bureau of Reclamation,NA,NA,19022,20S24E23K001M,NA,Unknown,Unknown,5-022.11,Kaweah,Tulare,NA,Unknown,Unknown,NA,1944-10-24 - 1962-02-07,45,fall,25.5,81.2,NA,NA,1948,18030012,Critical,Critical,1947-10-01T00:00:00Z,1948-10-01T00:00:00Z,-119.338,36.1717
361717N1193376W001,950157,1948-06-01T00:00:00Z,272.71,272.71,0,42.1,230.61,42.1,42.1,NA,Unknown,Water level accuracy is unknown,1,Department of Water Resources,NA,624,Bureau of Reclamation,NA,NA,19022,20S24E23K001M,NA,Unknown,Unknown,5-022.11,Kaweah,Tulare,NA,Unknown,Unknown,NA,1944-10-24 - 1962-02-07,45,other,NA,NA,NA,NA,1948,18030012,Critical,Critical,1947-10-01T00:00:00Z,1948-10-01T00:00:00Z,-119.338,36.1717
361717N1193376W001,950156,1948-01-07T00:00:00Z,272.71,272.71,0,39.7,233.01,39.7,39.7,NA,Unknown,Water level accuracy is unknown,1,Department of Water Resources,NA,624,Bureau of Reclamation,NA,NA,19022,20S24E23K001M,NA,Unknown,Unknown,5-022.11,Kaweah,Tulare,NA,Unknown,Unknown,NA,1944-10-24 - 1962-02-07,45,other,NA,NA,NA,NA,1948,18030012,Critical,Critical,1947-10-01T00:00:00Z,1948-10-01T00:00:00Z,-119.338,36.1717
361717N1193376W001,950155,1947-11-13T00:00:00Z,272.71,272.71,0,38.7,234.01,38.7,38.7,NA,Unknown,Water level accuracy is unknown,1,Department of Water Resources,NA,624,Bureau of Reclamation,NA,NA,19022,20S24E23K001M,NA,Unknown,Unknown,5-022.11,Kaweah,Tulare,NA,Unknown,Unknown,NA,1944-10-24 - 1962-02-07,45,fall,25.5,81.2,NA,NA,1948,18030012,Critical,Critical,1947-10-01T00:00:00Z,1948-10-01T00:00:00Z,-119.338,36.1717
361717N1193376W001,950154,1947-03-12T00:00:00Z,272.71,272.71,0,29.8,242.91,29.8,29.8,NA,Unknown,Water level accuracy is unknown,1,Department of Water Resources,NA,624,Bureau of Reclamation,NA,NA,19022,20S24E23K001M,NA,Unknown,Unknown,5-022.11,Kaweah,Tulare,NA,Unknown,Unknown,NA,1944-10-24 - 1962-02-07,45,spring,NA,NA,29.8,29.8,1947,18030012,Dry,Dry,1946-10-01T00:00:00Z,1947-10-01T00:00:00Z,-119.338,36.1717
361717N1193376W001,950153,1946-12-11T00:00:00Z,272.71,272.71,0,31,241.71,31,31,NA,Unknown,Water level accuracy is unknown,1,Department of Water Resources,NA,624,Bureau of Reclamation,NA,NA,19022,20S24E23K001M,NA,Unknown,Unknown,5-022.11,Kaweah,Tulare,NA,Unknown,Unknown,NA,1944-10-24 - 1962-02-07,45,other,NA,NA,NA,NA,1947,18030012,Dry,Dry,1946-10-01T00:00:00Z,1947-10-01T00:00:00Z,-119.338,36.1717
361717N1193376W001,950152,1946-10-21T00:00:00Z,272.71,272.71,0,30.2,242.51,30.2,30.2,NA,Unknown,Water level accuracy is unknown,1,Department of Water Resources,NA,624,Bureau of Reclamation,NA,NA,19022,20S24E23K001M,NA,Unknown,Unknown,5-022.11,Kaweah,Tulare,NA,Unknown,Unknown,NA,1944-10-24 - 1962-02-07,45,fall,25.5,81.2,NA,NA,1947,18030012,Dry,Dry,1946-10-01T00:00:00Z,1947-10-01T00:00:00Z,-119.338,36.1717
361717N1193376W001,950151,1945-10-30T00:00:00Z,272.71,272.71,0,25.5,247.21,25.5,25.5,NA,Unknown,Water level accuracy is unknown,1,Department of Water Resources,NA,624,Bureau of Reclamation,NA,NA,19022,20S24E23K001M,NA,Unknown,Unknown,5-022.11,Kaweah,Tulare,NA,Unknown,Unknown,NA,1944-10-24 - 1962-02-07,45,fall,25.5,81.2,NA,NA,1946,18030012,Dry,Dry,1945-10-01T00:00:00Z,1946-10-01T00:00:00Z,-119.338,36.1717
361717N1193376W001,950150,1944-11-28T00:00:00Z,272.71,272.71,0,28.2,244.51,28.2,28.2,NA,Unknown,Water level accuracy is unknown,1,Department of Water Resources,NA,624,Bureau of Reclamation,NA,NA,19022,20S24E23K001M,NA,Unknown,Unknown,5-022.11,Kaweah,Tulare,NA,Unknown,Unknown,NA,1944-10-24 - 1962-02-07,45,fall,25.5,81.2,NA,NA,1945,18030012,Below Normal,Below Normal,1944-10-01T00:00:00Z,1945-10-01T00:00:00Z,-119.338,36.1717
361717N1193376W001,950149,1944-11-01T00:00:00Z,272.71,272.71,NA,NA,NA,NA,NA,Special/Other,NA,NA,1,Department of Water Resources,NA,624,Bureau of Reclamation,NA,NA,19022,20S24E23K001M,NA,Unknown,Unknown,5-022.11,Kaweah,Tulare,NA,Unknown,Unknown,NA,1944-10-24 - 1962-02-07,45,fall,25.5,81.2,NA,NA,1945,18030012,Below Normal,Below Normal,1944-10-01T00:00:00Z,1945-10-01T00:00:00Z,-119.338,36.1717
361717N1193376W001,950148,1944-10-24T00:00:00Z,272.71,272.71,0,27.2,245.51,27.2,27.2,NA,Unknown,Water level accuracy is unknown,1,Department of Water Resources,NA,624,Bureau of Reclamation,NA,NA,19022,20S24E23K001M,NA,Unknown,Unknown,5-022.11,Kaweah,Tulare,NA,Unknown,Unknown,NA,1944-10-24 - 1962-02-07,45,fall,25.5,81.2,NA,NA,1945,18030012,Below Normal,Below Normal,1944-10-01T00:00:00Z,1945-10-01T00:00:00Z,-119.338,36.1717
