SITE_CODE,WLM_ID,MSMT_DATE,WLM_RPE,WLM_GSE,RDNG_WS,RDNG_RP,WSE,RPE_WSE,GSE_WSE,WLM_QA_DESC,WLM_DESC,WLM_ACC_DESC,WLM_ORG_ID,WLM_ORG_NAME,MSMT_CMT,COOP_AGENCY_ORG_ID,COOP_ORG_NAME,TOP_PRF,BOT_PRF,STN_ID,SWN,WELL_NAME,WLM_METHOD,WLM_ACC,BASIN_CODE,BASIN_NAME,COUNTY_NAME,WELL_DEPTH,WELL_USE,WELL_TYPE,WCR_NO,t_range,n_samples,season,fall_high,fall_low,spring_high,spring_low,water_year,HUC8,WYT,water_year_type,water_year_start,water_year_end,X,Y
361742N1194304W001,1988984,2013-03-05T08:30:00Z,254.23,252.73,30,175,109.23,145,143.5,Pumped recently,Unknown,Water level accuracy to nearest tenth of a foot,1,Department of Water Resources,tape=145,1,Department of Water Resources,NA,NA,36052,20S23E24L001M,20S23E24L001M,Unknown,Unknown,5-022.11,Kaweah,Tulare,NA,Unknown,Single Well,NA,1967-02-09 00:00:00 - 2013-03-05 08:30:00,79,spring,NA,NA,78.5,143.5,2013,18030012,Critical,Critical,2012-10-01T00:00:00Z,2013-10-01T00:00:00Z,-119.43,36.1742
361742N1194304W001,93909,2011-02-14T07:15:00Z,254.23,252.73,7,160,101.23,153,151.5,Oil or foreign substance in casing,Unknown,Water level accuracy to nearest tenth of a foot,1,Department of Water Resources,Oil in Casing,1,Department of Water Resources,NA,NA,36052,20S23E24L001M,20S23E24L001M,Unknown,Unknown,5-022.11,Kaweah,Tulare,NA,Unknown,Single Well,NA,1967-02-09 00:00:00 - 2013-03-05 08:30:00,79,other,NA,NA,NA,NA,2011,18030012,Wet,Wet,2010-10-01T00:00:00Z,2011-10-01T00:00:00Z,-119.43,36.1742
361742N1194304W001,948643,2010-01-19T00:00:00Z,254.23,252.73,0,134,120.23,134,132.5,Oil or foreign substance in casing,Unknown,Water level accuracy is unknown,1,Department of Water Resources,NA,5030,Tulare Irrigation District,NA,NA,36052,20S23E24L001M,20S23E24L001M,Unknown,Unknown,5-022.11,Kaweah,Tulare,NA,Unknown,Single Well,NA,1967-02-09 00:00:00 - 2013-03-05 08:30:00,79,other,NA,NA,NA,NA,2010,18030012,Above Normal,Above Normal,2009-10-01T00:00:00Z,2010-10-01T00:00:00Z,-119.43,36.1742
361742N1194304W001,948642,2009-02-26T00:00:00Z,254.23,252.73,0,135,119.23,135,133.5,Oil or foreign substance in casing,Unknown,Water level accuracy is unknown,1,Department of Water Resources,TAPE-135',5030,Tulare Irrigation District,NA,NA,36052,20S23E24L001M,20S23E24L001M,Unknown,Unknown,5-022.11,Kaweah,Tulare,NA,Unknown,Single Well,NA,1967-02-09 00:00:00 - 2013-03-05 08:30:00,79,other,NA,NA,NA,NA,2009,18030012,Critical,Critical,2008-10-01T00:00:00Z,2009-10-01T00:00:00Z,-119.43,36.1742
361742N1194304W001,948640,2007-10-15T00:00:00Z,254.23,252.73,0,121,133.23,121,119.5,Oil or foreign substance in casing,Unknown,Water level accuracy is unknown,1,Department of Water Resources,NA,5030,Tulare Irrigation District,NA,NA,36052,20S23E24L001M,20S23E24L001M,Unknown,Unknown,5-022.11,Kaweah,Tulare,NA,Unknown,Single Well,NA,1967-02-09 00:00:00 - 2013-03-05 08:30:00,79,fall,36.5,131,NA,NA,2008,18030012,Critical,Critical,2007-10-01T00:00:00Z,2008-10-01T00:00:00Z,-119.43,36.1742
361742N1194304W001,948641,2006-10-02T00:00:00Z,254.23,252.73,0,117.5,136.73,117.5,116,NA,Unknown,Water level accuracy is unknown,1,Department of Water Resources,TAPE-117.5 FEET,5030,Tulare Irrigation District,NA,NA,36052,20S23E24L001M,20S23E24L001M,Unknown,Unknown,5-022.11,Kaweah,Tulare,NA,Unknown,Single Well,NA,1967-02-09 00:00:00 - 2013-03-05 08:30:00,79,fall,36.5,131,NA,NA,2007,18030012,Critical,Critical,2006-10-01T00:00:00Z,2007-10-01T00:00:00Z,-119.43,36.1742
361742N1194304W001,948639,2006-01-25T00:00:00Z,254.23,252.73,0,114,140.23,114,112.5,Oil or foreign substance in casing,Unknown,Water level accuracy is unknown,1,Department of Water Resources,NA,5030,Tulare Irrigation District,NA,NA,36052,20S23E24L001M,20S23E24L001M,Unknown,Unknown,5-022.11,Kaweah,Tulare,NA,Unknown,Single Well,NA,1967-02-09 00:00:00 - 2013-03-05 08:30:00,79,other,NA,NA,NA,NA,2006,18030012,Wet,Wet,2005-10-01T00:00:00Z,2006-10-01T00:00:00Z,-119.43,36.1742
361742N1194304W001,948638,2005-01-28T00:00:00Z,254.23,252.73,0,95,159.23,95,93.5,NA,Unknown,Water level accuracy is unknown,1,Department of Water Resources,NA,5030,Tulare Irrigation District,NA,NA,36052,20S23E24L001M,20S23E24L001M,Unknown,Unknown,5-022.11,Kaweah,Tulare,NA,Unknown,Single Well,NA,1967-02-09 00:00:00 - 2013-03-05 08:30:00,79,other,NA,NA,NA,NA,2005,18030012,Wet,Wet,2004-10-01T00:00:00Z,2005-10-01T00:00:00Z,-119.43,36.1742
361742N1194304W001,948636,2004-02-04T00:00:00Z,254.23,252.73,0,108,146.23,108,106.5,NA,Unknown,Water level accuracy is unknown,1,Department of Water Resources,108'/NO OIL,5030,Tulare Irrigation District,NA,NA,36052,20S23E24L001M,20S23E24L001M,Unknown,Unknown,5-022.11,Kaweah,Tulare,NA,Unknown,Single Well,NA,1967-02-09 00:00:00 - 2013-03-05 08:30:00,79,other,NA,NA,NA,NA,2004,18030012,Dry,Dry,2003-10-01T00:00:00Z,2004-10-01T00:00:00Z,-119.43,36.1742
361742N1194304W001,948637,2003-09-23T00:00:00Z,254.23,252.73,0,109,145.23,109,107.5,NA,Unknown,Water level accuracy is unknown,1,Department of Water Resources,TAPE-109'/NO OIL,5030,Tulare Irrigation District,NA,NA,36052,20S23E24L001M,20S23E24L001M,Unknown,Unknown,5-022.11,Kaweah,Tulare,NA,Unknown,Single Well,NA,1967-02-09 00:00:00 - 2013-03-05 08:30:00,79,fall,36.5,131,NA,NA,2003,18030012,Dry,Dry,2002-10-01T00:00:00Z,2003-10-01T00:00:00Z,-119.43,36.1742
361742N1194304W001,948633,2003-01-22T00:00:00Z,254.23,252.73,0,104,150.23,104,102.5,Oil or foreign substance in casing,Unknown,Water level accuracy is unknown,1,Department of Water Resources,NA,5030,Tulare Irrigation District,NA,NA,36052,20S23E24L001M,20S23E24L001M,Unknown,Unknown,5-022.11,Kaweah,Tulare,NA,Unknown,Single Well,NA,1967-02-09 00:00:00 - 2013-03-05 08:30:00,79,other,NA,NA,NA,NA,2003,18030012,Dry,Dry,2002-10-01T00:00:00Z,2003-10-01T00:00:00Z,-119.43,36.1742
361742N1194304W001,948635,2002-09-18T00:00:00Z,254.23,252.73,0,109,145.23,109,107.5,NA,Unknown,Water level accuracy is unknown,1,Department of Water Resources,NA,624,Bureau of Reclamation,NA,NA,36052,20S23E24L001M,20S23E24L001M,Unknown,Unknown,5-022.11,Kaweah,Tulare,NA,Unknown,Single Well,NA,1967-02-09 00:00:00 - 2013-03-05 08:30:00,79,fall,36.5,131,NA,NA,2002,18030012,Critical,Critical,2001-10-01T00:00:00Z,2002-10-01T00:00:00Z,-119.43,36.1742
361742N1194304W001,948634,2002-01-17T00:00:00Z,254.23,252.73,0,95,159.23,95,93.5,Oil or foreign substance in casing,Unknown,Water level accuracy is unknown,1,Department of Water Resources,NA,624,Bureau of Reclamation,NA,NA,36052,20S23E24L001M,20S23E24L001M,Unknown,Unknown,5-022.11,Kaweah,Tulare,NA,Unknown,Single Well,NA,1967-02-09 00:00:00 - 2013-03-05 08:30:00,79,other,NA,NA,NA,NA,2002,18030012,Critical,Critical,2001-10-01T00:00:00Z,2002-10-01T00:00:00Z,-119.43,36.1742
361742N1194304W001,948632,2001-01-22T00:00:00Z,254.23,252.73,0,78,176.23,78,76.5,Oil or foreign substance in casing,Unknown,Water level accuracy is unknown,1,Department of Water Resources,NA,5030,Tulare Irrigation District,NA,NA,36052,20S23E24L001M,20S23E24L001M,Unknown,Unknown,5-022.11,Kaweah,Tulare,NA,Unknown,Single Well,NA,1967-02-09 00:00:00 - 2013-03-05 08:30:00,79,other,NA,NA,NA,NA,2001,18030012,Below Normal,Below Normal,2000-10-01T00:00:00Z,2001-10-01T00:00:00Z,-119.43,36.1742
361742N1194304W001,948631,2000-01-21T00:00:00Z,254.23,252.73,0,81,173.23,81,79.5,Oil or foreign substance in casing,Unknown,Water level accuracy is unknown,1,Department of Water Resources,NA,5030,Tulare Irrigation District,NA,NA,36052,20S23E24L001M,20S23E24L001M,Unknown,Unknown,5-022.11,Kaweah,Tulare,NA,Unknown,Single Well,NA,1967-02-09 00:00:00 - 2013-03-05 08:30:00,79,other,NA,NA,NA,NA,2000,18030012,Below Normal,Below Normal,1999-10-01T00:00:00Z,2000-10-01T00:00:00Z,-119.43,36.1742
361742N1194304W001,948630,1999-10-08T00:00:00Z,254.23,252.73,0,89,165.23,89,87.5,Oil or foreign substance in casing,Unknown,Water level accuracy is unknown,1,Department of Water Resources,NA,5030,Tulare Irrigation District,NA,NA,36052,20S23E24L001M,20S23E24L001M,Unknown,Unknown,5-022.11,Kaweah,Tulare,NA,Unknown,Single Well,NA,1967-02-09 00:00:00 - 2013-03-05 08:30:00,79,fall,36.5,131,NA,NA,2000,18030012,Below Normal,Below Normal,1999-10-01T00:00:00Z,2000-10-01T00:00:00Z,-119.43,36.1742
361742N1194304W001,948629,1999-01-20T00:00:00Z,254.23,252.73,NA,NA,NA,NA,NA,Measurement Discontinued,NA,NA,1,Department of Water Resources,NA,5030,Tulare Irrigation District,NA,NA,36052,20S23E24L001M,20S23E24L001M,Unknown,Unknown,5-022.11,Kaweah,Tulare,NA,Unknown,Single Well,NA,1967-02-09 00:00:00 - 2013-03-05 08:30:00,79,other,NA,NA,NA,NA,1999,18030012,Wet,Wet,1998-10-01T00:00:00Z,1999-10-01T00:00:00Z,-119.43,36.1742
361742N1194304W001,948628,1998-01-19T00:00:00Z,254.23,252.73,0,93,161.23,93,91.5,NA,Unknown,Water level accuracy is unknown,1,Department of Water Resources,NA,5030,Tulare Irrigation District,NA,NA,36052,20S23E24L001M,20S23E24L001M,Unknown,Unknown,5-022.11,Kaweah,Tulare,NA,Unknown,Single Well,NA,1967-02-09 00:00:00 - 2013-03-05 08:30:00,79,other,NA,NA,NA,NA,1998,18030012,Wet,Wet,1997-10-01T00:00:00Z,1998-10-01T00:00:00Z,-119.43,36.1742
361742N1194304W001,948627,1997-10-08T00:00:00Z,254.23,252.73,0,100,154.23,100,98.5,NA,Unknown,Water level accuracy is unknown,1,Department of Water Resources,NA,5030,Tulare Irrigation District,NA,NA,36052,20S23E24L001M,20S23E24L001M,Unknown,Unknown,5-022.11,Kaweah,Tulare,NA,Unknown,Single Well,NA,1967-02-09 00:00:00 - 2013-03-05 08:30:00,79,fall,36.5,131,NA,NA,1998,18030012,Wet,Wet,1997-10-01T00:00:00Z,1998-10-01T00:00:00Z,-119.43,36.1742
361742N1194304W001,948626,1997-01-14T00:00:00Z,254.23,252.73,0,100,154.23,100,98.5,NA,Unknown,Water level accuracy is unknown,1,Department of Water Resources,NA,5030,Tulare Irrigation District,NA,NA,36052,20S23E24L001M,20S23E24L001M,Unknown,Unknown,5-022.11,Kaweah,Tulare,NA,Unknown,Single Well,NA,1967-02-09 00:00:00 - 2013-03-05 08:30:00,79,other,NA,NA,NA,NA,1997,18030012,Above Normal,Above Normal,1996-10-01T00:00:00Z,1997-10-01T00:00:00Z,-119.43,36.1742
361742N1194304W001,948625,1996-10-03T00:00:00Z,254.23,252.73,0,106,148.23,106,104.5,NA,Unknown,Water level accuracy is unknown,1,Department of Water Resources,NA,5030,Tulare Irrigation District,NA,NA,36052,20S23E24L001M,20S23E24L001M,Unknown,Unknown,5-022.11,Kaweah,Tulare,NA,Unknown,Single Well,NA,1967-02-09 00:00:00 - 2013-03-05 08:30:00,79,fall,36.5,131,NA,NA,1997,18030012,Above Normal,Above Normal,1996-10-01T00:00:00Z,1997-10-01T00:00:00Z,-119.43,36.1742
361742N1194304W001,948624,1996-01-15T00:00:00Z,254.23,252.73,0,105,149.23,105,103.5,NA,Unknown,Water level accuracy is unknown,1,Department of Water Resources,NA,5030,Tulare Irrigation District,NA,NA,36052,20S23E24L001M,20S23E24L001M,Unknown,Unknown,5-022.11,Kaweah,Tulare,NA,Unknown,Single Well,NA,1967-02-09 00:00:00 - 2013-03-05 08:30:00,79,other,NA,NA,NA,NA,1996,18030012,Wet,Wet,1995-10-01T00:00:00Z,1996-10-01T00:00:00Z,-119.43,36.1742
361742N1194304W001,948623,1995-10-05T00:00:00Z,254.23,252.73,0,115,139.23,115,113.5,NA,Unknown,Water level accuracy is unknown,1,Department of Water Resources,NA,5030,Tulare Irrigation District,NA,NA,36052,20S23E24L001M,20S23E24L001M,Unknown,Unknown,5-022.11,Kaweah,Tulare,NA,Unknown,Single Well,NA,1967-02-09 00:00:00 - 2013-03-05 08:30:00,79,fall,36.5,131,NA,NA,1996,18030012,Wet,Wet,1995-10-01T00:00:00Z,1996-10-01T00:00:00Z,-119.43,36.1742
361742N1194304W001,948622,1995-02-08T00:00:00Z,254.23,252.73,0,116,138.23,116,114.5,NA,Unknown,Water level accuracy is unknown,1,Department of Water Resources,NA,5030,Tulare Irrigation District,NA,NA,36052,20S23E24L001M,20S23E24L001M,Unknown,Unknown,5-022.11,Kaweah,Tulare,NA,Unknown,Single Well,NA,1967-02-09 00:00:00 - 2013-03-05 08:30:00,79,other,NA,NA,NA,NA,1995,18030012,Wet,Wet,1994-10-01T00:00:00Z,1995-10-01T00:00:00Z,-119.43,36.1742
361742N1194304W001,948621,1994-10-06T00:00:00Z,254.23,252.73,0,132.5,121.73,132.5,131,NA,Unknown,Water level accuracy is unknown,1,Department of Water Resources,NA,5030,Tulare Irrigation District,NA,NA,36052,20S23E24L001M,20S23E24L001M,Unknown,Unknown,5-022.11,Kaweah,Tulare,NA,Unknown,Single Well,NA,1967-02-09 00:00:00 - 2013-03-05 08:30:00,79,fall,36.5,131,NA,NA,1995,18030012,Wet,Wet,1994-10-01T00:00:00Z,1995-10-01T00:00:00Z,-119.43,36.1742
361742N1194304W001,948620,1994-01-19T00:00:00Z,254.23,252.73,0,128,126.23,128,126.5,NA,Unknown,Water level accuracy is unknown,1,Department of Water Resources,NA,5030,Tulare Irrigation District,NA,NA,36052,20S23E24L001M,20S23E24L001M,Unknown,Unknown,5-022.11,Kaweah,Tulare,NA,Unknown,Single Well,NA,1967-02-09 00:00:00 - 2013-03-05 08:30:00,79,other,NA,NA,NA,NA,1994,18030012,Above Normal,Above Normal,1993-10-01T00:00:00Z,1994-10-01T00:00:00Z,-119.43,36.1742
361742N1194304W001,948619,1993-10-07T00:00:00Z,254.23,252.73,0,124,130.23,124,122.5,NA,Unknown,Water level accuracy is unknown,1,Department of Water Resources,NA,5030,Tulare Irrigation District,NA,NA,36052,20S23E24L001M,20S23E24L001M,Unknown,Unknown,5-022.11,Kaweah,Tulare,NA,Unknown,Single Well,NA,1967-02-09 00:00:00 - 2013-03-05 08:30:00,79,fall,36.5,131,NA,NA,1994,18030012,Above Normal,Above Normal,1993-10-01T00:00:00Z,1994-10-01T00:00:00Z,-119.43,36.1742
361742N1194304W001,948618,1993-01-28T00:00:00Z,254.23,252.73,0,170.4,83.83,170.4,168.9,NA,Unknown,Water level accuracy is unknown,1,Department of Water Resources,NA,5030,Tulare Irrigation District,NA,NA,36052,20S23E24L001M,20S23E24L001M,Unknown,Unknown,5-022.11,Kaweah,Tulare,NA,Unknown,Single Well,NA,1967-02-09 00:00:00 - 2013-03-05 08:30:00,79,other,NA,NA,NA,NA,1993,18030012,Wet,Wet,1992-10-01T00:00:00Z,1993-10-01T00:00:00Z,-119.43,36.1742
361742N1194304W001,948617,1992-10-06T00:00:00Z,254.23,252.73,0,116,138.23,116,114.5,NA,Unknown,Water level accuracy is unknown,1,Department of Water Resources,NA,5030,Tulare Irrigation District,NA,NA,36052,20S23E24L001M,20S23E24L001M,Unknown,Unknown,5-022.11,Kaweah,Tulare,NA,Unknown,Single Well,NA,1967-02-09 00:00:00 - 2013-03-05 08:30:00,79,fall,36.5,131,NA,NA,1993,18030012,Wet,Wet,1992-10-01T00:00:00Z,1993-10-01T00:00:00Z,-119.43,36.1742
361742N1194304W001,948616,1992-01-24T00:00:00Z,254.23,252.73,NA,NA,NA,NA,NA,Temporarily inaccessible,NA,NA,1,Department of Water Resources,NA,5030,Tulare Irrigation District,NA,NA,36052,20S23E24L001M,20S23E24L001M,Unknown,Unknown,5-022.11,Kaweah,Tulare,NA,Unknown,Single Well,NA,1967-02-09 00:00:00 - 2013-03-05 08:30:00,79,other,NA,NA,NA,NA,1992,18030012,Above Normal,Above Normal,1991-10-01T00:00:00Z,1992-10-01T00:00:00Z,-119.43,36.1742
361742N1194304W001,948615,1991-10-03T00:00:00Z,254.23,252.73,0,104,150.23,104,102.5,NA,Unknown,Water level accuracy is unknown,1,Department of Water Resources,NA,5030,Tulare Irrigation District,NA,NA,36052,20S23E24L001M,20S23E24L001M,Unknown,Unknown,5-022.11,Kaweah,Tulare,NA,Unknown,Single Well,NA,1967-02-09 00:00:00 - 2013-03-05 08:30:00,79,fall,36.5,131,NA,NA,1992,18030012,Above Normal,Above Normal,1991-10-01T00:00:00Z,1992-10-01T00:00:00Z,-119.43,36.1742
361742N1194304W001,948614,1991-01-21T00:00:00Z,254.23,252.73,0,91,163.23,91,89.5,NA,Unknown,Water level accuracy is unknown,1,Department of Water Resources,NA,5030,Tulare Irrigation District,NA,NA,36052,20S23E24L001M,20S23E24L001M,Unknown,Unknown,5-022.11,Kaweah,Tulare,NA,Unknown,Single Well,NA,1967-02-09 00:00:00 - 2013-03-05 08:30:00,79,other,NA,NA,NA,NA,1991,18030012,Dry,Dry,1990-10-01T00:00:00Z,1991-10-01T00:00:00Z,-119.43,36.1742
361742N1194304W001,948613,1990-10-10T00:00:00Z,254.23,252.73,0,94,160.23,94,92.5,Acoustical sounder,Unknown,Water level accuracy is unknown,1,Department of Water Resources,NA,5030,Tulare Irrigation District,NA,NA,36052,20S23E24L001M,20S23E24L001M,Unknown,Unknown,5-022.11,Kaweah,Tulare,NA,Unknown,Single Well,NA,1967-02-09 00:00:00 - 2013-03-05 08:30:00,79,fall,36.5,131,NA,NA,1991,18030012,Dry,Dry,1990-10-01T00:00:00Z,1991-10-01T00:00:00Z,-119.43,36.1742
361742N1194304W001,948612,1990-01-25T00:00:00Z,254.23,252.73,0,73,181.23,73,71.5,NA,Unknown,Water level accuracy is unknown,1,Department of Water Resources,NA,5030,Tulare Irrigation District,NA,NA,36052,20S23E24L001M,20S23E24L001M,Unknown,Unknown,5-022.11,Kaweah,Tulare,NA,Unknown,Single Well,NA,1967-02-09 00:00:00 - 2013-03-05 08:30:00,79,other,NA,NA,NA,NA,1990,18030012,Critical,Critical,1989-10-01T00:00:00Z,1990-10-01T00:00:00Z,-119.43,36.1742
361742N1194304W001,948611,1989-10-04T00:00:00Z,254.23,252.73,0,73,181.23,73,71.5,NA,Unknown,Water level accuracy is unknown,1,Department of Water Resources,NA,5030,Tulare Irrigation District,NA,NA,36052,20S23E24L001M,20S23E24L001M,Unknown,Unknown,5-022.11,Kaweah,Tulare,NA,Unknown,Single Well,NA,1967-02-09 00:00:00 - 2013-03-05 08:30:00,79,fall,36.5,131,NA,NA,1990,18030012,Critical,Critical,1989-10-01T00:00:00Z,1990-10-01T00:00:00Z,-119.43,36.1742
361742N1194304W001,948610,1989-01-27T00:00:00Z,254.23,252.73,0,74,180.23,74,72.5,NA,Unknown,Water level accuracy is unknown,1,Department of Water Resources,NA,5030,Tulare Irrigation District,NA,NA,36052,20S23E24L001M,20S23E24L001M,Unknown,Unknown,5-022.11,Kaweah,Tulare,NA,Unknown,Single Well,NA,1967-02-09 00:00:00 - 2013-03-05 08:30:00,79,other,NA,NA,NA,NA,1989,18030012,Dry,Dry,1988-10-01T00:00:00Z,1989-10-01T00:00:00Z,-119.43,36.1742
361742N1194304W001,948609,1988-10-04T00:00:00Z,254.23,252.73,0,65.5,188.73,65.5,64,NA,Unknown,Water level accuracy is unknown,1,Department of Water Resources,NA,5030,Tulare Irrigation District,NA,NA,36052,20S23E24L001M,20S23E24L001M,Unknown,Unknown,5-022.11,Kaweah,Tulare,NA,Unknown,Single Well,NA,1967-02-09 00:00:00 - 2013-03-05 08:30:00,79,fall,36.5,131,NA,NA,1989,18030012,Dry,Dry,1988-10-01T00:00:00Z,1989-10-01T00:00:00Z,-119.43,36.1742
361742N1194304W001,948608,1988-02-03T00:00:00Z,254.23,252.73,0,52.5,201.73,52.5,51,NA,Unknown,Water level accuracy is unknown,1,Department of Water Resources,NA,5030,Tulare Irrigation District,NA,NA,36052,20S23E24L001M,20S23E24L001M,Unknown,Unknown,5-022.11,Kaweah,Tulare,NA,Unknown,Single Well,NA,1967-02-09 00:00:00 - 2013-03-05 08:30:00,79,other,NA,NA,NA,NA,1988,18030012,Below Normal,Below Normal,1987-10-01T00:00:00Z,1988-10-01T00:00:00Z,-119.43,36.1742
361742N1194304W001,948607,1987-10-08T00:00:00Z,254.23,252.73,0,55,199.23,55,53.5,NA,Unknown,Water level accuracy is unknown,1,Department of Water Resources,NA,5030,Tulare Irrigation District,NA,NA,36052,20S23E24L001M,20S23E24L001M,Unknown,Unknown,5-022.11,Kaweah,Tulare,NA,Unknown,Single Well,NA,1967-02-09 00:00:00 - 2013-03-05 08:30:00,79,fall,36.5,131,NA,NA,1988,18030012,Below Normal,Below Normal,1987-10-01T00:00:00Z,1988-10-01T00:00:00Z,-119.43,36.1742
361742N1194304W001,948606,1987-02-04T00:00:00Z,254.23,252.73,0,40.5,213.73,40.5,39,NA,Unknown,Water level accuracy is unknown,1,Department of Water Resources,NA,5030,Tulare Irrigation District,NA,NA,36052,20S23E24L001M,20S23E24L001M,Unknown,Unknown,5-022.11,Kaweah,Tulare,NA,Unknown,Single Well,NA,1967-02-09 00:00:00 - 2013-03-05 08:30:00,79,other,NA,NA,NA,NA,1987,18030012,Below Normal,Below Normal,1986-10-01T00:00:00Z,1987-10-01T00:00:00Z,-119.43,36.1742
361742N1194304W001,948605,1986-10-02T00:00:00Z,254.23,252.73,0,38,216.23,38,36.5,NA,Unknown,Water level accuracy is unknown,1,Department of Water Resources,NA,624,Bureau of Reclamation,NA,NA,36052,20S23E24L001M,20S23E24L001M,Unknown,Unknown,5-022.11,Kaweah,Tulare,NA,Unknown,Single Well,NA,1967-02-09 00:00:00 - 2013-03-05 08:30:00,79,fall,36.5,131,NA,NA,1987,18030012,Below Normal,Below Normal,1986-10-01T00:00:00Z,1987-10-01T00:00:00Z,-119.43,36.1742
361742N1194304W001,948604,1986-02-20T00:00:00Z,254.23,252.73,0,51,203.23,51,49.5,NA,Unknown,Water level accuracy is unknown,1,Department of Water Resources,NA,624,Bureau of Reclamation,NA,NA,36052,20S23E24L001M,20S23E24L001M,Unknown,Unknown,5-022.11,Kaweah,Tulare,NA,Unknown,Single Well,NA,1967-02-09 00:00:00 - 2013-03-05 08:30:00,79,other,NA,NA,NA,NA,1986,18030012,Above Normal,Above Normal,1985-10-01T00:00:00Z,1986-10-01T00:00:00Z,-119.43,36.1742
361742N1194304W001,948603,1985-10-02T00:00:00Z,254.23,252.73,0,55,199.23,55,53.5,NA,Unknown,Water level accuracy is unknown,1,Department of Water Resources,NA,624,Bureau of Reclamation,NA,NA,36052,20S23E24L001M,20S23E24L001M,Unknown,Unknown,5-022.11,Kaweah,Tulare,NA,Unknown,Single Well,NA,1967-02-09 00:00:00 - 2013-03-05 08:30:00,79,fall,36.5,131,NA,NA,1986,18030012,Above Normal,Above Normal,1985-10-01T00:00:00Z,1986-10-01T00:00:00Z,-119.43,36.1742
361742N1194304W001,948602,1985-02-11T00:00:00Z,254.23,252.73,0,48.5,205.73,48.5,47,NA,Unknown,Water level accuracy is unknown,1,Department of Water Resources,NA,624,Bureau of Reclamation,NA,NA,36052,20S23E24L001M,20S23E24L001M,Unknown,Unknown,5-022.11,Kaweah,Tulare,NA,Unknown,Single Well,NA,1967-02-09 00:00:00 - 2013-03-05 08:30:00,79,other,NA,NA,NA,NA,1985,18030012,Dry,Dry,1984-10-01T00:00:00Z,1985-10-01T00:00:00Z,-119.43,36.1742
361742N1194304W001,948601,1984-10-15T00:00:00Z,254.23,252.73,0,49,205.23,49,47.5,NA,Unknown,Water level accuracy is unknown,1,Department of Water Resources,NA,624,Bureau of Reclamation,NA,NA,36052,20S23E24L001M,20S23E24L001M,Unknown,Unknown,5-022.11,Kaweah,Tulare,NA,Unknown,Single Well,NA,1967-02-09 00:00:00 - 2013-03-05 08:30:00,79,fall,36.5,131,NA,NA,1985,18030012,Dry,Dry,1984-10-01T00:00:00Z,1985-10-01T00:00:00Z,-119.43,36.1742
361742N1194304W001,948600,1984-02-22T00:00:00Z,254.23,252.73,0,52,202.23,52,50.5,NA,Unknown,Water level accuracy is unknown,1,Department of Water Resources,NA,624,Bureau of Reclamation,NA,NA,36052,20S23E24L001M,20S23E24L001M,Unknown,Unknown,5-022.11,Kaweah,Tulare,NA,Unknown,Single Well,NA,1967-02-09 00:00:00 - 2013-03-05 08:30:00,79,other,NA,NA,NA,NA,1984,18030012,Above Normal,Above Normal,1983-10-01T00:00:00Z,1984-10-01T00:00:00Z,-119.43,36.1742
361742N1194304W001,948599,1983-10-18T00:00:00Z,254.23,252.73,0,53.5,200.73,53.5,52,NA,Unknown,Water level accuracy is unknown,1,Department of Water Resources,NA,624,Bureau of Reclamation,NA,NA,36052,20S23E24L001M,20S23E24L001M,Unknown,Unknown,5-022.11,Kaweah,Tulare,NA,Unknown,Single Well,NA,1967-02-09 00:00:00 - 2013-03-05 08:30:00,79,fall,36.5,131,NA,NA,1984,18030012,Above Normal,Above Normal,1983-10-01T00:00:00Z,1984-10-01T00:00:00Z,-119.43,36.1742
361742N1194304W001,948598,1983-02-16T00:00:00Z,254.23,252.73,0,65,189.23,65,63.5,Oil or foreign substance in casing,Unknown,Water level accuracy is unknown,1,Department of Water Resources,NA,5030,Tulare Irrigation District,NA,NA,36052,20S23E24L001M,20S23E24L001M,Unknown,Unknown,5-022.11,Kaweah,Tulare,NA,Unknown,Single Well,NA,1967-02-09 00:00:00 - 2013-03-05 08:30:00,79,other,NA,NA,NA,NA,1983,18030012,Wet,Wet,1982-10-01T00:00:00Z,1983-10-01T00:00:00Z,-119.43,36.1742
361742N1194304W001,948597,1982-10-08T00:00:00Z,254.23,252.73,0,67,187.23,67,65.5,NA,Unknown,Water level accuracy is unknown,1,Department of Water Resources,NA,5030,Tulare Irrigation District,NA,NA,36052,20S23E24L001M,20S23E24L001M,Unknown,Unknown,5-022.11,Kaweah,Tulare,NA,Unknown,Single Well,NA,1967-02-09 00:00:00 - 2013-03-05 08:30:00,79,fall,36.5,131,NA,NA,1983,18030012,Wet,Wet,1982-10-01T00:00:00Z,1983-10-01T00:00:00Z,-119.43,36.1742
361742N1194304W001,948596,1982-02-03T00:00:00Z,254.23,252.73,0,74.5,179.73,74.5,73,NA,Unknown,Water level accuracy is unknown,1,Department of Water Resources,NA,624,Bureau of Reclamation,NA,NA,36052,20S23E24L001M,20S23E24L001M,Unknown,Unknown,5-022.11,Kaweah,Tulare,NA,Unknown,Single Well,NA,1967-02-09 00:00:00 - 2013-03-05 08:30:00,79,other,NA,NA,NA,NA,1982,18030012,Wet,Wet,1981-10-01T00:00:00Z,1982-10-01T00:00:00Z,-119.43,36.1742
361742N1194304W001,948595,1981-09-23T00:00:00Z,254.23,252.73,0,89,165.23,89,87.5,NA,Unknown,Water level accuracy is unknown,1,Department of Water Resources,NA,624,Bureau of Reclamation,NA,NA,36052,20S23E24L001M,20S23E24L001M,Unknown,Unknown,5-022.11,Kaweah,Tulare,NA,Unknown,Single Well,NA,1967-02-09 00:00:00 - 2013-03-05 08:30:00,79,fall,36.5,131,NA,NA,1981,18030012,Below Normal,Below Normal,1980-10-01T00:00:00Z,1981-10-01T00:00:00Z,-119.43,36.1742
361742N1194304W001,948594,1981-01-26T00:00:00Z,254.23,252.73,0,85,169.23,85,83.5,NA,Unknown,Water level accuracy is unknown,1,Department of Water Resources,NA,5030,Tulare Irrigation District,NA,NA,36052,20S23E24L001M,20S23E24L001M,Unknown,Unknown,5-022.11,Kaweah,Tulare,NA,Unknown,Single Well,NA,1967-02-09 00:00:00 - 2013-03-05 08:30:00,79,other,NA,NA,NA,NA,1981,18030012,Below Normal,Below Normal,1980-10-01T00:00:00Z,1981-10-01T00:00:00Z,-119.43,36.1742
361742N1194304W001,948593,1980-09-22T00:00:00Z,254.23,252.73,0,75,179.23,75,73.5,NA,Unknown,Water level accuracy is unknown,1,Department of Water Resources,NA,5030,Tulare Irrigation District,NA,NA,36052,20S23E24L001M,20S23E24L001M,Unknown,Unknown,5-022.11,Kaweah,Tulare,NA,Unknown,Single Well,NA,1967-02-09 00:00:00 - 2013-03-05 08:30:00,79,fall,36.5,131,NA,NA,1980,18030012,Wet,Wet,1979-10-01T00:00:00Z,1980-10-01T00:00:00Z,-119.43,36.1742
361742N1194304W001,948592,1980-01-30T00:00:00Z,254.23,252.73,0,93.5,160.73,93.5,92,NA,Unknown,Water level accuracy is unknown,1,Department of Water Resources,NA,5030,Tulare Irrigation District,NA,NA,36052,20S23E24L001M,20S23E24L001M,Unknown,Unknown,5-022.11,Kaweah,Tulare,NA,Unknown,Single Well,NA,1967-02-09 00:00:00 - 2013-03-05 08:30:00,79,other,NA,NA,NA,NA,1980,18030012,Wet,Wet,1979-10-01T00:00:00Z,1980-10-01T00:00:00Z,-119.43,36.1742
361742N1194304W001,948591,1979-09-27T00:00:00Z,254.23,252.73,0,100,154.23,100,98.5,NA,Unknown,Water level accuracy is unknown,1,Department of Water Resources,NA,5030,Tulare Irrigation District,NA,NA,36052,20S23E24L001M,20S23E24L001M,Unknown,Unknown,5-022.11,Kaweah,Tulare,NA,Unknown,Single Well,NA,1967-02-09 00:00:00 - 2013-03-05 08:30:00,79,fall,36.5,131,NA,NA,1979,18030012,Wet,Wet,1978-10-01T00:00:00Z,1979-10-01T00:00:00Z,-119.43,36.1742
361742N1194304W001,948590,1979-01-24T00:00:00Z,254.23,252.73,0,92,162.23,92,90.5,NA,Unknown,Water level accuracy is unknown,1,Department of Water Resources,NA,5030,Tulare Irrigation District,NA,NA,36052,20S23E24L001M,20S23E24L001M,Unknown,Unknown,5-022.11,Kaweah,Tulare,NA,Unknown,Single Well,NA,1967-02-09 00:00:00 - 2013-03-05 08:30:00,79,other,NA,NA,NA,NA,1979,18030012,Wet,Wet,1978-10-01T00:00:00Z,1979-10-01T00:00:00Z,-119.43,36.1742
361742N1194304W001,948589,1978-10-05T00:00:00Z,254.23,252.73,0,105,149.23,105,103.5,NA,Unknown,Water level accuracy is unknown,1,Department of Water Resources,NA,5030,Tulare Irrigation District,NA,NA,36052,20S23E24L001M,20S23E24L001M,Unknown,Unknown,5-022.11,Kaweah,Tulare,NA,Unknown,Single Well,NA,1967-02-09 00:00:00 - 2013-03-05 08:30:00,79,fall,36.5,131,NA,NA,1979,18030012,Wet,Wet,1978-10-01T00:00:00Z,1979-10-01T00:00:00Z,-119.43,36.1742
361742N1194304W001,948588,1978-02-01T00:00:00Z,254.23,252.73,0,111,143.23,111,109.5,NA,Unknown,Water level accuracy is unknown,1,Department of Water Resources,NA,5030,Tulare Irrigation District,NA,NA,36052,20S23E24L001M,20S23E24L001M,Unknown,Unknown,5-022.11,Kaweah,Tulare,NA,Unknown,Single Well,NA,1967-02-09 00:00:00 - 2013-03-05 08:30:00,79,other,NA,NA,NA,NA,1978,18030012,Wet,Wet,1977-10-01T00:00:00Z,1978-10-01T00:00:00Z,-119.43,36.1742
361742N1194304W001,948587,1977-10-06T00:00:00Z,254.23,252.73,0,123,131.23,123,121.5,NA,Unknown,Water level accuracy is unknown,1,Department of Water Resources,NA,5030,Tulare Irrigation District,NA,NA,36052,20S23E24L001M,20S23E24L001M,Unknown,Unknown,5-022.11,Kaweah,Tulare,NA,Unknown,Single Well,NA,1967-02-09 00:00:00 - 2013-03-05 08:30:00,79,fall,36.5,131,NA,NA,1978,18030012,Wet,Wet,1977-10-01T00:00:00Z,1978-10-01T00:00:00Z,-119.43,36.1742
361742N1194304W001,948586,1977-01-25T00:00:00Z,254.23,252.73,0,100,154.23,100,98.5,NA,Unknown,Water level accuracy is unknown,1,Department of Water Resources,NA,5030,Tulare Irrigation District,NA,NA,36052,20S23E24L001M,20S23E24L001M,Unknown,Unknown,5-022.11,Kaweah,Tulare,NA,Unknown,Single Well,NA,1967-02-09 00:00:00 - 2013-03-05 08:30:00,79,other,NA,NA,NA,NA,1977,18030012,Dry,Dry,1976-10-01T00:00:00Z,1977-10-01T00:00:00Z,-119.43,36.1742
361742N1194304W001,948585,1976-10-08T00:00:00Z,254.23,252.73,0,101,153.23,101,99.5,NA,Unknown,Water level accuracy is unknown,1,Department of Water Resources,NA,5030,Tulare Irrigation District,NA,NA,36052,20S23E24L001M,20S23E24L001M,Unknown,Unknown,5-022.11,Kaweah,Tulare,NA,Unknown,Single Well,NA,1967-02-09 00:00:00 - 2013-03-05 08:30:00,79,fall,36.5,131,NA,NA,1977,18030012,Dry,Dry,1976-10-01T00:00:00Z,1977-10-01T00:00:00Z,-119.43,36.1742
361742N1194304W001,948584,1976-01-28T00:00:00Z,254.23,252.73,0,86.5,167.73,86.5,85,NA,Unknown,Water level accuracy is unknown,1,Department of Water Resources,NA,5030,Tulare Irrigation District,NA,NA,36052,20S23E24L001M,20S23E24L001M,Unknown,Unknown,5-022.11,Kaweah,Tulare,NA,Unknown,Single Well,NA,1967-02-09 00:00:00 - 2013-03-05 08:30:00,79,other,NA,NA,NA,NA,1976,18030012,Above Normal,Above Normal,1975-10-01T00:00:00Z,1976-10-01T00:00:00Z,-119.43,36.1742
361742N1194304W001,948583,1975-10-02T00:00:00Z,254.23,252.73,0,77,177.23,77,75.5,NA,Unknown,Water level accuracy is unknown,1,Department of Water Resources,NA,5030,Tulare Irrigation District,NA,NA,36052,20S23E24L001M,20S23E24L001M,Unknown,Unknown,5-022.11,Kaweah,Tulare,NA,Unknown,Single Well,NA,1967-02-09 00:00:00 - 2013-03-05 08:30:00,79,fall,36.5,131,NA,NA,1976,18030012,Above Normal,Above Normal,1975-10-01T00:00:00Z,1976-10-01T00:00:00Z,-119.43,36.1742
361742N1194304W001,948582,1975-02-10T00:00:00Z,254.23,252.73,0,87.5,166.73,87.5,86,NA,Unknown,Water level accuracy is unknown,1,Department of Water Resources,NA,5030,Tulare Irrigation District,NA,NA,36052,20S23E24L001M,20S23E24L001M,Unknown,Unknown,5-022.11,Kaweah,Tulare,NA,Unknown,Single Well,NA,1967-02-09 00:00:00 - 2013-03-05 08:30:00,79,other,NA,NA,NA,NA,1975,18030012,Above Normal,Above Normal,1974-10-01T00:00:00Z,1975-10-01T00:00:00Z,-119.43,36.1742
361742N1194304W001,948581,1974-10-03T00:00:00Z,254.23,252.73,0,84,170.23,84,82.5,NA,Unknown,Water level accuracy is unknown,1,Department of Water Resources,NA,5155,Kaweah Delta Water Conservation District,NA,NA,36052,20S23E24L001M,20S23E24L001M,Unknown,Unknown,5-022.11,Kaweah,Tulare,NA,Unknown,Single Well,NA,1967-02-09 00:00:00 - 2013-03-05 08:30:00,79,fall,36.5,131,NA,NA,1975,18030012,Above Normal,Above Normal,1974-10-01T00:00:00Z,1975-10-01T00:00:00Z,-119.43,36.1742
361742N1194304W001,948580,1974-01-24T00:00:00Z,254.23,252.73,0,86.2,168.03,86.2,84.7,NA,Unknown,Water level accuracy is unknown,1,Department of Water Resources,NA,5030,Tulare Irrigation District,NA,NA,36052,20S23E24L001M,20S23E24L001M,Unknown,Unknown,5-022.11,Kaweah,Tulare,NA,Unknown,Single Well,NA,1967-02-09 00:00:00 - 2013-03-05 08:30:00,79,other,NA,NA,NA,NA,1974,18030012,Wet,Wet,1973-10-01T00:00:00Z,1974-10-01T00:00:00Z,-119.43,36.1742
361742N1194304W001,948579,1973-10-03T00:00:00Z,254.23,252.73,0,89.5,164.73,89.5,88,NA,Unknown,Water level accuracy is unknown,1,Department of Water Resources,NA,5030,Tulare Irrigation District,NA,NA,36052,20S23E24L001M,20S23E24L001M,Unknown,Unknown,5-022.11,Kaweah,Tulare,NA,Unknown,Single Well,NA,1967-02-09 00:00:00 - 2013-03-05 08:30:00,79,fall,36.5,131,NA,NA,1974,18030012,Wet,Wet,1973-10-01T00:00:00Z,1974-10-01T00:00:00Z,-119.43,36.1742
361742N1194304W001,948578,1973-02-14T00:00:00Z,254.23,252.73,0,93.8,160.43,93.8,92.3,NA,Unknown,Water level accuracy is unknown,1,Department of Water Resources,NA,5030,Tulare Irrigation District,NA,NA,36052,20S23E24L001M,20S23E24L001M,Unknown,Unknown,5-022.11,Kaweah,Tulare,NA,Unknown,Single Well,NA,1967-02-09 00:00:00 - 2013-03-05 08:30:00,79,other,NA,NA,NA,NA,1973,18030012,Wet,Wet,1972-10-01T00:00:00Z,1973-10-01T00:00:00Z,-119.43,36.1742
361742N1194304W001,948577,1972-10-12T00:00:00Z,254.23,252.73,0,98,156.23,98,96.5,NA,Unknown,Water level accuracy is unknown,1,Department of Water Resources,NA,5030,Tulare Irrigation District,NA,NA,36052,20S23E24L001M,20S23E24L001M,Unknown,Unknown,5-022.11,Kaweah,Tulare,NA,Unknown,Single Well,NA,1967-02-09 00:00:00 - 2013-03-05 08:30:00,79,fall,36.5,131,NA,NA,1973,18030012,Wet,Wet,1972-10-01T00:00:00Z,1973-10-01T00:00:00Z,-119.43,36.1742
361742N1194304W001,948576,1972-02-23T00:00:00Z,254.23,252.73,NA,NA,NA,NA,NA,Pumping,NA,NA,1,Department of Water Resources,NA,5030,Tulare Irrigation District,NA,NA,36052,20S23E24L001M,20S23E24L001M,Unknown,Unknown,5-022.11,Kaweah,Tulare,NA,Unknown,Single Well,NA,1967-02-09 00:00:00 - 2013-03-05 08:30:00,79,other,NA,NA,NA,NA,1972,18030012,Critical,Critical,1971-10-01T00:00:00Z,1972-10-01T00:00:00Z,-119.43,36.1742
361742N1194304W001,948575,1971-10-11T00:00:00Z,254.23,252.73,0,89,165.23,89,87.5,NA,Unknown,Water level accuracy is unknown,1,Department of Water Resources,NA,5030,Tulare Irrigation District,NA,NA,36052,20S23E24L001M,20S23E24L001M,Unknown,Unknown,5-022.11,Kaweah,Tulare,NA,Unknown,Single Well,NA,1967-02-09 00:00:00 - 2013-03-05 08:30:00,79,fall,36.5,131,NA,NA,1972,18030012,Critical,Critical,1971-10-01T00:00:00Z,1972-10-01T00:00:00Z,-119.43,36.1742
361742N1194304W001,948574,1971-04-02T00:00:00Z,254.23,252.73,0,80,174.23,80,78.5,NA,Unknown,Water level accuracy is unknown,1,Department of Water Resources,NA,1,Department of Water Resources,NA,NA,36052,20S23E24L001M,20S23E24L001M,Unknown,Unknown,5-022.11,Kaweah,Tulare,NA,Unknown,Single Well,NA,1967-02-09 00:00:00 - 2013-03-05 08:30:00,79,spring,NA,NA,78.5,143.5,1971,18030012,Dry,Dry,1970-10-01T00:00:00Z,1971-10-01T00:00:00Z,-119.43,36.1742
361742N1194304W001,948573,1971-02-17T00:00:00Z,254.23,252.73,0,81.8,172.43,81.8,80.3,NA,Unknown,Water level accuracy is unknown,1,Department of Water Resources,NA,5030,Tulare Irrigation District,NA,NA,36052,20S23E24L001M,20S23E24L001M,Unknown,Unknown,5-022.11,Kaweah,Tulare,NA,Unknown,Single Well,NA,1967-02-09 00:00:00 - 2013-03-05 08:30:00,79,other,NA,NA,NA,NA,1971,18030012,Dry,Dry,1970-10-01T00:00:00Z,1971-10-01T00:00:00Z,-119.43,36.1742
361742N1194304W001,948572,1970-10-06T00:00:00Z,254.23,252.73,0,79.3,174.93,79.3,77.8,NA,Unknown,Water level accuracy is unknown,1,Department of Water Resources,NA,5030,Tulare Irrigation District,NA,NA,36052,20S23E24L001M,20S23E24L001M,Unknown,Unknown,5-022.11,Kaweah,Tulare,NA,Unknown,Single Well,NA,1967-02-09 00:00:00 - 2013-03-05 08:30:00,79,fall,36.5,131,NA,NA,1971,18030012,Dry,Dry,1970-10-01T00:00:00Z,1971-10-01T00:00:00Z,-119.43,36.1742
361742N1194304W001,948571,1970-02-04T00:00:00Z,254.23,252.73,0,79.3,174.93,79.3,77.8,NA,Unknown,Water level accuracy is unknown,1,Department of Water Resources,NA,5030,Tulare Irrigation District,NA,NA,36052,20S23E24L001M,20S23E24L001M,Unknown,Unknown,5-022.11,Kaweah,Tulare,NA,Unknown,Single Well,NA,1967-02-09 00:00:00 - 2013-03-05 08:30:00,79,other,NA,NA,NA,NA,1970,18030012,Wet,Wet,1969-10-01T00:00:00Z,1970-10-01T00:00:00Z,-119.43,36.1742
361742N1194304W001,948570,1969-09-30T00:00:00Z,254.23,252.73,0,84.8,169.43,84.8,83.3,NA,Unknown,Water level accuracy is unknown,1,Department of Water Resources,NA,624,Bureau of Reclamation,NA,NA,36052,20S23E24L001M,20S23E24L001M,Unknown,Unknown,5-022.11,Kaweah,Tulare,NA,Unknown,Single Well,NA,1967-02-09 00:00:00 - 2013-03-05 08:30:00,79,fall,36.5,131,NA,NA,1969,18030012,Wet,Wet,1968-10-01T00:00:00Z,1969-10-01T00:00:00Z,-119.43,36.1742
361742N1194304W001,948569,1969-02-05T00:00:00Z,254.23,252.73,0,95,159.23,95,93.5,NA,Unknown,Water level accuracy is unknown,1,Department of Water Resources,NA,5030,Tulare Irrigation District,NA,NA,36052,20S23E24L001M,20S23E24L001M,Unknown,Unknown,5-022.11,Kaweah,Tulare,NA,Unknown,Single Well,NA,1967-02-09 00:00:00 - 2013-03-05 08:30:00,79,other,NA,NA,NA,NA,1969,18030012,Wet,Wet,1968-10-01T00:00:00Z,1969-10-01T00:00:00Z,-119.43,36.1742
361742N1194304W001,948568,1968-02-01T00:00:00Z,254.23,252.73,0,90.1,164.13,90.1,88.6,NA,Unknown,Water level accuracy is unknown,1,Department of Water Resources,NA,5030,Tulare Irrigation District,NA,NA,36052,20S23E24L001M,20S23E24L001M,Unknown,Unknown,5-022.11,Kaweah,Tulare,NA,Unknown,Single Well,NA,1967-02-09 00:00:00 - 2013-03-05 08:30:00,79,other,NA,NA,NA,NA,1968,18030012,Below Normal,Below Normal,1967-10-01T00:00:00Z,1968-10-01T00:00:00Z,-119.43,36.1742
361742N1194304W001,948567,1967-02-09T00:00:00Z,254.23,252.73,0,104,150.23,104,102.5,NA,Unknown,Water level accuracy is unknown,1,Department of Water Resources,NA,5030,Tulare Irrigation District,NA,NA,36052,20S23E24L001M,20S23E24L001M,Unknown,Unknown,5-022.11,Kaweah,Tulare,NA,Unknown,Single Well,NA,1967-02-09 00:00:00 - 2013-03-05 08:30:00,79,other,NA,NA,NA,NA,1967,18030012,Wet,Wet,1966-10-01T00:00:00Z,1967-10-01T00:00:00Z,-119.43,36.1742
