SITE_CODE,WLM_ID,MSMT_DATE,WLM_RPE,WLM_GSE,RDNG_WS,RDNG_RP,WSE,RPE_WSE,GSE_WSE,WLM_QA_DESC,WLM_DESC,WLM_ACC_DESC,WLM_ORG_ID,WLM_ORG_NAME,MSMT_CMT,COOP_AGENCY_ORG_ID,COOP_ORG_NAME,TOP_PRF,BOT_PRF,STN_ID,SWN,WELL_NAME,WLM_METHOD,WLM_ACC,BASIN_CODE,BASIN_NAME,COUNTY_NAME,WELL_DEPTH,WELL_USE,WELL_TYPE,WCR_NO,t_range,n_samples,season,fall_high,fall_low,spring_high,spring_low,water_year,HUC8,WYT,water_year_type,water_year_start,water_year_end,X,Y
361894N1193666W001,2231656,2016-10-26T00:00:00Z,264.9,264.1,2,145,121.9,143,142.2,NA,Steel tape measurement,Water level accuracy to nearest foot,5030,Tulare Irrigation District,NA,5030,Tulare Irrigation District,157,357,48640,NA,202416H1,Surveyed to a benchmark,0.1 ft.,5-022.11,Kaweah,Tulare,359,Irrigation,Single Well,NA,2011-02-14 10:00:00 - 2016-10-26 00:00:00,12,fall,136.06,154.06,NA,NA,2017,18030012,Wet,Wet,2016-10-01T00:00:00Z,2017-10-01T00:00:00Z,-119.367,36.1893
361894N1193666W001,2183760,2016-02-09T08:00:00Z,264.42,263.48,4,140,128.42,136,135.06,NA,Steel tape measurement,Water level accuracy to nearest foot,5030,Tulare Irrigation District,NA,5030,Tulare Irrigation District,157,357,48640,NA,202416H1,Surveyed to a benchmark,0.1 ft.,5-022.11,Kaweah,Tulare,359,Irrigation,Single Well,NA,2011-02-14 10:00:00 - 2016-10-26 00:00:00,12,other,NA,NA,NA,NA,2016,18030012,Below Normal,Below Normal,2015-10-01T00:00:00Z,2016-10-01T00:00:00Z,-119.367,36.1893
361894N1193666W001,2170014,2015-10-02T00:00:00Z,264.42,263.48,20,175,109.42,155,154.06,NA,Steel tape measurement,Water level accuracy to nearest tenth of a foot,5030,Tulare Irrigation District,NA,5030,Tulare Irrigation District,157,357,48640,NA,202416H1,Surveyed to a benchmark,0.1 ft.,5-022.11,Kaweah,Tulare,359,Irrigation,Single Well,NA,2011-02-14 10:00:00 - 2016-10-26 00:00:00,12,fall,136.06,154.06,NA,NA,2016,18030012,Below Normal,Below Normal,2015-10-01T00:00:00Z,2016-10-01T00:00:00Z,-119.367,36.1893
361894N1193666W001,2137607,2015-03-13T14:10:00Z,264.42,263.48,5,160,109.42,155,154.06,NA,Steel tape measurement,Water level accuracy to nearest foot,5030,Tulare Irrigation District,NA,5030,Tulare Irrigation District,157,357,48640,NA,202416H1,Surveyed to a benchmark,0.1 ft.,5-022.11,Kaweah,Tulare,359,Irrigation,Single Well,NA,2011-02-14 10:00:00 - 2016-10-26 00:00:00,12,spring,NA,NA,154.06,170.06,2015,18030012,Critical,Critical,2014-10-01T00:00:00Z,2015-10-01T00:00:00Z,-119.367,36.1893
361894N1193666W001,2137606,2014-10-17T15:40:00Z,264.42,263.48,1,156,109.42,155,154.06,NA,Steel tape measurement,Water level accuracy to nearest foot,5030,Tulare Irrigation District,NA,5030,Tulare Irrigation District,157,357,48640,NA,202416H1,Surveyed to a benchmark,0.1 ft.,5-022.11,Kaweah,Tulare,359,Irrigation,Single Well,NA,2011-02-14 10:00:00 - 2016-10-26 00:00:00,12,fall,136.06,154.06,NA,NA,2015,18030012,Critical,Critical,2014-10-01T00:00:00Z,2015-10-01T00:00:00Z,-119.367,36.1893
361894N1193666W001,2137605,2014-02-15T11:00:00Z,264.42,263.48,0,160,104.42,160,159.06,NA,Electric sounder measurement,Water level accuracy to nearest foot,5030,Tulare Irrigation District,NA,5030,Tulare Irrigation District,157,357,48640,NA,202416H1,Surveyed to a benchmark,0.1 ft.,5-022.11,Kaweah,Tulare,359,Irrigation,Single Well,NA,2011-02-14 10:00:00 - 2016-10-26 00:00:00,12,other,NA,NA,NA,NA,2014,18030012,Critical,Critical,2013-10-01T00:00:00Z,2014-10-01T00:00:00Z,-119.367,36.1893
361894N1193666W001,2137604,2013-10-07T11:25:00Z,264.42,263.48,NA,NA,NA,NA,NA,Pumping,NA,NA,5030,Tulare Irrigation District,NA,5030,Tulare Irrigation District,157,357,48640,NA,202416H1,Surveyed to a benchmark,0.1 ft.,5-022.11,Kaweah,Tulare,359,Irrigation,Single Well,NA,2011-02-14 10:00:00 - 2016-10-26 00:00:00,12,fall,136.06,154.06,NA,NA,2014,18030012,Critical,Critical,2013-10-01T00:00:00Z,2014-10-01T00:00:00Z,-119.367,36.1893
361894N1193666W001,2137603,2013-03-14T12:00:00Z,264.42,263.48,4,175,93.42,171,170.06,NA,Steel tape measurement,Water level accuracy to nearest foot,5030,Tulare Irrigation District,NA,5030,Tulare Irrigation District,157,357,48640,NA,202416H1,Surveyed to a benchmark,0.1 ft.,5-022.11,Kaweah,Tulare,359,Irrigation,Single Well,NA,2011-02-14 10:00:00 - 2016-10-26 00:00:00,12,spring,NA,NA,154.06,170.06,2013,18030012,Critical,Critical,2012-10-01T00:00:00Z,2013-10-01T00:00:00Z,-119.367,36.1893
361894N1193666W001,2137602,2012-10-19T13:45:00Z,264.42,263.48,4,145,123.42,141,140.06,NA,Steel tape measurement,Water level accuracy to nearest foot,5030,Tulare Irrigation District,NA,5030,Tulare Irrigation District,157,357,48640,NA,202416H1,Surveyed to a benchmark,0.1 ft.,5-022.11,Kaweah,Tulare,359,Irrigation,Single Well,NA,2011-02-14 10:00:00 - 2016-10-26 00:00:00,12,fall,136.06,154.06,NA,NA,2013,18030012,Critical,Critical,2012-10-01T00:00:00Z,2013-10-01T00:00:00Z,-119.367,36.1893
361894N1193666W001,2137601,2012-02-08T11:40:00Z,264.42,263.48,13,150,127.42,137,136.06,NA,Steel tape measurement,Water level accuracy to nearest foot,5030,Tulare Irrigation District,NA,5030,Tulare Irrigation District,157,357,48640,NA,202416H1,Surveyed to a benchmark,0.1 ft.,5-022.11,Kaweah,Tulare,359,Irrigation,Single Well,NA,2011-02-14 10:00:00 - 2016-10-26 00:00:00,12,other,NA,NA,NA,NA,2012,18030012,Below Normal,Below Normal,2011-10-01T00:00:00Z,2012-10-01T00:00:00Z,-119.367,36.1893
361894N1193666W001,37327,2011-10-12T10:00:00Z,264.42,263.48,3,140,127.42,137,136.06,NA,Steel tape measurement,Water level accuracy to nearest tenth of a foot,5030,Tulare Irrigation District,NA,5030,Tulare Irrigation District,157,357,48640,NA,202416H1,Surveyed to a benchmark,0.1 ft.,5-022.11,Kaweah,Tulare,359,Irrigation,Single Well,NA,2011-02-14 10:00:00 - 2016-10-26 00:00:00,12,fall,136.06,154.06,NA,NA,2012,18030012,Below Normal,Below Normal,2011-10-01T00:00:00Z,2012-10-01T00:00:00Z,-119.367,36.1893
361894N1193666W001,2137600,2011-02-14T10:00:00Z,264.42,263.48,12,155,121.42,143,142.06,NA,Steel tape measurement,Water level accuracy to nearest foot,5030,Tulare Irrigation District,NA,5030,Tulare Irrigation District,157,357,48640,NA,202416H1,Surveyed to a benchmark,0.1 ft.,5-022.11,Kaweah,Tulare,359,Irrigation,Single Well,NA,2011-02-14 10:00:00 - 2016-10-26 00:00:00,12,other,NA,NA,NA,NA,2011,18030012,Wet,Wet,2010-10-01T00:00:00Z,2011-10-01T00:00:00Z,-119.367,36.1893
