SITE_CODE,WLM_ID,MSMT_DATE,WLM_RPE,WLM_GSE,RDNG_WS,RDNG_RP,WSE,RPE_WSE,GSE_WSE,WLM_QA_DESC,WLM_DESC,WLM_ACC_DESC,WLM_ORG_ID,WLM_ORG_NAME,MSMT_CMT,COOP_AGENCY_ORG_ID,COOP_ORG_NAME,TOP_PRF,BOT_PRF,STN_ID,SWN,WELL_NAME,WLM_METHOD,WLM_ACC,BASIN_CODE,BASIN_NAME,COUNTY_NAME,WELL_DEPTH,WELL_USE,WELL_TYPE,WCR_NO,t_range,n_samples,season,fall_high,fall_low,spring_high,spring_low,water_year,HUC8,WYT,water_year_type,water_year_start,water_year_end,X,Y
361858N1193131W001,1989009,2013-03-06T14:45:00Z,285.71,284.71,6,175,116.71,169,168,Oil or foreign substance in casing,Unknown,Water level accuracy to nearest tenth of a foot,1,Department of Water Resources,tape=169,1,Department of Water Resources,NA,NA,35299,20S25E18M001M,20S25E18M001M,Unknown,Unknown,5-022.11,Kaweah,Tulare,NA,Unknown,Single Well,NA,1961-10-02 00:00:00 - 2013-03-06 14:45:00,89,spring,NA,NA,41,168,2013,18030012,Critical,Critical,2012-10-01T00:00:00Z,2013-10-01T00:00:00Z,-119.313,36.1858
361858N1193131W001,93936,2011-02-16T08:30:00Z,285.71,284.71,10,160,135.71,150,149,Oil or foreign substance in casing,Unknown,Water level accuracy to nearest tenth of a foot,1,Department of Water Resources,Oil in Casing,1,Department of Water Resources,NA,NA,35299,20S25E18M001M,20S25E18M001M,Unknown,Unknown,5-022.11,Kaweah,Tulare,NA,Unknown,Single Well,NA,1961-10-02 00:00:00 - 2013-03-06 14:45:00,89,other,NA,NA,NA,NA,2011,18030012,Wet,Wet,2010-10-01T00:00:00Z,2011-10-01T00:00:00Z,-119.313,36.1858
361858N1193131W001,952527,2010-01-20T00:00:00Z,285.71,284.71,0,160,125.71,160,159,NA,Unknown,Water level accuracy is unknown,1,Department of Water Resources,NA,5030,Tulare Irrigation District,NA,NA,35299,20S25E18M001M,20S25E18M001M,Unknown,Unknown,5-022.11,Kaweah,Tulare,NA,Unknown,Single Well,NA,1961-10-02 00:00:00 - 2013-03-06 14:45:00,89,other,NA,NA,NA,NA,2010,18030012,Above Normal,Above Normal,2009-10-01T00:00:00Z,2010-10-01T00:00:00Z,-119.313,36.1858
361858N1193131W001,952526,2009-03-04T00:00:00Z,285.71,284.71,0,147,138.71,147,146,Oil or foreign substance in casing,Unknown,Water level accuracy is unknown,1,Department of Water Resources,TAPE-147',5030,Tulare Irrigation District,NA,NA,35299,20S25E18M001M,20S25E18M001M,Unknown,Unknown,5-022.11,Kaweah,Tulare,NA,Unknown,Single Well,NA,1961-10-02 00:00:00 - 2013-03-06 14:45:00,89,spring,NA,NA,41,168,2009,18030012,Critical,Critical,2008-10-01T00:00:00Z,2009-10-01T00:00:00Z,-119.313,36.1858
361858N1193131W001,952524,2007-10-16T00:00:00Z,285.71,284.71,0,134,151.71,134,133,Oil or foreign substance in casing,Unknown,Water level accuracy is unknown,1,Department of Water Resources,NA,5030,Tulare Irrigation District,NA,NA,35299,20S25E18M001M,20S25E18M001M,Unknown,Unknown,5-022.11,Kaweah,Tulare,NA,Unknown,Single Well,NA,1961-10-02 00:00:00 - 2013-03-06 14:45:00,89,fall,39,137,NA,NA,2008,18030012,Critical,Critical,2007-10-01T00:00:00Z,2008-10-01T00:00:00Z,-119.313,36.1858
361858N1193131W001,952525,2006-09-28T00:00:00Z,285.71,284.71,0,116,169.71,116,115,NA,Unknown,Water level accuracy is unknown,1,Department of Water Resources,TAPE-116 FEET,5030,Tulare Irrigation District,NA,NA,35299,20S25E18M001M,20S25E18M001M,Unknown,Unknown,5-022.11,Kaweah,Tulare,NA,Unknown,Single Well,NA,1961-10-02 00:00:00 - 2013-03-06 14:45:00,89,fall,39,137,NA,NA,2006,18030012,Wet,Wet,2005-10-01T00:00:00Z,2006-10-01T00:00:00Z,-119.313,36.1858
361858N1193131W001,952523,2006-01-26T00:00:00Z,285.71,284.71,0,106,179.71,106,105,Oil or foreign substance in casing,Unknown,Water level accuracy is unknown,1,Department of Water Resources,NA,5030,Tulare Irrigation District,NA,NA,35299,20S25E18M001M,20S25E18M001M,Unknown,Unknown,5-022.11,Kaweah,Tulare,NA,Unknown,Single Well,NA,1961-10-02 00:00:00 - 2013-03-06 14:45:00,89,other,NA,NA,NA,NA,2006,18030012,Wet,Wet,2005-10-01T00:00:00Z,2006-10-01T00:00:00Z,-119.313,36.1858
361858N1193131W001,952522,2005-02-03T00:00:00Z,285.71,284.71,0,126,159.71,126,125,NA,Unknown,Water level accuracy is unknown,1,Department of Water Resources,NA,5030,Tulare Irrigation District,NA,NA,35299,20S25E18M001M,20S25E18M001M,Unknown,Unknown,5-022.11,Kaweah,Tulare,NA,Unknown,Single Well,NA,1961-10-02 00:00:00 - 2013-03-06 14:45:00,89,other,NA,NA,NA,NA,2005,18030012,Wet,Wet,2004-10-01T00:00:00Z,2005-10-01T00:00:00Z,-119.313,36.1858
361858N1193131W001,952521,2005-02-03T00:00:00Z,285.71,284.71,0,126,159.71,126,125,Oil or foreign substance in casing,Unknown,Water level accuracy is unknown,1,Department of Water Resources,NA,5030,Tulare Irrigation District,NA,NA,35299,20S25E18M001M,20S25E18M001M,Unknown,Unknown,5-022.11,Kaweah,Tulare,NA,Unknown,Single Well,NA,1961-10-02 00:00:00 - 2013-03-06 14:45:00,89,other,NA,NA,NA,NA,2005,18030012,Wet,Wet,2004-10-01T00:00:00Z,2005-10-01T00:00:00Z,-119.313,36.1858
361858N1193131W001,952519,2004-02-05T00:00:00Z,285.71,284.71,0,142,143.71,142,141,Oil or foreign substance in casing,Unknown,Water level accuracy is unknown,1,Department of Water Resources,142',5030,Tulare Irrigation District,NA,NA,35299,20S25E18M001M,20S25E18M001M,Unknown,Unknown,5-022.11,Kaweah,Tulare,NA,Unknown,Single Well,NA,1961-10-02 00:00:00 - 2013-03-06 14:45:00,89,other,NA,NA,NA,NA,2004,18030012,Dry,Dry,2003-10-01T00:00:00Z,2004-10-01T00:00:00Z,-119.313,36.1858
361858N1193131W001,952520,2003-09-24T00:00:00Z,285.71,284.71,0,138,147.71,138,137,Oil or foreign substance in casing,Unknown,Water level accuracy is unknown,1,Department of Water Resources,TAPE-138'/O.I.C.,5030,Tulare Irrigation District,NA,NA,35299,20S25E18M001M,20S25E18M001M,Unknown,Unknown,5-022.11,Kaweah,Tulare,NA,Unknown,Single Well,NA,1961-10-02 00:00:00 - 2013-03-06 14:45:00,89,fall,39,137,NA,NA,2003,18030012,Dry,Dry,2002-10-01T00:00:00Z,2003-10-01T00:00:00Z,-119.313,36.1858
361858N1193131W001,952516,2003-01-24T00:00:00Z,285.71,284.71,0,119,166.71,119,118,Oil or foreign substance in casing,Unknown,Water level accuracy is unknown,1,Department of Water Resources,NA,5030,Tulare Irrigation District,NA,NA,35299,20S25E18M001M,20S25E18M001M,Unknown,Unknown,5-022.11,Kaweah,Tulare,NA,Unknown,Single Well,NA,1961-10-02 00:00:00 - 2013-03-06 14:45:00,89,other,NA,NA,NA,NA,2003,18030012,Dry,Dry,2002-10-01T00:00:00Z,2003-10-01T00:00:00Z,-119.313,36.1858
361858N1193131W001,952518,2002-09-19T00:00:00Z,285.71,284.71,0,132,153.71,132,131,Pumped recently,Unknown,Water level accuracy is unknown,1,Department of Water Resources,NA,624,Bureau of Reclamation,NA,NA,35299,20S25E18M001M,20S25E18M001M,Unknown,Unknown,5-022.11,Kaweah,Tulare,NA,Unknown,Single Well,NA,1961-10-02 00:00:00 - 2013-03-06 14:45:00,89,fall,39,137,NA,NA,2002,18030012,Critical,Critical,2001-10-01T00:00:00Z,2002-10-01T00:00:00Z,-119.313,36.1858
361858N1193131W001,952517,2002-01-18T00:00:00Z,285.71,284.71,0,89,196.71,89,88,Oil or foreign substance in casing,Unknown,Water level accuracy is unknown,1,Department of Water Resources,NA,624,Bureau of Reclamation,NA,NA,35299,20S25E18M001M,20S25E18M001M,Unknown,Unknown,5-022.11,Kaweah,Tulare,NA,Unknown,Single Well,NA,1961-10-02 00:00:00 - 2013-03-06 14:45:00,89,other,NA,NA,NA,NA,2002,18030012,Critical,Critical,2001-10-01T00:00:00Z,2002-10-01T00:00:00Z,-119.313,36.1858
361858N1193131W001,952515,2001-01-24T00:00:00Z,285.71,284.71,0,78,207.71,78,77,Oil or foreign substance in casing,Unknown,Water level accuracy is unknown,1,Department of Water Resources,NA,5030,Tulare Irrigation District,NA,NA,35299,20S25E18M001M,20S25E18M001M,Unknown,Unknown,5-022.11,Kaweah,Tulare,NA,Unknown,Single Well,NA,1961-10-02 00:00:00 - 2013-03-06 14:45:00,89,other,NA,NA,NA,NA,2001,18030012,Below Normal,Below Normal,2000-10-01T00:00:00Z,2001-10-01T00:00:00Z,-119.313,36.1858
361858N1193131W001,952514,2000-01-25T00:00:00Z,285.71,284.71,0,80,205.71,80,79,Oil or foreign substance in casing,Unknown,Water level accuracy is unknown,1,Department of Water Resources,NA,5030,Tulare Irrigation District,NA,NA,35299,20S25E18M001M,20S25E18M001M,Unknown,Unknown,5-022.11,Kaweah,Tulare,NA,Unknown,Single Well,NA,1961-10-02 00:00:00 - 2013-03-06 14:45:00,89,other,NA,NA,NA,NA,2000,18030012,Below Normal,Below Normal,1999-10-01T00:00:00Z,2000-10-01T00:00:00Z,-119.313,36.1858
361858N1193131W001,952513,1999-10-04T00:00:00Z,285.71,284.71,0,94,191.71,94,93,Oil or foreign substance in casing,Unknown,Water level accuracy is unknown,1,Department of Water Resources,NA,5030,Tulare Irrigation District,NA,NA,35299,20S25E18M001M,20S25E18M001M,Unknown,Unknown,5-022.11,Kaweah,Tulare,NA,Unknown,Single Well,NA,1961-10-02 00:00:00 - 2013-03-06 14:45:00,89,fall,39,137,NA,NA,2000,18030012,Below Normal,Below Normal,1999-10-01T00:00:00Z,2000-10-01T00:00:00Z,-119.313,36.1858
361858N1193131W001,952512,1999-01-20T00:00:00Z,285.71,284.71,0,94,191.71,94,93,Oil or foreign substance in casing,Unknown,Water level accuracy is unknown,1,Department of Water Resources,NA,5030,Tulare Irrigation District,NA,NA,35299,20S25E18M001M,20S25E18M001M,Unknown,Unknown,5-022.11,Kaweah,Tulare,NA,Unknown,Single Well,NA,1961-10-02 00:00:00 - 2013-03-06 14:45:00,89,other,NA,NA,NA,NA,1999,18030012,Wet,Wet,1998-10-01T00:00:00Z,1999-10-01T00:00:00Z,-119.313,36.1858
361858N1193131W001,952511,1998-10-08T00:00:00Z,285.71,284.71,0,85,200.71,85,84,Oil or foreign substance in casing,Unknown,Water level accuracy is unknown,1,Department of Water Resources,NA,5030,Tulare Irrigation District,NA,NA,35299,20S25E18M001M,20S25E18M001M,Unknown,Unknown,5-022.11,Kaweah,Tulare,NA,Unknown,Single Well,NA,1961-10-02 00:00:00 - 2013-03-06 14:45:00,89,fall,39,137,NA,NA,1999,18030012,Wet,Wet,1998-10-01T00:00:00Z,1999-10-01T00:00:00Z,-119.313,36.1858
361858N1193131W001,952510,1998-01-15T00:00:00Z,285.71,284.71,0,99,186.71,99,98,Oil or foreign substance in casing,Unknown,Water level accuracy is unknown,1,Department of Water Resources,NA,5030,Tulare Irrigation District,NA,NA,35299,20S25E18M001M,20S25E18M001M,Unknown,Unknown,5-022.11,Kaweah,Tulare,NA,Unknown,Single Well,NA,1961-10-02 00:00:00 - 2013-03-06 14:45:00,89,other,NA,NA,NA,NA,1998,18030012,Wet,Wet,1997-10-01T00:00:00Z,1998-10-01T00:00:00Z,-119.313,36.1858
361858N1193131W001,952509,1997-10-09T00:00:00Z,285.71,284.71,0,115.5,170.21,115.5,114.5,Oil or foreign substance in casing,Unknown,Water level accuracy is unknown,1,Department of Water Resources,NA,5030,Tulare Irrigation District,NA,NA,35299,20S25E18M001M,20S25E18M001M,Unknown,Unknown,5-022.11,Kaweah,Tulare,NA,Unknown,Single Well,NA,1961-10-02 00:00:00 - 2013-03-06 14:45:00,89,fall,39,137,NA,NA,1998,18030012,Wet,Wet,1997-10-01T00:00:00Z,1998-10-01T00:00:00Z,-119.313,36.1858
361858N1193131W001,952508,1997-01-17T00:00:00Z,285.71,284.71,0,117,168.71,117,116,NA,Unknown,Water level accuracy is unknown,1,Department of Water Resources,NA,5030,Tulare Irrigation District,NA,NA,35299,20S25E18M001M,20S25E18M001M,Unknown,Unknown,5-022.11,Kaweah,Tulare,NA,Unknown,Single Well,NA,1961-10-02 00:00:00 - 2013-03-06 14:45:00,89,other,NA,NA,NA,NA,1997,18030012,Above Normal,Above Normal,1996-10-01T00:00:00Z,1997-10-01T00:00:00Z,-119.313,36.1858
361858N1193131W001,952507,1996-10-04T00:00:00Z,285.71,284.71,0,127,158.71,127,126,Oil or foreign substance in casing,Unknown,Water level accuracy is unknown,1,Department of Water Resources,NA,5030,Tulare Irrigation District,NA,NA,35299,20S25E18M001M,20S25E18M001M,Unknown,Unknown,5-022.11,Kaweah,Tulare,NA,Unknown,Single Well,NA,1961-10-02 00:00:00 - 2013-03-06 14:45:00,89,fall,39,137,NA,NA,1997,18030012,Above Normal,Above Normal,1996-10-01T00:00:00Z,1997-10-01T00:00:00Z,-119.313,36.1858
361858N1193131W001,952506,1996-01-17T00:00:00Z,285.71,284.71,0,105,180.71,105,104,NA,Unknown,Water level accuracy is unknown,1,Department of Water Resources,NA,5030,Tulare Irrigation District,NA,NA,35299,20S25E18M001M,20S25E18M001M,Unknown,Unknown,5-022.11,Kaweah,Tulare,NA,Unknown,Single Well,NA,1961-10-02 00:00:00 - 2013-03-06 14:45:00,89,other,NA,NA,NA,NA,1996,18030012,Wet,Wet,1995-10-01T00:00:00Z,1996-10-01T00:00:00Z,-119.313,36.1858
361858N1193131W001,952505,1995-10-11T00:00:00Z,285.71,284.71,0,123,162.71,123,122,NA,Unknown,Water level accuracy is unknown,1,Department of Water Resources,NA,5030,Tulare Irrigation District,NA,NA,35299,20S25E18M001M,20S25E18M001M,Unknown,Unknown,5-022.11,Kaweah,Tulare,NA,Unknown,Single Well,NA,1961-10-02 00:00:00 - 2013-03-06 14:45:00,89,fall,39,137,NA,NA,1996,18030012,Wet,Wet,1995-10-01T00:00:00Z,1996-10-01T00:00:00Z,-119.313,36.1858
361858N1193131W001,952504,1995-02-01T00:00:00Z,285.71,284.71,0,116,169.71,116,115,NA,Unknown,Water level accuracy is unknown,1,Department of Water Resources,NA,5030,Tulare Irrigation District,NA,NA,35299,20S25E18M001M,20S25E18M001M,Unknown,Unknown,5-022.11,Kaweah,Tulare,NA,Unknown,Single Well,NA,1961-10-02 00:00:00 - 2013-03-06 14:45:00,89,other,NA,NA,NA,NA,1995,18030012,Wet,Wet,1994-10-01T00:00:00Z,1995-10-01T00:00:00Z,-119.313,36.1858
361858N1193131W001,952503,1994-10-06T00:00:00Z,285.71,284.71,0,133,152.71,133,132,NA,Unknown,Water level accuracy is unknown,1,Department of Water Resources,NA,5030,Tulare Irrigation District,NA,NA,35299,20S25E18M001M,20S25E18M001M,Unknown,Unknown,5-022.11,Kaweah,Tulare,NA,Unknown,Single Well,NA,1961-10-02 00:00:00 - 2013-03-06 14:45:00,89,fall,39,137,NA,NA,1995,18030012,Wet,Wet,1994-10-01T00:00:00Z,1995-10-01T00:00:00Z,-119.313,36.1858
361858N1193131W001,952502,1994-01-20T00:00:00Z,285.71,284.71,0,110,175.71,110,109,NA,Unknown,Water level accuracy is unknown,1,Department of Water Resources,NA,5030,Tulare Irrigation District,NA,NA,35299,20S25E18M001M,20S25E18M001M,Unknown,Unknown,5-022.11,Kaweah,Tulare,NA,Unknown,Single Well,NA,1961-10-02 00:00:00 - 2013-03-06 14:45:00,89,other,NA,NA,NA,NA,1994,18030012,Above Normal,Above Normal,1993-10-01T00:00:00Z,1994-10-01T00:00:00Z,-119.313,36.1858
361858N1193131W001,952501,1993-10-07T00:00:00Z,285.71,284.71,0,128,157.71,128,127,NA,Unknown,Water level accuracy is unknown,1,Department of Water Resources,NA,5030,Tulare Irrigation District,NA,NA,35299,20S25E18M001M,20S25E18M001M,Unknown,Unknown,5-022.11,Kaweah,Tulare,NA,Unknown,Single Well,NA,1961-10-02 00:00:00 - 2013-03-06 14:45:00,89,fall,39,137,NA,NA,1994,18030012,Above Normal,Above Normal,1993-10-01T00:00:00Z,1994-10-01T00:00:00Z,-119.313,36.1858
361858N1193131W001,952500,1993-01-29T00:00:00Z,285.71,284.71,0,115,170.71,115,114,NA,Unknown,Water level accuracy is unknown,1,Department of Water Resources,NA,5030,Tulare Irrigation District,NA,NA,35299,20S25E18M001M,20S25E18M001M,Unknown,Unknown,5-022.11,Kaweah,Tulare,NA,Unknown,Single Well,NA,1961-10-02 00:00:00 - 2013-03-06 14:45:00,89,other,NA,NA,NA,NA,1993,18030012,Wet,Wet,1992-10-01T00:00:00Z,1993-10-01T00:00:00Z,-119.313,36.1858
361858N1193131W001,952499,1992-10-09T00:00:00Z,285.71,284.71,0,130,155.71,130,129,NA,Unknown,Water level accuracy is unknown,1,Department of Water Resources,NA,5030,Tulare Irrigation District,NA,NA,35299,20S25E18M001M,20S25E18M001M,Unknown,Unknown,5-022.11,Kaweah,Tulare,NA,Unknown,Single Well,NA,1961-10-02 00:00:00 - 2013-03-06 14:45:00,89,fall,39,137,NA,NA,1993,18030012,Wet,Wet,1992-10-01T00:00:00Z,1993-10-01T00:00:00Z,-119.313,36.1858
361858N1193131W001,952498,1992-01-24T00:00:00Z,285.71,284.71,0,110,175.71,110,109,NA,Unknown,Water level accuracy is unknown,1,Department of Water Resources,NA,5030,Tulare Irrigation District,NA,NA,35299,20S25E18M001M,20S25E18M001M,Unknown,Unknown,5-022.11,Kaweah,Tulare,NA,Unknown,Single Well,NA,1961-10-02 00:00:00 - 2013-03-06 14:45:00,89,other,NA,NA,NA,NA,1992,18030012,Above Normal,Above Normal,1991-10-01T00:00:00Z,1992-10-01T00:00:00Z,-119.313,36.1858
361858N1193131W001,952497,1991-10-04T00:00:00Z,285.71,284.71,0,129,156.71,129,128,NA,Unknown,Water level accuracy is unknown,1,Department of Water Resources,NA,5030,Tulare Irrigation District,NA,NA,35299,20S25E18M001M,20S25E18M001M,Unknown,Unknown,5-022.11,Kaweah,Tulare,NA,Unknown,Single Well,NA,1961-10-02 00:00:00 - 2013-03-06 14:45:00,89,fall,39,137,NA,NA,1992,18030012,Above Normal,Above Normal,1991-10-01T00:00:00Z,1992-10-01T00:00:00Z,-119.313,36.1858
361858N1193131W001,952496,1991-01-18T00:00:00Z,285.71,284.71,0,110,175.71,110,109,NA,Unknown,Water level accuracy is unknown,1,Department of Water Resources,NA,5030,Tulare Irrigation District,NA,NA,35299,20S25E18M001M,20S25E18M001M,Unknown,Unknown,5-022.11,Kaweah,Tulare,NA,Unknown,Single Well,NA,1961-10-02 00:00:00 - 2013-03-06 14:45:00,89,other,NA,NA,NA,NA,1991,18030012,Dry,Dry,1990-10-01T00:00:00Z,1991-10-01T00:00:00Z,-119.313,36.1858
361858N1193131W001,952495,1990-10-04T00:00:00Z,285.71,284.71,0,121,164.71,121,120,Acoustical sounder,Unknown,Water level accuracy is unknown,1,Department of Water Resources,NA,5030,Tulare Irrigation District,NA,NA,35299,20S25E18M001M,20S25E18M001M,Unknown,Unknown,5-022.11,Kaweah,Tulare,NA,Unknown,Single Well,NA,1961-10-02 00:00:00 - 2013-03-06 14:45:00,89,fall,39,137,NA,NA,1991,18030012,Dry,Dry,1990-10-01T00:00:00Z,1991-10-01T00:00:00Z,-119.313,36.1858
361858N1193131W001,952494,1990-01-17T00:00:00Z,285.71,284.71,0,75,210.71,75,74,NA,Unknown,Water level accuracy is unknown,1,Department of Water Resources,NA,5030,Tulare Irrigation District,NA,NA,35299,20S25E18M001M,20S25E18M001M,Unknown,Unknown,5-022.11,Kaweah,Tulare,NA,Unknown,Single Well,NA,1961-10-02 00:00:00 - 2013-03-06 14:45:00,89,other,NA,NA,NA,NA,1990,18030012,Critical,Critical,1989-10-01T00:00:00Z,1990-10-01T00:00:00Z,-119.313,36.1858
361858N1193131W001,952493,1989-10-09T00:00:00Z,285.71,284.71,0,81,204.71,81,80,NA,Unknown,Water level accuracy is unknown,1,Department of Water Resources,NA,5030,Tulare Irrigation District,NA,NA,35299,20S25E18M001M,20S25E18M001M,Unknown,Unknown,5-022.11,Kaweah,Tulare,NA,Unknown,Single Well,NA,1961-10-02 00:00:00 - 2013-03-06 14:45:00,89,fall,39,137,NA,NA,1990,18030012,Critical,Critical,1989-10-01T00:00:00Z,1990-10-01T00:00:00Z,-119.313,36.1858
361858N1193131W001,952492,1989-01-27T00:00:00Z,285.71,284.71,0,60.5,225.21,60.5,59.5,NA,Unknown,Water level accuracy is unknown,1,Department of Water Resources,NA,5030,Tulare Irrigation District,NA,NA,35299,20S25E18M001M,20S25E18M001M,Unknown,Unknown,5-022.11,Kaweah,Tulare,NA,Unknown,Single Well,NA,1961-10-02 00:00:00 - 2013-03-06 14:45:00,89,other,NA,NA,NA,NA,1989,18030012,Dry,Dry,1988-10-01T00:00:00Z,1989-10-01T00:00:00Z,-119.313,36.1858
361858N1193131W001,952491,1988-10-06T00:00:00Z,285.71,284.71,0,80,205.71,80,79,NA,Unknown,Water level accuracy is unknown,1,Department of Water Resources,NA,5030,Tulare Irrigation District,NA,NA,35299,20S25E18M001M,20S25E18M001M,Unknown,Unknown,5-022.11,Kaweah,Tulare,NA,Unknown,Single Well,NA,1961-10-02 00:00:00 - 2013-03-06 14:45:00,89,fall,39,137,NA,NA,1989,18030012,Dry,Dry,1988-10-01T00:00:00Z,1989-10-01T00:00:00Z,-119.313,36.1858
361858N1193131W001,952490,1988-01-25T00:00:00Z,285.71,284.71,0,49,236.71,49,48,NA,Unknown,Water level accuracy is unknown,1,Department of Water Resources,NA,5030,Tulare Irrigation District,NA,NA,35299,20S25E18M001M,20S25E18M001M,Unknown,Unknown,5-022.11,Kaweah,Tulare,NA,Unknown,Single Well,NA,1961-10-02 00:00:00 - 2013-03-06 14:45:00,89,other,NA,NA,NA,NA,1988,18030012,Below Normal,Below Normal,1987-10-01T00:00:00Z,1988-10-01T00:00:00Z,-119.313,36.1858
361858N1193131W001,952489,1987-10-12T00:00:00Z,285.71,284.71,0,63,222.71,63,62,NA,Unknown,Water level accuracy is unknown,1,Department of Water Resources,NA,5030,Tulare Irrigation District,NA,NA,35299,20S25E18M001M,20S25E18M001M,Unknown,Unknown,5-022.11,Kaweah,Tulare,NA,Unknown,Single Well,NA,1961-10-02 00:00:00 - 2013-03-06 14:45:00,89,fall,39,137,NA,NA,1988,18030012,Below Normal,Below Normal,1987-10-01T00:00:00Z,1988-10-01T00:00:00Z,-119.313,36.1858
361858N1193131W001,952488,1987-02-05T00:00:00Z,285.71,284.71,0,32,253.71,32,31,NA,Unknown,Water level accuracy is unknown,1,Department of Water Resources,NA,5030,Tulare Irrigation District,NA,NA,35299,20S25E18M001M,20S25E18M001M,Unknown,Unknown,5-022.11,Kaweah,Tulare,NA,Unknown,Single Well,NA,1961-10-02 00:00:00 - 2013-03-06 14:45:00,89,other,NA,NA,NA,NA,1987,18030012,Below Normal,Below Normal,1986-10-01T00:00:00Z,1987-10-01T00:00:00Z,-119.313,36.1858
361858N1193131W001,952487,1986-10-03T00:00:00Z,285.71,284.71,0,40,245.71,40,39,NA,Unknown,Water level accuracy is unknown,1,Department of Water Resources,NA,624,Bureau of Reclamation,NA,NA,35299,20S25E18M001M,20S25E18M001M,Unknown,Unknown,5-022.11,Kaweah,Tulare,NA,Unknown,Single Well,NA,1961-10-02 00:00:00 - 2013-03-06 14:45:00,89,fall,39,137,NA,NA,1987,18030012,Below Normal,Below Normal,1986-10-01T00:00:00Z,1987-10-01T00:00:00Z,-119.313,36.1858
361858N1193131W001,952486,1986-02-10T00:00:00Z,285.71,284.71,0,45,240.71,45,44,NA,Unknown,Water level accuracy is unknown,1,Department of Water Resources,NA,624,Bureau of Reclamation,NA,NA,35299,20S25E18M001M,20S25E18M001M,Unknown,Unknown,5-022.11,Kaweah,Tulare,NA,Unknown,Single Well,NA,1961-10-02 00:00:00 - 2013-03-06 14:45:00,89,other,NA,NA,NA,NA,1986,18030012,Above Normal,Above Normal,1985-10-01T00:00:00Z,1986-10-01T00:00:00Z,-119.313,36.1858
361858N1193131W001,952485,1985-10-01T00:00:00Z,285.71,284.71,0,65,220.71,65,64,NA,Unknown,Water level accuracy is unknown,1,Department of Water Resources,NA,624,Bureau of Reclamation,NA,NA,35299,20S25E18M001M,20S25E18M001M,Unknown,Unknown,5-022.11,Kaweah,Tulare,NA,Unknown,Single Well,NA,1961-10-02 00:00:00 - 2013-03-06 14:45:00,89,fall,39,137,NA,NA,1986,18030012,Above Normal,Above Normal,1985-10-01T00:00:00Z,1986-10-01T00:00:00Z,-119.313,36.1858
361858N1193131W001,952484,1985-02-07T00:00:00Z,285.71,284.71,0,40,245.71,40,39,NA,Unknown,Water level accuracy is unknown,1,Department of Water Resources,NA,624,Bureau of Reclamation,NA,NA,35299,20S25E18M001M,20S25E18M001M,Unknown,Unknown,5-022.11,Kaweah,Tulare,NA,Unknown,Single Well,NA,1961-10-02 00:00:00 - 2013-03-06 14:45:00,89,other,NA,NA,NA,NA,1985,18030012,Dry,Dry,1984-10-01T00:00:00Z,1985-10-01T00:00:00Z,-119.313,36.1858
361858N1193131W001,952483,1984-10-16T00:00:00Z,285.71,284.71,0,47,238.71,47,46,NA,Unknown,Water level accuracy is unknown,1,Department of Water Resources,NA,624,Bureau of Reclamation,NA,NA,35299,20S25E18M001M,20S25E18M001M,Unknown,Unknown,5-022.11,Kaweah,Tulare,NA,Unknown,Single Well,NA,1961-10-02 00:00:00 - 2013-03-06 14:45:00,89,fall,39,137,NA,NA,1985,18030012,Dry,Dry,1984-10-01T00:00:00Z,1985-10-01T00:00:00Z,-119.313,36.1858
361858N1193131W001,952482,1984-03-05T00:00:00Z,285.71,284.71,0,42,243.71,42,41,Oil or foreign substance in casing,Unknown,Water level accuracy is unknown,1,Department of Water Resources,NA,624,Bureau of Reclamation,NA,NA,35299,20S25E18M001M,20S25E18M001M,Unknown,Unknown,5-022.11,Kaweah,Tulare,NA,Unknown,Single Well,NA,1961-10-02 00:00:00 - 2013-03-06 14:45:00,89,spring,NA,NA,41,168,1984,18030012,Above Normal,Above Normal,1983-10-01T00:00:00Z,1984-10-01T00:00:00Z,-119.313,36.1858
361858N1193131W001,952481,1983-10-19T00:00:00Z,285.71,284.71,0,43,242.71,43,42,NA,Unknown,Water level accuracy is unknown,1,Department of Water Resources,NA,624,Bureau of Reclamation,NA,NA,35299,20S25E18M001M,20S25E18M001M,Unknown,Unknown,5-022.11,Kaweah,Tulare,NA,Unknown,Single Well,NA,1961-10-02 00:00:00 - 2013-03-06 14:45:00,89,fall,39,137,NA,NA,1984,18030012,Above Normal,Above Normal,1983-10-01T00:00:00Z,1984-10-01T00:00:00Z,-119.313,36.1858
361858N1193131W001,952480,1983-01-28T00:00:00Z,285.71,284.71,0,44,241.71,44,43,Oil or foreign substance in casing,Unknown,Water level accuracy is unknown,1,Department of Water Resources,NA,5030,Tulare Irrigation District,NA,NA,35299,20S25E18M001M,20S25E18M001M,Unknown,Unknown,5-022.11,Kaweah,Tulare,NA,Unknown,Single Well,NA,1961-10-02 00:00:00 - 2013-03-06 14:45:00,89,other,NA,NA,NA,NA,1983,18030012,Wet,Wet,1982-10-01T00:00:00Z,1983-10-01T00:00:00Z,-119.313,36.1858
361858N1193131W001,952479,1982-09-30T00:00:00Z,285.71,284.71,0,58,227.71,58,57,NA,Unknown,Water level accuracy is unknown,1,Department of Water Resources,NA,5030,Tulare Irrigation District,NA,NA,35299,20S25E18M001M,20S25E18M001M,Unknown,Unknown,5-022.11,Kaweah,Tulare,NA,Unknown,Single Well,NA,1961-10-02 00:00:00 - 2013-03-06 14:45:00,89,fall,39,137,NA,NA,1982,18030012,Wet,Wet,1981-10-01T00:00:00Z,1982-10-01T00:00:00Z,-119.313,36.1858
361858N1193131W001,952478,1982-02-11T00:00:00Z,285.71,284.71,0,81,204.71,81,80,NA,Unknown,Water level accuracy is unknown,1,Department of Water Resources,NA,624,Bureau of Reclamation,NA,NA,35299,20S25E18M001M,20S25E18M001M,Unknown,Unknown,5-022.11,Kaweah,Tulare,NA,Unknown,Single Well,NA,1961-10-02 00:00:00 - 2013-03-06 14:45:00,89,other,NA,NA,NA,NA,1982,18030012,Wet,Wet,1981-10-01T00:00:00Z,1982-10-01T00:00:00Z,-119.313,36.1858
361858N1193131W001,952477,1981-09-23T00:00:00Z,285.71,284.71,0,81,204.71,81,80,NA,Unknown,Water level accuracy is unknown,1,Department of Water Resources,NA,624,Bureau of Reclamation,NA,NA,35299,20S25E18M001M,20S25E18M001M,Unknown,Unknown,5-022.11,Kaweah,Tulare,NA,Unknown,Single Well,NA,1961-10-02 00:00:00 - 2013-03-06 14:45:00,89,fall,39,137,NA,NA,1981,18030012,Below Normal,Below Normal,1980-10-01T00:00:00Z,1981-10-01T00:00:00Z,-119.313,36.1858
361858N1193131W001,952476,1981-01-26T00:00:00Z,285.71,284.71,0,55,230.71,55,54,NA,Unknown,Water level accuracy is unknown,1,Department of Water Resources,NA,5030,Tulare Irrigation District,NA,NA,35299,20S25E18M001M,20S25E18M001M,Unknown,Unknown,5-022.11,Kaweah,Tulare,NA,Unknown,Single Well,NA,1961-10-02 00:00:00 - 2013-03-06 14:45:00,89,other,NA,NA,NA,NA,1981,18030012,Below Normal,Below Normal,1980-10-01T00:00:00Z,1981-10-01T00:00:00Z,-119.313,36.1858
361858N1193131W001,952475,1980-09-22T00:00:00Z,285.71,284.71,0,67.5,218.21,67.5,66.5,NA,Unknown,Water level accuracy is unknown,1,Department of Water Resources,NA,5030,Tulare Irrigation District,NA,NA,35299,20S25E18M001M,20S25E18M001M,Unknown,Unknown,5-022.11,Kaweah,Tulare,NA,Unknown,Single Well,NA,1961-10-02 00:00:00 - 2013-03-06 14:45:00,89,fall,39,137,NA,NA,1980,18030012,Wet,Wet,1979-10-01T00:00:00Z,1980-10-01T00:00:00Z,-119.313,36.1858
361858N1193131W001,952474,1980-01-29T00:00:00Z,285.71,284.71,0,62,223.71,62,61,NA,Unknown,Water level accuracy is unknown,1,Department of Water Resources,NA,5030,Tulare Irrigation District,NA,NA,35299,20S25E18M001M,20S25E18M001M,Unknown,Unknown,5-022.11,Kaweah,Tulare,NA,Unknown,Single Well,NA,1961-10-02 00:00:00 - 2013-03-06 14:45:00,89,other,NA,NA,NA,NA,1980,18030012,Wet,Wet,1979-10-01T00:00:00Z,1980-10-01T00:00:00Z,-119.313,36.1858
361858N1193131W001,952473,1979-09-25T00:00:00Z,285.71,284.71,0,84.5,201.21,84.5,83.5,NA,Unknown,Water level accuracy is unknown,1,Department of Water Resources,NA,5030,Tulare Irrigation District,NA,NA,35299,20S25E18M001M,20S25E18M001M,Unknown,Unknown,5-022.11,Kaweah,Tulare,NA,Unknown,Single Well,NA,1961-10-02 00:00:00 - 2013-03-06 14:45:00,89,fall,39,137,NA,NA,1979,18030012,Wet,Wet,1978-10-01T00:00:00Z,1979-10-01T00:00:00Z,-119.313,36.1858
361858N1193131W001,952472,1979-01-25T00:00:00Z,285.71,284.71,0,64,221.71,64,63,NA,Unknown,Water level accuracy is unknown,1,Department of Water Resources,NA,5030,Tulare Irrigation District,NA,NA,35299,20S25E18M001M,20S25E18M001M,Unknown,Unknown,5-022.11,Kaweah,Tulare,NA,Unknown,Single Well,NA,1961-10-02 00:00:00 - 2013-03-06 14:45:00,89,other,NA,NA,NA,NA,1979,18030012,Wet,Wet,1978-10-01T00:00:00Z,1979-10-01T00:00:00Z,-119.313,36.1858
361858N1193131W001,952471,1978-10-05T00:00:00Z,285.71,284.71,0,79,206.71,79,78,NA,Unknown,Water level accuracy is unknown,1,Department of Water Resources,NA,5030,Tulare Irrigation District,NA,NA,35299,20S25E18M001M,20S25E18M001M,Unknown,Unknown,5-022.11,Kaweah,Tulare,NA,Unknown,Single Well,NA,1961-10-02 00:00:00 - 2013-03-06 14:45:00,89,fall,39,137,NA,NA,1979,18030012,Wet,Wet,1978-10-01T00:00:00Z,1979-10-01T00:00:00Z,-119.313,36.1858
361858N1193131W001,952470,1978-02-01T00:00:00Z,285.71,284.71,0,97.5,188.21,97.5,96.5,NA,Unknown,Water level accuracy is unknown,1,Department of Water Resources,NA,5030,Tulare Irrigation District,NA,NA,35299,20S25E18M001M,20S25E18M001M,Unknown,Unknown,5-022.11,Kaweah,Tulare,NA,Unknown,Single Well,NA,1961-10-02 00:00:00 - 2013-03-06 14:45:00,89,other,NA,NA,NA,NA,1978,18030012,Wet,Wet,1977-10-01T00:00:00Z,1978-10-01T00:00:00Z,-119.313,36.1858
361858N1193131W001,952469,1977-10-06T00:00:00Z,285.71,284.71,0,114,171.71,114,113,NA,Unknown,Water level accuracy is unknown,1,Department of Water Resources,NA,5030,Tulare Irrigation District,NA,NA,35299,20S25E18M001M,20S25E18M001M,Unknown,Unknown,5-022.11,Kaweah,Tulare,NA,Unknown,Single Well,NA,1961-10-02 00:00:00 - 2013-03-06 14:45:00,89,fall,39,137,NA,NA,1978,18030012,Wet,Wet,1977-10-01T00:00:00Z,1978-10-01T00:00:00Z,-119.313,36.1858
361858N1193131W001,952468,1977-08-08T00:00:00Z,285.71,284.71,0,136.5,149.21,136.5,135.5,NA,Unknown,Water level accuracy is unknown,1,Department of Water Resources,NA,5030,Tulare Irrigation District,NA,NA,35299,20S25E18M001M,20S25E18M001M,Unknown,Unknown,5-022.11,Kaweah,Tulare,NA,Unknown,Single Well,NA,1961-10-02 00:00:00 - 2013-03-06 14:45:00,89,fall,39,137,NA,NA,1977,18030012,Dry,Dry,1976-10-01T00:00:00Z,1977-10-01T00:00:00Z,-119.313,36.1858
361858N1193131W001,952467,1977-01-26T00:00:00Z,285.71,284.71,0,85.5,200.21,85.5,84.5,NA,Unknown,Water level accuracy is unknown,1,Department of Water Resources,NA,5030,Tulare Irrigation District,NA,NA,35299,20S25E18M001M,20S25E18M001M,Unknown,Unknown,5-022.11,Kaweah,Tulare,NA,Unknown,Single Well,NA,1961-10-02 00:00:00 - 2013-03-06 14:45:00,89,other,NA,NA,NA,NA,1977,18030012,Dry,Dry,1976-10-01T00:00:00Z,1977-10-01T00:00:00Z,-119.313,36.1858
361858N1193131W001,952466,1976-10-08T00:00:00Z,285.71,284.71,0,88,197.71,88,87,NA,Unknown,Water level accuracy is unknown,1,Department of Water Resources,NA,5030,Tulare Irrigation District,NA,NA,35299,20S25E18M001M,20S25E18M001M,Unknown,Unknown,5-022.11,Kaweah,Tulare,NA,Unknown,Single Well,NA,1961-10-02 00:00:00 - 2013-03-06 14:45:00,89,fall,39,137,NA,NA,1977,18030012,Dry,Dry,1976-10-01T00:00:00Z,1977-10-01T00:00:00Z,-119.313,36.1858
361858N1193131W001,952465,1976-07-29T00:00:00Z,285.71,284.71,0,95,190.71,95,94,NA,Unknown,Water level accuracy is unknown,1,Department of Water Resources,NA,5030,Tulare Irrigation District,NA,NA,35299,20S25E18M001M,20S25E18M001M,Unknown,Unknown,5-022.11,Kaweah,Tulare,NA,Unknown,Single Well,NA,1961-10-02 00:00:00 - 2013-03-06 14:45:00,89,other,NA,NA,NA,NA,1976,18030012,Above Normal,Above Normal,1975-10-01T00:00:00Z,1976-10-01T00:00:00Z,-119.313,36.1858
361858N1193131W001,952464,1976-01-27T00:00:00Z,285.71,284.71,0,86,199.71,86,85,NA,Unknown,Water level accuracy is unknown,1,Department of Water Resources,NA,5030,Tulare Irrigation District,NA,NA,35299,20S25E18M001M,20S25E18M001M,Unknown,Unknown,5-022.11,Kaweah,Tulare,NA,Unknown,Single Well,NA,1961-10-02 00:00:00 - 2013-03-06 14:45:00,89,other,NA,NA,NA,NA,1976,18030012,Above Normal,Above Normal,1975-10-01T00:00:00Z,1976-10-01T00:00:00Z,-119.313,36.1858
361858N1193131W001,952463,1975-09-30T00:00:00Z,285.71,284.71,0,83,202.71,83,82,NA,Unknown,Water level accuracy is unknown,1,Department of Water Resources,NA,5030,Tulare Irrigation District,NA,NA,35299,20S25E18M001M,20S25E18M001M,Unknown,Unknown,5-022.11,Kaweah,Tulare,NA,Unknown,Single Well,NA,1961-10-02 00:00:00 - 2013-03-06 14:45:00,89,fall,39,137,NA,NA,1975,18030012,Above Normal,Above Normal,1974-10-01T00:00:00Z,1975-10-01T00:00:00Z,-119.313,36.1858
361858N1193131W001,952462,1975-02-10T00:00:00Z,285.71,284.71,0,61,224.71,61,60,NA,Unknown,Water level accuracy is unknown,1,Department of Water Resources,NA,5030,Tulare Irrigation District,NA,NA,35299,20S25E18M001M,20S25E18M001M,Unknown,Unknown,5-022.11,Kaweah,Tulare,NA,Unknown,Single Well,NA,1961-10-02 00:00:00 - 2013-03-06 14:45:00,89,other,NA,NA,NA,NA,1975,18030012,Above Normal,Above Normal,1974-10-01T00:00:00Z,1975-10-01T00:00:00Z,-119.313,36.1858
361858N1193131W001,952461,1974-10-01T00:00:00Z,285.71,284.71,0,75.5,210.21,75.5,74.5,NA,Unknown,Water level accuracy is unknown,1,Department of Water Resources,NA,5155,Kaweah Delta Water Conservation District,NA,NA,35299,20S25E18M001M,20S25E18M001M,Unknown,Unknown,5-022.11,Kaweah,Tulare,NA,Unknown,Single Well,NA,1961-10-02 00:00:00 - 2013-03-06 14:45:00,89,fall,39,137,NA,NA,1975,18030012,Above Normal,Above Normal,1974-10-01T00:00:00Z,1975-10-01T00:00:00Z,-119.313,36.1858
361858N1193131W001,952460,1974-01-23T00:00:00Z,285.71,284.71,0,64.5,221.21,64.5,63.5,NA,Unknown,Water level accuracy is unknown,1,Department of Water Resources,NA,5030,Tulare Irrigation District,NA,NA,35299,20S25E18M001M,20S25E18M001M,Unknown,Unknown,5-022.11,Kaweah,Tulare,NA,Unknown,Single Well,NA,1961-10-02 00:00:00 - 2013-03-06 14:45:00,89,other,NA,NA,NA,NA,1974,18030012,Wet,Wet,1973-10-01T00:00:00Z,1974-10-01T00:00:00Z,-119.313,36.1858
361858N1193131W001,952459,1973-10-03T00:00:00Z,285.71,284.71,0,78.3,207.41,78.3,77.3,NA,Unknown,Water level accuracy is unknown,1,Department of Water Resources,NA,5030,Tulare Irrigation District,NA,NA,35299,20S25E18M001M,20S25E18M001M,Unknown,Unknown,5-022.11,Kaweah,Tulare,NA,Unknown,Single Well,NA,1961-10-02 00:00:00 - 2013-03-06 14:45:00,89,fall,39,137,NA,NA,1974,18030012,Wet,Wet,1973-10-01T00:00:00Z,1974-10-01T00:00:00Z,-119.313,36.1858
361858N1193131W001,952458,1973-02-13T00:00:00Z,285.71,284.71,0,71.5,214.21,71.5,70.5,NA,Unknown,Water level accuracy is unknown,1,Department of Water Resources,NA,5030,Tulare Irrigation District,NA,NA,35299,20S25E18M001M,20S25E18M001M,Unknown,Unknown,5-022.11,Kaweah,Tulare,NA,Unknown,Single Well,NA,1961-10-02 00:00:00 - 2013-03-06 14:45:00,89,other,NA,NA,NA,NA,1973,18030012,Wet,Wet,1972-10-01T00:00:00Z,1973-10-01T00:00:00Z,-119.313,36.1858
361858N1193131W001,952457,1972-10-09T00:00:00Z,285.71,284.71,0,85,200.71,85,84,NA,Unknown,Water level accuracy is unknown,1,Department of Water Resources,NA,5030,Tulare Irrigation District,NA,NA,35299,20S25E18M001M,20S25E18M001M,Unknown,Unknown,5-022.11,Kaweah,Tulare,NA,Unknown,Single Well,NA,1961-10-02 00:00:00 - 2013-03-06 14:45:00,89,fall,39,137,NA,NA,1973,18030012,Wet,Wet,1972-10-01T00:00:00Z,1973-10-01T00:00:00Z,-119.313,36.1858
361858N1193131W001,952456,1972-02-17T00:00:00Z,285.71,284.71,0,70,215.71,70,69,NA,Unknown,Water level accuracy is unknown,1,Department of Water Resources,NA,5030,Tulare Irrigation District,NA,NA,35299,20S25E18M001M,20S25E18M001M,Unknown,Unknown,5-022.11,Kaweah,Tulare,NA,Unknown,Single Well,NA,1961-10-02 00:00:00 - 2013-03-06 14:45:00,89,other,NA,NA,NA,NA,1972,18030012,Critical,Critical,1971-10-01T00:00:00Z,1972-10-01T00:00:00Z,-119.313,36.1858
361858N1193131W001,952455,1971-10-12T00:00:00Z,285.71,284.71,0,85,200.71,85,84,NA,Unknown,Water level accuracy is unknown,1,Department of Water Resources,NA,5030,Tulare Irrigation District,NA,NA,35299,20S25E18M001M,20S25E18M001M,Unknown,Unknown,5-022.11,Kaweah,Tulare,NA,Unknown,Single Well,NA,1961-10-02 00:00:00 - 2013-03-06 14:45:00,89,fall,39,137,NA,NA,1972,18030012,Critical,Critical,1971-10-01T00:00:00Z,1972-10-01T00:00:00Z,-119.313,36.1858
361858N1193131W001,952454,1971-02-20T00:00:00Z,285.71,284.71,0,65.2,220.51,65.2,64.2,NA,Unknown,Water level accuracy is unknown,1,Department of Water Resources,NA,5030,Tulare Irrigation District,NA,NA,35299,20S25E18M001M,20S25E18M001M,Unknown,Unknown,5-022.11,Kaweah,Tulare,NA,Unknown,Single Well,NA,1961-10-02 00:00:00 - 2013-03-06 14:45:00,89,other,NA,NA,NA,NA,1971,18030012,Dry,Dry,1970-10-01T00:00:00Z,1971-10-01T00:00:00Z,-119.313,36.1858
361858N1193131W001,952453,1970-10-05T00:00:00Z,285.71,284.71,0,62.5,223.21,62.5,61.5,NA,Unknown,Water level accuracy is unknown,1,Department of Water Resources,NA,5030,Tulare Irrigation District,NA,NA,35299,20S25E18M001M,20S25E18M001M,Unknown,Unknown,5-022.11,Kaweah,Tulare,NA,Unknown,Single Well,NA,1961-10-02 00:00:00 - 2013-03-06 14:45:00,89,fall,39,137,NA,NA,1971,18030012,Dry,Dry,1970-10-01T00:00:00Z,1971-10-01T00:00:00Z,-119.313,36.1858
361858N1193131W001,952452,1970-02-06T00:00:00Z,285.71,284.71,0,49.5,236.21,49.5,48.5,NA,Unknown,Water level accuracy is unknown,1,Department of Water Resources,NA,5030,Tulare Irrigation District,NA,NA,35299,20S25E18M001M,20S25E18M001M,Unknown,Unknown,5-022.11,Kaweah,Tulare,NA,Unknown,Single Well,NA,1961-10-02 00:00:00 - 2013-03-06 14:45:00,89,other,NA,NA,NA,NA,1970,18030012,Wet,Wet,1969-10-01T00:00:00Z,1970-10-01T00:00:00Z,-119.313,36.1858
361858N1193131W001,952451,1969-09-26T00:00:00Z,285.71,284.71,0,68.2,217.51,68.2,67.2,NA,Unknown,Water level accuracy is unknown,1,Department of Water Resources,NA,624,Bureau of Reclamation,NA,NA,35299,20S25E18M001M,20S25E18M001M,Unknown,Unknown,5-022.11,Kaweah,Tulare,NA,Unknown,Single Well,NA,1961-10-02 00:00:00 - 2013-03-06 14:45:00,89,fall,39,137,NA,NA,1969,18030012,Wet,Wet,1968-10-01T00:00:00Z,1969-10-01T00:00:00Z,-119.313,36.1858
361858N1193131W001,952450,1969-02-06T00:00:00Z,285.71,284.71,0,72.2,213.51,72.2,71.2,NA,Unknown,Water level accuracy is unknown,1,Department of Water Resources,NA,5030,Tulare Irrigation District,NA,NA,35299,20S25E18M001M,20S25E18M001M,Unknown,Unknown,5-022.11,Kaweah,Tulare,NA,Unknown,Single Well,NA,1961-10-02 00:00:00 - 2013-03-06 14:45:00,89,other,NA,NA,NA,NA,1969,18030012,Wet,Wet,1968-10-01T00:00:00Z,1969-10-01T00:00:00Z,-119.313,36.1858
361858N1193131W001,952449,1968-02-01T00:00:00Z,285.71,284.71,0,66.5,219.21,66.5,65.5,NA,Unknown,Water level accuracy is unknown,1,Department of Water Resources,NA,5030,Tulare Irrigation District,NA,NA,35299,20S25E18M001M,20S25E18M001M,Unknown,Unknown,5-022.11,Kaweah,Tulare,NA,Unknown,Single Well,NA,1961-10-02 00:00:00 - 2013-03-06 14:45:00,89,other,NA,NA,NA,NA,1968,18030012,Below Normal,Below Normal,1967-10-01T00:00:00Z,1968-10-01T00:00:00Z,-119.313,36.1858
361858N1193131W001,952448,1967-02-06T00:00:00Z,285.71,284.71,0,84,201.71,84,83,NA,Unknown,Water level accuracy is unknown,1,Department of Water Resources,NA,5030,Tulare Irrigation District,NA,NA,35299,20S25E18M001M,20S25E18M001M,Unknown,Unknown,5-022.11,Kaweah,Tulare,NA,Unknown,Single Well,NA,1961-10-02 00:00:00 - 2013-03-06 14:45:00,89,other,NA,NA,NA,NA,1967,18030012,Wet,Wet,1966-10-01T00:00:00Z,1967-10-01T00:00:00Z,-119.313,36.1858
361858N1193131W001,952447,1966-02-02T00:00:00Z,285.71,284.71,0,78.2,207.51,78.2,77.2,NA,Unknown,Water level accuracy is unknown,1,Department of Water Resources,NA,5030,Tulare Irrigation District,NA,NA,35299,20S25E18M001M,20S25E18M001M,Unknown,Unknown,5-022.11,Kaweah,Tulare,NA,Unknown,Single Well,NA,1961-10-02 00:00:00 - 2013-03-06 14:45:00,89,other,NA,NA,NA,NA,1966,18030012,Below Normal,Below Normal,1965-10-01T00:00:00Z,1966-10-01T00:00:00Z,-119.313,36.1858
361858N1193131W001,952446,1965-02-01T00:00:00Z,285.71,284.71,0,84,201.71,84,83,NA,Unknown,Water level accuracy is unknown,1,Department of Water Resources,NA,5030,Tulare Irrigation District,NA,NA,35299,20S25E18M001M,20S25E18M001M,Unknown,Unknown,5-022.11,Kaweah,Tulare,NA,Unknown,Single Well,NA,1961-10-02 00:00:00 - 2013-03-06 14:45:00,89,other,NA,NA,NA,NA,1965,18030012,Below Normal,Below Normal,1964-10-01T00:00:00Z,1965-10-01T00:00:00Z,-119.313,36.1858
361858N1193131W001,952445,1964-09-29T00:00:00Z,285.71,284.71,NA,NA,NA,NA,NA,Pumping,NA,NA,1,Department of Water Resources,NA,5030,Tulare Irrigation District,NA,NA,35299,20S25E18M001M,20S25E18M001M,Unknown,Unknown,5-022.11,Kaweah,Tulare,NA,Unknown,Single Well,NA,1961-10-02 00:00:00 - 2013-03-06 14:45:00,89,fall,39,137,NA,NA,1964,18030012,Dry,Dry,1963-10-01T00:00:00Z,1964-10-01T00:00:00Z,-119.313,36.1858
361858N1193131W001,952444,1964-02-11T00:00:00Z,285.71,284.71,0,83.8,201.91,83.8,82.8,NA,Unknown,Water level accuracy is unknown,1,Department of Water Resources,NA,5030,Tulare Irrigation District,NA,NA,35299,20S25E18M001M,20S25E18M001M,Unknown,Unknown,5-022.11,Kaweah,Tulare,NA,Unknown,Single Well,NA,1961-10-02 00:00:00 - 2013-03-06 14:45:00,89,other,NA,NA,NA,NA,1964,18030012,Dry,Dry,1963-10-01T00:00:00Z,1964-10-01T00:00:00Z,-119.313,36.1858
361858N1193131W001,952443,1963-02-06T00:00:00Z,285.71,284.71,0,84.4,201.31,84.4,83.4,NA,Unknown,Water level accuracy is unknown,1,Department of Water Resources,NA,5030,Tulare Irrigation District,NA,NA,35299,20S25E18M001M,20S25E18M001M,Unknown,Unknown,5-022.11,Kaweah,Tulare,NA,Unknown,Single Well,NA,1961-10-02 00:00:00 - 2013-03-06 14:45:00,89,other,NA,NA,NA,NA,1963,18030012,Above Normal,Above Normal,1962-10-01T00:00:00Z,1963-10-01T00:00:00Z,-119.313,36.1858
361858N1193131W001,952442,1962-02-07T00:00:00Z,285.71,284.71,0,87.3,198.41,87.3,86.3,NA,Unknown,Water level accuracy is unknown,1,Department of Water Resources,NA,5030,Tulare Irrigation District,NA,NA,35299,20S25E18M001M,20S25E18M001M,Unknown,Unknown,5-022.11,Kaweah,Tulare,NA,Unknown,Single Well,NA,1961-10-02 00:00:00 - 2013-03-06 14:45:00,89,other,NA,NA,NA,NA,1962,18030012,Above Normal,Above Normal,1961-10-01T00:00:00Z,1962-10-01T00:00:00Z,-119.313,36.1858
361858N1193131W001,952441,1961-10-02T00:00:00Z,285.71,284.71,0,102.1,183.61,102.1,101.1,NA,Unknown,Water level accuracy is unknown,1,Department of Water Resources,NA,5030,Tulare Irrigation District,NA,NA,35299,20S25E18M001M,20S25E18M001M,Unknown,Unknown,5-022.11,Kaweah,Tulare,NA,Unknown,Single Well,NA,1961-10-02 00:00:00 - 2013-03-06 14:45:00,89,fall,39,137,NA,NA,1962,18030012,Above Normal,Above Normal,1961-10-01T00:00:00Z,1962-10-01T00:00:00Z,-119.313,36.1858
