SITE_CODE,WLM_ID,MSMT_DATE,WLM_RPE,WLM_GSE,RDNG_WS,RDNG_RP,WSE,RPE_WSE,GSE_WSE,WLM_QA_DESC,WLM_DESC,WLM_ACC_DESC,WLM_ORG_ID,WLM_ORG_NAME,MSMT_CMT,COOP_AGENCY_ORG_ID,COOP_ORG_NAME,TOP_PRF,BOT_PRF,STN_ID,SWN,WELL_NAME,WLM_METHOD,WLM_ACC,BASIN_CODE,BASIN_NAME,COUNTY_NAME,WELL_DEPTH,WELL_USE,WELL_TYPE,WCR_NO,t_range,n_samples,season,fall_high,fall_low,spring_high,spring_low,water_year,HUC8,WYT,water_year_type,water_year_start,water_year_end,X,Y
361958N1195199W001,948263,1966-02-24T00:00:00Z,236.26,235.76,NA,NA,NA,NA,NA,Well has been destroyed,NA,NA,1,Department of Water Resources,NA,1083,KINGS COUNTY WATER DISTRICT,NA,NA,36049,20S23E18C001M,NA,Unknown,Unknown,5-022.11,Kaweah,Tulare,NA,Unknown,Unknown,NA,1954-02-24 - 1966-02-24,26,other,NA,NA,NA,NA,1966,18030012,Below Normal,Below Normal,1965-10-01T00:00:00Z,1966-10-01T00:00:00Z,-119.52,36.1958
361958N1195199W001,948262,1965-10-14T00:00:00Z,236.26,235.76,0,108.6,127.66,108.6,108.1,NA,Unknown,Water level accuracy is unknown,1,Department of Water Resources,NA,1083,KINGS COUNTY WATER DISTRICT,NA,NA,36049,20S23E18C001M,NA,Unknown,Unknown,5-022.11,Kaweah,Tulare,NA,Unknown,Unknown,NA,1954-02-24 - 1966-02-24,26,fall,80.7,119.5,NA,NA,1966,18030012,Below Normal,Below Normal,1965-10-01T00:00:00Z,1966-10-01T00:00:00Z,-119.52,36.1958
361958N1195199W001,948261,1965-02-08T00:00:00Z,236.26,235.76,NA,NA,NA,NA,NA,Pumping,NA,NA,1,Department of Water Resources,NA,1083,KINGS COUNTY WATER DISTRICT,NA,NA,36049,20S23E18C001M,NA,Unknown,Unknown,5-022.11,Kaweah,Tulare,NA,Unknown,Unknown,NA,1954-02-24 - 1966-02-24,26,other,NA,NA,NA,NA,1965,18030012,Below Normal,Below Normal,1964-10-01T00:00:00Z,1965-10-01T00:00:00Z,-119.52,36.1958
361958N1195199W001,948260,1964-09-30T00:00:00Z,236.26,235.76,NA,NA,NA,NA,NA,Special/Other,NA,NA,1,Department of Water Resources,NA,5030,Tulare Irrigation District,NA,NA,36049,20S23E18C001M,NA,Unknown,Unknown,5-022.11,Kaweah,Tulare,NA,Unknown,Unknown,NA,1954-02-24 - 1966-02-24,26,fall,80.7,119.5,NA,NA,1964,18030012,Dry,Dry,1963-10-01T00:00:00Z,1964-10-01T00:00:00Z,-119.52,36.1958
361958N1195199W001,948259,1964-09-29T00:00:00Z,236.26,235.76,0,120,116.26,120,119.5,NA,Unknown,Water level accuracy is unknown,1,Department of Water Resources,NA,1083,KINGS COUNTY WATER DISTRICT,NA,NA,36049,20S23E18C001M,NA,Unknown,Unknown,5-022.11,Kaweah,Tulare,NA,Unknown,Unknown,NA,1954-02-24 - 1966-02-24,26,fall,80.7,119.5,NA,NA,1964,18030012,Dry,Dry,1963-10-01T00:00:00Z,1964-10-01T00:00:00Z,-119.52,36.1958
361958N1195199W001,948258,1964-02-06T00:00:00Z,236.26,235.76,0,108.9,127.36,108.9,108.4,NA,Unknown,Water level accuracy is unknown,1,Department of Water Resources,NA,5030,Tulare Irrigation District,NA,NA,36049,20S23E18C001M,NA,Unknown,Unknown,5-022.11,Kaweah,Tulare,NA,Unknown,Unknown,NA,1954-02-24 - 1966-02-24,26,other,NA,NA,NA,NA,1964,18030012,Dry,Dry,1963-10-01T00:00:00Z,1964-10-01T00:00:00Z,-119.52,36.1958
361958N1195199W001,948257,1964-02-01T00:00:00Z,236.26,235.76,0,109.1,127.16,109.1,108.6,NA,Unknown,Water level accuracy is unknown,1,Department of Water Resources,NA,1083,KINGS COUNTY WATER DISTRICT,NA,NA,36049,20S23E18C001M,NA,Unknown,Unknown,5-022.11,Kaweah,Tulare,NA,Unknown,Unknown,NA,1954-02-24 - 1966-02-24,26,other,NA,NA,NA,NA,1964,18030012,Dry,Dry,1963-10-01T00:00:00Z,1964-10-01T00:00:00Z,-119.52,36.1958
361958N1195199W001,948256,1963-02-15T00:00:00Z,236.26,235.76,0,121.4,114.86,121.4,120.9,NA,Unknown,Water level accuracy is unknown,1,Department of Water Resources,NA,5030,Tulare Irrigation District,NA,NA,36049,20S23E18C001M,NA,Unknown,Unknown,5-022.11,Kaweah,Tulare,NA,Unknown,Unknown,NA,1954-02-24 - 1966-02-24,26,other,NA,NA,NA,NA,1963,18030012,Above Normal,Above Normal,1962-10-01T00:00:00Z,1963-10-01T00:00:00Z,-119.52,36.1958
361958N1195199W001,948255,1962-02-08T00:00:00Z,236.26,235.76,NA,NA,NA,NA,NA,Well has been destroyed,NA,NA,1,Department of Water Resources,NA,5030,Tulare Irrigation District,NA,NA,36049,20S23E18C001M,NA,Unknown,Unknown,5-022.11,Kaweah,Tulare,NA,Unknown,Unknown,NA,1954-02-24 - 1966-02-24,26,other,NA,NA,NA,NA,1962,18030012,Above Normal,Above Normal,1961-10-01T00:00:00Z,1962-10-01T00:00:00Z,-119.52,36.1958
361958N1195199W001,948254,1961-10-03T00:00:00Z,236.26,235.76,NA,NA,NA,NA,NA,Pumping,NA,NA,1,Department of Water Resources,NA,5030,Tulare Irrigation District,NA,NA,36049,20S23E18C001M,NA,Unknown,Unknown,5-022.11,Kaweah,Tulare,NA,Unknown,Unknown,NA,1954-02-24 - 1966-02-24,26,fall,80.7,119.5,NA,NA,1962,18030012,Above Normal,Above Normal,1961-10-01T00:00:00Z,1962-10-01T00:00:00Z,-119.52,36.1958
361958N1195199W001,948253,1961-02-21T00:00:00Z,236.26,235.76,0,110.5,125.76,110.5,110,NA,Unknown,Water level accuracy is unknown,1,Department of Water Resources,NA,5030,Tulare Irrigation District,NA,NA,36049,20S23E18C001M,NA,Unknown,Unknown,5-022.11,Kaweah,Tulare,NA,Unknown,Unknown,NA,1954-02-24 - 1966-02-24,26,other,NA,NA,NA,NA,1961,18030012,Critical,Critical,1960-10-01T00:00:00Z,1961-10-01T00:00:00Z,-119.52,36.1958
361958N1195199W001,948252,1960-09-27T00:00:00Z,236.26,235.76,0,116.5,119.76,116.5,116,NA,Unknown,Water level accuracy is unknown,1,Department of Water Resources,NA,5030,Tulare Irrigation District,NA,NA,36049,20S23E18C001M,NA,Unknown,Unknown,5-022.11,Kaweah,Tulare,NA,Unknown,Unknown,NA,1954-02-24 - 1966-02-24,26,fall,80.7,119.5,NA,NA,1960,18030012,Critical,Critical,1959-10-01T00:00:00Z,1960-10-01T00:00:00Z,-119.52,36.1958
361958N1195199W001,948251,1960-02-12T00:00:00Z,236.26,235.76,0,99,137.26,99,98.5,NA,Unknown,Water level accuracy is unknown,1,Department of Water Resources,NA,5030,Tulare Irrigation District,NA,NA,36049,20S23E18C001M,NA,Unknown,Unknown,5-022.11,Kaweah,Tulare,NA,Unknown,Unknown,NA,1954-02-24 - 1966-02-24,26,other,NA,NA,NA,NA,1960,18030012,Critical,Critical,1959-10-01T00:00:00Z,1960-10-01T00:00:00Z,-119.52,36.1958
361958N1195199W001,948250,1959-10-15T00:00:00Z,236.26,235.76,0,101.6,134.66,101.6,101.1,NA,Unknown,Water level accuracy is unknown,1,Department of Water Resources,NA,5030,Tulare Irrigation District,NA,NA,36049,20S23E18C001M,NA,Unknown,Unknown,5-022.11,Kaweah,Tulare,NA,Unknown,Unknown,NA,1954-02-24 - 1966-02-24,26,fall,80.7,119.5,NA,NA,1960,18030012,Critical,Critical,1959-10-01T00:00:00Z,1960-10-01T00:00:00Z,-119.52,36.1958
361958N1195199W001,948249,1959-02-10T00:00:00Z,236.26,235.76,0,81.8,154.46,81.8,81.3,NA,Unknown,Water level accuracy is unknown,1,Department of Water Resources,NA,5030,Tulare Irrigation District,NA,NA,36049,20S23E18C001M,NA,Unknown,Unknown,5-022.11,Kaweah,Tulare,NA,Unknown,Unknown,NA,1954-02-24 - 1966-02-24,26,other,NA,NA,NA,NA,1959,18030012,Below Normal,Below Normal,1958-10-01T00:00:00Z,1959-10-01T00:00:00Z,-119.52,36.1958
361958N1195199W001,948248,1958-10-09T00:00:00Z,236.26,235.76,0,86.3,149.96,86.3,85.8,NA,Unknown,Water level accuracy is unknown,1,Department of Water Resources,NA,5030,Tulare Irrigation District,NA,NA,36049,20S23E18C001M,NA,Unknown,Unknown,5-022.11,Kaweah,Tulare,NA,Unknown,Unknown,NA,1954-02-24 - 1966-02-24,26,fall,80.7,119.5,NA,NA,1959,18030012,Below Normal,Below Normal,1958-10-01T00:00:00Z,1959-10-01T00:00:00Z,-119.52,36.1958
361958N1195199W001,948247,1958-02-18T00:00:00Z,236.26,235.76,0,88.6,147.66,88.6,88.1,NA,Unknown,Water level accuracy is unknown,1,Department of Water Resources,NA,5030,Tulare Irrigation District,NA,NA,36049,20S23E18C001M,NA,Unknown,Unknown,5-022.11,Kaweah,Tulare,NA,Unknown,Unknown,NA,1954-02-24 - 1966-02-24,26,other,NA,NA,NA,NA,1958,18030012,Wet,Wet,1957-10-01T00:00:00Z,1958-10-01T00:00:00Z,-119.52,36.1958
361958N1195199W001,948246,1957-10-04T00:00:00Z,236.26,235.76,0,96.2,140.06,96.2,95.7,NA,Unknown,Water level accuracy is unknown,1,Department of Water Resources,NA,5030,Tulare Irrigation District,NA,NA,36049,20S23E18C001M,NA,Unknown,Unknown,5-022.11,Kaweah,Tulare,NA,Unknown,Unknown,NA,1954-02-24 - 1966-02-24,26,fall,80.7,119.5,NA,NA,1958,18030012,Wet,Wet,1957-10-01T00:00:00Z,1958-10-01T00:00:00Z,-119.52,36.1958
361958N1195199W001,948245,1957-02-19T00:00:00Z,236.26,235.76,0,89,147.26,89,88.5,NA,Unknown,Water level accuracy is unknown,1,Department of Water Resources,NA,5030,Tulare Irrigation District,NA,NA,36049,20S23E18C001M,NA,Unknown,Unknown,5-022.11,Kaweah,Tulare,NA,Unknown,Unknown,NA,1954-02-24 - 1966-02-24,26,other,NA,NA,NA,NA,1957,18030012,Below Normal,Below Normal,1956-10-01T00:00:00Z,1957-10-01T00:00:00Z,-119.52,36.1958
361958N1195199W001,948244,1956-10-19T00:00:00Z,236.26,235.76,0,81.2,155.06,81.2,80.7,NA,Unknown,Water level accuracy is unknown,1,Department of Water Resources,NA,5030,Tulare Irrigation District,NA,NA,36049,20S23E18C001M,NA,Unknown,Unknown,5-022.11,Kaweah,Tulare,NA,Unknown,Unknown,NA,1954-02-24 - 1966-02-24,26,fall,80.7,119.5,NA,NA,1957,18030012,Below Normal,Below Normal,1956-10-01T00:00:00Z,1957-10-01T00:00:00Z,-119.52,36.1958
361958N1195199W001,948243,1956-02-15T00:00:00Z,236.26,235.76,0,99.8,136.46,99.8,99.3,NA,Unknown,Water level accuracy is unknown,1,Department of Water Resources,NA,5030,Tulare Irrigation District,NA,NA,36049,20S23E18C001M,NA,Unknown,Unknown,5-022.11,Kaweah,Tulare,NA,Unknown,Unknown,NA,1954-02-24 - 1966-02-24,26,other,NA,NA,NA,NA,1956,18030012,Above Normal,Above Normal,1955-10-01T00:00:00Z,1956-10-01T00:00:00Z,-119.52,36.1958
361958N1195199W001,948242,1955-09-05T00:00:00Z,236.26,235.76,0,108.9,127.36,108.9,108.4,NA,Unknown,Water level accuracy is unknown,1,Department of Water Resources,NA,5030,Tulare Irrigation District,NA,NA,36049,20S23E18C001M,NA,Unknown,Unknown,5-022.11,Kaweah,Tulare,NA,Unknown,Unknown,NA,1954-02-24 - 1966-02-24,26,fall,80.7,119.5,NA,NA,1955,18030012,Below Normal,Below Normal,1954-10-01T00:00:00Z,1955-10-01T00:00:00Z,-119.52,36.1958
361958N1195199W001,948241,1955-02-15T00:00:00Z,236.26,235.76,NA,NA,NA,NA,NA,Pumping,NA,NA,1,Department of Water Resources,NA,5030,Tulare Irrigation District,NA,NA,36049,20S23E18C001M,NA,Unknown,Unknown,5-022.11,Kaweah,Tulare,NA,Unknown,Unknown,NA,1954-02-24 - 1966-02-24,26,other,NA,NA,NA,NA,1955,18030012,Below Normal,Below Normal,1954-10-01T00:00:00Z,1955-10-01T00:00:00Z,-119.52,36.1958
361958N1195199W001,948240,1954-10-03T00:00:00Z,236.26,235.76,0,105.1,131.16,105.1,104.6,NA,Unknown,Water level accuracy is unknown,1,Department of Water Resources,NA,5030,Tulare Irrigation District,NA,NA,36049,20S23E18C001M,NA,Unknown,Unknown,5-022.11,Kaweah,Tulare,NA,Unknown,Unknown,NA,1954-02-24 - 1966-02-24,26,fall,80.7,119.5,NA,NA,1955,18030012,Below Normal,Below Normal,1954-10-01T00:00:00Z,1955-10-01T00:00:00Z,-119.52,36.1958
361958N1195199W001,948239,1954-05-13T00:00:00Z,236.26,235.76,0,91,145.26,91,90.5,NA,Unknown,Water level accuracy is unknown,1,Department of Water Resources,NA,5030,Tulare Irrigation District,NA,NA,36049,20S23E18C001M,NA,Unknown,Unknown,5-022.11,Kaweah,Tulare,NA,Unknown,Unknown,NA,1954-02-24 - 1966-02-24,26,spring,NA,NA,90.5,90.5,1954,18030012,Below Normal,Below Normal,1953-10-01T00:00:00Z,1954-10-01T00:00:00Z,-119.52,36.1958
361958N1195199W001,948238,1954-02-24T00:00:00Z,236.26,235.76,0,88.8,147.46,88.8,88.3,NA,Unknown,Water level accuracy is unknown,1,Department of Water Resources,NA,5030,Tulare Irrigation District,NA,NA,36049,20S23E18C001M,NA,Unknown,Unknown,5-022.11,Kaweah,Tulare,NA,Unknown,Unknown,NA,1954-02-24 - 1966-02-24,26,other,NA,NA,NA,NA,1954,18030012,Below Normal,Below Normal,1953-10-01T00:00:00Z,1954-10-01T00:00:00Z,-119.52,36.1958
