SITE_CODE,WLM_ID,MSMT_DATE,WLM_RPE,WLM_GSE,RDNG_WS,RDNG_RP,WSE,RPE_WSE,GSE_WSE,WLM_QA_DESC,WLM_DESC,WLM_ACC_DESC,WLM_ORG_ID,WLM_ORG_NAME,MSMT_CMT,COOP_AGENCY_ORG_ID,COOP_ORG_NAME,TOP_PRF,BOT_PRF,STN_ID,SWN,WELL_NAME,WLM_METHOD,WLM_ACC,BASIN_CODE,BASIN_NAME,COUNTY_NAME,WELL_DEPTH,WELL_USE,WELL_TYPE,WCR_NO,t_range,n_samples,season,fall_high,fall_low,spring_high,spring_low,water_year,HUC8,WYT,water_year_type,water_year_start,water_year_end,X,Y
361917N1194374W001,2447764,2019-01-30T08:30:00Z,254.23,252.73,NA,NA,NA,NA,NA,Pumping,NA,NA,5030,Tulare Irrigation District,Pumping,5030,Tulare Irrigation District,NA,NA,35768,20S23E13E002M,202313E2,GPS,Unknown,5-022.11,Kaweah,Tulare,395,Irrigation,Single Well,NA,1961-10-03 00:00:00 - 2019-01-30 08:30:00,99,other,NA,NA,NA,NA,2019,NA,NA,NA,2018-10-01T00:00:00Z,2019-10-01T00:00:00Z,-119.437,36.1917
361917N1194374W001,2415753,2018-10-09T09:30:00Z,254.23,252.73,NA,NA,NA,NA,NA,Pumping,NA,NA,5030,Tulare Irrigation District,Pumping,5030,Tulare Irrigation District,NA,NA,35768,20S23E13E002M,202313E2,GPS,Unknown,5-022.11,Kaweah,Tulare,395,Irrigation,Single Well,NA,1961-10-03 00:00:00 - 2019-01-30 08:30:00,99,fall,38.5,174.5,NA,NA,2019,NA,NA,NA,2018-10-01T00:00:00Z,2019-10-01T00:00:00Z,-119.437,36.1917
361917N1194374W001,2282156,2018-01-29T08:30:00Z,254.23,252.73,27,180,101.23,153,151.5,NA,Steel tape measurement,Water level accuracy to nearest foot,5030,Tulare Irrigation District,NA,5030,Tulare Irrigation District,NA,NA,35768,20S23E13E002M,202313E2,GPS,Unknown,5-022.11,Kaweah,Tulare,395,Irrigation,Single Well,NA,1961-10-03 00:00:00 - 2019-01-30 08:30:00,99,other,NA,NA,NA,NA,2018,18030012,Below Normal,Below Normal,2017-10-01T00:00:00Z,2018-10-01T00:00:00Z,-119.437,36.1917
361917N1194374W001,2262953,2017-09-26T08:30:00Z,254.23,252.73,17,180,91.23,163,161.5,NA,Steel tape measurement,Water level accuracy to nearest foot,5030,Tulare Irrigation District,NA,5030,Tulare Irrigation District,NA,NA,35768,20S23E13E002M,202313E2,GPS,Unknown,5-022.11,Kaweah,Tulare,395,Irrigation,Single Well,NA,1961-10-03 00:00:00 - 2019-01-30 08:30:00,99,fall,38.5,174.5,NA,NA,2017,18030012,Wet,Wet,2016-10-01T00:00:00Z,2017-10-01T00:00:00Z,-119.437,36.1917
361917N1194374W001,2250760,2017-01-26T14:30:00Z,254.23,252.73,3,180,77.23,177,175.5,NA,Steel tape measurement,Water level accuracy to nearest foot,5030,Tulare Irrigation District,NA,5030,Tulare Irrigation District,NA,NA,35768,20S23E13E002M,202313E2,GPS,Unknown,5-022.11,Kaweah,Tulare,395,Irrigation,Single Well,NA,1961-10-03 00:00:00 - 2019-01-30 08:30:00,99,other,NA,NA,NA,NA,2017,18030012,Wet,Wet,2016-10-01T00:00:00Z,2017-10-01T00:00:00Z,-119.437,36.1917
361917N1194374W001,2231649,2016-10-24T00:00:00Z,254.23,252.73,24,200,78.23,176,174.5,NA,Steel tape measurement,Water level accuracy to nearest foot,5030,Tulare Irrigation District,NA,5030,Tulare Irrigation District,NA,NA,35768,20S23E13E002M,202313E2,GPS,Unknown,5-022.11,Kaweah,Tulare,395,Irrigation,Single Well,NA,1961-10-03 00:00:00 - 2019-01-30 08:30:00,99,fall,38.5,174.5,NA,NA,2017,18030012,Wet,Wet,2016-10-01T00:00:00Z,2017-10-01T00:00:00Z,-119.437,36.1917
361917N1194374W001,2183758,2016-02-05T00:00:00Z,254.23,252.73,37,200,91.23,163,161.5,NA,Steel tape measurement,Water level accuracy to nearest foot,5030,Tulare Irrigation District,NA,5030,Tulare Irrigation District,NA,NA,35768,20S23E13E002M,202313E2,GPS,Unknown,5-022.11,Kaweah,Tulare,395,Irrigation,Single Well,NA,1961-10-03 00:00:00 - 2019-01-30 08:30:00,99,other,NA,NA,NA,NA,2016,18030012,Below Normal,Below Normal,2015-10-01T00:00:00Z,2016-10-01T00:00:00Z,-119.437,36.1917
361917N1194374W001,2169412,2015-10-06T00:00:00Z,254.23,252.73,43,210,87.23,167,165.5,NA,Steel tape measurement,Water level accuracy to nearest tenth of a foot,5030,Tulare Irrigation District,NA,5030,Tulare Irrigation District,NA,NA,35768,20S23E13E002M,202313E2,GPS,Unknown,5-022.11,Kaweah,Tulare,395,Irrigation,Single Well,NA,1961-10-03 00:00:00 - 2019-01-30 08:30:00,99,fall,38.5,174.5,NA,NA,2016,18030012,Below Normal,Below Normal,2015-10-01T00:00:00Z,2016-10-01T00:00:00Z,-119.437,36.1917
361917N1194374W001,2137532,2015-02-10T16:00:00Z,254.23,252.73,6,160,100.23,154,152.5,NA,Steel tape measurement,Water level accuracy to nearest foot,5030,Tulare Irrigation District,NA,5030,Tulare Irrigation District,NA,NA,35768,20S23E13E002M,202313E2,GPS,Unknown,5-022.11,Kaweah,Tulare,395,Irrigation,Single Well,NA,1961-10-03 00:00:00 - 2019-01-30 08:30:00,99,other,NA,NA,NA,NA,2015,18030012,Critical,Critical,2014-10-01T00:00:00Z,2015-10-01T00:00:00Z,-119.437,36.1917
361917N1194374W001,2137531,2014-10-16T16:20:00Z,254.23,252.73,14,170,98.23,156,154.5,NA,Steel tape measurement,Water level accuracy to nearest foot,5030,Tulare Irrigation District,NA,5030,Tulare Irrigation District,NA,NA,35768,20S23E13E002M,202313E2,GPS,Unknown,5-022.11,Kaweah,Tulare,395,Irrigation,Single Well,NA,1961-10-03 00:00:00 - 2019-01-30 08:30:00,99,fall,38.5,174.5,NA,NA,2015,18030012,Critical,Critical,2014-10-01T00:00:00Z,2015-10-01T00:00:00Z,-119.437,36.1917
361917N1194374W001,2137530,2014-02-15T10:00:00Z,254.23,252.73,NA,NA,NA,NA,NA,Pumping,NA,NA,5030,Tulare Irrigation District,NA,5030,Tulare Irrigation District,NA,NA,35768,20S23E13E002M,202313E2,GPS,Unknown,5-022.11,Kaweah,Tulare,395,Irrigation,Single Well,NA,1961-10-03 00:00:00 - 2019-01-30 08:30:00,99,other,NA,NA,NA,NA,2014,18030012,Critical,Critical,2013-10-01T00:00:00Z,2014-10-01T00:00:00Z,-119.437,36.1917
361917N1194374W001,2137529,2013-10-09T10:50:00Z,254.23,252.73,NA,NA,NA,NA,NA,Pumping,NA,NA,5030,Tulare Irrigation District,NA,5030,Tulare Irrigation District,NA,NA,35768,20S23E13E002M,202313E2,GPS,Unknown,5-022.11,Kaweah,Tulare,395,Irrigation,Single Well,NA,1961-10-03 00:00:00 - 2019-01-30 08:30:00,99,fall,38.5,174.5,NA,NA,2014,18030012,Critical,Critical,2013-10-01T00:00:00Z,2014-10-01T00:00:00Z,-119.437,36.1917
361917N1194374W001,1988977,2013-03-08T18:00:00Z,254.23,252.73,10.5,150,114.73,139.5,138,NA,Unknown,Water level accuracy to nearest tenth of a foot,1,Department of Water Resources,tape=139.5,1,Department of Water Resources,NA,NA,35768,20S23E13E002M,202313E2,GPS,Unknown,5-022.11,Kaweah,Tulare,395,Irrigation,Single Well,NA,1961-10-03 00:00:00 - 2019-01-30 08:30:00,99,spring,NA,NA,138,138,2013,18030012,Critical,Critical,2012-10-01T00:00:00Z,2013-10-01T00:00:00Z,-119.437,36.1917
361917N1194374W001,2137528,2013-03-06T10:00:00Z,254.23,252.73,10.5,150,114.73,139.5,138,NA,Steel tape measurement,Water level accuracy to nearest foot,5030,Tulare Irrigation District,NA,5030,Tulare Irrigation District,NA,NA,35768,20S23E13E002M,202313E2,GPS,Unknown,5-022.11,Kaweah,Tulare,395,Irrigation,Single Well,NA,1961-10-03 00:00:00 - 2019-01-30 08:30:00,99,spring,NA,NA,138,138,2013,18030012,Critical,Critical,2012-10-01T00:00:00Z,2013-10-01T00:00:00Z,-119.437,36.1917
361917N1194374W001,2137527,2012-10-19T16:10:00Z,254.23,252.73,23,150,127.23,127,125.5,NA,Steel tape measurement,Water level accuracy to nearest foot,5030,Tulare Irrigation District,NA,5030,Tulare Irrigation District,NA,NA,35768,20S23E13E002M,202313E2,GPS,Unknown,5-022.11,Kaweah,Tulare,395,Irrigation,Single Well,NA,1961-10-03 00:00:00 - 2019-01-30 08:30:00,99,fall,38.5,174.5,NA,NA,2013,18030012,Critical,Critical,2012-10-01T00:00:00Z,2013-10-01T00:00:00Z,-119.437,36.1917
361917N1194374W001,2137526,2012-02-16T10:45:00Z,254.23,252.73,6,125,135.23,119,117.5,NA,Steel tape measurement,Water level accuracy to nearest foot,5030,Tulare Irrigation District,NA,5030,Tulare Irrigation District,NA,NA,35768,20S23E13E002M,202313E2,GPS,Unknown,5-022.11,Kaweah,Tulare,395,Irrigation,Single Well,NA,1961-10-03 00:00:00 - 2019-01-30 08:30:00,99,other,NA,NA,NA,NA,2012,18030012,Below Normal,Below Normal,2011-10-01T00:00:00Z,2012-10-01T00:00:00Z,-119.437,36.1917
361917N1194374W001,37333,2011-10-11T10:00:00Z,246.4,244.94,10,125,131.4,115,113.54,NA,Steel tape measurement,Water level accuracy to nearest tenth of a foot,5030,Tulare Irrigation District,NA,5030,Tulare Irrigation District,NA,NA,35768,20S23E13E002M,202313E2,GPS,Unknown,5-022.11,Kaweah,Tulare,395,Irrigation,Single Well,NA,1961-10-03 00:00:00 - 2019-01-30 08:30:00,99,fall,38.5,174.5,NA,NA,2012,18030012,Below Normal,Below Normal,2011-10-01T00:00:00Z,2012-10-01T00:00:00Z,-119.437,36.1917
361917N1194374W001,2137525,2011-02-24T10:10:00Z,254.23,252.73,3,125,132.23,122,120.5,NA,Steel tape measurement,Water level accuracy to nearest foot,5030,Tulare Irrigation District,NA,5030,Tulare Irrigation District,NA,NA,35768,20S23E13E002M,202313E2,GPS,Unknown,5-022.11,Kaweah,Tulare,395,Irrigation,Single Well,NA,1961-10-03 00:00:00 - 2019-01-30 08:30:00,99,other,NA,NA,NA,NA,2011,18030012,Wet,Wet,2010-10-01T00:00:00Z,2011-10-01T00:00:00Z,-119.437,36.1917
361917N1194374W001,93902,2011-02-24T08:00:00Z,254.23,252.73,23,145,132.23,122,120.5,NA,Unknown,Water level accuracy to nearest tenth of a foot,1,Department of Water Resources,NA,1,Department of Water Resources,NA,NA,35768,20S23E13E002M,202313E2,GPS,Unknown,5-022.11,Kaweah,Tulare,395,Irrigation,Single Well,NA,1961-10-03 00:00:00 - 2019-01-30 08:30:00,99,other,NA,NA,NA,NA,2011,18030012,Wet,Wet,2010-10-01T00:00:00Z,2011-10-01T00:00:00Z,-119.437,36.1917
361917N1194374W001,948188,2010-01-20T00:00:00Z,254.23,252.73,0,134,120.23,134,132.5,NA,Unknown,Water level accuracy is unknown,1,Department of Water Resources,NA,5030,Tulare Irrigation District,NA,NA,35768,20S23E13E002M,202313E2,GPS,Unknown,5-022.11,Kaweah,Tulare,395,Irrigation,Single Well,NA,1961-10-03 00:00:00 - 2019-01-30 08:30:00,99,other,NA,NA,NA,NA,2010,18030012,Above Normal,Above Normal,2009-10-01T00:00:00Z,2010-10-01T00:00:00Z,-119.437,36.1917
361917N1194374W001,948187,2009-02-26T00:00:00Z,254.23,252.73,0,132,122.23,132,130.5,NA,Unknown,Water level accuracy is unknown,1,Department of Water Resources,TAPE-122',5030,Tulare Irrigation District,NA,NA,35768,20S23E13E002M,202313E2,GPS,Unknown,5-022.11,Kaweah,Tulare,395,Irrigation,Single Well,NA,1961-10-03 00:00:00 - 2019-01-30 08:30:00,99,other,NA,NA,NA,NA,2009,18030012,Critical,Critical,2008-10-01T00:00:00Z,2009-10-01T00:00:00Z,-119.437,36.1917
361917N1194374W001,948185,2007-10-15T00:00:00Z,254.23,252.73,0,113,141.23,113,111.5,NA,Unknown,Water level accuracy is unknown,1,Department of Water Resources,NA,5030,Tulare Irrigation District,NA,NA,35768,20S23E13E002M,202313E2,GPS,Unknown,5-022.11,Kaweah,Tulare,395,Irrigation,Single Well,NA,1961-10-03 00:00:00 - 2019-01-30 08:30:00,99,fall,38.5,174.5,NA,NA,2008,18030012,Critical,Critical,2007-10-01T00:00:00Z,2008-10-01T00:00:00Z,-119.437,36.1917
361917N1194374W001,948186,2006-10-05T00:00:00Z,254.23,252.73,0,98,156.23,98,96.5,NA,Unknown,Water level accuracy is unknown,1,Department of Water Resources,NO OIL,5030,Tulare Irrigation District,NA,NA,35768,20S23E13E002M,202313E2,GPS,Unknown,5-022.11,Kaweah,Tulare,395,Irrigation,Single Well,NA,1961-10-03 00:00:00 - 2019-01-30 08:30:00,99,fall,38.5,174.5,NA,NA,2007,18030012,Critical,Critical,2006-10-01T00:00:00Z,2007-10-01T00:00:00Z,-119.437,36.1917
361917N1194374W001,948184,2006-01-25T00:00:00Z,254.23,252.73,0,106,148.23,106,104.5,NA,Unknown,Water level accuracy is unknown,1,Department of Water Resources,NA,5030,Tulare Irrigation District,NA,NA,35768,20S23E13E002M,202313E2,GPS,Unknown,5-022.11,Kaweah,Tulare,395,Irrigation,Single Well,NA,1961-10-03 00:00:00 - 2019-01-30 08:30:00,99,other,NA,NA,NA,NA,2006,18030012,Wet,Wet,2005-10-01T00:00:00Z,2006-10-01T00:00:00Z,-119.437,36.1917
361917N1194374W001,948183,2005-01-28T00:00:00Z,254.23,252.73,0,110,144.23,110,108.5,NA,Unknown,Water level accuracy is unknown,1,Department of Water Resources,NA,5030,Tulare Irrigation District,NA,NA,35768,20S23E13E002M,202313E2,GPS,Unknown,5-022.11,Kaweah,Tulare,395,Irrigation,Single Well,NA,1961-10-03 00:00:00 - 2019-01-30 08:30:00,99,other,NA,NA,NA,NA,2005,18030012,Wet,Wet,2004-10-01T00:00:00Z,2005-10-01T00:00:00Z,-119.437,36.1917
361917N1194374W001,948181,2004-02-04T00:00:00Z,254.23,252.73,0,108,146.23,108,106.5,NA,Unknown,Water level accuracy is unknown,1,Department of Water Resources,108'/NO OIL,5030,Tulare Irrigation District,NA,NA,35768,20S23E13E002M,202313E2,GPS,Unknown,5-022.11,Kaweah,Tulare,395,Irrigation,Single Well,NA,1961-10-03 00:00:00 - 2019-01-30 08:30:00,99,other,NA,NA,NA,NA,2004,18030012,Dry,Dry,2003-10-01T00:00:00Z,2004-10-01T00:00:00Z,-119.437,36.1917
361917N1194374W001,948182,2003-09-23T00:00:00Z,254.23,252.73,0,111,143.23,111,109.5,NA,Unknown,Water level accuracy is unknown,1,Department of Water Resources,TAPE-111'/NO OIL,5030,Tulare Irrigation District,NA,NA,35768,20S23E13E002M,202313E2,GPS,Unknown,5-022.11,Kaweah,Tulare,395,Irrigation,Single Well,NA,1961-10-03 00:00:00 - 2019-01-30 08:30:00,99,fall,38.5,174.5,NA,NA,2003,18030012,Dry,Dry,2002-10-01T00:00:00Z,2003-10-01T00:00:00Z,-119.437,36.1917
361917N1194374W001,948180,2002-09-16T00:00:00Z,254.23,252.73,0,109,145.23,109,107.5,NA,Unknown,Water level accuracy is unknown,1,Department of Water Resources,NA,624,Bureau of Reclamation,NA,NA,35768,20S23E13E002M,202313E2,GPS,Unknown,5-022.11,Kaweah,Tulare,395,Irrigation,Single Well,NA,1961-10-03 00:00:00 - 2019-01-30 08:30:00,99,fall,38.5,174.5,NA,NA,2002,18030012,Critical,Critical,2001-10-01T00:00:00Z,2002-10-01T00:00:00Z,-119.437,36.1917
361917N1194374W001,948179,2002-01-16T00:00:00Z,254.23,252.73,0,93,161.23,93,91.5,NA,Unknown,Water level accuracy is unknown,1,Department of Water Resources,NA,624,Bureau of Reclamation,NA,NA,35768,20S23E13E002M,202313E2,GPS,Unknown,5-022.11,Kaweah,Tulare,395,Irrigation,Single Well,NA,1961-10-03 00:00:00 - 2019-01-30 08:30:00,99,other,NA,NA,NA,NA,2002,18030012,Critical,Critical,2001-10-01T00:00:00Z,2002-10-01T00:00:00Z,-119.437,36.1917
361917N1194374W001,948178,2001-01-22T00:00:00Z,254.23,252.73,0,87,167.23,87,85.5,NA,Unknown,Water level accuracy is unknown,1,Department of Water Resources,NA,5030,Tulare Irrigation District,NA,NA,35768,20S23E13E002M,202313E2,GPS,Unknown,5-022.11,Kaweah,Tulare,395,Irrigation,Single Well,NA,1961-10-03 00:00:00 - 2019-01-30 08:30:00,99,other,NA,NA,NA,NA,2001,18030012,Below Normal,Below Normal,2000-10-01T00:00:00Z,2001-10-01T00:00:00Z,-119.437,36.1917
361917N1194374W001,948177,2000-01-21T00:00:00Z,254.23,252.73,0,84,170.23,84,82.5,NA,Unknown,Water level accuracy is unknown,1,Department of Water Resources,NA,5030,Tulare Irrigation District,NA,NA,35768,20S23E13E002M,202313E2,GPS,Unknown,5-022.11,Kaweah,Tulare,395,Irrigation,Single Well,NA,1961-10-03 00:00:00 - 2019-01-30 08:30:00,99,other,NA,NA,NA,NA,2000,18030012,Below Normal,Below Normal,1999-10-01T00:00:00Z,2000-10-01T00:00:00Z,-119.437,36.1917
361917N1194374W001,948176,1999-10-06T00:00:00Z,254.23,252.73,0,79,175.23,79,77.5,NA,Unknown,Water level accuracy is unknown,1,Department of Water Resources,NA,5030,Tulare Irrigation District,NA,NA,35768,20S23E13E002M,202313E2,GPS,Unknown,5-022.11,Kaweah,Tulare,395,Irrigation,Single Well,NA,1961-10-03 00:00:00 - 2019-01-30 08:30:00,99,fall,38.5,174.5,NA,NA,2000,18030012,Below Normal,Below Normal,1999-10-01T00:00:00Z,2000-10-01T00:00:00Z,-119.437,36.1917
361917N1194374W001,948175,1998-10-07T00:00:00Z,254.23,252.73,0,78,176.23,78,76.5,NA,Unknown,Water level accuracy is unknown,1,Department of Water Resources,NA,5030,Tulare Irrigation District,NA,NA,35768,20S23E13E002M,202313E2,GPS,Unknown,5-022.11,Kaweah,Tulare,395,Irrigation,Single Well,NA,1961-10-03 00:00:00 - 2019-01-30 08:30:00,99,fall,38.5,174.5,NA,NA,1999,18030012,Wet,Wet,1998-10-01T00:00:00Z,1999-10-01T00:00:00Z,-119.437,36.1917
361917N1194374W001,948174,1998-01-19T00:00:00Z,254.23,252.73,0,90,164.23,90,88.5,NA,Unknown,Water level accuracy is unknown,1,Department of Water Resources,NA,5030,Tulare Irrigation District,NA,NA,35768,20S23E13E002M,202313E2,GPS,Unknown,5-022.11,Kaweah,Tulare,395,Irrigation,Single Well,NA,1961-10-03 00:00:00 - 2019-01-30 08:30:00,99,other,NA,NA,NA,NA,1998,18030012,Wet,Wet,1997-10-01T00:00:00Z,1998-10-01T00:00:00Z,-119.437,36.1917
361917N1194374W001,948173,1997-10-07T00:00:00Z,254.23,252.73,0,94,160.23,94,92.5,NA,Unknown,Water level accuracy is unknown,1,Department of Water Resources,NA,5030,Tulare Irrigation District,NA,NA,35768,20S23E13E002M,202313E2,GPS,Unknown,5-022.11,Kaweah,Tulare,395,Irrigation,Single Well,NA,1961-10-03 00:00:00 - 2019-01-30 08:30:00,99,fall,38.5,174.5,NA,NA,1998,18030012,Wet,Wet,1997-10-01T00:00:00Z,1998-10-01T00:00:00Z,-119.437,36.1917
361917N1194374W001,948172,1997-01-14T00:00:00Z,254.23,252.73,0,95.5,158.73,95.5,94,NA,Unknown,Water level accuracy is unknown,1,Department of Water Resources,NA,5030,Tulare Irrigation District,NA,NA,35768,20S23E13E002M,202313E2,GPS,Unknown,5-022.11,Kaweah,Tulare,395,Irrigation,Single Well,NA,1961-10-03 00:00:00 - 2019-01-30 08:30:00,99,other,NA,NA,NA,NA,1997,18030012,Above Normal,Above Normal,1996-10-01T00:00:00Z,1997-10-01T00:00:00Z,-119.437,36.1917
361917N1194374W001,948171,1996-10-03T00:00:00Z,254.23,252.73,0,112,142.23,112,110.5,NA,Unknown,Water level accuracy is unknown,1,Department of Water Resources,NA,5030,Tulare Irrigation District,NA,NA,35768,20S23E13E002M,202313E2,GPS,Unknown,5-022.11,Kaweah,Tulare,395,Irrigation,Single Well,NA,1961-10-03 00:00:00 - 2019-01-30 08:30:00,99,fall,38.5,174.5,NA,NA,1997,18030012,Above Normal,Above Normal,1996-10-01T00:00:00Z,1997-10-01T00:00:00Z,-119.437,36.1917
361917N1194374W001,948170,1996-01-12T00:00:00Z,254.23,252.73,0,104,150.23,104,102.5,NA,Unknown,Water level accuracy is unknown,1,Department of Water Resources,NA,5030,Tulare Irrigation District,NA,NA,35768,20S23E13E002M,202313E2,GPS,Unknown,5-022.11,Kaweah,Tulare,395,Irrigation,Single Well,NA,1961-10-03 00:00:00 - 2019-01-30 08:30:00,99,other,NA,NA,NA,NA,1996,18030012,Wet,Wet,1995-10-01T00:00:00Z,1996-10-01T00:00:00Z,-119.437,36.1917
361917N1194374W001,948169,1995-10-05T00:00:00Z,254.23,252.73,0,109,145.23,109,107.5,NA,Unknown,Water level accuracy is unknown,1,Department of Water Resources,NA,5030,Tulare Irrigation District,NA,NA,35768,20S23E13E002M,202313E2,GPS,Unknown,5-022.11,Kaweah,Tulare,395,Irrigation,Single Well,NA,1961-10-03 00:00:00 - 2019-01-30 08:30:00,99,fall,38.5,174.5,NA,NA,1996,18030012,Wet,Wet,1995-10-01T00:00:00Z,1996-10-01T00:00:00Z,-119.437,36.1917
361917N1194374W001,948168,1995-02-08T00:00:00Z,254.23,252.73,0,114,140.23,114,112.5,NA,Unknown,Water level accuracy is unknown,1,Department of Water Resources,NA,5030,Tulare Irrigation District,NA,NA,35768,20S23E13E002M,202313E2,GPS,Unknown,5-022.11,Kaweah,Tulare,395,Irrigation,Single Well,NA,1961-10-03 00:00:00 - 2019-01-30 08:30:00,99,other,NA,NA,NA,NA,1995,18030012,Wet,Wet,1994-10-01T00:00:00Z,1995-10-01T00:00:00Z,-119.437,36.1917
361917N1194374W001,948167,1994-10-04T00:00:00Z,254.23,252.73,0,120,134.23,120,118.5,NA,Unknown,Water level accuracy is unknown,1,Department of Water Resources,NA,5030,Tulare Irrigation District,NA,NA,35768,20S23E13E002M,202313E2,GPS,Unknown,5-022.11,Kaweah,Tulare,395,Irrigation,Single Well,NA,1961-10-03 00:00:00 - 2019-01-30 08:30:00,99,fall,38.5,174.5,NA,NA,1995,18030012,Wet,Wet,1994-10-01T00:00:00Z,1995-10-01T00:00:00Z,-119.437,36.1917
361917N1194374W001,948166,1994-01-18T00:00:00Z,254.23,252.73,0,102,152.23,102,100.5,NA,Unknown,Water level accuracy is unknown,1,Department of Water Resources,NA,5030,Tulare Irrigation District,NA,NA,35768,20S23E13E002M,202313E2,GPS,Unknown,5-022.11,Kaweah,Tulare,395,Irrigation,Single Well,NA,1961-10-03 00:00:00 - 2019-01-30 08:30:00,99,other,NA,NA,NA,NA,1994,18030012,Above Normal,Above Normal,1993-10-01T00:00:00Z,1994-10-01T00:00:00Z,-119.437,36.1917
361917N1194374W001,948165,1993-10-08T00:00:00Z,254.23,252.73,0,109,145.23,109,107.5,NA,Unknown,Water level accuracy is unknown,1,Department of Water Resources,NA,5030,Tulare Irrigation District,NA,NA,35768,20S23E13E002M,202313E2,GPS,Unknown,5-022.11,Kaweah,Tulare,395,Irrigation,Single Well,NA,1961-10-03 00:00:00 - 2019-01-30 08:30:00,99,fall,38.5,174.5,NA,NA,1994,18030012,Above Normal,Above Normal,1993-10-01T00:00:00Z,1994-10-01T00:00:00Z,-119.437,36.1917
361917N1194374W001,948164,1993-01-28T00:00:00Z,254.23,252.73,0,112.5,141.73,112.5,111,NA,Unknown,Water level accuracy is unknown,1,Department of Water Resources,NA,5030,Tulare Irrigation District,NA,NA,35768,20S23E13E002M,202313E2,GPS,Unknown,5-022.11,Kaweah,Tulare,395,Irrigation,Single Well,NA,1961-10-03 00:00:00 - 2019-01-30 08:30:00,99,other,NA,NA,NA,NA,1993,18030012,Wet,Wet,1992-10-01T00:00:00Z,1993-10-01T00:00:00Z,-119.437,36.1917
361917N1194374W001,948163,1992-10-06T00:00:00Z,254.23,252.73,0,116,138.23,116,114.5,NA,Unknown,Water level accuracy is unknown,1,Department of Water Resources,NA,5030,Tulare Irrigation District,NA,NA,35768,20S23E13E002M,202313E2,GPS,Unknown,5-022.11,Kaweah,Tulare,395,Irrigation,Single Well,NA,1961-10-03 00:00:00 - 2019-01-30 08:30:00,99,fall,38.5,174.5,NA,NA,1993,18030012,Wet,Wet,1992-10-01T00:00:00Z,1993-10-01T00:00:00Z,-119.437,36.1917
361917N1194374W001,948162,1992-01-24T00:00:00Z,254.23,252.73,0,102,152.23,102,100.5,NA,Unknown,Water level accuracy is unknown,1,Department of Water Resources,NA,5030,Tulare Irrigation District,NA,NA,35768,20S23E13E002M,202313E2,GPS,Unknown,5-022.11,Kaweah,Tulare,395,Irrigation,Single Well,NA,1961-10-03 00:00:00 - 2019-01-30 08:30:00,99,other,NA,NA,NA,NA,1992,18030012,Above Normal,Above Normal,1991-10-01T00:00:00Z,1992-10-01T00:00:00Z,-119.437,36.1917
361917N1194374W001,948161,1991-10-02T00:00:00Z,254.23,252.73,0,106,148.23,106,104.5,NA,Unknown,Water level accuracy is unknown,1,Department of Water Resources,NA,5030,Tulare Irrigation District,NA,NA,35768,20S23E13E002M,202313E2,GPS,Unknown,5-022.11,Kaweah,Tulare,395,Irrigation,Single Well,NA,1961-10-03 00:00:00 - 2019-01-30 08:30:00,99,fall,38.5,174.5,NA,NA,1992,18030012,Above Normal,Above Normal,1991-10-01T00:00:00Z,1992-10-01T00:00:00Z,-119.437,36.1917
361917N1194374W001,948160,1991-01-21T00:00:00Z,254.23,252.73,0,96,158.23,96,94.5,NA,Unknown,Water level accuracy is unknown,1,Department of Water Resources,NA,5030,Tulare Irrigation District,NA,NA,35768,20S23E13E002M,202313E2,GPS,Unknown,5-022.11,Kaweah,Tulare,395,Irrigation,Single Well,NA,1961-10-03 00:00:00 - 2019-01-30 08:30:00,99,other,NA,NA,NA,NA,1991,18030012,Dry,Dry,1990-10-01T00:00:00Z,1991-10-01T00:00:00Z,-119.437,36.1917
361917N1194374W001,948159,1990-10-04T00:00:00Z,254.23,252.73,0,95,159.23,95,93.5,Acoustical sounder,Unknown,Water level accuracy is unknown,1,Department of Water Resources,NA,5030,Tulare Irrigation District,NA,NA,35768,20S23E13E002M,202313E2,GPS,Unknown,5-022.11,Kaweah,Tulare,395,Irrigation,Single Well,NA,1961-10-03 00:00:00 - 2019-01-30 08:30:00,99,fall,38.5,174.5,NA,NA,1991,18030012,Dry,Dry,1990-10-01T00:00:00Z,1991-10-01T00:00:00Z,-119.437,36.1917
361917N1194374W001,948158,1990-01-25T00:00:00Z,254.23,252.73,0,78,176.23,78,76.5,NA,Unknown,Water level accuracy is unknown,1,Department of Water Resources,NA,5030,Tulare Irrigation District,NA,NA,35768,20S23E13E002M,202313E2,GPS,Unknown,5-022.11,Kaweah,Tulare,395,Irrigation,Single Well,NA,1961-10-03 00:00:00 - 2019-01-30 08:30:00,99,other,NA,NA,NA,NA,1990,18030012,Critical,Critical,1989-10-01T00:00:00Z,1990-10-01T00:00:00Z,-119.437,36.1917
361917N1194374W001,948157,1989-10-03T00:00:00Z,254.23,252.73,0,79,175.23,79,77.5,NA,Unknown,Water level accuracy is unknown,1,Department of Water Resources,NA,5030,Tulare Irrigation District,NA,NA,35768,20S23E13E002M,202313E2,GPS,Unknown,5-022.11,Kaweah,Tulare,395,Irrigation,Single Well,NA,1961-10-03 00:00:00 - 2019-01-30 08:30:00,99,fall,38.5,174.5,NA,NA,1990,18030012,Critical,Critical,1989-10-01T00:00:00Z,1990-10-01T00:00:00Z,-119.437,36.1917
361917N1194374W001,948156,1989-01-30T00:00:00Z,254.23,252.73,0,63,191.23,63,61.5,NA,Unknown,Water level accuracy is unknown,1,Department of Water Resources,NA,5030,Tulare Irrigation District,NA,NA,35768,20S23E13E002M,202313E2,GPS,Unknown,5-022.11,Kaweah,Tulare,395,Irrigation,Single Well,NA,1961-10-03 00:00:00 - 2019-01-30 08:30:00,99,other,NA,NA,NA,NA,1989,18030012,Dry,Dry,1988-10-01T00:00:00Z,1989-10-01T00:00:00Z,-119.437,36.1917
361917N1194374W001,948155,1988-10-04T00:00:00Z,254.23,252.73,0,67.5,186.73,67.5,66,NA,Unknown,Water level accuracy is unknown,1,Department of Water Resources,NA,5030,Tulare Irrigation District,NA,NA,35768,20S23E13E002M,202313E2,GPS,Unknown,5-022.11,Kaweah,Tulare,395,Irrigation,Single Well,NA,1961-10-03 00:00:00 - 2019-01-30 08:30:00,99,fall,38.5,174.5,NA,NA,1989,18030012,Dry,Dry,1988-10-01T00:00:00Z,1989-10-01T00:00:00Z,-119.437,36.1917
361917N1194374W001,948154,1988-01-25T00:00:00Z,254.23,252.73,0,53.5,200.73,53.5,52,NA,Unknown,Water level accuracy is unknown,1,Department of Water Resources,NA,5030,Tulare Irrigation District,NA,NA,35768,20S23E13E002M,202313E2,GPS,Unknown,5-022.11,Kaweah,Tulare,395,Irrigation,Single Well,NA,1961-10-03 00:00:00 - 2019-01-30 08:30:00,99,other,NA,NA,NA,NA,1988,18030012,Below Normal,Below Normal,1987-10-01T00:00:00Z,1988-10-01T00:00:00Z,-119.437,36.1917
361917N1194374W001,948153,1987-10-07T00:00:00Z,254.23,252.73,0,54.5,199.73,54.5,53,NA,Unknown,Water level accuracy is unknown,1,Department of Water Resources,NA,5030,Tulare Irrigation District,NA,NA,35768,20S23E13E002M,202313E2,GPS,Unknown,5-022.11,Kaweah,Tulare,395,Irrigation,Single Well,NA,1961-10-03 00:00:00 - 2019-01-30 08:30:00,99,fall,38.5,174.5,NA,NA,1988,18030012,Below Normal,Below Normal,1987-10-01T00:00:00Z,1988-10-01T00:00:00Z,-119.437,36.1917
361917N1194374W001,948152,1987-02-02T00:00:00Z,254.23,252.73,0,38,216.23,38,36.5,NA,Unknown,Water level accuracy is unknown,1,Department of Water Resources,NA,5030,Tulare Irrigation District,NA,NA,35768,20S23E13E002M,202313E2,GPS,Unknown,5-022.11,Kaweah,Tulare,395,Irrigation,Single Well,NA,1961-10-03 00:00:00 - 2019-01-30 08:30:00,99,other,NA,NA,NA,NA,1987,18030012,Below Normal,Below Normal,1986-10-01T00:00:00Z,1987-10-01T00:00:00Z,-119.437,36.1917
361917N1194374W001,948151,1986-10-02T00:00:00Z,254.23,252.73,0,40,214.23,40,38.5,NA,Unknown,Water level accuracy is unknown,1,Department of Water Resources,NA,624,Bureau of Reclamation,NA,NA,35768,20S23E13E002M,202313E2,GPS,Unknown,5-022.11,Kaweah,Tulare,395,Irrigation,Single Well,NA,1961-10-03 00:00:00 - 2019-01-30 08:30:00,99,fall,38.5,174.5,NA,NA,1987,18030012,Below Normal,Below Normal,1986-10-01T00:00:00Z,1987-10-01T00:00:00Z,-119.437,36.1917
361917N1194374W001,948150,1986-02-20T00:00:00Z,254.23,252.73,0,51.5,202.73,51.5,50,NA,Unknown,Water level accuracy is unknown,1,Department of Water Resources,NA,624,Bureau of Reclamation,NA,NA,35768,20S23E13E002M,202313E2,GPS,Unknown,5-022.11,Kaweah,Tulare,395,Irrigation,Single Well,NA,1961-10-03 00:00:00 - 2019-01-30 08:30:00,99,other,NA,NA,NA,NA,1986,18030012,Above Normal,Above Normal,1985-10-01T00:00:00Z,1986-10-01T00:00:00Z,-119.437,36.1917
361917N1194374W001,948149,1985-10-01T00:00:00Z,254.23,252.73,0,53.5,200.73,53.5,52,NA,Unknown,Water level accuracy is unknown,1,Department of Water Resources,NA,624,Bureau of Reclamation,NA,NA,35768,20S23E13E002M,202313E2,GPS,Unknown,5-022.11,Kaweah,Tulare,395,Irrigation,Single Well,NA,1961-10-03 00:00:00 - 2019-01-30 08:30:00,99,fall,38.5,174.5,NA,NA,1986,18030012,Above Normal,Above Normal,1985-10-01T00:00:00Z,1986-10-01T00:00:00Z,-119.437,36.1917
361917N1194374W001,948148,1985-02-07T00:00:00Z,254.23,252.73,0,50,204.23,50,48.5,NA,Unknown,Water level accuracy is unknown,1,Department of Water Resources,NA,624,Bureau of Reclamation,NA,NA,35768,20S23E13E002M,202313E2,GPS,Unknown,5-022.11,Kaweah,Tulare,395,Irrigation,Single Well,NA,1961-10-03 00:00:00 - 2019-01-30 08:30:00,99,other,NA,NA,NA,NA,1985,18030012,Dry,Dry,1984-10-01T00:00:00Z,1985-10-01T00:00:00Z,-119.437,36.1917
361917N1194374W001,948147,1984-10-15T00:00:00Z,254.23,252.73,0,47.5,206.73,47.5,46,NA,Unknown,Water level accuracy is unknown,1,Department of Water Resources,NA,624,Bureau of Reclamation,NA,NA,35768,20S23E13E002M,202313E2,GPS,Unknown,5-022.11,Kaweah,Tulare,395,Irrigation,Single Well,NA,1961-10-03 00:00:00 - 2019-01-30 08:30:00,99,fall,38.5,174.5,NA,NA,1985,18030012,Dry,Dry,1984-10-01T00:00:00Z,1985-10-01T00:00:00Z,-119.437,36.1917
361917N1194374W001,948146,1984-02-22T00:00:00Z,254.23,252.73,0,46,208.23,46,44.5,NA,Unknown,Water level accuracy is unknown,1,Department of Water Resources,NA,624,Bureau of Reclamation,NA,NA,35768,20S23E13E002M,202313E2,GPS,Unknown,5-022.11,Kaweah,Tulare,395,Irrigation,Single Well,NA,1961-10-03 00:00:00 - 2019-01-30 08:30:00,99,other,NA,NA,NA,NA,1984,18030012,Above Normal,Above Normal,1983-10-01T00:00:00Z,1984-10-01T00:00:00Z,-119.437,36.1917
361917N1194374W001,948145,1983-10-18T00:00:00Z,254.23,252.73,0,50,204.23,50,48.5,NA,Unknown,Water level accuracy is unknown,1,Department of Water Resources,NA,624,Bureau of Reclamation,NA,NA,35768,20S23E13E002M,202313E2,GPS,Unknown,5-022.11,Kaweah,Tulare,395,Irrigation,Single Well,NA,1961-10-03 00:00:00 - 2019-01-30 08:30:00,99,fall,38.5,174.5,NA,NA,1984,18030012,Above Normal,Above Normal,1983-10-01T00:00:00Z,1984-10-01T00:00:00Z,-119.437,36.1917
361917N1194374W001,948144,1983-02-16T00:00:00Z,254.23,252.73,0,60,194.23,60,58.5,NA,Unknown,Water level accuracy is unknown,1,Department of Water Resources,NA,5030,Tulare Irrigation District,NA,NA,35768,20S23E13E002M,202313E2,GPS,Unknown,5-022.11,Kaweah,Tulare,395,Irrigation,Single Well,NA,1961-10-03 00:00:00 - 2019-01-30 08:30:00,99,other,NA,NA,NA,NA,1983,18030012,Wet,Wet,1982-10-01T00:00:00Z,1983-10-01T00:00:00Z,-119.437,36.1917
361917N1194374W001,948143,1982-10-08T00:00:00Z,254.23,252.73,0,65,189.23,65,63.5,NA,Unknown,Water level accuracy is unknown,1,Department of Water Resources,NA,5030,Tulare Irrigation District,NA,NA,35768,20S23E13E002M,202313E2,GPS,Unknown,5-022.11,Kaweah,Tulare,395,Irrigation,Single Well,NA,1961-10-03 00:00:00 - 2019-01-30 08:30:00,99,fall,38.5,174.5,NA,NA,1983,18030012,Wet,Wet,1982-10-01T00:00:00Z,1983-10-01T00:00:00Z,-119.437,36.1917
361917N1194374W001,948142,1982-02-03T00:00:00Z,254.23,252.73,0,78.5,175.73,78.5,77,NA,Unknown,Water level accuracy is unknown,1,Department of Water Resources,NA,624,Bureau of Reclamation,NA,NA,35768,20S23E13E002M,202313E2,GPS,Unknown,5-022.11,Kaweah,Tulare,395,Irrigation,Single Well,NA,1961-10-03 00:00:00 - 2019-01-30 08:30:00,99,other,NA,NA,NA,NA,1982,18030012,Wet,Wet,1981-10-01T00:00:00Z,1982-10-01T00:00:00Z,-119.437,36.1917
361917N1194374W001,948141,1981-09-23T00:00:00Z,254.23,252.73,0,79,175.23,79,77.5,NA,Unknown,Water level accuracy is unknown,1,Department of Water Resources,NA,624,Bureau of Reclamation,NA,NA,35768,20S23E13E002M,202313E2,GPS,Unknown,5-022.11,Kaweah,Tulare,395,Irrigation,Single Well,NA,1961-10-03 00:00:00 - 2019-01-30 08:30:00,99,fall,38.5,174.5,NA,NA,1981,18030012,Below Normal,Below Normal,1980-10-01T00:00:00Z,1981-10-01T00:00:00Z,-119.437,36.1917
361917N1194374W001,948140,1981-01-30T00:00:00Z,254.23,252.73,0,68,186.23,68,66.5,NA,Unknown,Water level accuracy is unknown,1,Department of Water Resources,NA,5030,Tulare Irrigation District,NA,NA,35768,20S23E13E002M,202313E2,GPS,Unknown,5-022.11,Kaweah,Tulare,395,Irrigation,Single Well,NA,1961-10-03 00:00:00 - 2019-01-30 08:30:00,99,other,NA,NA,NA,NA,1981,18030012,Below Normal,Below Normal,1980-10-01T00:00:00Z,1981-10-01T00:00:00Z,-119.437,36.1917
361917N1194374W001,948139,1980-09-26T00:00:00Z,254.23,252.73,0,74,180.23,74,72.5,NA,Unknown,Water level accuracy is unknown,1,Department of Water Resources,NA,5030,Tulare Irrigation District,NA,NA,35768,20S23E13E002M,202313E2,GPS,Unknown,5-022.11,Kaweah,Tulare,395,Irrigation,Single Well,NA,1961-10-03 00:00:00 - 2019-01-30 08:30:00,99,fall,38.5,174.5,NA,NA,1980,18030012,Wet,Wet,1979-10-01T00:00:00Z,1980-10-01T00:00:00Z,-119.437,36.1917
361917N1194374W001,948138,1980-01-30T00:00:00Z,254.23,252.73,0,80,174.23,80,78.5,NA,Unknown,Water level accuracy is unknown,1,Department of Water Resources,NA,5030,Tulare Irrigation District,NA,NA,35768,20S23E13E002M,202313E2,GPS,Unknown,5-022.11,Kaweah,Tulare,395,Irrigation,Single Well,NA,1961-10-03 00:00:00 - 2019-01-30 08:30:00,99,other,NA,NA,NA,NA,1980,18030012,Wet,Wet,1979-10-01T00:00:00Z,1980-10-01T00:00:00Z,-119.437,36.1917
361917N1194374W001,948137,1979-09-27T00:00:00Z,254.23,252.73,0,83,171.23,83,81.5,NA,Unknown,Water level accuracy is unknown,1,Department of Water Resources,NA,5030,Tulare Irrigation District,NA,NA,35768,20S23E13E002M,202313E2,GPS,Unknown,5-022.11,Kaweah,Tulare,395,Irrigation,Single Well,NA,1961-10-03 00:00:00 - 2019-01-30 08:30:00,99,fall,38.5,174.5,NA,NA,1979,18030012,Wet,Wet,1978-10-01T00:00:00Z,1979-10-01T00:00:00Z,-119.437,36.1917
361917N1194374W001,948136,1979-01-23T00:00:00Z,254.23,252.73,0,89,165.23,89,87.5,NA,Unknown,Water level accuracy is unknown,1,Department of Water Resources,NA,5030,Tulare Irrigation District,NA,NA,35768,20S23E13E002M,202313E2,GPS,Unknown,5-022.11,Kaweah,Tulare,395,Irrigation,Single Well,NA,1961-10-03 00:00:00 - 2019-01-30 08:30:00,99,other,NA,NA,NA,NA,1979,18030012,Wet,Wet,1978-10-01T00:00:00Z,1979-10-01T00:00:00Z,-119.437,36.1917
361917N1194374W001,948135,1978-02-01T00:00:00Z,254.23,252.73,0,102.5,151.73,102.5,101,NA,Unknown,Water level accuracy is unknown,1,Department of Water Resources,NA,5030,Tulare Irrigation District,NA,NA,35768,20S23E13E002M,202313E2,GPS,Unknown,5-022.11,Kaweah,Tulare,395,Irrigation,Single Well,NA,1961-10-03 00:00:00 - 2019-01-30 08:30:00,99,other,NA,NA,NA,NA,1978,18030012,Wet,Wet,1977-10-01T00:00:00Z,1978-10-01T00:00:00Z,-119.437,36.1917
361917N1194374W001,948134,1977-10-06T00:00:00Z,254.23,252.73,0,106,148.23,106,104.5,NA,Unknown,Water level accuracy is unknown,1,Department of Water Resources,NA,5030,Tulare Irrigation District,NA,NA,35768,20S23E13E002M,202313E2,GPS,Unknown,5-022.11,Kaweah,Tulare,395,Irrigation,Single Well,NA,1961-10-03 00:00:00 - 2019-01-30 08:30:00,99,fall,38.5,174.5,NA,NA,1978,18030012,Wet,Wet,1977-10-01T00:00:00Z,1978-10-01T00:00:00Z,-119.437,36.1917
361917N1194374W001,948133,1977-01-25T00:00:00Z,254.23,252.73,0,93,161.23,93,91.5,NA,Unknown,Water level accuracy is unknown,1,Department of Water Resources,NA,5030,Tulare Irrigation District,NA,NA,35768,20S23E13E002M,202313E2,GPS,Unknown,5-022.11,Kaweah,Tulare,395,Irrigation,Single Well,NA,1961-10-03 00:00:00 - 2019-01-30 08:30:00,99,other,NA,NA,NA,NA,1977,18030012,Dry,Dry,1976-10-01T00:00:00Z,1977-10-01T00:00:00Z,-119.437,36.1917
361917N1194374W001,948132,1976-10-08T00:00:00Z,254.23,252.73,0,93,161.23,93,91.5,NA,Unknown,Water level accuracy is unknown,1,Department of Water Resources,NA,5030,Tulare Irrigation District,NA,NA,35768,20S23E13E002M,202313E2,GPS,Unknown,5-022.11,Kaweah,Tulare,395,Irrigation,Single Well,NA,1961-10-03 00:00:00 - 2019-01-30 08:30:00,99,fall,38.5,174.5,NA,NA,1977,18030012,Dry,Dry,1976-10-01T00:00:00Z,1977-10-01T00:00:00Z,-119.437,36.1917
361917N1194374W001,948131,1976-01-28T00:00:00Z,254.23,252.73,0,83,171.23,83,81.5,NA,Unknown,Water level accuracy is unknown,1,Department of Water Resources,NA,5030,Tulare Irrigation District,NA,NA,35768,20S23E13E002M,202313E2,GPS,Unknown,5-022.11,Kaweah,Tulare,395,Irrigation,Single Well,NA,1961-10-03 00:00:00 - 2019-01-30 08:30:00,99,other,NA,NA,NA,NA,1976,18030012,Above Normal,Above Normal,1975-10-01T00:00:00Z,1976-10-01T00:00:00Z,-119.437,36.1917
361917N1194374W001,948130,1975-10-02T00:00:00Z,254.23,252.73,0,78,176.23,78,76.5,NA,Unknown,Water level accuracy is unknown,1,Department of Water Resources,NA,5030,Tulare Irrigation District,NA,NA,35768,20S23E13E002M,202313E2,GPS,Unknown,5-022.11,Kaweah,Tulare,395,Irrigation,Single Well,NA,1961-10-03 00:00:00 - 2019-01-30 08:30:00,99,fall,38.5,174.5,NA,NA,1976,18030012,Above Normal,Above Normal,1975-10-01T00:00:00Z,1976-10-01T00:00:00Z,-119.437,36.1917
361917N1194374W001,948129,1975-02-11T00:00:00Z,254.23,252.73,0,79,175.23,79,77.5,NA,Unknown,Water level accuracy is unknown,1,Department of Water Resources,NA,5030,Tulare Irrigation District,NA,NA,35768,20S23E13E002M,202313E2,GPS,Unknown,5-022.11,Kaweah,Tulare,395,Irrigation,Single Well,NA,1961-10-03 00:00:00 - 2019-01-30 08:30:00,99,other,NA,NA,NA,NA,1975,18030012,Above Normal,Above Normal,1974-10-01T00:00:00Z,1975-10-01T00:00:00Z,-119.437,36.1917
361917N1194374W001,948128,1974-10-03T00:00:00Z,254.23,252.73,0,81,173.23,81,79.5,NA,Unknown,Water level accuracy is unknown,1,Department of Water Resources,NA,5155,Kaweah Delta Water Conservation District,NA,NA,35768,20S23E13E002M,202313E2,GPS,Unknown,5-022.11,Kaweah,Tulare,395,Irrigation,Single Well,NA,1961-10-03 00:00:00 - 2019-01-30 08:30:00,99,fall,38.5,174.5,NA,NA,1975,18030012,Above Normal,Above Normal,1974-10-01T00:00:00Z,1975-10-01T00:00:00Z,-119.437,36.1917
361917N1194374W001,948127,1974-01-24T00:00:00Z,254.23,252.73,0,82.5,171.73,82.5,81,NA,Unknown,Water level accuracy is unknown,1,Department of Water Resources,NA,5030,Tulare Irrigation District,NA,NA,35768,20S23E13E002M,202313E2,GPS,Unknown,5-022.11,Kaweah,Tulare,395,Irrigation,Single Well,NA,1961-10-03 00:00:00 - 2019-01-30 08:30:00,99,other,NA,NA,NA,NA,1974,18030012,Wet,Wet,1973-10-01T00:00:00Z,1974-10-01T00:00:00Z,-119.437,36.1917
361917N1194374W001,948126,1973-10-03T00:00:00Z,254.23,252.73,0,92.3,161.93,92.3,90.8,NA,Unknown,Water level accuracy is unknown,1,Department of Water Resources,NA,5030,Tulare Irrigation District,NA,NA,35768,20S23E13E002M,202313E2,GPS,Unknown,5-022.11,Kaweah,Tulare,395,Irrigation,Single Well,NA,1961-10-03 00:00:00 - 2019-01-30 08:30:00,99,fall,38.5,174.5,NA,NA,1974,18030012,Wet,Wet,1973-10-01T00:00:00Z,1974-10-01T00:00:00Z,-119.437,36.1917
361917N1194374W001,948125,1973-02-14T00:00:00Z,254.23,252.73,NA,NA,NA,NA,NA,Temporarily inaccessible,NA,NA,1,Department of Water Resources,NA,5030,Tulare Irrigation District,NA,NA,35768,20S23E13E002M,202313E2,GPS,Unknown,5-022.11,Kaweah,Tulare,395,Irrigation,Single Well,NA,1961-10-03 00:00:00 - 2019-01-30 08:30:00,99,other,NA,NA,NA,NA,1973,18030012,Wet,Wet,1972-10-01T00:00:00Z,1973-10-01T00:00:00Z,-119.437,36.1917
361917N1194374W001,948124,1972-10-12T00:00:00Z,254.23,252.73,0,95.5,158.73,95.5,94,NA,Unknown,Water level accuracy is unknown,1,Department of Water Resources,NA,5030,Tulare Irrigation District,NA,NA,35768,20S23E13E002M,202313E2,GPS,Unknown,5-022.11,Kaweah,Tulare,395,Irrigation,Single Well,NA,1961-10-03 00:00:00 - 2019-01-30 08:30:00,99,fall,38.5,174.5,NA,NA,1973,18030012,Wet,Wet,1972-10-01T00:00:00Z,1973-10-01T00:00:00Z,-119.437,36.1917
361917N1194374W001,948123,1972-02-23T00:00:00Z,254.23,252.73,NA,NA,NA,NA,NA,Pumping,NA,NA,1,Department of Water Resources,NA,5030,Tulare Irrigation District,NA,NA,35768,20S23E13E002M,202313E2,GPS,Unknown,5-022.11,Kaweah,Tulare,395,Irrigation,Single Well,NA,1961-10-03 00:00:00 - 2019-01-30 08:30:00,99,other,NA,NA,NA,NA,1972,18030012,Critical,Critical,1971-10-01T00:00:00Z,1972-10-01T00:00:00Z,-119.437,36.1917
361917N1194374W001,948122,1971-10-11T00:00:00Z,254.23,252.73,0,84.6,169.63,84.6,83.1,NA,Unknown,Water level accuracy is unknown,1,Department of Water Resources,NA,5030,Tulare Irrigation District,NA,NA,35768,20S23E13E002M,202313E2,GPS,Unknown,5-022.11,Kaweah,Tulare,395,Irrigation,Single Well,NA,1961-10-03 00:00:00 - 2019-01-30 08:30:00,99,fall,38.5,174.5,NA,NA,1972,18030012,Critical,Critical,1971-10-01T00:00:00Z,1972-10-01T00:00:00Z,-119.437,36.1917
361917N1194374W001,948121,1970-10-06T00:00:00Z,254.23,252.73,0,81,173.23,81,79.5,NA,Unknown,Water level accuracy is unknown,1,Department of Water Resources,NA,5030,Tulare Irrigation District,NA,NA,35768,20S23E13E002M,202313E2,GPS,Unknown,5-022.11,Kaweah,Tulare,395,Irrigation,Single Well,NA,1961-10-03 00:00:00 - 2019-01-30 08:30:00,99,fall,38.5,174.5,NA,NA,1971,18030012,Dry,Dry,1970-10-01T00:00:00Z,1971-10-01T00:00:00Z,-119.437,36.1917
361917N1194374W001,948120,1970-02-04T00:00:00Z,254.23,252.73,0,76.6,177.63,76.6,75.1,NA,Unknown,Water level accuracy is unknown,1,Department of Water Resources,NA,5030,Tulare Irrigation District,NA,NA,35768,20S23E13E002M,202313E2,GPS,Unknown,5-022.11,Kaweah,Tulare,395,Irrigation,Single Well,NA,1961-10-03 00:00:00 - 2019-01-30 08:30:00,99,other,NA,NA,NA,NA,1970,18030012,Wet,Wet,1969-10-01T00:00:00Z,1970-10-01T00:00:00Z,-119.437,36.1917
361917N1194374W001,948119,1969-09-30T00:00:00Z,254.23,252.73,0,83.3,170.93,83.3,81.8,NA,Unknown,Water level accuracy is unknown,1,Department of Water Resources,NA,624,Bureau of Reclamation,NA,NA,35768,20S23E13E002M,202313E2,GPS,Unknown,5-022.11,Kaweah,Tulare,395,Irrigation,Single Well,NA,1961-10-03 00:00:00 - 2019-01-30 08:30:00,99,fall,38.5,174.5,NA,NA,1969,18030012,Wet,Wet,1968-10-01T00:00:00Z,1969-10-01T00:00:00Z,-119.437,36.1917
361917N1194374W001,948118,1969-02-05T00:00:00Z,254.23,252.73,0,88.6,165.63,88.6,87.1,NA,Unknown,Water level accuracy is unknown,1,Department of Water Resources,NA,5030,Tulare Irrigation District,NA,NA,35768,20S23E13E002M,202313E2,GPS,Unknown,5-022.11,Kaweah,Tulare,395,Irrigation,Single Well,NA,1961-10-03 00:00:00 - 2019-01-30 08:30:00,99,other,NA,NA,NA,NA,1969,18030012,Wet,Wet,1968-10-01T00:00:00Z,1969-10-01T00:00:00Z,-119.437,36.1917
361917N1194374W001,948117,1968-02-01T00:00:00Z,254.23,252.73,NA,NA,NA,NA,NA,Pumping,NA,NA,1,Department of Water Resources,NA,5030,Tulare Irrigation District,NA,NA,35768,20S23E13E002M,202313E2,GPS,Unknown,5-022.11,Kaweah,Tulare,395,Irrigation,Single Well,NA,1961-10-03 00:00:00 - 2019-01-30 08:30:00,99,other,NA,NA,NA,NA,1968,18030012,Below Normal,Below Normal,1967-10-01T00:00:00Z,1968-10-01T00:00:00Z,-119.437,36.1917
361917N1194374W001,948116,1967-02-09T00:00:00Z,254.23,252.73,0,95.2,159.03,95.2,93.7,NA,Unknown,Water level accuracy is unknown,1,Department of Water Resources,NA,5030,Tulare Irrigation District,NA,NA,35768,20S23E13E002M,202313E2,GPS,Unknown,5-022.11,Kaweah,Tulare,395,Irrigation,Single Well,NA,1961-10-03 00:00:00 - 2019-01-30 08:30:00,99,other,NA,NA,NA,NA,1967,18030012,Wet,Wet,1966-10-01T00:00:00Z,1967-10-01T00:00:00Z,-119.437,36.1917
361917N1194374W001,948115,1966-02-03T00:00:00Z,254.23,252.73,0,85.8,168.43,85.8,84.3,NA,Unknown,Water level accuracy is unknown,1,Department of Water Resources,NA,5030,Tulare Irrigation District,NA,NA,35768,20S23E13E002M,202313E2,GPS,Unknown,5-022.11,Kaweah,Tulare,395,Irrigation,Single Well,NA,1961-10-03 00:00:00 - 2019-01-30 08:30:00,99,other,NA,NA,NA,NA,1966,18030012,Below Normal,Below Normal,1965-10-01T00:00:00Z,1966-10-01T00:00:00Z,-119.437,36.1917
361917N1194374W001,948114,1965-02-02T00:00:00Z,254.23,252.73,0,94.1,160.13,94.1,92.6,NA,Unknown,Water level accuracy is unknown,1,Department of Water Resources,NA,5030,Tulare Irrigation District,NA,NA,35768,20S23E13E002M,202313E2,GPS,Unknown,5-022.11,Kaweah,Tulare,395,Irrigation,Single Well,NA,1961-10-03 00:00:00 - 2019-01-30 08:30:00,99,other,NA,NA,NA,NA,1965,18030012,Below Normal,Below Normal,1964-10-01T00:00:00Z,1965-10-01T00:00:00Z,-119.437,36.1917
361917N1194374W001,948113,1964-09-29T00:00:00Z,254.23,252.73,0,98.6,155.63,98.6,97.1,NA,Unknown,Water level accuracy is unknown,1,Department of Water Resources,NA,5030,Tulare Irrigation District,NA,NA,35768,20S23E13E002M,202313E2,GPS,Unknown,5-022.11,Kaweah,Tulare,395,Irrigation,Single Well,NA,1961-10-03 00:00:00 - 2019-01-30 08:30:00,99,fall,38.5,174.5,NA,NA,1964,18030012,Dry,Dry,1963-10-01T00:00:00Z,1964-10-01T00:00:00Z,-119.437,36.1917
361917N1194374W001,948112,1964-02-07T00:00:00Z,254.23,252.73,0,88.5,165.73,88.5,87,NA,Unknown,Water level accuracy is unknown,1,Department of Water Resources,NA,5030,Tulare Irrigation District,NA,NA,35768,20S23E13E002M,202313E2,GPS,Unknown,5-022.11,Kaweah,Tulare,395,Irrigation,Single Well,NA,1961-10-03 00:00:00 - 2019-01-30 08:30:00,99,other,NA,NA,NA,NA,1964,18030012,Dry,Dry,1963-10-01T00:00:00Z,1964-10-01T00:00:00Z,-119.437,36.1917
361917N1194374W001,948111,1963-02-13T00:00:00Z,254.23,252.73,0,93.3,160.93,93.3,91.8,NA,Unknown,Water level accuracy is unknown,1,Department of Water Resources,NA,5030,Tulare Irrigation District,NA,NA,35768,20S23E13E002M,202313E2,GPS,Unknown,5-022.11,Kaweah,Tulare,395,Irrigation,Single Well,NA,1961-10-03 00:00:00 - 2019-01-30 08:30:00,99,other,NA,NA,NA,NA,1963,18030012,Above Normal,Above Normal,1962-10-01T00:00:00Z,1963-10-01T00:00:00Z,-119.437,36.1917
361917N1194374W001,948110,1962-02-08T00:00:00Z,254.23,252.73,0,100.1,154.13,100.1,98.6,NA,Unknown,Water level accuracy is unknown,1,Department of Water Resources,NA,5030,Tulare Irrigation District,NA,NA,35768,20S23E13E002M,202313E2,GPS,Unknown,5-022.11,Kaweah,Tulare,395,Irrigation,Single Well,NA,1961-10-03 00:00:00 - 2019-01-30 08:30:00,99,other,NA,NA,NA,NA,1962,18030012,Above Normal,Above Normal,1961-10-01T00:00:00Z,1962-10-01T00:00:00Z,-119.437,36.1917
361917N1194374W001,948109,1961-10-03T00:00:00Z,254.23,252.73,0,104.2,150.03,104.2,102.7,NA,Unknown,Water level accuracy is unknown,1,Department of Water Resources,NA,5030,Tulare Irrigation District,NA,NA,35768,20S23E13E002M,202313E2,GPS,Unknown,5-022.11,Kaweah,Tulare,395,Irrigation,Single Well,NA,1961-10-03 00:00:00 - 2019-01-30 08:30:00,99,fall,38.5,174.5,NA,NA,1962,18030012,Above Normal,Above Normal,1961-10-01T00:00:00Z,1962-10-01T00:00:00Z,-119.437,36.1917
