SITE_CODE,WLM_ID,MSMT_DATE,WLM_RPE,WLM_GSE,RDNG_WS,RDNG_RP,WSE,RPE_WSE,GSE_WSE,WLM_QA_DESC,WLM_DESC,WLM_ACC_DESC,WLM_ORG_ID,WLM_ORG_NAME,MSMT_CMT,COOP_AGENCY_ORG_ID,COOP_ORG_NAME,TOP_PRF,BOT_PRF,STN_ID,SWN,WELL_NAME,WLM_METHOD,WLM_ACC,BASIN_CODE,BASIN_NAME,COUNTY_NAME,WELL_DEPTH,WELL_USE,WELL_TYPE,WCR_NO,t_range,n_samples,season,fall_high,fall_low,spring_high,spring_low,water_year,HUC8,WYT,water_year_type,water_year_start,water_year_end,X,Y
362069N1194493W001,948108,2010-10-13T00:00:00Z,253.73,253.33,NA,NA,NA,NA,NA,Dry well,NA,NA,1,Department of Water Resources,NA,5155,Kaweah Delta Water Conservation District,NA,NA,35767,20S23E11C001M,NA,Unknown,Unknown,5-022.11,Kaweah,Tulare,NA,Unknown,Unknown,NA,1952-10-23 - 2010-10-13,63,fall,51.6,172,NA,NA,2011,18030012,Wet,Wet,2010-10-01T00:00:00Z,2011-10-01T00:00:00Z,-119.449,36.2069
362069N1194493W001,948107,2006-12-04T00:00:00Z,253.73,253.33,0,104,149.73,104,103.6,NA,Unknown,Water level accuracy is unknown,1,Department of Water Resources,NA,5155,Kaweah Delta Water Conservation District,NA,NA,35767,20S23E11C001M,NA,Unknown,Unknown,5-022.11,Kaweah,Tulare,NA,Unknown,Unknown,NA,1952-10-23 - 2010-10-13,63,other,NA,NA,NA,NA,2007,18030012,Critical,Critical,2006-10-01T00:00:00Z,2007-10-01T00:00:00Z,-119.449,36.2069
362069N1194493W001,948106,2006-01-31T00:00:00Z,253.73,253.33,0,115,138.73,115,114.6,NA,Unknown,Water level accuracy is unknown,1,Department of Water Resources,NA,5155,Kaweah Delta Water Conservation District,NA,NA,35767,20S23E11C001M,NA,Unknown,Unknown,5-022.11,Kaweah,Tulare,NA,Unknown,Unknown,NA,1952-10-23 - 2010-10-13,63,other,NA,NA,NA,NA,2006,18030012,Wet,Wet,2005-10-01T00:00:00Z,2006-10-01T00:00:00Z,-119.449,36.2069
362069N1194493W001,948105,2005-02-09T00:00:00Z,253.73,253.33,0,128,125.73,128,127.6,NA,Unknown,Water level accuracy is unknown,1,Department of Water Resources,NA,5155,Kaweah Delta Water Conservation District,NA,NA,35767,20S23E11C001M,NA,Unknown,Unknown,5-022.11,Kaweah,Tulare,NA,Unknown,Unknown,NA,1952-10-23 - 2010-10-13,63,other,NA,NA,NA,NA,2005,18030012,Wet,Wet,2004-10-01T00:00:00Z,2005-10-01T00:00:00Z,-119.449,36.2069
362069N1194493W001,948102,2003-01-27T00:00:00Z,253.73,253.33,0,119,134.73,119,118.6,NA,Unknown,Water level accuracy is unknown,1,Department of Water Resources,NA,5155,Kaweah Delta Water Conservation District,NA,NA,35767,20S23E11C001M,NA,Unknown,Unknown,5-022.11,Kaweah,Tulare,NA,Unknown,Unknown,NA,1952-10-23 - 2010-10-13,63,other,NA,NA,NA,NA,2003,18030012,Dry,Dry,2002-10-01T00:00:00Z,2003-10-01T00:00:00Z,-119.449,36.2069
362069N1194493W001,948104,2002-09-25T00:00:00Z,253.73,253.33,0,146,107.73,146,145.6,NA,Unknown,Water level accuracy is unknown,1,Department of Water Resources,NA,624,Bureau of Reclamation,NA,NA,35767,20S23E11C001M,NA,Unknown,Unknown,5-022.11,Kaweah,Tulare,NA,Unknown,Unknown,NA,1952-10-23 - 2010-10-13,63,fall,51.6,172,NA,NA,2002,18030012,Critical,Critical,2001-10-01T00:00:00Z,2002-10-01T00:00:00Z,-119.449,36.2069
362069N1194493W001,948103,2002-01-24T00:00:00Z,253.73,253.33,0,85,168.73,85,84.6,NA,Unknown,Water level accuracy is unknown,1,Department of Water Resources,NA,624,Bureau of Reclamation,NA,NA,35767,20S23E11C001M,NA,Unknown,Unknown,5-022.11,Kaweah,Tulare,NA,Unknown,Unknown,NA,1952-10-23 - 2010-10-13,63,other,NA,NA,NA,NA,2002,18030012,Critical,Critical,2001-10-01T00:00:00Z,2002-10-01T00:00:00Z,-119.449,36.2069
362069N1194493W001,948101,2001-02-02T00:00:00Z,253.73,253.33,0,69,184.73,69,68.6,NA,Unknown,Water level accuracy is unknown,1,Department of Water Resources,NA,5155,Kaweah Delta Water Conservation District,NA,NA,35767,20S23E11C001M,NA,Unknown,Unknown,5-022.11,Kaweah,Tulare,NA,Unknown,Unknown,NA,1952-10-23 - 2010-10-13,63,other,NA,NA,NA,NA,2001,18030012,Below Normal,Below Normal,2000-10-01T00:00:00Z,2001-10-01T00:00:00Z,-119.449,36.2069
362069N1194493W001,948100,1999-10-16T00:00:00Z,253.73,253.33,NA,NA,NA,NA,NA,Well has been destroyed,NA,NA,1,Department of Water Resources,NA,5155,Kaweah Delta Water Conservation District,NA,NA,35767,20S23E11C001M,NA,Unknown,Unknown,5-022.11,Kaweah,Tulare,NA,Unknown,Unknown,NA,1952-10-23 - 2010-10-13,63,fall,51.6,172,NA,NA,2000,18030012,Below Normal,Below Normal,1999-10-01T00:00:00Z,2000-10-01T00:00:00Z,-119.449,36.2069
362069N1194493W001,948099,1999-02-05T00:00:00Z,253.73,253.33,NA,NA,NA,NA,NA,Well has been destroyed,NA,NA,1,Department of Water Resources,NA,5155,Kaweah Delta Water Conservation District,NA,NA,35767,20S23E11C001M,NA,Unknown,Unknown,5-022.11,Kaweah,Tulare,NA,Unknown,Unknown,NA,1952-10-23 - 2010-10-13,63,other,NA,NA,NA,NA,1999,18030012,Wet,Wet,1998-10-01T00:00:00Z,1999-10-01T00:00:00Z,-119.449,36.2069
362069N1194493W001,948098,1998-10-15T00:00:00Z,253.73,253.33,NA,NA,NA,NA,NA,Well has been destroyed,NA,NA,1,Department of Water Resources,NA,5155,Kaweah Delta Water Conservation District,NA,NA,35767,20S23E11C001M,NA,Unknown,Unknown,5-022.11,Kaweah,Tulare,NA,Unknown,Unknown,NA,1952-10-23 - 2010-10-13,63,fall,51.6,172,NA,NA,1999,18030012,Wet,Wet,1998-10-01T00:00:00Z,1999-10-01T00:00:00Z,-119.449,36.2069
362069N1194493W001,948097,1998-01-26T00:00:00Z,253.73,253.33,NA,NA,NA,NA,NA,Well has been destroyed,NA,NA,1,Department of Water Resources,NA,5155,Kaweah Delta Water Conservation District,NA,NA,35767,20S23E11C001M,NA,Unknown,Unknown,5-022.11,Kaweah,Tulare,NA,Unknown,Unknown,NA,1952-10-23 - 2010-10-13,63,other,NA,NA,NA,NA,1998,18030012,Wet,Wet,1997-10-01T00:00:00Z,1998-10-01T00:00:00Z,-119.449,36.2069
362069N1194493W001,948096,1997-10-07T00:00:00Z,253.73,253.33,NA,NA,NA,NA,NA,Well has been destroyed,NA,NA,1,Department of Water Resources,NA,5155,Kaweah Delta Water Conservation District,NA,NA,35767,20S23E11C001M,NA,Unknown,Unknown,5-022.11,Kaweah,Tulare,NA,Unknown,Unknown,NA,1952-10-23 - 2010-10-13,63,fall,51.6,172,NA,NA,1998,18030012,Wet,Wet,1997-10-01T00:00:00Z,1998-10-01T00:00:00Z,-119.449,36.2069
362069N1194493W001,948095,1995-10-04T00:00:00Z,253.73,253.33,NA,NA,NA,NA,NA,Well has been destroyed,NA,NA,1,Department of Water Resources,NA,5155,Kaweah Delta Water Conservation District,NA,NA,35767,20S23E11C001M,NA,Unknown,Unknown,5-022.11,Kaweah,Tulare,NA,Unknown,Unknown,NA,1952-10-23 - 2010-10-13,63,fall,51.6,172,NA,NA,1996,18030012,Wet,Wet,1995-10-01T00:00:00Z,1996-10-01T00:00:00Z,-119.449,36.2069
362069N1194493W001,948094,1995-02-08T00:00:00Z,253.73,253.33,NA,NA,NA,NA,NA,Temporarily inaccessible,NA,NA,1,Department of Water Resources,NA,5155,Kaweah Delta Water Conservation District,NA,NA,35767,20S23E11C001M,NA,Unknown,Unknown,5-022.11,Kaweah,Tulare,NA,Unknown,Unknown,NA,1952-10-23 - 2010-10-13,63,other,NA,NA,NA,NA,1995,18030012,Wet,Wet,1994-10-01T00:00:00Z,1995-10-01T00:00:00Z,-119.449,36.2069
362069N1194493W001,948093,1994-10-10T00:00:00Z,253.73,253.33,0,172.4,81.33,172.4,172,NA,Unknown,Water level accuracy is unknown,1,Department of Water Resources,NA,5155,Kaweah Delta Water Conservation District,NA,NA,35767,20S23E11C001M,NA,Unknown,Unknown,5-022.11,Kaweah,Tulare,NA,Unknown,Unknown,NA,1952-10-23 - 2010-10-13,63,fall,51.6,172,NA,NA,1995,18030012,Wet,Wet,1994-10-01T00:00:00Z,1995-10-01T00:00:00Z,-119.449,36.2069
362069N1194493W001,948092,1994-02-12T00:00:00Z,253.73,253.33,NA,NA,NA,NA,NA,Unable to locate well,NA,NA,1,Department of Water Resources,NA,5155,Kaweah Delta Water Conservation District,NA,NA,35767,20S23E11C001M,NA,Unknown,Unknown,5-022.11,Kaweah,Tulare,NA,Unknown,Unknown,NA,1952-10-23 - 2010-10-13,63,other,NA,NA,NA,NA,1994,18030012,Above Normal,Above Normal,1993-10-01T00:00:00Z,1994-10-01T00:00:00Z,-119.449,36.2069
362069N1194493W001,948091,1993-10-15T00:00:00Z,253.73,253.33,NA,NA,NA,NA,NA,Unable to locate well,NA,NA,1,Department of Water Resources,NA,5155,Kaweah Delta Water Conservation District,NA,NA,35767,20S23E11C001M,NA,Unknown,Unknown,5-022.11,Kaweah,Tulare,NA,Unknown,Unknown,NA,1952-10-23 - 2010-10-13,63,fall,51.6,172,NA,NA,1994,18030012,Above Normal,Above Normal,1993-10-01T00:00:00Z,1994-10-01T00:00:00Z,-119.449,36.2069
362069N1194493W001,948090,1993-02-10T00:00:00Z,253.73,253.33,0,25,228.73,25,24.6,NA,Unknown,Water level accuracy is unknown,1,Department of Water Resources,NA,5155,Kaweah Delta Water Conservation District,NA,NA,35767,20S23E11C001M,NA,Unknown,Unknown,5-022.11,Kaweah,Tulare,NA,Unknown,Unknown,NA,1952-10-23 - 2010-10-13,63,other,NA,NA,NA,NA,1993,18030012,Wet,Wet,1992-10-01T00:00:00Z,1993-10-01T00:00:00Z,-119.449,36.2069
362069N1194493W001,948089,1992-10-28T00:00:00Z,253.73,253.33,0,140,113.73,140,139.6,NA,Unknown,Water level accuracy is unknown,1,Department of Water Resources,NA,5155,Kaweah Delta Water Conservation District,NA,NA,35767,20S23E11C001M,NA,Unknown,Unknown,5-022.11,Kaweah,Tulare,NA,Unknown,Unknown,NA,1952-10-23 - 2010-10-13,63,fall,51.6,172,NA,NA,1993,18030012,Wet,Wet,1992-10-01T00:00:00Z,1993-10-01T00:00:00Z,-119.449,36.2069
362069N1194493W001,948088,1992-01-24T00:00:00Z,253.73,253.33,0,120,133.73,120,119.6,NA,Unknown,Water level accuracy is unknown,1,Department of Water Resources,NA,5155,Kaweah Delta Water Conservation District,NA,NA,35767,20S23E11C001M,NA,Unknown,Unknown,5-022.11,Kaweah,Tulare,NA,Unknown,Unknown,NA,1952-10-23 - 2010-10-13,63,other,NA,NA,NA,NA,1992,18030012,Above Normal,Above Normal,1991-10-01T00:00:00Z,1992-10-01T00:00:00Z,-119.449,36.2069
362069N1194493W001,948087,1991-10-10T00:00:00Z,253.73,253.33,0,132,121.73,132,131.6,NA,Unknown,Water level accuracy is unknown,1,Department of Water Resources,NA,5155,Kaweah Delta Water Conservation District,NA,NA,35767,20S23E11C001M,NA,Unknown,Unknown,5-022.11,Kaweah,Tulare,NA,Unknown,Unknown,NA,1952-10-23 - 2010-10-13,63,fall,51.6,172,NA,NA,1992,18030012,Above Normal,Above Normal,1991-10-01T00:00:00Z,1992-10-01T00:00:00Z,-119.449,36.2069
362069N1194493W001,948086,1991-02-05T00:00:00Z,253.73,253.33,0,118,135.73,118,117.6,NA,Unknown,Water level accuracy is unknown,1,Department of Water Resources,NA,5155,Kaweah Delta Water Conservation District,NA,NA,35767,20S23E11C001M,NA,Unknown,Unknown,5-022.11,Kaweah,Tulare,NA,Unknown,Unknown,NA,1952-10-23 - 2010-10-13,63,other,NA,NA,NA,NA,1991,18030012,Dry,Dry,1990-10-01T00:00:00Z,1991-10-01T00:00:00Z,-119.449,36.2069
362069N1194493W001,948085,1990-10-06T00:00:00Z,253.73,253.33,0,125,128.73,125,124.6,NA,Unknown,Water level accuracy is unknown,1,Department of Water Resources,NA,5155,Kaweah Delta Water Conservation District,NA,NA,35767,20S23E11C001M,NA,Unknown,Unknown,5-022.11,Kaweah,Tulare,NA,Unknown,Unknown,NA,1952-10-23 - 2010-10-13,63,fall,51.6,172,NA,NA,1991,18030012,Dry,Dry,1990-10-01T00:00:00Z,1991-10-01T00:00:00Z,-119.449,36.2069
362069N1194493W001,948084,1990-01-31T00:00:00Z,253.73,253.33,0,95,158.73,95,94.6,NA,Unknown,Water level accuracy is unknown,1,Department of Water Resources,NA,5155,Kaweah Delta Water Conservation District,NA,NA,35767,20S23E11C001M,NA,Unknown,Unknown,5-022.11,Kaweah,Tulare,NA,Unknown,Unknown,NA,1952-10-23 - 2010-10-13,63,other,NA,NA,NA,NA,1990,18030012,Critical,Critical,1989-10-01T00:00:00Z,1990-10-01T00:00:00Z,-119.449,36.2069
362069N1194493W001,948083,1989-10-03T00:00:00Z,253.73,253.33,0,102,151.73,102,101.6,NA,Unknown,Water level accuracy is unknown,1,Department of Water Resources,NA,5155,Kaweah Delta Water Conservation District,NA,NA,35767,20S23E11C001M,NA,Unknown,Unknown,5-022.11,Kaweah,Tulare,NA,Unknown,Unknown,NA,1952-10-23 - 2010-10-13,63,fall,51.6,172,NA,NA,1990,18030012,Critical,Critical,1989-10-01T00:00:00Z,1990-10-01T00:00:00Z,-119.449,36.2069
362069N1194493W001,948082,1989-01-25T00:00:00Z,253.73,253.33,0,80,173.73,80,79.6,NA,Unknown,Water level accuracy is unknown,1,Department of Water Resources,NA,5155,Kaweah Delta Water Conservation District,NA,NA,35767,20S23E11C001M,NA,Unknown,Unknown,5-022.11,Kaweah,Tulare,NA,Unknown,Unknown,NA,1952-10-23 - 2010-10-13,63,other,NA,NA,NA,NA,1989,18030012,Dry,Dry,1988-10-01T00:00:00Z,1989-10-01T00:00:00Z,-119.449,36.2069
362069N1194493W001,948081,1988-09-28T00:00:00Z,253.73,253.33,0,94,159.73,94,93.6,NA,Unknown,Water level accuracy is unknown,1,Department of Water Resources,NA,5155,Kaweah Delta Water Conservation District,NA,NA,35767,20S23E11C001M,NA,Unknown,Unknown,5-022.11,Kaweah,Tulare,NA,Unknown,Unknown,NA,1952-10-23 - 2010-10-13,63,fall,51.6,172,NA,NA,1988,18030012,Below Normal,Below Normal,1987-10-01T00:00:00Z,1988-10-01T00:00:00Z,-119.449,36.2069
362069N1194493W001,948080,1988-02-01T00:00:00Z,253.73,253.33,0,66,187.73,66,65.6,NA,Unknown,Water level accuracy is unknown,1,Department of Water Resources,NA,5155,Kaweah Delta Water Conservation District,NA,NA,35767,20S23E11C001M,NA,Unknown,Unknown,5-022.11,Kaweah,Tulare,NA,Unknown,Unknown,NA,1952-10-23 - 2010-10-13,63,other,NA,NA,NA,NA,1988,18030012,Below Normal,Below Normal,1987-10-01T00:00:00Z,1988-10-01T00:00:00Z,-119.449,36.2069
362069N1194493W001,948079,1987-09-21T00:00:00Z,253.73,253.33,0,67,186.73,67,66.6,NA,Unknown,Water level accuracy is unknown,1,Department of Water Resources,NA,5155,Kaweah Delta Water Conservation District,NA,NA,35767,20S23E11C001M,NA,Unknown,Unknown,5-022.11,Kaweah,Tulare,NA,Unknown,Unknown,NA,1952-10-23 - 2010-10-13,63,fall,51.6,172,NA,NA,1987,18030012,Below Normal,Below Normal,1986-10-01T00:00:00Z,1987-10-01T00:00:00Z,-119.449,36.2069
362069N1194493W001,948078,1987-01-26T00:00:00Z,253.73,253.33,0,20,233.73,20,19.6,NA,Unknown,Water level accuracy is unknown,1,Department of Water Resources,NA,5155,Kaweah Delta Water Conservation District,NA,NA,35767,20S23E11C001M,NA,Unknown,Unknown,5-022.11,Kaweah,Tulare,NA,Unknown,Unknown,NA,1952-10-23 - 2010-10-13,63,other,NA,NA,NA,NA,1987,18030012,Below Normal,Below Normal,1986-10-01T00:00:00Z,1987-10-01T00:00:00Z,-119.449,36.2069
362069N1194493W001,948077,1986-09-29T00:00:00Z,253.73,253.33,0,78,175.73,78,77.6,NA,Unknown,Water level accuracy is unknown,1,Department of Water Resources,NA,624,Bureau of Reclamation,NA,NA,35767,20S23E11C001M,NA,Unknown,Unknown,5-022.11,Kaweah,Tulare,NA,Unknown,Unknown,NA,1952-10-23 - 2010-10-13,63,fall,51.6,172,NA,NA,1986,18030012,Above Normal,Above Normal,1985-10-01T00:00:00Z,1986-10-01T00:00:00Z,-119.449,36.2069
362069N1194493W001,948076,1986-01-28T00:00:00Z,253.73,253.33,0,57,196.73,57,56.6,NA,Unknown,Water level accuracy is unknown,1,Department of Water Resources,NA,624,Bureau of Reclamation,NA,NA,35767,20S23E11C001M,NA,Unknown,Unknown,5-022.11,Kaweah,Tulare,NA,Unknown,Unknown,NA,1952-10-23 - 2010-10-13,63,other,NA,NA,NA,NA,1986,18030012,Above Normal,Above Normal,1985-10-01T00:00:00Z,1986-10-01T00:00:00Z,-119.449,36.2069
362069N1194493W001,948075,1985-10-01T00:00:00Z,253.73,253.33,0,68,185.73,68,67.6,NA,Unknown,Water level accuracy is unknown,1,Department of Water Resources,NA,624,Bureau of Reclamation,NA,NA,35767,20S23E11C001M,NA,Unknown,Unknown,5-022.11,Kaweah,Tulare,NA,Unknown,Unknown,NA,1952-10-23 - 2010-10-13,63,fall,51.6,172,NA,NA,1986,18030012,Above Normal,Above Normal,1985-10-01T00:00:00Z,1986-10-01T00:00:00Z,-119.449,36.2069
362069N1194493W001,948074,1985-01-30T00:00:00Z,253.73,253.33,0,49,204.73,49,48.6,NA,Unknown,Water level accuracy is unknown,1,Department of Water Resources,NA,624,Bureau of Reclamation,NA,NA,35767,20S23E11C001M,NA,Unknown,Unknown,5-022.11,Kaweah,Tulare,NA,Unknown,Unknown,NA,1952-10-23 - 2010-10-13,63,other,NA,NA,NA,NA,1985,18030012,Dry,Dry,1984-10-01T00:00:00Z,1985-10-01T00:00:00Z,-119.449,36.2069
362069N1194493W001,948073,1984-10-03T00:00:00Z,253.73,253.33,0,52,201.73,52,51.6,NA,Unknown,Water level accuracy is unknown,1,Department of Water Resources,NA,624,Bureau of Reclamation,NA,NA,35767,20S23E11C001M,NA,Unknown,Unknown,5-022.11,Kaweah,Tulare,NA,Unknown,Unknown,NA,1952-10-23 - 2010-10-13,63,fall,51.6,172,NA,NA,1985,18030012,Dry,Dry,1984-10-01T00:00:00Z,1985-10-01T00:00:00Z,-119.449,36.2069
362069N1194493W001,948072,1984-02-01T00:00:00Z,253.73,253.33,0,48,205.73,48,47.6,NA,Unknown,Water level accuracy is unknown,1,Department of Water Resources,NA,624,Bureau of Reclamation,NA,NA,35767,20S23E11C001M,NA,Unknown,Unknown,5-022.11,Kaweah,Tulare,NA,Unknown,Unknown,NA,1952-10-23 - 2010-10-13,63,other,NA,NA,NA,NA,1984,18030012,Above Normal,Above Normal,1983-10-01T00:00:00Z,1984-10-01T00:00:00Z,-119.449,36.2069
362069N1194493W001,948071,1983-02-10T00:00:00Z,253.73,253.33,0,52,201.73,52,51.6,NA,Unknown,Water level accuracy is unknown,1,Department of Water Resources,NA,5155,Kaweah Delta Water Conservation District,NA,NA,35767,20S23E11C001M,NA,Unknown,Unknown,5-022.11,Kaweah,Tulare,NA,Unknown,Unknown,NA,1952-10-23 - 2010-10-13,63,other,NA,NA,NA,NA,1983,18030012,Wet,Wet,1982-10-01T00:00:00Z,1983-10-01T00:00:00Z,-119.449,36.2069
362069N1194493W001,948070,1982-09-28T00:00:00Z,253.73,253.33,0,81,172.73,81,80.6,NA,Unknown,Water level accuracy is unknown,1,Department of Water Resources,NA,5155,Kaweah Delta Water Conservation District,NA,NA,35767,20S23E11C001M,NA,Unknown,Unknown,5-022.11,Kaweah,Tulare,NA,Unknown,Unknown,NA,1952-10-23 - 2010-10-13,63,fall,51.6,172,NA,NA,1982,18030012,Wet,Wet,1981-10-01T00:00:00Z,1982-10-01T00:00:00Z,-119.449,36.2069
362069N1194493W001,948069,1982-01-26T00:00:00Z,253.73,253.33,0,85,168.73,85,84.6,NA,Unknown,Water level accuracy is unknown,1,Department of Water Resources,NA,624,Bureau of Reclamation,NA,NA,35767,20S23E11C001M,NA,Unknown,Unknown,5-022.11,Kaweah,Tulare,NA,Unknown,Unknown,NA,1952-10-23 - 2010-10-13,63,other,NA,NA,NA,NA,1982,18030012,Wet,Wet,1981-10-01T00:00:00Z,1982-10-01T00:00:00Z,-119.449,36.2069
362069N1194493W001,948068,1981-09-22T00:00:00Z,253.73,253.33,0,99,154.73,99,98.6,NA,Unknown,Water level accuracy is unknown,1,Department of Water Resources,NA,624,Bureau of Reclamation,NA,NA,35767,20S23E11C001M,NA,Unknown,Unknown,5-022.11,Kaweah,Tulare,NA,Unknown,Unknown,NA,1952-10-23 - 2010-10-13,63,fall,51.6,172,NA,NA,1981,18030012,Below Normal,Below Normal,1980-10-01T00:00:00Z,1981-10-01T00:00:00Z,-119.449,36.2069
362069N1194493W001,948067,1981-02-02T00:00:00Z,253.73,253.33,0,75,178.73,75,74.6,NA,Unknown,Water level accuracy is unknown,1,Department of Water Resources,NA,5155,Kaweah Delta Water Conservation District,NA,NA,35767,20S23E11C001M,NA,Unknown,Unknown,5-022.11,Kaweah,Tulare,NA,Unknown,Unknown,NA,1952-10-23 - 2010-10-13,63,other,NA,NA,NA,NA,1981,18030012,Below Normal,Below Normal,1980-10-01T00:00:00Z,1981-10-01T00:00:00Z,-119.449,36.2069
362069N1194493W001,948066,1980-09-23T00:00:00Z,253.73,253.33,0,99,154.73,99,98.6,NA,Unknown,Water level accuracy is unknown,1,Department of Water Resources,NA,5155,Kaweah Delta Water Conservation District,NA,NA,35767,20S23E11C001M,NA,Unknown,Unknown,5-022.11,Kaweah,Tulare,NA,Unknown,Unknown,NA,1952-10-23 - 2010-10-13,63,fall,51.6,172,NA,NA,1980,18030012,Wet,Wet,1979-10-01T00:00:00Z,1980-10-01T00:00:00Z,-119.449,36.2069
362069N1194493W001,948065,1980-01-23T00:00:00Z,253.73,253.33,0,92,161.73,92,91.6,NA,Unknown,Water level accuracy is unknown,1,Department of Water Resources,NA,5155,Kaweah Delta Water Conservation District,NA,NA,35767,20S23E11C001M,NA,Unknown,Unknown,5-022.11,Kaweah,Tulare,NA,Unknown,Unknown,NA,1952-10-23 - 2010-10-13,63,other,NA,NA,NA,NA,1980,18030012,Wet,Wet,1979-10-01T00:00:00Z,1980-10-01T00:00:00Z,-119.449,36.2069
362069N1194493W001,948064,1979-09-26T00:00:00Z,253.73,253.33,0,103,150.73,103,102.6,NA,Unknown,Water level accuracy is unknown,1,Department of Water Resources,NA,5155,Kaweah Delta Water Conservation District,NA,NA,35767,20S23E11C001M,NA,Unknown,Unknown,5-022.11,Kaweah,Tulare,NA,Unknown,Unknown,NA,1952-10-23 - 2010-10-13,63,fall,51.6,172,NA,NA,1979,18030012,Wet,Wet,1978-10-01T00:00:00Z,1979-10-01T00:00:00Z,-119.449,36.2069
362069N1194493W001,948063,1979-01-19T00:00:00Z,253.73,253.33,0,97,156.73,97,96.6,NA,Unknown,Water level accuracy is unknown,1,Department of Water Resources,NA,5155,Kaweah Delta Water Conservation District,NA,NA,35767,20S23E11C001M,NA,Unknown,Unknown,5-022.11,Kaweah,Tulare,NA,Unknown,Unknown,NA,1952-10-23 - 2010-10-13,63,other,NA,NA,NA,NA,1979,18030012,Wet,Wet,1978-10-01T00:00:00Z,1979-10-01T00:00:00Z,-119.449,36.2069
362069N1194493W001,948062,1978-10-20T00:00:00Z,253.73,253.33,0,135,118.73,135,134.6,NA,Unknown,Water level accuracy is unknown,1,Department of Water Resources,NA,5155,Kaweah Delta Water Conservation District,NA,NA,35767,20S23E11C001M,NA,Unknown,Unknown,5-022.11,Kaweah,Tulare,NA,Unknown,Unknown,NA,1952-10-23 - 2010-10-13,63,fall,51.6,172,NA,NA,1979,18030012,Wet,Wet,1978-10-01T00:00:00Z,1979-10-01T00:00:00Z,-119.449,36.2069
362069N1194493W001,948061,1978-01-31T00:00:00Z,253.73,253.33,0,114,139.73,114,113.6,NA,Unknown,Water level accuracy is unknown,1,Department of Water Resources,NA,5155,Kaweah Delta Water Conservation District,NA,NA,35767,20S23E11C001M,NA,Unknown,Unknown,5-022.11,Kaweah,Tulare,NA,Unknown,Unknown,NA,1952-10-23 - 2010-10-13,63,other,NA,NA,NA,NA,1978,18030012,Wet,Wet,1977-10-01T00:00:00Z,1978-10-01T00:00:00Z,-119.449,36.2069
362069N1194493W001,948060,1977-10-14T00:00:00Z,253.73,253.33,0,131,122.73,131,130.6,NA,Unknown,Water level accuracy is unknown,1,Department of Water Resources,NA,5155,Kaweah Delta Water Conservation District,NA,NA,35767,20S23E11C001M,NA,Unknown,Unknown,5-022.11,Kaweah,Tulare,NA,Unknown,Unknown,NA,1952-10-23 - 2010-10-13,63,fall,51.6,172,NA,NA,1978,18030012,Wet,Wet,1977-10-01T00:00:00Z,1978-10-01T00:00:00Z,-119.449,36.2069
362069N1194493W001,948059,1977-01-26T00:00:00Z,253.73,253.33,0,111,142.73,111,110.6,NA,Unknown,Water level accuracy is unknown,1,Department of Water Resources,NA,5155,Kaweah Delta Water Conservation District,NA,NA,35767,20S23E11C001M,NA,Unknown,Unknown,5-022.11,Kaweah,Tulare,NA,Unknown,Unknown,NA,1952-10-23 - 2010-10-13,63,other,NA,NA,NA,NA,1977,18030012,Dry,Dry,1976-10-01T00:00:00Z,1977-10-01T00:00:00Z,-119.449,36.2069
362069N1194493W001,948058,1976-10-13T00:00:00Z,253.73,253.33,0,116,137.73,116,115.6,NA,Unknown,Water level accuracy is unknown,1,Department of Water Resources,NA,5155,Kaweah Delta Water Conservation District,NA,NA,35767,20S23E11C001M,NA,Unknown,Unknown,5-022.11,Kaweah,Tulare,NA,Unknown,Unknown,NA,1952-10-23 - 2010-10-13,63,fall,51.6,172,NA,NA,1977,18030012,Dry,Dry,1976-10-01T00:00:00Z,1977-10-01T00:00:00Z,-119.449,36.2069
362069N1194493W001,948057,1976-01-28T00:00:00Z,253.73,253.33,0,94,159.73,94,93.6,Nearby pump operating,Unknown,Water level accuracy is unknown,1,Department of Water Resources,NA,5155,Kaweah Delta Water Conservation District,NA,NA,35767,20S23E11C001M,NA,Unknown,Unknown,5-022.11,Kaweah,Tulare,NA,Unknown,Unknown,NA,1952-10-23 - 2010-10-13,63,other,NA,NA,NA,NA,1976,18030012,Above Normal,Above Normal,1975-10-01T00:00:00Z,1976-10-01T00:00:00Z,-119.449,36.2069
362069N1194493W001,948056,1975-10-08T00:00:00Z,253.73,253.33,0,115,138.73,115,114.6,NA,Unknown,Water level accuracy is unknown,1,Department of Water Resources,NA,5155,Kaweah Delta Water Conservation District,NA,NA,35767,20S23E11C001M,NA,Unknown,Unknown,5-022.11,Kaweah,Tulare,NA,Unknown,Unknown,NA,1952-10-23 - 2010-10-13,63,fall,51.6,172,NA,NA,1976,18030012,Above Normal,Above Normal,1975-10-01T00:00:00Z,1976-10-01T00:00:00Z,-119.449,36.2069
362069N1194493W001,948055,1974-10-13T00:00:00Z,253.73,253.33,0,93,160.73,93,92.6,NA,Unknown,Water level accuracy is unknown,1,Department of Water Resources,NA,5155,Kaweah Delta Water Conservation District,NA,NA,35767,20S23E11C001M,NA,Unknown,Unknown,5-022.11,Kaweah,Tulare,NA,Unknown,Unknown,NA,1952-10-23 - 2010-10-13,63,fall,51.6,172,NA,NA,1975,18030012,Above Normal,Above Normal,1974-10-01T00:00:00Z,1975-10-01T00:00:00Z,-119.449,36.2069
362069N1194493W001,948054,1974-02-11T00:00:00Z,253.73,253.33,0,80,173.73,80,79.6,NA,Unknown,Water level accuracy is unknown,1,Department of Water Resources,NA,5155,Kaweah Delta Water Conservation District,NA,NA,35767,20S23E11C001M,NA,Unknown,Unknown,5-022.11,Kaweah,Tulare,NA,Unknown,Unknown,NA,1952-10-23 - 2010-10-13,63,other,NA,NA,NA,NA,1974,18030012,Wet,Wet,1973-10-01T00:00:00Z,1974-10-01T00:00:00Z,-119.449,36.2069
362069N1194493W001,948053,1973-10-10T00:00:00Z,253.73,253.33,0,95.5,158.23,95.5,95.1,NA,Unknown,Water level accuracy is unknown,1,Department of Water Resources,NA,5155,Kaweah Delta Water Conservation District,NA,NA,35767,20S23E11C001M,NA,Unknown,Unknown,5-022.11,Kaweah,Tulare,NA,Unknown,Unknown,NA,1952-10-23 - 2010-10-13,63,fall,51.6,172,NA,NA,1974,18030012,Wet,Wet,1973-10-01T00:00:00Z,1974-10-01T00:00:00Z,-119.449,36.2069
362069N1194493W001,948052,1973-02-07T00:00:00Z,253.73,253.33,0,94,159.73,94,93.6,NA,Unknown,Water level accuracy is unknown,1,Department of Water Resources,NA,5155,Kaweah Delta Water Conservation District,NA,NA,35767,20S23E11C001M,NA,Unknown,Unknown,5-022.11,Kaweah,Tulare,NA,Unknown,Unknown,NA,1952-10-23 - 2010-10-13,63,other,NA,NA,NA,NA,1973,18030012,Wet,Wet,1972-10-01T00:00:00Z,1973-10-01T00:00:00Z,-119.449,36.2069
362069N1194493W001,948051,1972-10-02T00:00:00Z,253.73,253.33,0,114.6,139.13,114.6,114.2,NA,Unknown,Water level accuracy is unknown,1,Department of Water Resources,NA,5155,Kaweah Delta Water Conservation District,NA,NA,35767,20S23E11C001M,NA,Unknown,Unknown,5-022.11,Kaweah,Tulare,NA,Unknown,Unknown,NA,1952-10-23 - 2010-10-13,63,fall,51.6,172,NA,NA,1973,18030012,Wet,Wet,1972-10-01T00:00:00Z,1973-10-01T00:00:00Z,-119.449,36.2069
362069N1194493W001,948050,1972-02-04T00:00:00Z,253.73,253.33,0,99,154.73,99,98.6,NA,Unknown,Water level accuracy is unknown,1,Department of Water Resources,NA,5155,Kaweah Delta Water Conservation District,NA,NA,35767,20S23E11C001M,NA,Unknown,Unknown,5-022.11,Kaweah,Tulare,NA,Unknown,Unknown,NA,1952-10-23 - 2010-10-13,63,other,NA,NA,NA,NA,1972,18030012,Critical,Critical,1971-10-01T00:00:00Z,1972-10-01T00:00:00Z,-119.449,36.2069
362069N1194493W001,948049,1970-01-12T00:00:00Z,253.73,253.33,0,74.4,179.33,74.4,74,NA,Unknown,Water level accuracy is unknown,1,Department of Water Resources,NA,5155,Kaweah Delta Water Conservation District,NA,NA,35767,20S23E11C001M,NA,Unknown,Unknown,5-022.11,Kaweah,Tulare,NA,Unknown,Unknown,NA,1952-10-23 - 2010-10-13,63,other,NA,NA,NA,NA,1970,18030012,Wet,Wet,1969-10-01T00:00:00Z,1970-10-01T00:00:00Z,-119.449,36.2069
362069N1194493W001,948048,1962-01-30T00:00:00Z,253.73,253.33,0,101.2,152.53,101.2,100.8,NA,Unknown,Water level accuracy is unknown,1,Department of Water Resources,NA,5155,Kaweah Delta Water Conservation District,NA,NA,35767,20S23E11C001M,NA,Unknown,Unknown,5-022.11,Kaweah,Tulare,NA,Unknown,Unknown,NA,1952-10-23 - 2010-10-13,63,other,NA,NA,NA,NA,1962,18030012,Above Normal,Above Normal,1961-10-01T00:00:00Z,1962-10-01T00:00:00Z,-119.449,36.2069
362069N1194493W001,948047,1961-04-12T00:00:00Z,253.73,253.33,0,107,146.73,107,106.6,NA,Unknown,Water level accuracy is unknown,1,Department of Water Resources,NA,5155,Kaweah Delta Water Conservation District,NA,NA,35767,20S23E11C001M,NA,Unknown,Unknown,5-022.11,Kaweah,Tulare,NA,Unknown,Unknown,NA,1952-10-23 - 2010-10-13,63,spring,NA,NA,106.6,106.6,1961,18030012,Critical,Critical,1960-10-01T00:00:00Z,1961-10-01T00:00:00Z,-119.449,36.2069
362069N1194493W001,948046,1952-10-23T00:00:00Z,253.73,253.33,0,85,168.73,85,84.6,NA,Unknown,Water level accuracy is unknown,1,Department of Water Resources,NA,5155,Kaweah Delta Water Conservation District,NA,NA,35767,20S23E11C001M,NA,Unknown,Unknown,5-022.11,Kaweah,Tulare,NA,Unknown,Unknown,NA,1952-10-23 - 2010-10-13,63,fall,51.6,172,NA,NA,1953,18030012,Above Normal,Above Normal,1952-10-01T00:00:00Z,1953-10-01T00:00:00Z,-119.449,36.2069
