SITE_CODE,WLM_ID,MSMT_DATE,WLM_RPE,WLM_GSE,RDNG_WS,RDNG_RP,WSE,RPE_WSE,GSE_WSE,WLM_QA_DESC,WLM_DESC,WLM_ACC_DESC,WLM_ORG_ID,WLM_ORG_NAME,MSMT_CMT,COOP_AGENCY_ORG_ID,COOP_ORG_NAME,TOP_PRF,BOT_PRF,STN_ID,SWN,WELL_NAME,WLM_METHOD,WLM_ACC,BASIN_CODE,BASIN_NAME,COUNTY_NAME,WELL_DEPTH,WELL_USE,WELL_TYPE,WCR_NO,t_range,n_samples,season,fall_high,fall_low,spring_high,spring_low,water_year,HUC8,WYT,water_year_type,water_year_start,water_year_end,X,Y
362072N1195016W002,947578,1975-10-01T00:00:00Z,243.25,243.75,NA,NA,NA,NA,NA,Well has been destroyed,NA,NA,1,Department of Water Resources,NA,5030,Tulare Irrigation District,NA,NA,17254,20S23E08B002M,NA,Unknown,Unknown,5-022.11,Kaweah,Tulare,NA,Unknown,Unknown,NA,1961-02-10 - 1975-10-01,110,fall,82.5,129.9,NA,NA,1976,18030012,Above Normal,Above Normal,1975-10-01T00:00:00Z,1976-10-01T00:00:00Z,-119.502,36.2072
362072N1195016W002,947577,1975-02-11T00:00:00Z,243.25,243.75,0,76,167.25,76,76.5,NA,Unknown,Water level accuracy is unknown,1,Department of Water Resources,NA,5030,Tulare Irrigation District,NA,NA,17254,20S23E08B002M,NA,Unknown,Unknown,5-022.11,Kaweah,Tulare,NA,Unknown,Unknown,NA,1961-02-10 - 1975-10-01,110,other,NA,NA,NA,NA,1975,18030012,Above Normal,Above Normal,1974-10-01T00:00:00Z,1975-10-01T00:00:00Z,-119.502,36.2072
362072N1195016W002,947576,1974-10-04T00:00:00Z,243.25,243.75,0,82,161.25,82,82.5,NA,Unknown,Water level accuracy is unknown,1,Department of Water Resources,NA,5155,Kaweah Delta Water Conservation District,NA,NA,17254,20S23E08B002M,NA,Unknown,Unknown,5-022.11,Kaweah,Tulare,NA,Unknown,Unknown,NA,1961-02-10 - 1975-10-01,110,fall,82.5,129.9,NA,NA,1975,18030012,Above Normal,Above Normal,1974-10-01T00:00:00Z,1975-10-01T00:00:00Z,-119.502,36.2072
362072N1195016W002,947575,1974-09-24T00:00:00Z,243.25,243.75,NA,NA,NA,NA,NA,Unable to locate well,NA,NA,1,Department of Water Resources,NA,1083,KINGS COUNTY WATER DISTRICT,NA,NA,17254,20S23E08B002M,NA,Unknown,Unknown,5-022.11,Kaweah,Tulare,NA,Unknown,Unknown,NA,1961-02-10 - 1975-10-01,110,fall,82.5,129.9,NA,NA,1974,18030012,Wet,Wet,1973-10-01T00:00:00Z,1974-10-01T00:00:00Z,-119.502,36.2072
362072N1195016W002,947574,1974-01-24T00:00:00Z,243.25,243.75,NA,NA,NA,NA,NA,Unable to locate well,NA,NA,1,Department of Water Resources,NA,5030,Tulare Irrigation District,NA,NA,17254,20S23E08B002M,NA,Unknown,Unknown,5-022.11,Kaweah,Tulare,NA,Unknown,Unknown,NA,1961-02-10 - 1975-10-01,110,other,NA,NA,NA,NA,1974,18030012,Wet,Wet,1973-10-01T00:00:00Z,1974-10-01T00:00:00Z,-119.502,36.2072
362072N1195016W002,947573,1973-10-02T00:00:00Z,243.25,243.75,NA,NA,NA,NA,NA,Unable to locate well,NA,NA,1,Department of Water Resources,NA,5030,Tulare Irrigation District,NA,NA,17254,20S23E08B002M,NA,Unknown,Unknown,5-022.11,Kaweah,Tulare,NA,Unknown,Unknown,NA,1961-02-10 - 1975-10-01,110,fall,82.5,129.9,NA,NA,1974,18030012,Wet,Wet,1973-10-01T00:00:00Z,1974-10-01T00:00:00Z,-119.502,36.2072
362072N1195016W002,947572,1973-02-20T00:00:00Z,243.25,243.75,NA,NA,NA,NA,NA,Special/Other,NA,NA,1,Department of Water Resources,NA,1083,KINGS COUNTY WATER DISTRICT,NA,NA,17254,20S23E08B002M,NA,Unknown,Unknown,5-022.11,Kaweah,Tulare,NA,Unknown,Unknown,NA,1961-02-10 - 1975-10-01,110,other,NA,NA,NA,NA,1973,18030012,Wet,Wet,1972-10-01T00:00:00Z,1973-10-01T00:00:00Z,-119.502,36.2072
362072N1195016W002,947571,1973-02-14T00:00:00Z,243.25,243.75,NA,NA,NA,NA,NA,Temporarily inaccessible,NA,NA,1,Department of Water Resources,NA,5030,Tulare Irrigation District,NA,NA,17254,20S23E08B002M,NA,Unknown,Unknown,5-022.11,Kaweah,Tulare,NA,Unknown,Unknown,NA,1961-02-10 - 1975-10-01,110,other,NA,NA,NA,NA,1973,18030012,Wet,Wet,1972-10-01T00:00:00Z,1973-10-01T00:00:00Z,-119.502,36.2072
362072N1195016W002,947570,1972-10-11T00:00:00Z,243.25,243.75,0,126,117.25,126,126.5,NA,Unknown,Water level accuracy is unknown,1,Department of Water Resources,NA,5030,Tulare Irrigation District,NA,NA,17254,20S23E08B002M,NA,Unknown,Unknown,5-022.11,Kaweah,Tulare,NA,Unknown,Unknown,NA,1961-02-10 - 1975-10-01,110,fall,82.5,129.9,NA,NA,1973,18030012,Wet,Wet,1972-10-01T00:00:00Z,1973-10-01T00:00:00Z,-119.502,36.2072
362072N1195016W002,947569,1972-10-10T00:00:00Z,243.25,243.75,0,103.3,139.95,103.3,103.8,NA,Unknown,Water level accuracy is unknown,1,Department of Water Resources,NA,1083,KINGS COUNTY WATER DISTRICT,NA,NA,17254,20S23E08B002M,NA,Unknown,Unknown,5-022.11,Kaweah,Tulare,NA,Unknown,Unknown,NA,1961-02-10 - 1975-10-01,110,fall,82.5,129.9,NA,NA,1973,18030012,Wet,Wet,1972-10-01T00:00:00Z,1973-10-01T00:00:00Z,-119.502,36.2072
362072N1195016W002,947568,1972-02-23T00:00:00Z,243.25,243.75,0,92.1,151.15,92.1,92.6,NA,Unknown,Water level accuracy is unknown,1,Department of Water Resources,NA,5030,Tulare Irrigation District,NA,NA,17254,20S23E08B002M,NA,Unknown,Unknown,5-022.11,Kaweah,Tulare,NA,Unknown,Unknown,NA,1961-02-10 - 1975-10-01,110,other,NA,NA,NA,NA,1972,18030012,Critical,Critical,1971-10-01T00:00:00Z,1972-10-01T00:00:00Z,-119.502,36.2072
362072N1195016W002,947567,1972-01-24T00:00:00Z,243.25,243.75,0,84.1,159.15,84.1,84.6,NA,Unknown,Water level accuracy is unknown,1,Department of Water Resources,NA,1083,KINGS COUNTY WATER DISTRICT,NA,NA,17254,20S23E08B002M,NA,Unknown,Unknown,5-022.11,Kaweah,Tulare,NA,Unknown,Unknown,NA,1961-02-10 - 1975-10-01,110,other,NA,NA,NA,NA,1972,18030012,Critical,Critical,1971-10-01T00:00:00Z,1972-10-01T00:00:00Z,-119.502,36.2072
362072N1195016W002,947566,1971-10-13T00:00:00Z,243.25,243.75,0,103.5,139.75,103.5,104,NA,Unknown,Water level accuracy is unknown,1,Department of Water Resources,NA,5030,Tulare Irrigation District,NA,NA,17254,20S23E08B002M,NA,Unknown,Unknown,5-022.11,Kaweah,Tulare,NA,Unknown,Unknown,NA,1961-02-10 - 1975-10-01,110,fall,82.5,129.9,NA,NA,1972,18030012,Critical,Critical,1971-10-01T00:00:00Z,1972-10-01T00:00:00Z,-119.502,36.2072
362072N1195016W002,947565,1971-09-20T00:00:00Z,243.25,243.75,0,88.6,154.65,88.6,89.1,NA,Unknown,Water level accuracy is unknown,1,Department of Water Resources,NA,1083,KINGS COUNTY WATER DISTRICT,NA,NA,17254,20S23E08B002M,NA,Unknown,Unknown,5-022.11,Kaweah,Tulare,NA,Unknown,Unknown,NA,1961-02-10 - 1975-10-01,110,fall,82.5,129.9,NA,NA,1971,18030012,Dry,Dry,1970-10-01T00:00:00Z,1971-10-01T00:00:00Z,-119.502,36.2072
362072N1195016W002,947564,1971-02-19T00:00:00Z,243.25,243.75,0,77.8,165.45,77.8,78.3,NA,Unknown,Water level accuracy is unknown,1,Department of Water Resources,NA,1083,KINGS COUNTY WATER DISTRICT,NA,NA,17254,20S23E08B002M,NA,Unknown,Unknown,5-022.11,Kaweah,Tulare,NA,Unknown,Unknown,NA,1961-02-10 - 1975-10-01,110,other,NA,NA,NA,NA,1971,18030012,Dry,Dry,1970-10-01T00:00:00Z,1971-10-01T00:00:00Z,-119.502,36.2072
362072N1195016W002,947563,1971-02-17T00:00:00Z,243.25,243.75,0,78,165.25,78,78.5,NA,Unknown,Water level accuracy is unknown,1,Department of Water Resources,NA,5030,Tulare Irrigation District,NA,NA,17254,20S23E08B002M,NA,Unknown,Unknown,5-022.11,Kaweah,Tulare,NA,Unknown,Unknown,NA,1961-02-10 - 1975-10-01,110,other,NA,NA,NA,NA,1971,18030012,Dry,Dry,1970-10-01T00:00:00Z,1971-10-01T00:00:00Z,-119.502,36.2072
362072N1195016W002,947562,1970-10-18T00:00:00Z,243.25,243.75,0,83.5,159.75,83.5,84,NA,Unknown,Water level accuracy is unknown,1,Department of Water Resources,NA,1083,KINGS COUNTY WATER DISTRICT,NA,NA,17254,20S23E08B002M,NA,Unknown,Unknown,5-022.11,Kaweah,Tulare,NA,Unknown,Unknown,NA,1961-02-10 - 1975-10-01,110,fall,82.5,129.9,NA,NA,1971,18030012,Dry,Dry,1970-10-01T00:00:00Z,1971-10-01T00:00:00Z,-119.502,36.2072
362072N1195016W002,947561,1970-02-23T00:00:00Z,243.25,243.75,0,77.7,165.55,77.7,78.2,NA,Unknown,Water level accuracy is unknown,1,Department of Water Resources,NA,1083,KINGS COUNTY WATER DISTRICT,NA,NA,17254,20S23E08B002M,NA,Unknown,Unknown,5-022.11,Kaweah,Tulare,NA,Unknown,Unknown,NA,1961-02-10 - 1975-10-01,110,other,NA,NA,NA,NA,1970,18030012,Wet,Wet,1969-10-01T00:00:00Z,1970-10-01T00:00:00Z,-119.502,36.2072
362072N1195016W002,947560,1969-09-28T00:00:00Z,243.25,243.75,0,87,156.25,87,87.5,NA,Unknown,Water level accuracy is unknown,1,Department of Water Resources,NA,1083,KINGS COUNTY WATER DISTRICT,NA,NA,17254,20S23E08B002M,NA,Unknown,Unknown,5-022.11,Kaweah,Tulare,NA,Unknown,Unknown,NA,1961-02-10 - 1975-10-01,110,fall,82.5,129.9,NA,NA,1969,18030012,Wet,Wet,1968-10-01T00:00:00Z,1969-10-01T00:00:00Z,-119.502,36.2072
362072N1195016W002,947559,1969-03-28T00:00:00Z,243.25,243.75,0,95.5,147.75,95.5,96,NA,Unknown,Water level accuracy is unknown,1,Department of Water Resources,NA,624,Bureau of Reclamation,NA,NA,17254,20S23E08B002M,NA,Unknown,Unknown,5-022.11,Kaweah,Tulare,NA,Unknown,Unknown,NA,1961-02-10 - 1975-10-01,110,spring,NA,NA,92.5,123.5,1969,18030012,Wet,Wet,1968-10-01T00:00:00Z,1969-10-01T00:00:00Z,-119.502,36.2072
362072N1195016W002,947558,1969-02-27T00:00:00Z,243.25,243.75,0,98,145.25,98,98.5,NA,Unknown,Water level accuracy is unknown,1,Department of Water Resources,NA,1083,KINGS COUNTY WATER DISTRICT,NA,NA,17254,20S23E08B002M,NA,Unknown,Unknown,5-022.11,Kaweah,Tulare,NA,Unknown,Unknown,NA,1961-02-10 - 1975-10-01,110,other,NA,NA,NA,NA,1969,18030012,Wet,Wet,1968-10-01T00:00:00Z,1969-10-01T00:00:00Z,-119.502,36.2072
362072N1195016W002,947557,1969-01-31T00:00:00Z,243.25,243.75,0,98.7,144.55,98.7,99.2,NA,Unknown,Water level accuracy is unknown,1,Department of Water Resources,NA,624,Bureau of Reclamation,NA,NA,17254,20S23E08B002M,NA,Unknown,Unknown,5-022.11,Kaweah,Tulare,NA,Unknown,Unknown,NA,1961-02-10 - 1975-10-01,110,other,NA,NA,NA,NA,1969,18030012,Wet,Wet,1968-10-01T00:00:00Z,1969-10-01T00:00:00Z,-119.502,36.2072
362072N1195016W002,947556,1968-12-31T00:00:00Z,243.25,243.75,0,100.4,142.85,100.4,100.9,NA,Unknown,Water level accuracy is unknown,1,Department of Water Resources,NA,624,Bureau of Reclamation,NA,NA,17254,20S23E08B002M,NA,Unknown,Unknown,5-022.11,Kaweah,Tulare,NA,Unknown,Unknown,NA,1961-02-10 - 1975-10-01,110,other,NA,NA,NA,NA,1969,18030012,Wet,Wet,1968-10-01T00:00:00Z,1969-10-01T00:00:00Z,-119.502,36.2072
362072N1195016W002,947555,1968-11-29T00:00:00Z,243.25,243.75,0,102,141.25,102,102.5,NA,Unknown,Water level accuracy is unknown,1,Department of Water Resources,NA,624,Bureau of Reclamation,NA,NA,17254,20S23E08B002M,NA,Unknown,Unknown,5-022.11,Kaweah,Tulare,NA,Unknown,Unknown,NA,1961-02-10 - 1975-10-01,110,fall,82.5,129.9,NA,NA,1969,18030012,Wet,Wet,1968-10-01T00:00:00Z,1969-10-01T00:00:00Z,-119.502,36.2072
362072N1195016W002,947554,1968-10-31T00:00:00Z,243.25,243.75,0,103.9,139.35,103.9,104.4,NA,Unknown,Water level accuracy is unknown,1,Department of Water Resources,NA,624,Bureau of Reclamation,NA,NA,17254,20S23E08B002M,NA,Unknown,Unknown,5-022.11,Kaweah,Tulare,NA,Unknown,Unknown,NA,1961-02-10 - 1975-10-01,110,fall,82.5,129.9,NA,NA,1969,18030012,Wet,Wet,1968-10-01T00:00:00Z,1969-10-01T00:00:00Z,-119.502,36.2072
362072N1195016W002,947553,1968-10-07T00:00:00Z,243.25,243.75,0,101.9,141.35,101.9,102.4,NA,Unknown,Water level accuracy is unknown,1,Department of Water Resources,NA,1083,KINGS COUNTY WATER DISTRICT,NA,NA,17254,20S23E08B002M,NA,Unknown,Unknown,5-022.11,Kaweah,Tulare,NA,Unknown,Unknown,NA,1961-02-10 - 1975-10-01,110,fall,82.5,129.9,NA,NA,1969,18030012,Wet,Wet,1968-10-01T00:00:00Z,1969-10-01T00:00:00Z,-119.502,36.2072
362072N1195016W002,947552,1968-09-30T00:00:00Z,243.25,243.75,0,106.5,136.75,106.5,107,NA,Unknown,Water level accuracy is unknown,1,Department of Water Resources,NA,624,Bureau of Reclamation,NA,NA,17254,20S23E08B002M,NA,Unknown,Unknown,5-022.11,Kaweah,Tulare,NA,Unknown,Unknown,NA,1961-02-10 - 1975-10-01,110,fall,82.5,129.9,NA,NA,1968,18030012,Below Normal,Below Normal,1967-10-01T00:00:00Z,1968-10-01T00:00:00Z,-119.502,36.2072
362072N1195016W002,947551,1968-08-23T00:00:00Z,243.25,243.75,0,108.3,134.95,108.3,108.8,NA,Unknown,Water level accuracy is unknown,1,Department of Water Resources,NA,624,Bureau of Reclamation,NA,NA,17254,20S23E08B002M,NA,Unknown,Unknown,5-022.11,Kaweah,Tulare,NA,Unknown,Unknown,NA,1961-02-10 - 1975-10-01,110,fall,82.5,129.9,NA,NA,1968,18030012,Below Normal,Below Normal,1967-10-01T00:00:00Z,1968-10-01T00:00:00Z,-119.502,36.2072
362072N1195016W002,947550,1968-07-31T00:00:00Z,243.25,243.75,0,102.1,141.15,102.1,102.6,NA,Unknown,Water level accuracy is unknown,1,Department of Water Resources,NA,624,Bureau of Reclamation,NA,NA,17254,20S23E08B002M,NA,Unknown,Unknown,5-022.11,Kaweah,Tulare,NA,Unknown,Unknown,NA,1961-02-10 - 1975-10-01,110,other,NA,NA,NA,NA,1968,18030012,Below Normal,Below Normal,1967-10-01T00:00:00Z,1968-10-01T00:00:00Z,-119.502,36.2072
362072N1195016W002,947549,1968-06-29T00:00:00Z,243.25,243.75,0,102.7,140.55,102.7,103.2,NA,Unknown,Water level accuracy is unknown,1,Department of Water Resources,NA,624,Bureau of Reclamation,NA,NA,17254,20S23E08B002M,NA,Unknown,Unknown,5-022.11,Kaweah,Tulare,NA,Unknown,Unknown,NA,1961-02-10 - 1975-10-01,110,other,NA,NA,NA,NA,1968,18030012,Below Normal,Below Normal,1967-10-01T00:00:00Z,1968-10-01T00:00:00Z,-119.502,36.2072
362072N1195016W002,947548,1968-05-29T00:00:00Z,243.25,243.75,0,96.8,146.45,96.8,97.3,NA,Unknown,Water level accuracy is unknown,1,Department of Water Resources,NA,624,Bureau of Reclamation,NA,NA,17254,20S23E08B002M,NA,Unknown,Unknown,5-022.11,Kaweah,Tulare,NA,Unknown,Unknown,NA,1961-02-10 - 1975-10-01,110,spring,NA,NA,92.5,123.5,1968,18030012,Below Normal,Below Normal,1967-10-01T00:00:00Z,1968-10-01T00:00:00Z,-119.502,36.2072
362072N1195016W002,947547,1968-05-01T00:00:00Z,243.25,243.75,0,93.2,150.05,93.2,93.7,NA,Unknown,Water level accuracy is unknown,1,Department of Water Resources,NA,624,Bureau of Reclamation,NA,NA,17254,20S23E08B002M,NA,Unknown,Unknown,5-022.11,Kaweah,Tulare,NA,Unknown,Unknown,NA,1961-02-10 - 1975-10-01,110,spring,NA,NA,92.5,123.5,1968,18030012,Below Normal,Below Normal,1967-10-01T00:00:00Z,1968-10-01T00:00:00Z,-119.502,36.2072
362072N1195016W002,947546,1968-03-26T00:00:00Z,243.25,243.75,0,92,151.25,92,92.5,NA,Unknown,Water level accuracy is unknown,1,Department of Water Resources,NA,624,Bureau of Reclamation,NA,NA,17254,20S23E08B002M,NA,Unknown,Unknown,5-022.11,Kaweah,Tulare,NA,Unknown,Unknown,NA,1961-02-10 - 1975-10-01,110,spring,NA,NA,92.5,123.5,1968,18030012,Below Normal,Below Normal,1967-10-01T00:00:00Z,1968-10-01T00:00:00Z,-119.502,36.2072
362072N1195016W002,947545,1968-03-08T00:00:00Z,243.25,243.75,0,95,148.25,95,95.5,NA,Unknown,Water level accuracy is unknown,1,Department of Water Resources,NA,624,Bureau of Reclamation,NA,NA,17254,20S23E08B002M,NA,Unknown,Unknown,5-022.11,Kaweah,Tulare,NA,Unknown,Unknown,NA,1961-02-10 - 1975-10-01,110,spring,NA,NA,92.5,123.5,1968,18030012,Below Normal,Below Normal,1967-10-01T00:00:00Z,1968-10-01T00:00:00Z,-119.502,36.2072
362072N1195016W002,947544,1968-02-02T00:00:00Z,243.25,243.75,0,90.5,152.75,90.5,91,NA,Unknown,Water level accuracy is unknown,1,Department of Water Resources,NA,624,Bureau of Reclamation,NA,NA,17254,20S23E08B002M,NA,Unknown,Unknown,5-022.11,Kaweah,Tulare,NA,Unknown,Unknown,NA,1961-02-10 - 1975-10-01,110,other,NA,NA,NA,NA,1968,18030012,Below Normal,Below Normal,1967-10-01T00:00:00Z,1968-10-01T00:00:00Z,-119.502,36.2072
362072N1195016W002,947543,1968-02-01T00:00:00Z,243.25,243.75,0,90.6,152.65,90.6,91.1,NA,Unknown,Water level accuracy is unknown,1,Department of Water Resources,NA,1083,KINGS COUNTY WATER DISTRICT,NA,NA,17254,20S23E08B002M,NA,Unknown,Unknown,5-022.11,Kaweah,Tulare,NA,Unknown,Unknown,NA,1961-02-10 - 1975-10-01,110,other,NA,NA,NA,NA,1968,18030012,Below Normal,Below Normal,1967-10-01T00:00:00Z,1968-10-01T00:00:00Z,-119.502,36.2072
362072N1195016W002,947542,1968-01-03T00:00:00Z,243.25,243.75,0,92.5,150.75,92.5,93,NA,Unknown,Water level accuracy is unknown,1,Department of Water Resources,NA,624,Bureau of Reclamation,NA,NA,17254,20S23E08B002M,NA,Unknown,Unknown,5-022.11,Kaweah,Tulare,NA,Unknown,Unknown,NA,1961-02-10 - 1975-10-01,110,other,NA,NA,NA,NA,1968,18030012,Below Normal,Below Normal,1967-10-01T00:00:00Z,1968-10-01T00:00:00Z,-119.502,36.2072
362072N1195016W002,947541,1967-12-05T00:00:00Z,243.25,243.75,0,95,148.25,95,95.5,NA,Unknown,Water level accuracy is unknown,1,Department of Water Resources,NA,624,Bureau of Reclamation,NA,NA,17254,20S23E08B002M,NA,Unknown,Unknown,5-022.11,Kaweah,Tulare,NA,Unknown,Unknown,NA,1961-02-10 - 1975-10-01,110,other,NA,NA,NA,NA,1968,18030012,Below Normal,Below Normal,1967-10-01T00:00:00Z,1968-10-01T00:00:00Z,-119.502,36.2072
362072N1195016W002,947540,1967-11-01T00:00:00Z,243.25,243.75,0,98.5,144.75,98.5,99,NA,Unknown,Water level accuracy is unknown,1,Department of Water Resources,NA,624,Bureau of Reclamation,NA,NA,17254,20S23E08B002M,NA,Unknown,Unknown,5-022.11,Kaweah,Tulare,NA,Unknown,Unknown,NA,1961-02-10 - 1975-10-01,110,fall,82.5,129.9,NA,NA,1968,18030012,Below Normal,Below Normal,1967-10-01T00:00:00Z,1968-10-01T00:00:00Z,-119.502,36.2072
362072N1195016W002,947539,1967-09-29T00:00:00Z,243.25,243.75,0,102.7,140.55,102.7,103.2,NA,Unknown,Water level accuracy is unknown,1,Department of Water Resources,NA,624,Bureau of Reclamation,NA,NA,17254,20S23E08B002M,NA,Unknown,Unknown,5-022.11,Kaweah,Tulare,NA,Unknown,Unknown,NA,1961-02-10 - 1975-10-01,110,fall,82.5,129.9,NA,NA,1967,18030012,Wet,Wet,1966-10-01T00:00:00Z,1967-10-01T00:00:00Z,-119.502,36.2072
362072N1195016W002,947538,1967-09-28T00:00:00Z,243.25,243.75,0,102.7,140.55,102.7,103.2,NA,Unknown,Water level accuracy is unknown,1,Department of Water Resources,NA,1083,KINGS COUNTY WATER DISTRICT,NA,NA,17254,20S23E08B002M,NA,Unknown,Unknown,5-022.11,Kaweah,Tulare,NA,Unknown,Unknown,NA,1961-02-10 - 1975-10-01,110,fall,82.5,129.9,NA,NA,1967,18030012,Wet,Wet,1966-10-01T00:00:00Z,1967-10-01T00:00:00Z,-119.502,36.2072
362072N1195016W002,947537,1967-08-31T00:00:00Z,243.25,243.75,0,107.3,135.95,107.3,107.8,NA,Unknown,Water level accuracy is unknown,1,Department of Water Resources,NA,624,Bureau of Reclamation,NA,NA,17254,20S23E08B002M,NA,Unknown,Unknown,5-022.11,Kaweah,Tulare,NA,Unknown,Unknown,NA,1961-02-10 - 1975-10-01,110,fall,82.5,129.9,NA,NA,1967,18030012,Wet,Wet,1966-10-01T00:00:00Z,1967-10-01T00:00:00Z,-119.502,36.2072
362072N1195016W002,947536,1967-07-31T00:00:00Z,243.25,243.75,0,109.3,133.95,109.3,109.8,NA,Unknown,Water level accuracy is unknown,1,Department of Water Resources,NA,624,Bureau of Reclamation,NA,NA,17254,20S23E08B002M,NA,Unknown,Unknown,5-022.11,Kaweah,Tulare,NA,Unknown,Unknown,NA,1961-02-10 - 1975-10-01,110,other,NA,NA,NA,NA,1967,18030012,Wet,Wet,1966-10-01T00:00:00Z,1967-10-01T00:00:00Z,-119.502,36.2072
362072N1195016W002,947535,1967-06-28T00:00:00Z,243.25,243.75,0,113,130.25,113,113.5,NA,Unknown,Water level accuracy is unknown,1,Department of Water Resources,NA,624,Bureau of Reclamation,NA,NA,17254,20S23E08B002M,NA,Unknown,Unknown,5-022.11,Kaweah,Tulare,NA,Unknown,Unknown,NA,1961-02-10 - 1975-10-01,110,other,NA,NA,NA,NA,1967,18030012,Wet,Wet,1966-10-01T00:00:00Z,1967-10-01T00:00:00Z,-119.502,36.2072
362072N1195016W002,947534,1967-05-31T00:00:00Z,243.25,243.75,0,106,137.25,106,106.5,NA,Unknown,Water level accuracy is unknown,1,Department of Water Resources,NA,624,Bureau of Reclamation,NA,NA,17254,20S23E08B002M,NA,Unknown,Unknown,5-022.11,Kaweah,Tulare,NA,Unknown,Unknown,NA,1961-02-10 - 1975-10-01,110,spring,NA,NA,92.5,123.5,1967,18030012,Wet,Wet,1966-10-01T00:00:00Z,1967-10-01T00:00:00Z,-119.502,36.2072
362072N1195016W002,947533,1967-04-28T00:00:00Z,243.25,243.75,0,106.3,136.95,106.3,106.8,NA,Unknown,Water level accuracy is unknown,1,Department of Water Resources,NA,624,Bureau of Reclamation,NA,NA,17254,20S23E08B002M,NA,Unknown,Unknown,5-022.11,Kaweah,Tulare,NA,Unknown,Unknown,NA,1961-02-10 - 1975-10-01,110,spring,NA,NA,92.5,123.5,1967,18030012,Wet,Wet,1966-10-01T00:00:00Z,1967-10-01T00:00:00Z,-119.502,36.2072
362072N1195016W002,947532,1967-03-31T00:00:00Z,243.25,243.75,0,110,133.25,110,110.5,NA,Unknown,Water level accuracy is unknown,1,Department of Water Resources,NA,624,Bureau of Reclamation,NA,NA,17254,20S23E08B002M,NA,Unknown,Unknown,5-022.11,Kaweah,Tulare,NA,Unknown,Unknown,NA,1961-02-10 - 1975-10-01,110,spring,NA,NA,92.5,123.5,1967,18030012,Wet,Wet,1966-10-01T00:00:00Z,1967-10-01T00:00:00Z,-119.502,36.2072
362072N1195016W002,947531,1967-03-01T00:00:00Z,243.25,243.75,0,107.1,136.15,107.1,107.6,NA,Unknown,Water level accuracy is unknown,1,Department of Water Resources,NA,624,Bureau of Reclamation,NA,NA,17254,20S23E08B002M,NA,Unknown,Unknown,5-022.11,Kaweah,Tulare,NA,Unknown,Unknown,NA,1961-02-10 - 1975-10-01,110,spring,NA,NA,92.5,123.5,1967,18030012,Wet,Wet,1966-10-01T00:00:00Z,1967-10-01T00:00:00Z,-119.502,36.2072
362072N1195016W002,947530,1967-02-16T00:00:00Z,243.25,243.75,0,107.2,136.05,107.2,107.7,NA,Unknown,Water level accuracy is unknown,1,Department of Water Resources,NA,1083,KINGS COUNTY WATER DISTRICT,NA,NA,17254,20S23E08B002M,NA,Unknown,Unknown,5-022.11,Kaweah,Tulare,NA,Unknown,Unknown,NA,1961-02-10 - 1975-10-01,110,other,NA,NA,NA,NA,1967,18030012,Wet,Wet,1966-10-01T00:00:00Z,1967-10-01T00:00:00Z,-119.502,36.2072
362072N1195016W002,947529,1966-10-02T00:00:00Z,243.25,243.75,0,115.7,127.55,115.7,116.2,NA,Unknown,Water level accuracy is unknown,1,Department of Water Resources,NA,1083,KINGS COUNTY WATER DISTRICT,NA,NA,17254,20S23E08B002M,NA,Unknown,Unknown,5-022.11,Kaweah,Tulare,NA,Unknown,Unknown,NA,1961-02-10 - 1975-10-01,110,fall,82.5,129.9,NA,NA,1967,18030012,Wet,Wet,1966-10-01T00:00:00Z,1967-10-01T00:00:00Z,-119.502,36.2072
362072N1195016W002,947528,1966-09-30T00:00:00Z,243.25,243.75,0,116.5,126.75,116.5,117,NA,Unknown,Water level accuracy is unknown,1,Department of Water Resources,NA,624,Bureau of Reclamation,NA,NA,17254,20S23E08B002M,NA,Unknown,Unknown,5-022.11,Kaweah,Tulare,NA,Unknown,Unknown,NA,1961-02-10 - 1975-10-01,110,fall,82.5,129.9,NA,NA,1966,18030012,Below Normal,Below Normal,1965-10-01T00:00:00Z,1966-10-01T00:00:00Z,-119.502,36.2072
362072N1195016W002,947527,1966-08-26T00:00:00Z,243.25,243.75,0,113.7,129.55,113.7,114.2,NA,Unknown,Water level accuracy is unknown,1,Department of Water Resources,NA,624,Bureau of Reclamation,NA,NA,17254,20S23E08B002M,NA,Unknown,Unknown,5-022.11,Kaweah,Tulare,NA,Unknown,Unknown,NA,1961-02-10 - 1975-10-01,110,fall,82.5,129.9,NA,NA,1966,18030012,Below Normal,Below Normal,1965-10-01T00:00:00Z,1966-10-01T00:00:00Z,-119.502,36.2072
362072N1195016W002,947526,1966-08-01T00:00:00Z,243.25,243.75,0,113.6,129.65,113.6,114.1,NA,Unknown,Water level accuracy is unknown,1,Department of Water Resources,NA,624,Bureau of Reclamation,NA,NA,17254,20S23E08B002M,NA,Unknown,Unknown,5-022.11,Kaweah,Tulare,NA,Unknown,Unknown,NA,1961-02-10 - 1975-10-01,110,fall,82.5,129.9,NA,NA,1966,18030012,Below Normal,Below Normal,1965-10-01T00:00:00Z,1966-10-01T00:00:00Z,-119.502,36.2072
362072N1195016W002,947525,1966-06-28T00:00:00Z,243.25,243.75,0,109.3,133.95,109.3,109.8,NA,Unknown,Water level accuracy is unknown,1,Department of Water Resources,NA,624,Bureau of Reclamation,NA,NA,17254,20S23E08B002M,NA,Unknown,Unknown,5-022.11,Kaweah,Tulare,NA,Unknown,Unknown,NA,1961-02-10 - 1975-10-01,110,other,NA,NA,NA,NA,1966,18030012,Below Normal,Below Normal,1965-10-01T00:00:00Z,1966-10-01T00:00:00Z,-119.502,36.2072
362072N1195016W002,947524,1966-05-31T00:00:00Z,243.25,243.75,0,107.2,136.05,107.2,107.7,NA,Unknown,Water level accuracy is unknown,1,Department of Water Resources,NA,624,Bureau of Reclamation,NA,NA,17254,20S23E08B002M,NA,Unknown,Unknown,5-022.11,Kaweah,Tulare,NA,Unknown,Unknown,NA,1961-02-10 - 1975-10-01,110,spring,NA,NA,92.5,123.5,1966,18030012,Below Normal,Below Normal,1965-10-01T00:00:00Z,1966-10-01T00:00:00Z,-119.502,36.2072
362072N1195016W002,947523,1966-05-03T00:00:00Z,243.25,243.75,0,105,138.25,105,105.5,NA,Unknown,Water level accuracy is unknown,1,Department of Water Resources,NA,624,Bureau of Reclamation,NA,NA,17254,20S23E08B002M,NA,Unknown,Unknown,5-022.11,Kaweah,Tulare,NA,Unknown,Unknown,NA,1961-02-10 - 1975-10-01,110,spring,NA,NA,92.5,123.5,1966,18030012,Below Normal,Below Normal,1965-10-01T00:00:00Z,1966-10-01T00:00:00Z,-119.502,36.2072
362072N1195016W002,947522,1966-03-29T00:00:00Z,243.25,243.75,0,101.8,141.45,101.8,102.3,NA,Unknown,Water level accuracy is unknown,1,Department of Water Resources,NA,624,Bureau of Reclamation,NA,NA,17254,20S23E08B002M,NA,Unknown,Unknown,5-022.11,Kaweah,Tulare,NA,Unknown,Unknown,NA,1961-02-10 - 1975-10-01,110,spring,NA,NA,92.5,123.5,1966,18030012,Below Normal,Below Normal,1965-10-01T00:00:00Z,1966-10-01T00:00:00Z,-119.502,36.2072
362072N1195016W002,947521,1966-03-02T00:00:00Z,243.25,243.75,0,102,141.25,102,102.5,NA,Unknown,Water level accuracy is unknown,1,Department of Water Resources,NA,624,Bureau of Reclamation,NA,NA,17254,20S23E08B002M,NA,Unknown,Unknown,5-022.11,Kaweah,Tulare,NA,Unknown,Unknown,NA,1961-02-10 - 1975-10-01,110,spring,NA,NA,92.5,123.5,1966,18030012,Below Normal,Below Normal,1965-10-01T00:00:00Z,1966-10-01T00:00:00Z,-119.502,36.2072
362072N1195016W002,947520,1966-02-24T00:00:00Z,243.25,243.75,0,101.9,141.35,101.9,102.4,NA,Unknown,Water level accuracy is unknown,1,Department of Water Resources,NA,1083,KINGS COUNTY WATER DISTRICT,NA,NA,17254,20S23E08B002M,NA,Unknown,Unknown,5-022.11,Kaweah,Tulare,NA,Unknown,Unknown,NA,1961-02-10 - 1975-10-01,110,other,NA,NA,NA,NA,1966,18030012,Below Normal,Below Normal,1965-10-01T00:00:00Z,1966-10-01T00:00:00Z,-119.502,36.2072
362072N1195016W002,947519,1966-01-28T00:00:00Z,243.25,243.75,0,99.1,144.15,99.1,99.6,NA,Unknown,Water level accuracy is unknown,1,Department of Water Resources,NA,5030,Tulare Irrigation District,NA,NA,17254,20S23E08B002M,NA,Unknown,Unknown,5-022.11,Kaweah,Tulare,NA,Unknown,Unknown,NA,1961-02-10 - 1975-10-01,110,other,NA,NA,NA,NA,1966,18030012,Below Normal,Below Normal,1965-10-01T00:00:00Z,1966-10-01T00:00:00Z,-119.502,36.2072
362072N1195016W002,947518,1966-01-04T00:00:00Z,243.25,243.75,0,101,142.25,101,101.5,NA,Unknown,Water level accuracy is unknown,1,Department of Water Resources,NA,624,Bureau of Reclamation,NA,NA,17254,20S23E08B002M,NA,Unknown,Unknown,5-022.11,Kaweah,Tulare,NA,Unknown,Unknown,NA,1961-02-10 - 1975-10-01,110,other,NA,NA,NA,NA,1966,18030012,Below Normal,Below Normal,1965-10-01T00:00:00Z,1966-10-01T00:00:00Z,-119.502,36.2072
362072N1195016W002,947517,1965-11-30T00:00:00Z,243.25,243.75,0,103.7,139.55,103.7,104.2,NA,Unknown,Water level accuracy is unknown,1,Department of Water Resources,NA,624,Bureau of Reclamation,NA,NA,17254,20S23E08B002M,NA,Unknown,Unknown,5-022.11,Kaweah,Tulare,NA,Unknown,Unknown,NA,1961-02-10 - 1975-10-01,110,fall,82.5,129.9,NA,NA,1966,18030012,Below Normal,Below Normal,1965-10-01T00:00:00Z,1966-10-01T00:00:00Z,-119.502,36.2072
362072N1195016W002,947516,1965-11-02T00:00:00Z,243.25,243.75,0,106,137.25,106,106.5,NA,Unknown,Water level accuracy is unknown,1,Department of Water Resources,NA,624,Bureau of Reclamation,NA,NA,17254,20S23E08B002M,NA,Unknown,Unknown,5-022.11,Kaweah,Tulare,NA,Unknown,Unknown,NA,1961-02-10 - 1975-10-01,110,fall,82.5,129.9,NA,NA,1966,18030012,Below Normal,Below Normal,1965-10-01T00:00:00Z,1966-10-01T00:00:00Z,-119.502,36.2072
362072N1195016W002,947515,1965-10-14T00:00:00Z,243.25,243.75,0,109,134.25,109,109.5,NA,Unknown,Water level accuracy is unknown,1,Department of Water Resources,NA,1083,KINGS COUNTY WATER DISTRICT,NA,NA,17254,20S23E08B002M,NA,Unknown,Unknown,5-022.11,Kaweah,Tulare,NA,Unknown,Unknown,NA,1961-02-10 - 1975-10-01,110,fall,82.5,129.9,NA,NA,1966,18030012,Below Normal,Below Normal,1965-10-01T00:00:00Z,1966-10-01T00:00:00Z,-119.502,36.2072
362072N1195016W002,947514,1965-10-05T00:00:00Z,243.25,243.75,0,108,135.25,108,108.5,NA,Unknown,Water level accuracy is unknown,1,Department of Water Resources,NA,624,Bureau of Reclamation,NA,NA,17254,20S23E08B002M,NA,Unknown,Unknown,5-022.11,Kaweah,Tulare,NA,Unknown,Unknown,NA,1961-02-10 - 1975-10-01,110,fall,82.5,129.9,NA,NA,1966,18030012,Below Normal,Below Normal,1965-10-01T00:00:00Z,1966-10-01T00:00:00Z,-119.502,36.2072
362072N1195016W002,947513,1965-08-26T00:00:00Z,243.25,243.75,0,109.8,133.45,109.8,110.3,NA,Unknown,Water level accuracy is unknown,1,Department of Water Resources,NA,624,Bureau of Reclamation,NA,NA,17254,20S23E08B002M,NA,Unknown,Unknown,5-022.11,Kaweah,Tulare,NA,Unknown,Unknown,NA,1961-02-10 - 1975-10-01,110,fall,82.5,129.9,NA,NA,1965,18030012,Below Normal,Below Normal,1964-10-01T00:00:00Z,1965-10-01T00:00:00Z,-119.502,36.2072
362072N1195016W002,947512,1965-08-02T00:00:00Z,243.25,243.75,0,112,131.25,112,112.5,NA,Unknown,Water level accuracy is unknown,1,Department of Water Resources,NA,624,Bureau of Reclamation,NA,NA,17254,20S23E08B002M,NA,Unknown,Unknown,5-022.11,Kaweah,Tulare,NA,Unknown,Unknown,NA,1961-02-10 - 1975-10-01,110,fall,82.5,129.9,NA,NA,1965,18030012,Below Normal,Below Normal,1964-10-01T00:00:00Z,1965-10-01T00:00:00Z,-119.502,36.2072
362072N1195016W002,947511,1965-07-06T00:00:00Z,243.25,243.75,0,111.5,131.75,111.5,112,NA,Unknown,Water level accuracy is unknown,1,Department of Water Resources,NA,624,Bureau of Reclamation,NA,NA,17254,20S23E08B002M,NA,Unknown,Unknown,5-022.11,Kaweah,Tulare,NA,Unknown,Unknown,NA,1961-02-10 - 1975-10-01,110,other,NA,NA,NA,NA,1965,18030012,Below Normal,Below Normal,1964-10-01T00:00:00Z,1965-10-01T00:00:00Z,-119.502,36.2072
362072N1195016W002,947510,1965-02-08T00:00:00Z,243.25,243.75,0,109,134.25,109,109.5,NA,Unknown,Water level accuracy is unknown,1,Department of Water Resources,NA,1083,KINGS COUNTY WATER DISTRICT,NA,NA,17254,20S23E08B002M,NA,Unknown,Unknown,5-022.11,Kaweah,Tulare,NA,Unknown,Unknown,NA,1961-02-10 - 1975-10-01,110,other,NA,NA,NA,NA,1965,18030012,Below Normal,Below Normal,1964-10-01T00:00:00Z,1965-10-01T00:00:00Z,-119.502,36.2072
362072N1195016W002,947509,1965-02-03T00:00:00Z,243.25,243.75,0,108.5,134.75,108.5,109,NA,Unknown,Water level accuracy is unknown,1,Department of Water Resources,NA,5030,Tulare Irrigation District,NA,NA,17254,20S23E08B002M,NA,Unknown,Unknown,5-022.11,Kaweah,Tulare,NA,Unknown,Unknown,NA,1961-02-10 - 1975-10-01,110,other,NA,NA,NA,NA,1965,18030012,Below Normal,Below Normal,1964-10-01T00:00:00Z,1965-10-01T00:00:00Z,-119.502,36.2072
362072N1195016W002,947508,1964-09-30T00:00:00Z,243.25,243.75,0,113.2,130.05,113.2,113.7,NA,Unknown,Water level accuracy is unknown,1,Department of Water Resources,NA,5030,Tulare Irrigation District,NA,NA,17254,20S23E08B002M,NA,Unknown,Unknown,5-022.11,Kaweah,Tulare,NA,Unknown,Unknown,NA,1961-02-10 - 1975-10-01,110,fall,82.5,129.9,NA,NA,1964,18030012,Dry,Dry,1963-10-01T00:00:00Z,1964-10-01T00:00:00Z,-119.502,36.2072
362072N1195016W002,947507,1964-09-26T00:00:00Z,243.25,243.75,0,113.5,129.75,113.5,114,NA,Unknown,Water level accuracy is unknown,1,Department of Water Resources,NA,1083,KINGS COUNTY WATER DISTRICT,NA,NA,17254,20S23E08B002M,NA,Unknown,Unknown,5-022.11,Kaweah,Tulare,NA,Unknown,Unknown,NA,1961-02-10 - 1975-10-01,110,fall,82.5,129.9,NA,NA,1964,18030012,Dry,Dry,1963-10-01T00:00:00Z,1964-10-01T00:00:00Z,-119.502,36.2072
362072N1195016W002,947506,1964-06-26T00:00:00Z,243.25,243.75,0,119,124.25,119,119.5,NA,Unknown,Water level accuracy is unknown,1,Department of Water Resources,NA,624,Bureau of Reclamation,NA,NA,17254,20S23E08B002M,NA,Unknown,Unknown,5-022.11,Kaweah,Tulare,NA,Unknown,Unknown,NA,1961-02-10 - 1975-10-01,110,other,NA,NA,NA,NA,1964,18030012,Dry,Dry,1963-10-01T00:00:00Z,1964-10-01T00:00:00Z,-119.502,36.2072
362072N1195016W002,947505,1964-05-28T00:00:00Z,243.25,243.75,0,116.1,127.15,116.1,116.6,NA,Unknown,Water level accuracy is unknown,1,Department of Water Resources,NA,624,Bureau of Reclamation,NA,NA,17254,20S23E08B002M,NA,Unknown,Unknown,5-022.11,Kaweah,Tulare,NA,Unknown,Unknown,NA,1961-02-10 - 1975-10-01,110,spring,NA,NA,92.5,123.5,1964,18030012,Dry,Dry,1963-10-01T00:00:00Z,1964-10-01T00:00:00Z,-119.502,36.2072
362072N1195016W002,947504,1964-04-28T00:00:00Z,243.25,243.75,0,104.3,138.95,104.3,104.8,NA,Unknown,Water level accuracy is unknown,1,Department of Water Resources,NA,624,Bureau of Reclamation,NA,NA,17254,20S23E08B002M,NA,Unknown,Unknown,5-022.11,Kaweah,Tulare,NA,Unknown,Unknown,NA,1961-02-10 - 1975-10-01,110,spring,NA,NA,92.5,123.5,1964,18030012,Dry,Dry,1963-10-01T00:00:00Z,1964-10-01T00:00:00Z,-119.502,36.2072
362072N1195016W002,947503,1964-03-30T00:00:00Z,243.25,243.75,0,104,139.25,104,104.5,NA,Unknown,Water level accuracy is unknown,1,Department of Water Resources,NA,624,Bureau of Reclamation,NA,NA,17254,20S23E08B002M,NA,Unknown,Unknown,5-022.11,Kaweah,Tulare,NA,Unknown,Unknown,NA,1961-02-10 - 1975-10-01,110,spring,NA,NA,92.5,123.5,1964,18030012,Dry,Dry,1963-10-01T00:00:00Z,1964-10-01T00:00:00Z,-119.502,36.2072
362072N1195016W002,947502,1964-02-25T00:00:00Z,243.25,243.75,0,101.6,141.65,101.6,102.1,NA,Unknown,Water level accuracy is unknown,1,Department of Water Resources,NA,624,Bureau of Reclamation,NA,NA,17254,20S23E08B002M,NA,Unknown,Unknown,5-022.11,Kaweah,Tulare,NA,Unknown,Unknown,NA,1961-02-10 - 1975-10-01,110,other,NA,NA,NA,NA,1964,18030012,Dry,Dry,1963-10-01T00:00:00Z,1964-10-01T00:00:00Z,-119.502,36.2072
362072N1195016W002,947501,1964-02-08T00:00:00Z,243.25,243.75,0,98.2,145.05,98.2,98.7,NA,Unknown,Water level accuracy is unknown,1,Department of Water Resources,NA,1083,KINGS COUNTY WATER DISTRICT,NA,NA,17254,20S23E08B002M,NA,Unknown,Unknown,5-022.11,Kaweah,Tulare,NA,Unknown,Unknown,NA,1961-02-10 - 1975-10-01,110,other,NA,NA,NA,NA,1964,18030012,Dry,Dry,1963-10-01T00:00:00Z,1964-10-01T00:00:00Z,-119.502,36.2072
362072N1195016W002,947500,1964-01-24T00:00:00Z,243.25,243.75,0,100.6,142.65,100.6,101.1,NA,Unknown,Water level accuracy is unknown,1,Department of Water Resources,NA,624,Bureau of Reclamation,NA,NA,17254,20S23E08B002M,NA,Unknown,Unknown,5-022.11,Kaweah,Tulare,NA,Unknown,Unknown,NA,1961-02-10 - 1975-10-01,110,other,NA,NA,NA,NA,1964,18030012,Dry,Dry,1963-10-01T00:00:00Z,1964-10-01T00:00:00Z,-119.502,36.2072
362072N1195016W002,947499,1963-12-23T00:00:00Z,243.25,243.75,0,102.5,140.75,102.5,103,NA,Unknown,Water level accuracy is unknown,1,Department of Water Resources,NA,624,Bureau of Reclamation,NA,NA,17254,20S23E08B002M,NA,Unknown,Unknown,5-022.11,Kaweah,Tulare,NA,Unknown,Unknown,NA,1961-02-10 - 1975-10-01,110,other,NA,NA,NA,NA,1964,18030012,Dry,Dry,1963-10-01T00:00:00Z,1964-10-01T00:00:00Z,-119.502,36.2072
362072N1195016W002,947498,1963-12-02T00:00:00Z,243.25,243.75,0,103.7,139.55,103.7,104.2,NA,Unknown,Water level accuracy is unknown,1,Department of Water Resources,NA,624,Bureau of Reclamation,NA,NA,17254,20S23E08B002M,NA,Unknown,Unknown,5-022.11,Kaweah,Tulare,NA,Unknown,Unknown,NA,1961-02-10 - 1975-10-01,110,other,NA,NA,NA,NA,1964,18030012,Dry,Dry,1963-10-01T00:00:00Z,1964-10-01T00:00:00Z,-119.502,36.2072
362072N1195016W002,947497,1963-10-22T00:00:00Z,243.25,243.75,0,107.9,135.35,107.9,108.4,NA,Unknown,Water level accuracy is unknown,1,Department of Water Resources,NA,624,Bureau of Reclamation,NA,NA,17254,20S23E08B002M,NA,Unknown,Unknown,5-022.11,Kaweah,Tulare,NA,Unknown,Unknown,NA,1961-02-10 - 1975-10-01,110,fall,82.5,129.9,NA,NA,1964,18030012,Dry,Dry,1963-10-01T00:00:00Z,1964-10-01T00:00:00Z,-119.502,36.2072
362072N1195016W002,947496,1963-09-26T00:00:00Z,243.25,243.75,0,115.3,127.95,115.3,115.8,NA,Unknown,Water level accuracy is unknown,1,Department of Water Resources,NA,624,Bureau of Reclamation,NA,NA,17254,20S23E08B002M,NA,Unknown,Unknown,5-022.11,Kaweah,Tulare,NA,Unknown,Unknown,NA,1961-02-10 - 1975-10-01,110,fall,82.5,129.9,NA,NA,1963,18030012,Above Normal,Above Normal,1962-10-01T00:00:00Z,1963-10-01T00:00:00Z,-119.502,36.2072
362072N1195016W002,947495,1963-08-29T00:00:00Z,243.25,243.75,0,126,117.25,126,126.5,NA,Unknown,Water level accuracy is unknown,1,Department of Water Resources,NA,624,Bureau of Reclamation,NA,NA,17254,20S23E08B002M,NA,Unknown,Unknown,5-022.11,Kaweah,Tulare,NA,Unknown,Unknown,NA,1961-02-10 - 1975-10-01,110,fall,82.5,129.9,NA,NA,1963,18030012,Above Normal,Above Normal,1962-10-01T00:00:00Z,1963-10-01T00:00:00Z,-119.502,36.2072
362072N1195016W002,947494,1963-07-25T00:00:00Z,243.25,243.75,0,126.1,117.15,126.1,126.6,NA,Unknown,Water level accuracy is unknown,1,Department of Water Resources,NA,624,Bureau of Reclamation,NA,NA,17254,20S23E08B002M,NA,Unknown,Unknown,5-022.11,Kaweah,Tulare,NA,Unknown,Unknown,NA,1961-02-10 - 1975-10-01,110,other,NA,NA,NA,NA,1963,18030012,Above Normal,Above Normal,1962-10-01T00:00:00Z,1963-10-01T00:00:00Z,-119.502,36.2072
362072N1195016W002,947493,1963-06-27T00:00:00Z,243.25,243.75,0,125.2,118.05,125.2,125.7,NA,Unknown,Water level accuracy is unknown,1,Department of Water Resources,NA,624,Bureau of Reclamation,NA,NA,17254,20S23E08B002M,NA,Unknown,Unknown,5-022.11,Kaweah,Tulare,NA,Unknown,Unknown,NA,1961-02-10 - 1975-10-01,110,other,NA,NA,NA,NA,1963,18030012,Above Normal,Above Normal,1962-10-01T00:00:00Z,1963-10-01T00:00:00Z,-119.502,36.2072
362072N1195016W002,947492,1963-05-20T00:00:00Z,243.25,243.75,0,109.6,133.65,109.6,110.1,NA,Unknown,Water level accuracy is unknown,1,Department of Water Resources,NA,624,Bureau of Reclamation,NA,NA,17254,20S23E08B002M,NA,Unknown,Unknown,5-022.11,Kaweah,Tulare,NA,Unknown,Unknown,NA,1961-02-10 - 1975-10-01,110,spring,NA,NA,92.5,123.5,1963,18030012,Above Normal,Above Normal,1962-10-01T00:00:00Z,1963-10-01T00:00:00Z,-119.502,36.2072
362072N1195016W002,947491,1963-04-22T00:00:00Z,243.25,243.75,0,110.5,132.75,110.5,111,NA,Unknown,Water level accuracy is unknown,1,Department of Water Resources,NA,624,Bureau of Reclamation,NA,NA,17254,20S23E08B002M,NA,Unknown,Unknown,5-022.11,Kaweah,Tulare,NA,Unknown,Unknown,NA,1961-02-10 - 1975-10-01,110,spring,NA,NA,92.5,123.5,1963,18030012,Above Normal,Above Normal,1962-10-01T00:00:00Z,1963-10-01T00:00:00Z,-119.502,36.2072
362072N1195016W002,947490,1963-03-25T00:00:00Z,243.25,243.75,0,110,133.25,110,110.5,NA,Unknown,Water level accuracy is unknown,1,Department of Water Resources,NA,624,Bureau of Reclamation,NA,NA,17254,20S23E08B002M,NA,Unknown,Unknown,5-022.11,Kaweah,Tulare,NA,Unknown,Unknown,NA,1961-02-10 - 1975-10-01,110,spring,NA,NA,92.5,123.5,1963,18030012,Above Normal,Above Normal,1962-10-01T00:00:00Z,1963-10-01T00:00:00Z,-119.502,36.2072
362072N1195016W002,947489,1963-02-25T00:00:00Z,243.25,243.75,0,107.2,136.05,107.2,107.7,NA,Unknown,Water level accuracy is unknown,1,Department of Water Resources,NA,624,Bureau of Reclamation,NA,NA,17254,20S23E08B002M,NA,Unknown,Unknown,5-022.11,Kaweah,Tulare,NA,Unknown,Unknown,NA,1961-02-10 - 1975-10-01,110,other,NA,NA,NA,NA,1963,18030012,Above Normal,Above Normal,1962-10-01T00:00:00Z,1963-10-01T00:00:00Z,-119.502,36.2072
362072N1195016W002,947488,1963-01-21T00:00:00Z,243.25,243.75,0,108.7,134.55,108.7,109.2,NA,Unknown,Water level accuracy is unknown,1,Department of Water Resources,NA,624,Bureau of Reclamation,NA,NA,17254,20S23E08B002M,NA,Unknown,Unknown,5-022.11,Kaweah,Tulare,NA,Unknown,Unknown,NA,1961-02-10 - 1975-10-01,110,other,NA,NA,NA,NA,1963,18030012,Above Normal,Above Normal,1962-10-01T00:00:00Z,1963-10-01T00:00:00Z,-119.502,36.2072
362072N1195016W002,947487,1962-12-17T00:00:00Z,243.25,243.75,0,109.1,134.15,109.1,109.6,NA,Unknown,Water level accuracy is unknown,1,Department of Water Resources,NA,624,Bureau of Reclamation,NA,NA,17254,20S23E08B002M,NA,Unknown,Unknown,5-022.11,Kaweah,Tulare,NA,Unknown,Unknown,NA,1961-02-10 - 1975-10-01,110,other,NA,NA,NA,NA,1963,18030012,Above Normal,Above Normal,1962-10-01T00:00:00Z,1963-10-01T00:00:00Z,-119.502,36.2072
362072N1195016W002,947486,1962-11-19T00:00:00Z,243.25,243.75,0,111,132.25,111,111.5,NA,Unknown,Water level accuracy is unknown,1,Department of Water Resources,NA,624,Bureau of Reclamation,NA,NA,17254,20S23E08B002M,NA,Unknown,Unknown,5-022.11,Kaweah,Tulare,NA,Unknown,Unknown,NA,1961-02-10 - 1975-10-01,110,fall,82.5,129.9,NA,NA,1963,18030012,Above Normal,Above Normal,1962-10-01T00:00:00Z,1963-10-01T00:00:00Z,-119.502,36.2072
362072N1195016W002,947485,1962-10-15T00:00:00Z,243.25,243.75,0,113.6,129.65,113.6,114.1,NA,Unknown,Water level accuracy is unknown,1,Department of Water Resources,NA,624,Bureau of Reclamation,NA,NA,17254,20S23E08B002M,NA,Unknown,Unknown,5-022.11,Kaweah,Tulare,NA,Unknown,Unknown,NA,1961-02-10 - 1975-10-01,110,fall,82.5,129.9,NA,NA,1963,18030012,Above Normal,Above Normal,1962-10-01T00:00:00Z,1963-10-01T00:00:00Z,-119.502,36.2072
362072N1195016W002,947484,1962-09-18T00:00:00Z,243.25,243.75,0,129.4,113.85,129.4,129.9,NA,Unknown,Water level accuracy is unknown,1,Department of Water Resources,NA,624,Bureau of Reclamation,NA,NA,17254,20S23E08B002M,NA,Unknown,Unknown,5-022.11,Kaweah,Tulare,NA,Unknown,Unknown,NA,1961-02-10 - 1975-10-01,110,fall,82.5,129.9,NA,NA,1962,18030012,Above Normal,Above Normal,1961-10-01T00:00:00Z,1962-10-01T00:00:00Z,-119.502,36.2072
362072N1195016W002,947483,1962-08-22T00:00:00Z,243.25,243.75,0,116.5,126.75,116.5,117,NA,Unknown,Water level accuracy is unknown,1,Department of Water Resources,NA,624,Bureau of Reclamation,NA,NA,17254,20S23E08B002M,NA,Unknown,Unknown,5-022.11,Kaweah,Tulare,NA,Unknown,Unknown,NA,1961-02-10 - 1975-10-01,110,fall,82.5,129.9,NA,NA,1962,18030012,Above Normal,Above Normal,1961-10-01T00:00:00Z,1962-10-01T00:00:00Z,-119.502,36.2072
362072N1195016W002,947482,1962-07-23T00:00:00Z,243.25,243.75,0,114.7,128.55,114.7,115.2,NA,Unknown,Water level accuracy is unknown,1,Department of Water Resources,NA,624,Bureau of Reclamation,NA,NA,17254,20S23E08B002M,NA,Unknown,Unknown,5-022.11,Kaweah,Tulare,NA,Unknown,Unknown,NA,1961-02-10 - 1975-10-01,110,other,NA,NA,NA,NA,1962,18030012,Above Normal,Above Normal,1961-10-01T00:00:00Z,1962-10-01T00:00:00Z,-119.502,36.2072
362072N1195016W002,947481,1962-06-19T00:00:00Z,243.25,243.75,0,125.5,117.75,125.5,126,Nearby pump operating,Unknown,Water level accuracy is unknown,1,Department of Water Resources,NA,624,Bureau of Reclamation,NA,NA,17254,20S23E08B002M,NA,Unknown,Unknown,5-022.11,Kaweah,Tulare,NA,Unknown,Unknown,NA,1961-02-10 - 1975-10-01,110,other,NA,NA,NA,NA,1962,18030012,Above Normal,Above Normal,1961-10-01T00:00:00Z,1962-10-01T00:00:00Z,-119.502,36.2072
362072N1195016W002,947480,1962-05-22T00:00:00Z,243.25,243.75,0,111,132.25,111,111.5,NA,Unknown,Water level accuracy is unknown,1,Department of Water Resources,NA,624,Bureau of Reclamation,NA,NA,17254,20S23E08B002M,NA,Unknown,Unknown,5-022.11,Kaweah,Tulare,NA,Unknown,Unknown,NA,1961-02-10 - 1975-10-01,110,spring,NA,NA,92.5,123.5,1962,18030012,Above Normal,Above Normal,1961-10-01T00:00:00Z,1962-10-01T00:00:00Z,-119.502,36.2072
362072N1195016W002,947479,1962-04-23T00:00:00Z,243.25,243.75,0,123,120.25,123,123.5,Nearby pump operating,Unknown,Water level accuracy is unknown,1,Department of Water Resources,NA,624,Bureau of Reclamation,NA,NA,17254,20S23E08B002M,NA,Unknown,Unknown,5-022.11,Kaweah,Tulare,NA,Unknown,Unknown,NA,1961-02-10 - 1975-10-01,110,spring,NA,NA,92.5,123.5,1962,18030012,Above Normal,Above Normal,1961-10-01T00:00:00Z,1962-10-01T00:00:00Z,-119.502,36.2072
362072N1195016W002,947478,1962-03-27T00:00:00Z,243.25,243.75,0,109.1,134.15,109.1,109.6,NA,Unknown,Water level accuracy is unknown,1,Department of Water Resources,NA,624,Bureau of Reclamation,NA,NA,17254,20S23E08B002M,NA,Unknown,Unknown,5-022.11,Kaweah,Tulare,NA,Unknown,Unknown,NA,1961-02-10 - 1975-10-01,110,spring,NA,NA,92.5,123.5,1962,18030012,Above Normal,Above Normal,1961-10-01T00:00:00Z,1962-10-01T00:00:00Z,-119.502,36.2072
362072N1195016W002,947477,1962-02-28T00:00:00Z,243.25,243.75,0,109.2,134.05,109.2,109.7,NA,Unknown,Water level accuracy is unknown,1,Department of Water Resources,NA,624,Bureau of Reclamation,NA,NA,17254,20S23E08B002M,NA,Unknown,Unknown,5-022.11,Kaweah,Tulare,NA,Unknown,Unknown,NA,1961-02-10 - 1975-10-01,110,other,NA,NA,NA,NA,1962,18030012,Above Normal,Above Normal,1961-10-01T00:00:00Z,1962-10-01T00:00:00Z,-119.502,36.2072
362072N1195016W002,947476,1962-01-23T00:00:00Z,243.25,243.75,0,110.2,133.05,110.2,110.7,NA,Unknown,Water level accuracy is unknown,1,Department of Water Resources,NA,624,Bureau of Reclamation,NA,NA,17254,20S23E08B002M,NA,Unknown,Unknown,5-022.11,Kaweah,Tulare,NA,Unknown,Unknown,NA,1961-02-10 - 1975-10-01,110,other,NA,NA,NA,NA,1962,18030012,Above Normal,Above Normal,1961-10-01T00:00:00Z,1962-10-01T00:00:00Z,-119.502,36.2072
362072N1195016W002,947475,1961-12-20T00:00:00Z,243.25,243.75,0,111.5,131.75,111.5,112,NA,Unknown,Water level accuracy is unknown,1,Department of Water Resources,NA,624,Bureau of Reclamation,NA,NA,17254,20S23E08B002M,NA,Unknown,Unknown,5-022.11,Kaweah,Tulare,NA,Unknown,Unknown,NA,1961-02-10 - 1975-10-01,110,other,NA,NA,NA,NA,1962,18030012,Above Normal,Above Normal,1961-10-01T00:00:00Z,1962-10-01T00:00:00Z,-119.502,36.2072
362072N1195016W002,947474,1961-11-28T00:00:00Z,243.25,243.75,0,112.4,130.85,112.4,112.9,NA,Unknown,Water level accuracy is unknown,1,Department of Water Resources,NA,624,Bureau of Reclamation,NA,NA,17254,20S23E08B002M,NA,Unknown,Unknown,5-022.11,Kaweah,Tulare,NA,Unknown,Unknown,NA,1961-02-10 - 1975-10-01,110,fall,82.5,129.9,NA,NA,1962,18030012,Above Normal,Above Normal,1961-10-01T00:00:00Z,1962-10-01T00:00:00Z,-119.502,36.2072
362072N1195016W002,947473,1961-10-25T00:00:00Z,243.25,243.75,0,124.9,118.35,124.9,125.4,Nearby pump operating,Unknown,Water level accuracy is unknown,1,Department of Water Resources,NA,624,Bureau of Reclamation,NA,NA,17254,20S23E08B002M,NA,Unknown,Unknown,5-022.11,Kaweah,Tulare,NA,Unknown,Unknown,NA,1961-02-10 - 1975-10-01,110,fall,82.5,129.9,NA,NA,1962,18030012,Above Normal,Above Normal,1961-10-01T00:00:00Z,1962-10-01T00:00:00Z,-119.502,36.2072
362072N1195016W002,947472,1961-09-20T00:00:00Z,243.25,243.75,0,114.9,128.35,114.9,115.4,NA,Unknown,Water level accuracy is unknown,1,Department of Water Resources,NA,624,Bureau of Reclamation,NA,NA,17254,20S23E08B002M,NA,Unknown,Unknown,5-022.11,Kaweah,Tulare,NA,Unknown,Unknown,NA,1961-02-10 - 1975-10-01,110,fall,82.5,129.9,NA,NA,1961,18030012,Critical,Critical,1960-10-01T00:00:00Z,1961-10-01T00:00:00Z,-119.502,36.2072
362072N1195016W002,947471,1961-08-31T00:00:00Z,243.25,243.75,0,113.8,129.45,113.8,114.3,NA,Unknown,Water level accuracy is unknown,1,Department of Water Resources,NA,624,Bureau of Reclamation,NA,NA,17254,20S23E08B002M,NA,Unknown,Unknown,5-022.11,Kaweah,Tulare,NA,Unknown,Unknown,NA,1961-02-10 - 1975-10-01,110,fall,82.5,129.9,NA,NA,1961,18030012,Critical,Critical,1960-10-01T00:00:00Z,1961-10-01T00:00:00Z,-119.502,36.2072
362072N1195016W002,947470,1961-07-26T00:00:00Z,243.25,243.75,0,111.6,131.65,111.6,112.1,NA,Unknown,Water level accuracy is unknown,1,Department of Water Resources,NA,624,Bureau of Reclamation,NA,NA,17254,20S23E08B002M,NA,Unknown,Unknown,5-022.11,Kaweah,Tulare,NA,Unknown,Unknown,NA,1961-02-10 - 1975-10-01,110,other,NA,NA,NA,NA,1961,18030012,Critical,Critical,1960-10-01T00:00:00Z,1961-10-01T00:00:00Z,-119.502,36.2072
362072N1195016W002,947469,1961-02-10T00:00:00Z,243.25,243.75,0,117.1,126.15,117.1,117.6,NA,Unknown,Water level accuracy is unknown,1,Department of Water Resources,NA,1,Department of Water Resources,NA,NA,17254,20S23E08B002M,NA,Unknown,Unknown,5-022.11,Kaweah,Tulare,NA,Unknown,Unknown,NA,1961-02-10 - 1975-10-01,110,other,NA,NA,NA,NA,1961,18030012,Critical,Critical,1960-10-01T00:00:00Z,1961-10-01T00:00:00Z,-119.502,36.2072
