SITE_CODE,WLM_ID,MSMT_DATE,WLM_RPE,WLM_GSE,RDNG_WS,RDNG_RP,WSE,RPE_WSE,GSE_WSE,WLM_QA_DESC,WLM_DESC,WLM_ACC_DESC,WLM_ORG_ID,WLM_ORG_NAME,MSMT_CMT,COOP_AGENCY_ORG_ID,COOP_ORG_NAME,TOP_PRF,BOT_PRF,STN_ID,SWN,WELL_NAME,WLM_METHOD,WLM_ACC,BASIN_CODE,BASIN_NAME,COUNTY_NAME,WELL_DEPTH,WELL_USE,WELL_TYPE,WCR_NO,t_range,n_samples,season,fall_high,fall_low,spring_high,spring_low,water_year,HUC8,WYT,water_year_type,water_year_start,water_year_end,X,Y
362072N1195016W003,947617,1975-10-01T00:00:00Z,244.75,243.75,NA,NA,NA,NA,NA,Well has been destroyed,NA,NA,1,Department of Water Resources,NA,5030,Tulare Irrigation District,NA,NA,35764,20S23E08B003M,NA,Unknown,Unknown,5-022.11,Kaweah,Tulare,NA,Unknown,Unknown,NA,1961-02-10 - 1975-10-01,39,fall,75,144.4,NA,NA,1976,18030012,Above Normal,Above Normal,1975-10-01T00:00:00Z,1976-10-01T00:00:00Z,-119.502,36.2072
362072N1195016W003,947616,1975-02-11T00:00:00Z,244.75,243.75,NA,NA,NA,NA,NA,Can't get tape in casing,NA,NA,1,Department of Water Resources,NA,5030,Tulare Irrigation District,NA,NA,35764,20S23E08B003M,NA,Unknown,Unknown,5-022.11,Kaweah,Tulare,NA,Unknown,Unknown,NA,1961-02-10 - 1975-10-01,39,other,NA,NA,NA,NA,1975,18030012,Above Normal,Above Normal,1974-10-01T00:00:00Z,1975-10-01T00:00:00Z,-119.502,36.2072
362072N1195016W003,947615,1974-10-04T00:00:00Z,244.75,243.75,0,76,168.75,76,75,NA,Unknown,Water level accuracy is unknown,1,Department of Water Resources,NA,5155,Kaweah Delta Water Conservation District,NA,NA,35764,20S23E08B003M,NA,Unknown,Unknown,5-022.11,Kaweah,Tulare,NA,Unknown,Unknown,NA,1961-02-10 - 1975-10-01,39,fall,75,144.4,NA,NA,1975,18030012,Above Normal,Above Normal,1974-10-01T00:00:00Z,1975-10-01T00:00:00Z,-119.502,36.2072
362072N1195016W003,947614,1974-09-24T00:00:00Z,244.75,243.75,NA,NA,NA,NA,NA,Unable to locate well,NA,NA,1,Department of Water Resources,NA,1083,KINGS COUNTY WATER DISTRICT,NA,NA,35764,20S23E08B003M,NA,Unknown,Unknown,5-022.11,Kaweah,Tulare,NA,Unknown,Unknown,NA,1961-02-10 - 1975-10-01,39,fall,75,144.4,NA,NA,1974,18030012,Wet,Wet,1973-10-01T00:00:00Z,1974-10-01T00:00:00Z,-119.502,36.2072
362072N1195016W003,947613,1974-01-24T00:00:00Z,244.75,243.75,NA,NA,NA,NA,NA,Unable to locate well,NA,NA,1,Department of Water Resources,NA,5030,Tulare Irrigation District,NA,NA,35764,20S23E08B003M,NA,Unknown,Unknown,5-022.11,Kaweah,Tulare,NA,Unknown,Unknown,NA,1961-02-10 - 1975-10-01,39,other,NA,NA,NA,NA,1974,18030012,Wet,Wet,1973-10-01T00:00:00Z,1974-10-01T00:00:00Z,-119.502,36.2072
362072N1195016W003,947612,1973-10-02T00:00:00Z,244.75,243.75,NA,NA,NA,NA,NA,Unable to locate well,NA,NA,1,Department of Water Resources,NA,5030,Tulare Irrigation District,NA,NA,35764,20S23E08B003M,NA,Unknown,Unknown,5-022.11,Kaweah,Tulare,NA,Unknown,Unknown,NA,1961-02-10 - 1975-10-01,39,fall,75,144.4,NA,NA,1974,18030012,Wet,Wet,1973-10-01T00:00:00Z,1974-10-01T00:00:00Z,-119.502,36.2072
362072N1195016W003,947611,1973-02-20T00:00:00Z,244.75,243.75,0,78.6,166.15,78.6,77.6,NA,Unknown,Water level accuracy is unknown,1,Department of Water Resources,NA,1083,KINGS COUNTY WATER DISTRICT,NA,NA,35764,20S23E08B003M,NA,Unknown,Unknown,5-022.11,Kaweah,Tulare,NA,Unknown,Unknown,NA,1961-02-10 - 1975-10-01,39,other,NA,NA,NA,NA,1973,18030012,Wet,Wet,1972-10-01T00:00:00Z,1973-10-01T00:00:00Z,-119.502,36.2072
362072N1195016W003,947610,1973-02-14T00:00:00Z,244.75,243.75,NA,NA,NA,NA,NA,Temporarily inaccessible,NA,NA,1,Department of Water Resources,NA,5030,Tulare Irrigation District,NA,NA,35764,20S23E08B003M,NA,Unknown,Unknown,5-022.11,Kaweah,Tulare,NA,Unknown,Unknown,NA,1961-02-10 - 1975-10-01,39,other,NA,NA,NA,NA,1973,18030012,Wet,Wet,1972-10-01T00:00:00Z,1973-10-01T00:00:00Z,-119.502,36.2072
362072N1195016W003,947609,1972-10-11T00:00:00Z,244.75,243.75,0,105,139.75,105,104,NA,Unknown,Water level accuracy is unknown,1,Department of Water Resources,NA,5030,Tulare Irrigation District,NA,NA,35764,20S23E08B003M,NA,Unknown,Unknown,5-022.11,Kaweah,Tulare,NA,Unknown,Unknown,NA,1961-02-10 - 1975-10-01,39,fall,75,144.4,NA,NA,1973,18030012,Wet,Wet,1972-10-01T00:00:00Z,1973-10-01T00:00:00Z,-119.502,36.2072
362072N1195016W003,947608,1972-10-10T00:00:00Z,244.75,243.75,0,105,139.75,105,104,NA,Unknown,Water level accuracy is unknown,1,Department of Water Resources,NA,1083,KINGS COUNTY WATER DISTRICT,NA,NA,35764,20S23E08B003M,NA,Unknown,Unknown,5-022.11,Kaweah,Tulare,NA,Unknown,Unknown,NA,1961-02-10 - 1975-10-01,39,fall,75,144.4,NA,NA,1973,18030012,Wet,Wet,1972-10-01T00:00:00Z,1973-10-01T00:00:00Z,-119.502,36.2072
362072N1195016W003,947607,1972-02-23T00:00:00Z,244.75,243.75,0,97.4,147.35,97.4,96.4,NA,Unknown,Water level accuracy is unknown,1,Department of Water Resources,NA,5030,Tulare Irrigation District,NA,NA,35764,20S23E08B003M,NA,Unknown,Unknown,5-022.11,Kaweah,Tulare,NA,Unknown,Unknown,NA,1961-02-10 - 1975-10-01,39,other,NA,NA,NA,NA,1972,18030012,Critical,Critical,1971-10-01T00:00:00Z,1972-10-01T00:00:00Z,-119.502,36.2072
362072N1195016W003,947606,1972-01-24T00:00:00Z,244.75,243.75,0,91.8,152.95,91.8,90.8,NA,Unknown,Water level accuracy is unknown,1,Department of Water Resources,NA,1083,KINGS COUNTY WATER DISTRICT,NA,NA,35764,20S23E08B003M,NA,Unknown,Unknown,5-022.11,Kaweah,Tulare,NA,Unknown,Unknown,NA,1961-02-10 - 1975-10-01,39,other,NA,NA,NA,NA,1972,18030012,Critical,Critical,1971-10-01T00:00:00Z,1972-10-01T00:00:00Z,-119.502,36.2072
362072N1195016W003,947605,1971-10-13T00:00:00Z,244.75,243.75,0,90.5,154.25,90.5,89.5,NA,Unknown,Water level accuracy is unknown,1,Department of Water Resources,NA,5030,Tulare Irrigation District,NA,NA,35764,20S23E08B003M,NA,Unknown,Unknown,5-022.11,Kaweah,Tulare,NA,Unknown,Unknown,NA,1961-02-10 - 1975-10-01,39,fall,75,144.4,NA,NA,1972,18030012,Critical,Critical,1971-10-01T00:00:00Z,1972-10-01T00:00:00Z,-119.502,36.2072
362072N1195016W003,947604,1971-09-20T00:00:00Z,244.75,243.75,0,102.1,142.65,102.1,101.1,NA,Unknown,Water level accuracy is unknown,1,Department of Water Resources,NA,1083,KINGS COUNTY WATER DISTRICT,NA,NA,35764,20S23E08B003M,NA,Unknown,Unknown,5-022.11,Kaweah,Tulare,NA,Unknown,Unknown,NA,1961-02-10 - 1975-10-01,39,fall,75,144.4,NA,NA,1971,18030012,Dry,Dry,1970-10-01T00:00:00Z,1971-10-01T00:00:00Z,-119.502,36.2072
362072N1195016W003,947603,1971-02-19T00:00:00Z,244.75,243.75,0,75.1,169.65,75.1,74.1,NA,Unknown,Water level accuracy is unknown,1,Department of Water Resources,NA,1083,KINGS COUNTY WATER DISTRICT,NA,NA,35764,20S23E08B003M,NA,Unknown,Unknown,5-022.11,Kaweah,Tulare,NA,Unknown,Unknown,NA,1961-02-10 - 1975-10-01,39,other,NA,NA,NA,NA,1971,18030012,Dry,Dry,1970-10-01T00:00:00Z,1971-10-01T00:00:00Z,-119.502,36.2072
362072N1195016W003,947602,1971-02-17T00:00:00Z,244.75,243.75,0,76,168.75,76,75,NA,Unknown,Water level accuracy is unknown,1,Department of Water Resources,NA,5030,Tulare Irrigation District,NA,NA,35764,20S23E08B003M,NA,Unknown,Unknown,5-022.11,Kaweah,Tulare,NA,Unknown,Unknown,NA,1961-02-10 - 1975-10-01,39,other,NA,NA,NA,NA,1971,18030012,Dry,Dry,1970-10-01T00:00:00Z,1971-10-01T00:00:00Z,-119.502,36.2072
362072N1195016W003,947601,1970-10-18T00:00:00Z,244.75,243.75,0,93.5,151.25,93.5,92.5,NA,Unknown,Water level accuracy is unknown,1,Department of Water Resources,NA,1083,KINGS COUNTY WATER DISTRICT,NA,NA,35764,20S23E08B003M,NA,Unknown,Unknown,5-022.11,Kaweah,Tulare,NA,Unknown,Unknown,NA,1961-02-10 - 1975-10-01,39,fall,75,144.4,NA,NA,1971,18030012,Dry,Dry,1970-10-01T00:00:00Z,1971-10-01T00:00:00Z,-119.502,36.2072
362072N1195016W003,947600,1970-02-23T00:00:00Z,244.75,243.75,0,77.3,167.45,77.3,76.3,NA,Unknown,Water level accuracy is unknown,1,Department of Water Resources,NA,1083,KINGS COUNTY WATER DISTRICT,NA,NA,35764,20S23E08B003M,NA,Unknown,Unknown,5-022.11,Kaweah,Tulare,NA,Unknown,Unknown,NA,1961-02-10 - 1975-10-01,39,other,NA,NA,NA,NA,1970,18030012,Wet,Wet,1969-10-01T00:00:00Z,1970-10-01T00:00:00Z,-119.502,36.2072
362072N1195016W003,947599,1969-09-28T00:00:00Z,244.75,243.75,0,93.6,151.15,93.6,92.6,NA,Unknown,Water level accuracy is unknown,1,Department of Water Resources,NA,1083,KINGS COUNTY WATER DISTRICT,NA,NA,35764,20S23E08B003M,NA,Unknown,Unknown,5-022.11,Kaweah,Tulare,NA,Unknown,Unknown,NA,1961-02-10 - 1975-10-01,39,fall,75,144.4,NA,NA,1969,18030012,Wet,Wet,1968-10-01T00:00:00Z,1969-10-01T00:00:00Z,-119.502,36.2072
362072N1195016W003,947598,1969-02-27T00:00:00Z,244.75,243.75,0,102.8,141.95,102.8,101.8,NA,Unknown,Water level accuracy is unknown,1,Department of Water Resources,NA,1083,KINGS COUNTY WATER DISTRICT,NA,NA,35764,20S23E08B003M,NA,Unknown,Unknown,5-022.11,Kaweah,Tulare,NA,Unknown,Unknown,NA,1961-02-10 - 1975-10-01,39,other,NA,NA,NA,NA,1969,18030012,Wet,Wet,1968-10-01T00:00:00Z,1969-10-01T00:00:00Z,-119.502,36.2072
362072N1195016W003,947597,1968-10-07T00:00:00Z,244.75,243.75,0,117.8,126.95,117.8,116.8,NA,Unknown,Water level accuracy is unknown,1,Department of Water Resources,NA,1083,KINGS COUNTY WATER DISTRICT,NA,NA,35764,20S23E08B003M,NA,Unknown,Unknown,5-022.11,Kaweah,Tulare,NA,Unknown,Unknown,NA,1961-02-10 - 1975-10-01,39,fall,75,144.4,NA,NA,1969,18030012,Wet,Wet,1968-10-01T00:00:00Z,1969-10-01T00:00:00Z,-119.502,36.2072
362072N1195016W003,947596,1968-02-01T00:00:00Z,244.75,243.75,0,94.6,150.15,94.6,93.6,NA,Unknown,Water level accuracy is unknown,1,Department of Water Resources,NA,1083,KINGS COUNTY WATER DISTRICT,NA,NA,35764,20S23E08B003M,NA,Unknown,Unknown,5-022.11,Kaweah,Tulare,NA,Unknown,Unknown,NA,1961-02-10 - 1975-10-01,39,other,NA,NA,NA,NA,1968,18030012,Below Normal,Below Normal,1967-10-01T00:00:00Z,1968-10-01T00:00:00Z,-119.502,36.2072
362072N1195016W003,947595,1967-09-28T00:00:00Z,244.75,243.75,0,106.1,138.65,106.1,105.1,NA,Unknown,Water level accuracy is unknown,1,Department of Water Resources,NA,1083,KINGS COUNTY WATER DISTRICT,NA,NA,35764,20S23E08B003M,NA,Unknown,Unknown,5-022.11,Kaweah,Tulare,NA,Unknown,Unknown,NA,1961-02-10 - 1975-10-01,39,fall,75,144.4,NA,NA,1967,18030012,Wet,Wet,1966-10-01T00:00:00Z,1967-10-01T00:00:00Z,-119.502,36.2072
362072N1195016W003,947594,1967-02-16T00:00:00Z,244.75,243.75,0,108.2,136.55,108.2,107.2,NA,Unknown,Water level accuracy is unknown,1,Department of Water Resources,NA,1083,KINGS COUNTY WATER DISTRICT,NA,NA,35764,20S23E08B003M,NA,Unknown,Unknown,5-022.11,Kaweah,Tulare,NA,Unknown,Unknown,NA,1961-02-10 - 1975-10-01,39,other,NA,NA,NA,NA,1967,18030012,Wet,Wet,1966-10-01T00:00:00Z,1967-10-01T00:00:00Z,-119.502,36.2072
362072N1195016W003,947593,1966-10-02T00:00:00Z,244.75,243.75,0,145.4,99.35,145.4,144.4,NA,Unknown,Water level accuracy is unknown,1,Department of Water Resources,NA,1083,KINGS COUNTY WATER DISTRICT,NA,NA,35764,20S23E08B003M,NA,Unknown,Unknown,5-022.11,Kaweah,Tulare,NA,Unknown,Unknown,NA,1961-02-10 - 1975-10-01,39,fall,75,144.4,NA,NA,1967,18030012,Wet,Wet,1966-10-01T00:00:00Z,1967-10-01T00:00:00Z,-119.502,36.2072
362072N1195016W003,947592,1966-02-24T00:00:00Z,244.75,243.75,0,103.4,141.35,103.4,102.4,NA,Unknown,Water level accuracy is unknown,1,Department of Water Resources,NA,1083,KINGS COUNTY WATER DISTRICT,NA,NA,35764,20S23E08B003M,NA,Unknown,Unknown,5-022.11,Kaweah,Tulare,NA,Unknown,Unknown,NA,1961-02-10 - 1975-10-01,39,other,NA,NA,NA,NA,1966,18030012,Below Normal,Below Normal,1965-10-01T00:00:00Z,1966-10-01T00:00:00Z,-119.502,36.2072
362072N1195016W003,947591,1966-01-28T00:00:00Z,244.75,243.75,0,99.7,145.05,99.7,98.7,NA,Unknown,Water level accuracy is unknown,1,Department of Water Resources,NA,5030,Tulare Irrigation District,NA,NA,35764,20S23E08B003M,NA,Unknown,Unknown,5-022.11,Kaweah,Tulare,NA,Unknown,Unknown,NA,1961-02-10 - 1975-10-01,39,other,NA,NA,NA,NA,1966,18030012,Below Normal,Below Normal,1965-10-01T00:00:00Z,1966-10-01T00:00:00Z,-119.502,36.2072
362072N1195016W003,947590,1965-10-14T00:00:00Z,244.75,243.75,0,126.1,118.65,126.1,125.1,NA,Unknown,Water level accuracy is unknown,1,Department of Water Resources,NA,1083,KINGS COUNTY WATER DISTRICT,NA,NA,35764,20S23E08B003M,NA,Unknown,Unknown,5-022.11,Kaweah,Tulare,NA,Unknown,Unknown,NA,1961-02-10 - 1975-10-01,39,fall,75,144.4,NA,NA,1966,18030012,Below Normal,Below Normal,1965-10-01T00:00:00Z,1966-10-01T00:00:00Z,-119.502,36.2072
362072N1195016W003,947589,1965-02-08T00:00:00Z,244.75,243.75,0,106.4,138.35,106.4,105.4,NA,Unknown,Water level accuracy is unknown,1,Department of Water Resources,NA,1083,KINGS COUNTY WATER DISTRICT,NA,NA,35764,20S23E08B003M,NA,Unknown,Unknown,5-022.11,Kaweah,Tulare,NA,Unknown,Unknown,NA,1961-02-10 - 1975-10-01,39,other,NA,NA,NA,NA,1965,18030012,Below Normal,Below Normal,1964-10-01T00:00:00Z,1965-10-01T00:00:00Z,-119.502,36.2072
362072N1195016W003,947588,1965-02-03T00:00:00Z,244.75,243.75,0,109,135.75,109,108,NA,Unknown,Water level accuracy is unknown,1,Department of Water Resources,NA,5030,Tulare Irrigation District,NA,NA,35764,20S23E08B003M,NA,Unknown,Unknown,5-022.11,Kaweah,Tulare,NA,Unknown,Unknown,NA,1961-02-10 - 1975-10-01,39,other,NA,NA,NA,NA,1965,18030012,Below Normal,Below Normal,1964-10-01T00:00:00Z,1965-10-01T00:00:00Z,-119.502,36.2072
362072N1195016W003,947587,1964-09-30T00:00:00Z,244.75,243.75,0,139.7,105.05,139.7,138.7,NA,Unknown,Water level accuracy is unknown,1,Department of Water Resources,NA,5030,Tulare Irrigation District,NA,NA,35764,20S23E08B003M,NA,Unknown,Unknown,5-022.11,Kaweah,Tulare,NA,Unknown,Unknown,NA,1961-02-10 - 1975-10-01,39,fall,75,144.4,NA,NA,1964,18030012,Dry,Dry,1963-10-01T00:00:00Z,1964-10-01T00:00:00Z,-119.502,36.2072
362072N1195016W003,947586,1964-09-26T00:00:00Z,244.75,243.75,0,137.8,106.95,137.8,136.8,NA,Unknown,Water level accuracy is unknown,1,Department of Water Resources,NA,1083,KINGS COUNTY WATER DISTRICT,NA,NA,35764,20S23E08B003M,NA,Unknown,Unknown,5-022.11,Kaweah,Tulare,NA,Unknown,Unknown,NA,1961-02-10 - 1975-10-01,39,fall,75,144.4,NA,NA,1964,18030012,Dry,Dry,1963-10-01T00:00:00Z,1964-10-01T00:00:00Z,-119.502,36.2072
362072N1195016W003,947585,1964-02-08T00:00:00Z,244.75,243.75,0,100.3,144.45,100.3,99.3,NA,Unknown,Water level accuracy is unknown,1,Department of Water Resources,NA,1083,KINGS COUNTY WATER DISTRICT,NA,NA,35764,20S23E08B003M,NA,Unknown,Unknown,5-022.11,Kaweah,Tulare,NA,Unknown,Unknown,NA,1961-02-10 - 1975-10-01,39,other,NA,NA,NA,NA,1964,18030012,Dry,Dry,1963-10-01T00:00:00Z,1964-10-01T00:00:00Z,-119.502,36.2072
362072N1195016W003,947584,1963-09-26T00:00:00Z,244.75,243.75,0,123.5,121.25,123.5,122.5,NA,Unknown,Water level accuracy is unknown,1,Department of Water Resources,NA,624,Bureau of Reclamation,NA,NA,35764,20S23E08B003M,NA,Unknown,Unknown,5-022.11,Kaweah,Tulare,NA,Unknown,Unknown,NA,1961-02-10 - 1975-10-01,39,fall,75,144.4,NA,NA,1963,18030012,Above Normal,Above Normal,1962-10-01T00:00:00Z,1963-10-01T00:00:00Z,-119.502,36.2072
362072N1195016W003,947583,1963-01-21T00:00:00Z,244.75,243.75,0,118,126.75,118,117,NA,Unknown,Water level accuracy is unknown,1,Department of Water Resources,NA,624,Bureau of Reclamation,NA,NA,35764,20S23E08B003M,NA,Unknown,Unknown,5-022.11,Kaweah,Tulare,NA,Unknown,Unknown,NA,1961-02-10 - 1975-10-01,39,other,NA,NA,NA,NA,1963,18030012,Above Normal,Above Normal,1962-10-01T00:00:00Z,1963-10-01T00:00:00Z,-119.502,36.2072
362072N1195016W003,947582,1962-10-15T00:00:00Z,244.75,243.75,0,124.2,120.55,124.2,123.2,NA,Unknown,Water level accuracy is unknown,1,Department of Water Resources,NA,624,Bureau of Reclamation,NA,NA,35764,20S23E08B003M,NA,Unknown,Unknown,5-022.11,Kaweah,Tulare,NA,Unknown,Unknown,NA,1961-02-10 - 1975-10-01,39,fall,75,144.4,NA,NA,1963,18030012,Above Normal,Above Normal,1962-10-01T00:00:00Z,1963-10-01T00:00:00Z,-119.502,36.2072
362072N1195016W003,947581,1962-01-23T00:00:00Z,244.75,243.75,0,112,132.75,112,111,NA,Unknown,Water level accuracy is unknown,1,Department of Water Resources,NA,624,Bureau of Reclamation,NA,NA,35764,20S23E08B003M,NA,Unknown,Unknown,5-022.11,Kaweah,Tulare,NA,Unknown,Unknown,NA,1961-02-10 - 1975-10-01,39,other,NA,NA,NA,NA,1962,18030012,Above Normal,Above Normal,1961-10-01T00:00:00Z,1962-10-01T00:00:00Z,-119.502,36.2072
362072N1195016W003,947580,1961-09-20T00:00:00Z,244.75,243.75,0,133.8,110.95,133.8,132.8,NA,Unknown,Water level accuracy is unknown,1,Department of Water Resources,NA,624,Bureau of Reclamation,NA,NA,35764,20S23E08B003M,NA,Unknown,Unknown,5-022.11,Kaweah,Tulare,NA,Unknown,Unknown,NA,1961-02-10 - 1975-10-01,39,fall,75,144.4,NA,NA,1961,18030012,Critical,Critical,1960-10-01T00:00:00Z,1961-10-01T00:00:00Z,-119.502,36.2072
362072N1195016W003,947579,1961-02-10T00:00:00Z,244.75,243.75,0,108.7,136.05,108.7,107.7,NA,Unknown,Water level accuracy is unknown,1,Department of Water Resources,NA,1,Department of Water Resources,NA,NA,35764,20S23E08B003M,NA,Unknown,Unknown,5-022.11,Kaweah,Tulare,NA,Unknown,Unknown,NA,1961-02-10 - 1975-10-01,39,other,NA,NA,NA,NA,1961,18030012,Critical,Critical,1960-10-01T00:00:00Z,1961-10-01T00:00:00Z,-119.502,36.2072
