SITE_CODE,WLM_ID,MSMT_DATE,WLM_RPE,WLM_GSE,RDNG_WS,RDNG_RP,WSE,RPE_WSE,GSE_WSE,WLM_QA_DESC,WLM_DESC,WLM_ACC_DESC,WLM_ORG_ID,WLM_ORG_NAME,MSMT_CMT,COOP_AGENCY_ORG_ID,COOP_ORG_NAME,TOP_PRF,BOT_PRF,STN_ID,SWN,WELL_NAME,WLM_METHOD,WLM_ACC,BASIN_CODE,BASIN_NAME,COUNTY_NAME,WELL_DEPTH,WELL_USE,WELL_TYPE,WCR_NO,t_range,n_samples,season,fall_high,fall_low,spring_high,spring_low,water_year,HUC8,WYT,water_year_type,water_year_start,water_year_end,X,Y
362039N1194052W001,949564,1984-02-22T00:00:00Z,266.22,265.22,NA,NA,NA,NA,NA,Measurement Discontinued,NA,NA,1,Department of Water Resources,NA,624,Bureau of Reclamation,NA,NA,36059,20S24E07H001M,NA,Unknown,Unknown,5-022.11,Kaweah,Tulare,NA,Unknown,Unknown,NA,1963-02-13 - 1984-02-22,38,other,NA,NA,NA,NA,1984,18030012,Above Normal,Above Normal,1983-10-01T00:00:00Z,1984-10-01T00:00:00Z,-119.405,36.2039
362039N1194052W001,949563,1983-10-19T00:00:00Z,266.22,265.22,NA,NA,NA,NA,NA,Can't get tape in casing,NA,NA,1,Department of Water Resources,NA,624,Bureau of Reclamation,NA,NA,36059,20S24E07H001M,NA,Unknown,Unknown,5-022.11,Kaweah,Tulare,NA,Unknown,Unknown,NA,1963-02-13 - 1984-02-22,38,fall,87,108.5,NA,NA,1984,18030012,Above Normal,Above Normal,1983-10-01T00:00:00Z,1984-10-01T00:00:00Z,-119.405,36.2039
362039N1194052W001,949562,1983-02-14T00:00:00Z,266.22,265.22,NA,NA,NA,NA,NA,Can't get tape in casing,NA,NA,1,Department of Water Resources,NA,5030,Tulare Irrigation District,NA,NA,36059,20S24E07H001M,NA,Unknown,Unknown,5-022.11,Kaweah,Tulare,NA,Unknown,Unknown,NA,1963-02-13 - 1984-02-22,38,other,NA,NA,NA,NA,1983,18030012,Wet,Wet,1982-10-01T00:00:00Z,1983-10-01T00:00:00Z,-119.405,36.2039
362039N1194052W001,949561,1982-10-08T00:00:00Z,266.22,265.22,NA,NA,NA,NA,NA,Can't get tape in casing,NA,NA,1,Department of Water Resources,NA,5030,Tulare Irrigation District,NA,NA,36059,20S24E07H001M,NA,Unknown,Unknown,5-022.11,Kaweah,Tulare,NA,Unknown,Unknown,NA,1963-02-13 - 1984-02-22,38,fall,87,108.5,NA,NA,1983,18030012,Wet,Wet,1982-10-01T00:00:00Z,1983-10-01T00:00:00Z,-119.405,36.2039
362039N1194052W001,949560,1982-02-08T00:00:00Z,266.22,265.22,0,83,183.22,83,82,NA,Unknown,Water level accuracy is unknown,1,Department of Water Resources,NA,624,Bureau of Reclamation,NA,NA,36059,20S24E07H001M,NA,Unknown,Unknown,5-022.11,Kaweah,Tulare,NA,Unknown,Unknown,NA,1963-02-13 - 1984-02-22,38,other,NA,NA,NA,NA,1982,18030012,Wet,Wet,1981-10-01T00:00:00Z,1982-10-01T00:00:00Z,-119.405,36.2039
362039N1194052W001,949559,1981-09-23T00:00:00Z,266.22,265.22,0,101,165.22,101,100,NA,Unknown,Water level accuracy is unknown,1,Department of Water Resources,NA,624,Bureau of Reclamation,NA,NA,36059,20S24E07H001M,NA,Unknown,Unknown,5-022.11,Kaweah,Tulare,NA,Unknown,Unknown,NA,1963-02-13 - 1984-02-22,38,fall,87,108.5,NA,NA,1981,18030012,Below Normal,Below Normal,1980-10-01T00:00:00Z,1981-10-01T00:00:00Z,-119.405,36.2039
362039N1194052W001,949558,1981-01-29T00:00:00Z,266.22,265.22,0,84,182.22,84,83,NA,Unknown,Water level accuracy is unknown,1,Department of Water Resources,NA,5030,Tulare Irrigation District,NA,NA,36059,20S24E07H001M,NA,Unknown,Unknown,5-022.11,Kaweah,Tulare,NA,Unknown,Unknown,NA,1963-02-13 - 1984-02-22,38,other,NA,NA,NA,NA,1981,18030012,Below Normal,Below Normal,1980-10-01T00:00:00Z,1981-10-01T00:00:00Z,-119.405,36.2039
362039N1194052W001,949557,1980-09-26T00:00:00Z,266.22,265.22,0,88,178.22,88,87,NA,Unknown,Water level accuracy is unknown,1,Department of Water Resources,NA,5030,Tulare Irrigation District,NA,NA,36059,20S24E07H001M,NA,Unknown,Unknown,5-022.11,Kaweah,Tulare,NA,Unknown,Unknown,NA,1963-02-13 - 1984-02-22,38,fall,87,108.5,NA,NA,1980,18030012,Wet,Wet,1979-10-01T00:00:00Z,1980-10-01T00:00:00Z,-119.405,36.2039
362039N1194052W001,949556,1980-01-25T00:00:00Z,266.22,265.22,0,86,180.22,86,85,NA,Unknown,Water level accuracy is unknown,1,Department of Water Resources,NA,5030,Tulare Irrigation District,NA,NA,36059,20S24E07H001M,NA,Unknown,Unknown,5-022.11,Kaweah,Tulare,NA,Unknown,Unknown,NA,1963-02-13 - 1984-02-22,38,other,NA,NA,NA,NA,1980,18030012,Wet,Wet,1979-10-01T00:00:00Z,1980-10-01T00:00:00Z,-119.405,36.2039
362039N1194052W001,949555,1979-09-27T00:00:00Z,266.22,265.22,0,92.5,173.72,92.5,91.5,NA,Unknown,Water level accuracy is unknown,1,Department of Water Resources,NA,5030,Tulare Irrigation District,NA,NA,36059,20S24E07H001M,NA,Unknown,Unknown,5-022.11,Kaweah,Tulare,NA,Unknown,Unknown,NA,1963-02-13 - 1984-02-22,38,fall,87,108.5,NA,NA,1979,18030012,Wet,Wet,1978-10-01T00:00:00Z,1979-10-01T00:00:00Z,-119.405,36.2039
362039N1194052W001,949554,1979-01-23T00:00:00Z,266.22,265.22,0,84.5,181.72,84.5,83.5,NA,Unknown,Water level accuracy is unknown,1,Department of Water Resources,NA,5030,Tulare Irrigation District,NA,NA,36059,20S24E07H001M,NA,Unknown,Unknown,5-022.11,Kaweah,Tulare,NA,Unknown,Unknown,NA,1963-02-13 - 1984-02-22,38,other,NA,NA,NA,NA,1979,18030012,Wet,Wet,1978-10-01T00:00:00Z,1979-10-01T00:00:00Z,-119.405,36.2039
362039N1194052W001,949553,1978-10-03T00:00:00Z,266.22,265.22,0,89,177.22,89,88,NA,Unknown,Water level accuracy is unknown,1,Department of Water Resources,NA,5030,Tulare Irrigation District,NA,NA,36059,20S24E07H001M,NA,Unknown,Unknown,5-022.11,Kaweah,Tulare,NA,Unknown,Unknown,NA,1963-02-13 - 1984-02-22,38,fall,87,108.5,NA,NA,1979,18030012,Wet,Wet,1978-10-01T00:00:00Z,1979-10-01T00:00:00Z,-119.405,36.2039
362039N1194052W001,949552,1978-02-01T00:00:00Z,266.22,265.22,0,104.5,161.72,104.5,103.5,NA,Unknown,Water level accuracy is unknown,1,Department of Water Resources,NA,5030,Tulare Irrigation District,NA,NA,36059,20S24E07H001M,NA,Unknown,Unknown,5-022.11,Kaweah,Tulare,NA,Unknown,Unknown,NA,1963-02-13 - 1984-02-22,38,other,NA,NA,NA,NA,1978,18030012,Wet,Wet,1977-10-01T00:00:00Z,1978-10-01T00:00:00Z,-119.405,36.2039
362039N1194052W001,949551,1977-10-04T00:00:00Z,266.22,265.22,0,103,163.22,103,102,NA,Unknown,Water level accuracy is unknown,1,Department of Water Resources,NA,5030,Tulare Irrigation District,NA,NA,36059,20S24E07H001M,NA,Unknown,Unknown,5-022.11,Kaweah,Tulare,NA,Unknown,Unknown,NA,1963-02-13 - 1984-02-22,38,fall,87,108.5,NA,NA,1978,18030012,Wet,Wet,1977-10-01T00:00:00Z,1978-10-01T00:00:00Z,-119.405,36.2039
362039N1194052W001,949550,1977-01-24T00:00:00Z,266.22,265.22,0,100,166.22,100,99,NA,Unknown,Water level accuracy is unknown,1,Department of Water Resources,NA,5030,Tulare Irrigation District,NA,NA,36059,20S24E07H001M,NA,Unknown,Unknown,5-022.11,Kaweah,Tulare,NA,Unknown,Unknown,NA,1963-02-13 - 1984-02-22,38,other,NA,NA,NA,NA,1977,18030012,Dry,Dry,1976-10-01T00:00:00Z,1977-10-01T00:00:00Z,-119.405,36.2039
362039N1194052W001,949549,1976-10-06T00:00:00Z,266.22,265.22,NA,NA,NA,NA,NA,Special/Other,NA,NA,1,Department of Water Resources,NA,5030,Tulare Irrigation District,NA,NA,36059,20S24E07H001M,NA,Unknown,Unknown,5-022.11,Kaweah,Tulare,NA,Unknown,Unknown,NA,1963-02-13 - 1984-02-22,38,fall,87,108.5,NA,NA,1977,18030012,Dry,Dry,1976-10-01T00:00:00Z,1977-10-01T00:00:00Z,-119.405,36.2039
362039N1194052W001,949548,1976-01-28T00:00:00Z,266.22,265.22,0,119.5,146.72,119.5,118.5,NA,Unknown,Water level accuracy is unknown,1,Department of Water Resources,NA,5030,Tulare Irrigation District,NA,NA,36059,20S24E07H001M,NA,Unknown,Unknown,5-022.11,Kaweah,Tulare,NA,Unknown,Unknown,NA,1963-02-13 - 1984-02-22,38,other,NA,NA,NA,NA,1976,18030012,Above Normal,Above Normal,1975-10-01T00:00:00Z,1976-10-01T00:00:00Z,-119.405,36.2039
362039N1194052W001,949547,1975-10-01T00:00:00Z,266.22,265.22,0,97.5,168.72,97.5,96.5,NA,Unknown,Water level accuracy is unknown,1,Department of Water Resources,NA,5030,Tulare Irrigation District,NA,NA,36059,20S24E07H001M,NA,Unknown,Unknown,5-022.11,Kaweah,Tulare,NA,Unknown,Unknown,NA,1963-02-13 - 1984-02-22,38,fall,87,108.5,NA,NA,1976,18030012,Above Normal,Above Normal,1975-10-01T00:00:00Z,1976-10-01T00:00:00Z,-119.405,36.2039
362039N1194052W001,949546,1975-02-12T00:00:00Z,266.22,265.22,NA,NA,NA,NA,NA,Unable to locate well,NA,NA,1,Department of Water Resources,NA,5030,Tulare Irrigation District,NA,NA,36059,20S24E07H001M,NA,Unknown,Unknown,5-022.11,Kaweah,Tulare,NA,Unknown,Unknown,NA,1963-02-13 - 1984-02-22,38,other,NA,NA,NA,NA,1975,18030012,Above Normal,Above Normal,1974-10-01T00:00:00Z,1975-10-01T00:00:00Z,-119.405,36.2039
362039N1194052W001,949545,1974-10-03T00:00:00Z,266.22,265.22,0,94,172.22,94,93,NA,Unknown,Water level accuracy is unknown,1,Department of Water Resources,NA,5155,Kaweah Delta Water Conservation District,NA,NA,36059,20S24E07H001M,NA,Unknown,Unknown,5-022.11,Kaweah,Tulare,NA,Unknown,Unknown,NA,1963-02-13 - 1984-02-22,38,fall,87,108.5,NA,NA,1975,18030012,Above Normal,Above Normal,1974-10-01T00:00:00Z,1975-10-01T00:00:00Z,-119.405,36.2039
362039N1194052W001,949544,1974-01-25T00:00:00Z,266.22,265.22,0,85,181.22,85,84,NA,Unknown,Water level accuracy is unknown,1,Department of Water Resources,NA,5030,Tulare Irrigation District,NA,NA,36059,20S24E07H001M,NA,Unknown,Unknown,5-022.11,Kaweah,Tulare,NA,Unknown,Unknown,NA,1963-02-13 - 1984-02-22,38,other,NA,NA,NA,NA,1974,18030012,Wet,Wet,1973-10-01T00:00:00Z,1974-10-01T00:00:00Z,-119.405,36.2039
362039N1194052W001,949543,1973-10-03T00:00:00Z,266.22,265.22,0,109.5,156.72,109.5,108.5,NA,Unknown,Water level accuracy is unknown,1,Department of Water Resources,NA,5030,Tulare Irrigation District,NA,NA,36059,20S24E07H001M,NA,Unknown,Unknown,5-022.11,Kaweah,Tulare,NA,Unknown,Unknown,NA,1963-02-13 - 1984-02-22,38,fall,87,108.5,NA,NA,1974,18030012,Wet,Wet,1973-10-01T00:00:00Z,1974-10-01T00:00:00Z,-119.405,36.2039
362039N1194052W001,949542,1973-02-05T00:00:00Z,266.22,265.22,0,92,174.22,92,91,NA,Unknown,Water level accuracy is unknown,1,Department of Water Resources,NA,5030,Tulare Irrigation District,NA,NA,36059,20S24E07H001M,NA,Unknown,Unknown,5-022.11,Kaweah,Tulare,NA,Unknown,Unknown,NA,1963-02-13 - 1984-02-22,38,other,NA,NA,NA,NA,1973,18030012,Wet,Wet,1972-10-01T00:00:00Z,1973-10-01T00:00:00Z,-119.405,36.2039
362039N1194052W001,949541,1972-10-09T00:00:00Z,266.22,265.22,0,102,164.22,102,101,NA,Unknown,Water level accuracy is unknown,1,Department of Water Resources,NA,5030,Tulare Irrigation District,NA,NA,36059,20S24E07H001M,NA,Unknown,Unknown,5-022.11,Kaweah,Tulare,NA,Unknown,Unknown,NA,1963-02-13 - 1984-02-22,38,fall,87,108.5,NA,NA,1973,18030012,Wet,Wet,1972-10-01T00:00:00Z,1973-10-01T00:00:00Z,-119.405,36.2039
362039N1194052W001,949540,1972-02-17T00:00:00Z,266.22,265.22,0,102.8,163.42,102.8,101.8,NA,Unknown,Water level accuracy is unknown,1,Department of Water Resources,NA,5030,Tulare Irrigation District,NA,NA,36059,20S24E07H001M,NA,Unknown,Unknown,5-022.11,Kaweah,Tulare,NA,Unknown,Unknown,NA,1963-02-13 - 1984-02-22,38,other,NA,NA,NA,NA,1972,18030012,Critical,Critical,1971-10-01T00:00:00Z,1972-10-01T00:00:00Z,-119.405,36.2039
362039N1194052W001,949539,1971-10-12T00:00:00Z,266.22,265.22,NA,NA,NA,NA,NA,Pumping,NA,NA,1,Department of Water Resources,NA,5030,Tulare Irrigation District,NA,NA,36059,20S24E07H001M,NA,Unknown,Unknown,5-022.11,Kaweah,Tulare,NA,Unknown,Unknown,NA,1963-02-13 - 1984-02-22,38,fall,87,108.5,NA,NA,1972,18030012,Critical,Critical,1971-10-01T00:00:00Z,1972-10-01T00:00:00Z,-119.405,36.2039
362039N1194052W001,949538,1971-02-17T00:00:00Z,266.22,265.22,0,84.2,182.02,84.2,83.2,NA,Unknown,Water level accuracy is unknown,1,Department of Water Resources,NA,5030,Tulare Irrigation District,NA,NA,36059,20S24E07H001M,NA,Unknown,Unknown,5-022.11,Kaweah,Tulare,NA,Unknown,Unknown,NA,1963-02-13 - 1984-02-22,38,other,NA,NA,NA,NA,1971,18030012,Dry,Dry,1970-10-01T00:00:00Z,1971-10-01T00:00:00Z,-119.405,36.2039
362039N1194052W001,949537,1970-10-03T00:00:00Z,266.22,265.22,0,94.3,171.92,94.3,93.3,NA,Unknown,Water level accuracy is unknown,1,Department of Water Resources,NA,5030,Tulare Irrigation District,NA,NA,36059,20S24E07H001M,NA,Unknown,Unknown,5-022.11,Kaweah,Tulare,NA,Unknown,Unknown,NA,1963-02-13 - 1984-02-22,38,fall,87,108.5,NA,NA,1971,18030012,Dry,Dry,1970-10-01T00:00:00Z,1971-10-01T00:00:00Z,-119.405,36.2039
362039N1194052W001,949536,1970-02-05T00:00:00Z,266.22,265.22,0,87.8,178.42,87.8,86.8,NA,Unknown,Water level accuracy is unknown,1,Department of Water Resources,NA,5030,Tulare Irrigation District,NA,NA,36059,20S24E07H001M,NA,Unknown,Unknown,5-022.11,Kaweah,Tulare,NA,Unknown,Unknown,NA,1963-02-13 - 1984-02-22,38,other,NA,NA,NA,NA,1970,18030012,Wet,Wet,1969-10-01T00:00:00Z,1970-10-01T00:00:00Z,-119.405,36.2039
362039N1194052W001,949535,1969-10-02T00:00:00Z,266.22,265.22,0,88.5,177.72,88.5,87.5,NA,Unknown,Water level accuracy is unknown,1,Department of Water Resources,NA,624,Bureau of Reclamation,NA,NA,36059,20S24E07H001M,NA,Unknown,Unknown,5-022.11,Kaweah,Tulare,NA,Unknown,Unknown,NA,1963-02-13 - 1984-02-22,38,fall,87,108.5,NA,NA,1970,18030012,Wet,Wet,1969-10-01T00:00:00Z,1970-10-01T00:00:00Z,-119.405,36.2039
362039N1194052W001,949534,1969-02-07T00:00:00Z,266.22,265.22,0,94.3,171.92,94.3,93.3,NA,Unknown,Water level accuracy is unknown,1,Department of Water Resources,NA,5030,Tulare Irrigation District,NA,NA,36059,20S24E07H001M,NA,Unknown,Unknown,5-022.11,Kaweah,Tulare,NA,Unknown,Unknown,NA,1963-02-13 - 1984-02-22,38,other,NA,NA,NA,NA,1969,18030012,Wet,Wet,1968-10-01T00:00:00Z,1969-10-01T00:00:00Z,-119.405,36.2039
362039N1194052W001,949533,1968-02-01T00:00:00Z,266.22,265.22,0,87,179.22,87,86,NA,Unknown,Water level accuracy is unknown,1,Department of Water Resources,NA,5030,Tulare Irrigation District,NA,NA,36059,20S24E07H001M,NA,Unknown,Unknown,5-022.11,Kaweah,Tulare,NA,Unknown,Unknown,NA,1963-02-13 - 1984-02-22,38,other,NA,NA,NA,NA,1968,18030012,Below Normal,Below Normal,1967-10-01T00:00:00Z,1968-10-01T00:00:00Z,-119.405,36.2039
362039N1194052W001,949532,1967-02-09T00:00:00Z,266.22,265.22,0,102.5,163.72,102.5,101.5,NA,Unknown,Water level accuracy is unknown,1,Department of Water Resources,NA,5030,Tulare Irrigation District,NA,NA,36059,20S24E07H001M,NA,Unknown,Unknown,5-022.11,Kaweah,Tulare,NA,Unknown,Unknown,NA,1963-02-13 - 1984-02-22,38,other,NA,NA,NA,NA,1967,18030012,Wet,Wet,1966-10-01T00:00:00Z,1967-10-01T00:00:00Z,-119.405,36.2039
362039N1194052W001,949531,1966-02-03T00:00:00Z,266.22,265.22,0,91,175.22,91,90,NA,Unknown,Water level accuracy is unknown,1,Department of Water Resources,NA,5030,Tulare Irrigation District,NA,NA,36059,20S24E07H001M,NA,Unknown,Unknown,5-022.11,Kaweah,Tulare,NA,Unknown,Unknown,NA,1963-02-13 - 1984-02-22,38,other,NA,NA,NA,NA,1966,18030012,Below Normal,Below Normal,1965-10-01T00:00:00Z,1966-10-01T00:00:00Z,-119.405,36.2039
362039N1194052W001,949530,1965-02-02T00:00:00Z,266.22,265.22,0,101.1,165.12,101.1,100.1,NA,Unknown,Water level accuracy is unknown,1,Department of Water Resources,NA,5030,Tulare Irrigation District,NA,NA,36059,20S24E07H001M,NA,Unknown,Unknown,5-022.11,Kaweah,Tulare,NA,Unknown,Unknown,NA,1963-02-13 - 1984-02-22,38,other,NA,NA,NA,NA,1965,18030012,Below Normal,Below Normal,1964-10-01T00:00:00Z,1965-10-01T00:00:00Z,-119.405,36.2039
362039N1194052W001,949529,1964-09-30T00:00:00Z,266.22,265.22,NA,NA,NA,NA,NA,Special/Other,NA,NA,1,Department of Water Resources,NA,5030,Tulare Irrigation District,NA,NA,36059,20S24E07H001M,NA,Unknown,Unknown,5-022.11,Kaweah,Tulare,NA,Unknown,Unknown,NA,1963-02-13 - 1984-02-22,38,fall,87,108.5,NA,NA,1964,18030012,Dry,Dry,1963-10-01T00:00:00Z,1964-10-01T00:00:00Z,-119.405,36.2039
362039N1194052W001,949528,1964-02-10T00:00:00Z,266.22,265.22,0,91.3,174.92,91.3,90.3,NA,Unknown,Water level accuracy is unknown,1,Department of Water Resources,NA,5030,Tulare Irrigation District,NA,NA,36059,20S24E07H001M,NA,Unknown,Unknown,5-022.11,Kaweah,Tulare,NA,Unknown,Unknown,NA,1963-02-13 - 1984-02-22,38,other,NA,NA,NA,NA,1964,18030012,Dry,Dry,1963-10-01T00:00:00Z,1964-10-01T00:00:00Z,-119.405,36.2039
362039N1194052W001,949527,1963-02-13T00:00:00Z,266.22,265.22,0,95.2,171.02,95.2,94.2,NA,Unknown,Water level accuracy is unknown,1,Department of Water Resources,NA,5030,Tulare Irrigation District,NA,NA,36059,20S24E07H001M,NA,Unknown,Unknown,5-022.11,Kaweah,Tulare,NA,Unknown,Unknown,NA,1963-02-13 - 1984-02-22,38,other,NA,NA,NA,NA,1963,18030012,Above Normal,Above Normal,1962-10-01T00:00:00Z,1963-10-01T00:00:00Z,-119.405,36.2039
