SITE_CODE,WLM_ID,MSMT_DATE,WLM_RPE,WLM_GSE,RDNG_WS,RDNG_RP,WSE,RPE_WSE,GSE_WSE,WLM_QA_DESC,WLM_DESC,WLM_ACC_DESC,WLM_ORG_ID,WLM_ORG_NAME,MSMT_CMT,COOP_AGENCY_ORG_ID,COOP_ORG_NAME,TOP_PRF,BOT_PRF,STN_ID,SWN,WELL_NAME,WLM_METHOD,WLM_ACC,BASIN_CODE,BASIN_NAME,COUNTY_NAME,WELL_DEPTH,WELL_USE,WELL_TYPE,WCR_NO,t_range,n_samples,season,fall_high,fall_low,spring_high,spring_low,water_year,HUC8,WYT,water_year_type,water_year_start,water_year_end,X,Y
362178N1194782W001,947193,1960-09-28T00:00:00Z,251.74,250.74,NA,NA,NA,NA,NA,Special/Other,NA,NA,1,Department of Water Resources,NA,5030,Tulare Irrigation District,NA,NA,16733,20S23E04J001M,NA,Unknown,Unknown,5-022.11,Kaweah,Tulare,NA,Unknown,Unknown,NA,1945-10-11 - 1960-09-28,30,fall,58.5,88.9,NA,NA,1960,18030012,Critical,Critical,1959-10-01T00:00:00Z,1960-10-01T00:00:00Z,-119.478,36.2178
362178N1194782W001,947192,1960-02-11T00:00:00Z,251.74,250.74,NA,NA,NA,NA,NA,Special/Other,NA,NA,1,Department of Water Resources,NA,5030,Tulare Irrigation District,NA,NA,16733,20S23E04J001M,NA,Unknown,Unknown,5-022.11,Kaweah,Tulare,NA,Unknown,Unknown,NA,1945-10-11 - 1960-09-28,30,other,NA,NA,NA,NA,1960,18030012,Critical,Critical,1959-10-01T00:00:00Z,1960-10-01T00:00:00Z,-119.478,36.2178
362178N1194782W001,947191,1959-09-28T00:00:00Z,251.74,250.74,0,81.6,170.14,81.6,80.6,NA,Unknown,Water level accuracy is unknown,1,Department of Water Resources,NA,5030,Tulare Irrigation District,NA,NA,16733,20S23E04J001M,NA,Unknown,Unknown,5-022.11,Kaweah,Tulare,NA,Unknown,Unknown,NA,1945-10-11 - 1960-09-28,30,fall,58.5,88.9,NA,NA,1959,18030012,Below Normal,Below Normal,1958-10-01T00:00:00Z,1959-10-01T00:00:00Z,-119.478,36.2178
362178N1194782W001,947190,1959-02-13T00:00:00Z,251.74,250.74,0,70.1,181.64,70.1,69.1,NA,Unknown,Water level accuracy is unknown,1,Department of Water Resources,NA,5030,Tulare Irrigation District,NA,NA,16733,20S23E04J001M,NA,Unknown,Unknown,5-022.11,Kaweah,Tulare,NA,Unknown,Unknown,NA,1945-10-11 - 1960-09-28,30,other,NA,NA,NA,NA,1959,18030012,Below Normal,Below Normal,1958-10-01T00:00:00Z,1959-10-01T00:00:00Z,-119.478,36.2178
362178N1194782W001,947189,1958-10-09T00:00:00Z,251.74,250.74,0,73.3,178.44,73.3,72.3,NA,Unknown,Water level accuracy is unknown,1,Department of Water Resources,NA,5030,Tulare Irrigation District,NA,NA,16733,20S23E04J001M,NA,Unknown,Unknown,5-022.11,Kaweah,Tulare,NA,Unknown,Unknown,NA,1945-10-11 - 1960-09-28,30,fall,58.5,88.9,NA,NA,1959,18030012,Below Normal,Below Normal,1958-10-01T00:00:00Z,1959-10-01T00:00:00Z,-119.478,36.2178
362178N1194782W001,947188,1958-02-18T00:00:00Z,251.74,250.74,NA,NA,NA,NA,NA,Pumping,NA,NA,1,Department of Water Resources,NA,5030,Tulare Irrigation District,NA,NA,16733,20S23E04J001M,NA,Unknown,Unknown,5-022.11,Kaweah,Tulare,NA,Unknown,Unknown,NA,1945-10-11 - 1960-09-28,30,other,NA,NA,NA,NA,1958,18030012,Wet,Wet,1957-10-01T00:00:00Z,1958-10-01T00:00:00Z,-119.478,36.2178
362178N1194782W001,947187,1957-10-04T00:00:00Z,251.74,250.74,0,82.9,168.84,82.9,81.9,NA,Unknown,Water level accuracy is unknown,1,Department of Water Resources,NA,5030,Tulare Irrigation District,NA,NA,16733,20S23E04J001M,NA,Unknown,Unknown,5-022.11,Kaweah,Tulare,NA,Unknown,Unknown,NA,1945-10-11 - 1960-09-28,30,fall,58.5,88.9,NA,NA,1958,18030012,Wet,Wet,1957-10-01T00:00:00Z,1958-10-01T00:00:00Z,-119.478,36.2178
362178N1194782W001,947186,1957-02-19T00:00:00Z,251.74,250.74,0,76.9,174.84,76.9,75.9,NA,Unknown,Water level accuracy is unknown,1,Department of Water Resources,NA,5030,Tulare Irrigation District,NA,NA,16733,20S23E04J001M,NA,Unknown,Unknown,5-022.11,Kaweah,Tulare,NA,Unknown,Unknown,NA,1945-10-11 - 1960-09-28,30,other,NA,NA,NA,NA,1957,18030012,Below Normal,Below Normal,1956-10-01T00:00:00Z,1957-10-01T00:00:00Z,-119.478,36.2178
362178N1194782W001,947185,1956-10-30T00:00:00Z,251.74,250.74,0,80.7,171.04,80.7,79.7,NA,Unknown,Water level accuracy is unknown,1,Department of Water Resources,NA,5030,Tulare Irrigation District,NA,NA,16733,20S23E04J001M,NA,Unknown,Unknown,5-022.11,Kaweah,Tulare,NA,Unknown,Unknown,NA,1945-10-11 - 1960-09-28,30,fall,58.5,88.9,NA,NA,1957,18030012,Below Normal,Below Normal,1956-10-01T00:00:00Z,1957-10-01T00:00:00Z,-119.478,36.2178
362178N1194782W001,947184,1956-02-15T00:00:00Z,251.74,250.74,0,86.7,165.04,86.7,85.7,NA,Unknown,Water level accuracy is unknown,1,Department of Water Resources,NA,5030,Tulare Irrigation District,NA,NA,16733,20S23E04J001M,NA,Unknown,Unknown,5-022.11,Kaweah,Tulare,NA,Unknown,Unknown,NA,1945-10-11 - 1960-09-28,30,other,NA,NA,NA,NA,1956,18030012,Above Normal,Above Normal,1955-10-01T00:00:00Z,1956-10-01T00:00:00Z,-119.478,36.2178
362178N1194782W001,947183,1955-09-05T00:00:00Z,251.74,250.74,0,87.2,164.54,87.2,86.2,NA,Unknown,Water level accuracy is unknown,1,Department of Water Resources,NA,5030,Tulare Irrigation District,NA,NA,16733,20S23E04J001M,NA,Unknown,Unknown,5-022.11,Kaweah,Tulare,NA,Unknown,Unknown,NA,1945-10-11 - 1960-09-28,30,fall,58.5,88.9,NA,NA,1955,18030012,Below Normal,Below Normal,1954-10-01T00:00:00Z,1955-10-01T00:00:00Z,-119.478,36.2178
362178N1194782W001,947182,1955-02-15T00:00:00Z,251.74,250.74,0,84.7,167.04,84.7,83.7,NA,Unknown,Water level accuracy is unknown,1,Department of Water Resources,NA,5030,Tulare Irrigation District,NA,NA,16733,20S23E04J001M,NA,Unknown,Unknown,5-022.11,Kaweah,Tulare,NA,Unknown,Unknown,NA,1945-10-11 - 1960-09-28,30,other,NA,NA,NA,NA,1955,18030012,Below Normal,Below Normal,1954-10-01T00:00:00Z,1955-10-01T00:00:00Z,-119.478,36.2178
362178N1194782W001,947181,1954-10-03T00:00:00Z,251.74,250.74,0,86.8,164.94,86.8,85.8,NA,Unknown,Water level accuracy is unknown,1,Department of Water Resources,NA,5030,Tulare Irrigation District,NA,NA,16733,20S23E04J001M,NA,Unknown,Unknown,5-022.11,Kaweah,Tulare,NA,Unknown,Unknown,NA,1945-10-11 - 1960-09-28,30,fall,58.5,88.9,NA,NA,1955,18030012,Below Normal,Below Normal,1954-10-01T00:00:00Z,1955-10-01T00:00:00Z,-119.478,36.2178
362178N1194782W001,947180,1954-02-24T00:00:00Z,251.74,250.74,0,82.4,169.34,82.4,81.4,NA,Unknown,Water level accuracy is unknown,1,Department of Water Resources,NA,5030,Tulare Irrigation District,NA,NA,16733,20S23E04J001M,NA,Unknown,Unknown,5-022.11,Kaweah,Tulare,NA,Unknown,Unknown,NA,1945-10-11 - 1960-09-28,30,other,NA,NA,NA,NA,1954,18030012,Below Normal,Below Normal,1953-10-01T00:00:00Z,1954-10-01T00:00:00Z,-119.478,36.2178
362178N1194782W001,947179,1954-01-18T00:00:00Z,251.74,250.74,0,83,168.74,83,82,NA,Unknown,Water level accuracy is unknown,1,Department of Water Resources,NA,5030,Tulare Irrigation District,NA,NA,16733,20S23E04J001M,NA,Unknown,Unknown,5-022.11,Kaweah,Tulare,NA,Unknown,Unknown,NA,1945-10-11 - 1960-09-28,30,other,NA,NA,NA,NA,1954,18030012,Below Normal,Below Normal,1953-10-01T00:00:00Z,1954-10-01T00:00:00Z,-119.478,36.2178
362178N1194782W001,947178,1953-10-05T00:00:00Z,251.74,250.74,0,84.3,167.44,84.3,83.3,NA,Unknown,Water level accuracy is unknown,1,Department of Water Resources,NA,5030,Tulare Irrigation District,NA,NA,16733,20S23E04J001M,NA,Unknown,Unknown,5-022.11,Kaweah,Tulare,NA,Unknown,Unknown,NA,1945-10-11 - 1960-09-28,30,fall,58.5,88.9,NA,NA,1954,18030012,Below Normal,Below Normal,1953-10-01T00:00:00Z,1954-10-01T00:00:00Z,-119.478,36.2178
362178N1194782W001,947177,1953-02-20T00:00:00Z,251.74,250.74,0,79.2,172.54,79.2,78.2,NA,Unknown,Water level accuracy is unknown,1,Department of Water Resources,NA,5030,Tulare Irrigation District,NA,NA,16733,20S23E04J001M,NA,Unknown,Unknown,5-022.11,Kaweah,Tulare,NA,Unknown,Unknown,NA,1945-10-11 - 1960-09-28,30,other,NA,NA,NA,NA,1953,18030012,Above Normal,Above Normal,1952-10-01T00:00:00Z,1953-10-01T00:00:00Z,-119.478,36.2178
362178N1194782W001,947176,1952-09-16T00:00:00Z,251.74,250.74,0,78.7,173.04,78.7,77.7,NA,Unknown,Water level accuracy is unknown,1,Department of Water Resources,NA,5030,Tulare Irrigation District,NA,NA,16733,20S23E04J001M,NA,Unknown,Unknown,5-022.11,Kaweah,Tulare,NA,Unknown,Unknown,NA,1945-10-11 - 1960-09-28,30,fall,58.5,88.9,NA,NA,1952,18030012,Wet,Wet,1951-10-01T00:00:00Z,1952-10-01T00:00:00Z,-119.478,36.2178
362178N1194782W001,947175,1952-02-18T00:00:00Z,251.74,250.74,0,88,163.74,88,87,NA,Unknown,Water level accuracy is unknown,1,Department of Water Resources,NA,5030,Tulare Irrigation District,NA,NA,16733,20S23E04J001M,NA,Unknown,Unknown,5-022.11,Kaweah,Tulare,NA,Unknown,Unknown,NA,1945-10-11 - 1960-09-28,30,other,NA,NA,NA,NA,1952,18030012,Wet,Wet,1951-10-01T00:00:00Z,1952-10-01T00:00:00Z,-119.478,36.2178
362178N1194782W001,947174,1951-10-11T00:00:00Z,251.74,250.74,0,89.9,161.84,89.9,88.9,NA,Unknown,Water level accuracy is unknown,1,Department of Water Resources,NA,5030,Tulare Irrigation District,NA,NA,16733,20S23E04J001M,NA,Unknown,Unknown,5-022.11,Kaweah,Tulare,NA,Unknown,Unknown,NA,1945-10-11 - 1960-09-28,30,fall,58.5,88.9,NA,NA,1952,18030012,Wet,Wet,1951-10-01T00:00:00Z,1952-10-01T00:00:00Z,-119.478,36.2178
362178N1194782W001,947173,1951-02-05T00:00:00Z,251.74,250.74,0,85.5,166.24,85.5,84.5,NA,Unknown,Water level accuracy is unknown,1,Department of Water Resources,NA,5030,Tulare Irrigation District,NA,NA,16733,20S23E04J001M,NA,Unknown,Unknown,5-022.11,Kaweah,Tulare,NA,Unknown,Unknown,NA,1945-10-11 - 1960-09-28,30,other,NA,NA,NA,NA,1951,18030012,Critical,Critical,1950-10-01T00:00:00Z,1951-10-01T00:00:00Z,-119.478,36.2178
362178N1194782W001,947172,1950-10-05T00:00:00Z,251.74,250.74,0,88.9,162.84,88.9,87.9,NA,Unknown,Water level accuracy is unknown,1,Department of Water Resources,NA,5030,Tulare Irrigation District,NA,NA,16733,20S23E04J001M,NA,Unknown,Unknown,5-022.11,Kaweah,Tulare,NA,Unknown,Unknown,NA,1945-10-11 - 1960-09-28,30,fall,58.5,88.9,NA,NA,1951,18030012,Critical,Critical,1950-10-01T00:00:00Z,1951-10-01T00:00:00Z,-119.478,36.2178
362178N1194782W001,947171,1950-02-15T00:00:00Z,251.74,250.74,0,80.5,171.24,80.5,79.5,NA,Unknown,Water level accuracy is unknown,1,Department of Water Resources,NA,5030,Tulare Irrigation District,NA,NA,16733,20S23E04J001M,NA,Unknown,Unknown,5-022.11,Kaweah,Tulare,NA,Unknown,Unknown,NA,1945-10-11 - 1960-09-28,30,other,NA,NA,NA,NA,1950,18030012,Dry,Dry,1949-10-01T00:00:00Z,1950-10-01T00:00:00Z,-119.478,36.2178
362178N1194782W001,947170,1949-10-14T00:00:00Z,251.74,250.74,0,83.7,168.04,83.7,82.7,NA,Unknown,Water level accuracy is unknown,1,Department of Water Resources,NA,5030,Tulare Irrigation District,NA,NA,16733,20S23E04J001M,NA,Unknown,Unknown,5-022.11,Kaweah,Tulare,NA,Unknown,Unknown,NA,1945-10-11 - 1960-09-28,30,fall,58.5,88.9,NA,NA,1950,18030012,Dry,Dry,1949-10-01T00:00:00Z,1950-10-01T00:00:00Z,-119.478,36.2178
362178N1194782W001,947169,1948-10-28T00:00:00Z,251.74,250.74,0,75.7,176.04,75.7,74.7,NA,Unknown,Water level accuracy is unknown,1,Department of Water Resources,NA,5030,Tulare Irrigation District,NA,NA,16733,20S23E04J001M,NA,Unknown,Unknown,5-022.11,Kaweah,Tulare,NA,Unknown,Unknown,NA,1945-10-11 - 1960-09-28,30,fall,58.5,88.9,NA,NA,1949,18030012,Critical,Critical,1948-10-01T00:00:00Z,1949-10-01T00:00:00Z,-119.478,36.2178
362178N1194782W001,947168,1948-03-01T00:00:00Z,251.74,250.74,0,66.7,185.04,66.7,65.7,NA,Unknown,Water level accuracy is unknown,1,Department of Water Resources,NA,5030,Tulare Irrigation District,NA,NA,16733,20S23E04J001M,NA,Unknown,Unknown,5-022.11,Kaweah,Tulare,NA,Unknown,Unknown,NA,1945-10-11 - 1960-09-28,30,spring,NA,NA,65.7,65.7,1948,18030012,Critical,Critical,1947-10-01T00:00:00Z,1948-10-01T00:00:00Z,-119.478,36.2178
362178N1194782W001,947167,1947-12-09T00:00:00Z,251.74,250.74,0,67,184.74,67,66,NA,Unknown,Water level accuracy is unknown,1,Department of Water Resources,NA,5030,Tulare Irrigation District,NA,NA,16733,20S23E04J001M,NA,Unknown,Unknown,5-022.11,Kaweah,Tulare,NA,Unknown,Unknown,NA,1945-10-11 - 1960-09-28,30,other,NA,NA,NA,NA,1948,18030012,Critical,Critical,1947-10-01T00:00:00Z,1948-10-01T00:00:00Z,-119.478,36.2178
362178N1194782W001,947166,1947-10-16T00:00:00Z,251.74,250.74,0,68.6,183.14,68.6,67.6,NA,Unknown,Water level accuracy is unknown,1,Department of Water Resources,NA,5030,Tulare Irrigation District,NA,NA,16733,20S23E04J001M,NA,Unknown,Unknown,5-022.11,Kaweah,Tulare,NA,Unknown,Unknown,NA,1945-10-11 - 1960-09-28,30,fall,58.5,88.9,NA,NA,1948,18030012,Critical,Critical,1947-10-01T00:00:00Z,1948-10-01T00:00:00Z,-119.478,36.2178
362178N1194782W001,947165,1946-10-18T00:00:00Z,251.74,250.74,0,62.7,189.04,62.7,61.7,NA,Unknown,Water level accuracy is unknown,1,Department of Water Resources,NA,5030,Tulare Irrigation District,NA,NA,16733,20S23E04J001M,NA,Unknown,Unknown,5-022.11,Kaweah,Tulare,NA,Unknown,Unknown,NA,1945-10-11 - 1960-09-28,30,fall,58.5,88.9,NA,NA,1947,18030012,Dry,Dry,1946-10-01T00:00:00Z,1947-10-01T00:00:00Z,-119.478,36.2178
362178N1194782W001,947164,1945-10-11T00:00:00Z,251.74,250.74,0,59.5,192.24,59.5,58.5,NA,Unknown,Water level accuracy is unknown,1,Department of Water Resources,NA,5030,Tulare Irrigation District,NA,NA,16733,20S23E04J001M,NA,Unknown,Unknown,5-022.11,Kaweah,Tulare,NA,Unknown,Unknown,NA,1945-10-11 - 1960-09-28,30,fall,58.5,88.9,NA,NA,1946,18030012,Dry,Dry,1945-10-01T00:00:00Z,1946-10-01T00:00:00Z,-119.478,36.2178
