SITE_CODE,WLM_ID,MSMT_DATE,WLM_RPE,WLM_GSE,RDNG_WS,RDNG_RP,WSE,RPE_WSE,GSE_WSE,WLM_QA_DESC,WLM_DESC,WLM_ACC_DESC,WLM_ORG_ID,WLM_ORG_NAME,MSMT_CMT,COOP_AGENCY_ORG_ID,COOP_ORG_NAME,TOP_PRF,BOT_PRF,STN_ID,SWN,WELL_NAME,WLM_METHOD,WLM_ACC,BASIN_CODE,BASIN_NAME,COUNTY_NAME,WELL_DEPTH,WELL_USE,WELL_TYPE,WCR_NO,t_range,n_samples,season,fall_high,fall_low,spring_high,spring_low,water_year,HUC8,WYT,water_year_type,water_year_start,water_year_end,X,Y
362167N1194663W001,2447761,2019-01-30T07:00:00Z,257.24,254.24,23,180,100.24,157,154,NA,Steel tape measurement,Water level accuracy to nearest foot,5030,Tulare Irrigation District,NA,5030,Tulare Irrigation District,NA,NA,16732,20S23E03L001M,202303L1,GPS,Unknown,5-022.11,Kaweah,Tulare,200,Irrigation,Single Well,NA,1967-02-10 00:00:00 - 2019-01-30 07:00:00,96,other,NA,NA,NA,NA,2019,NA,NA,NA,2018-10-01T00:00:00Z,2019-10-01T00:00:00Z,-119.466,36.2167
362167N1194663W001,2415750,2018-10-09T08:00:00Z,257.24,254.24,NA,NA,NA,NA,NA,Well has been destroyed,NA,NA,5030,Tulare Irrigation District,Well Destroyed,5030,Tulare Irrigation District,NA,NA,16732,20S23E03L001M,202303L1,GPS,Unknown,5-022.11,Kaweah,Tulare,200,Irrigation,Single Well,NA,1967-02-10 00:00:00 - 2019-01-30 07:00:00,96,fall,22,158,NA,NA,2019,NA,NA,NA,2018-10-01T00:00:00Z,2019-10-01T00:00:00Z,-119.466,36.2167
362167N1194663W001,2282153,2018-01-29T07:00:00Z,257.24,254.24,NA,NA,NA,NA,NA,Well has been destroyed,NA,NA,5030,Tulare Irrigation District,Well Destroyed,5030,Tulare Irrigation District,NA,NA,16732,20S23E03L001M,202303L1,GPS,Unknown,5-022.11,Kaweah,Tulare,200,Irrigation,Single Well,NA,1967-02-10 00:00:00 - 2019-01-30 07:00:00,96,other,NA,NA,NA,NA,2018,18030012,Below Normal,Below Normal,2017-10-01T00:00:00Z,2018-10-01T00:00:00Z,-119.466,36.2167
362167N1194663W001,2262950,2017-09-26T07:00:00Z,257.24,254.24,NA,NA,NA,NA,NA,Well has been destroyed,NA,NA,5030,Tulare Irrigation District,Well Destroyed,5030,Tulare Irrigation District,NA,NA,16732,20S23E03L001M,202303L1,GPS,Unknown,5-022.11,Kaweah,Tulare,200,Irrigation,Single Well,NA,1967-02-10 00:00:00 - 2019-01-30 07:00:00,96,fall,22,158,NA,NA,2017,18030012,Wet,Wet,2016-10-01T00:00:00Z,2017-10-01T00:00:00Z,-119.466,36.2167
362167N1194663W001,2250757,2017-01-26T13:00:00Z,257.24,254.24,NA,NA,NA,NA,NA,Well has been destroyed,NA,NA,5030,Tulare Irrigation District,Well Destroyed,5030,Tulare Irrigation District,NA,NA,16732,20S23E03L001M,202303L1,GPS,Unknown,5-022.11,Kaweah,Tulare,200,Irrigation,Single Well,NA,1967-02-10 00:00:00 - 2019-01-30 07:00:00,96,other,NA,NA,NA,NA,2017,18030012,Wet,Wet,2016-10-01T00:00:00Z,2017-10-01T00:00:00Z,-119.466,36.2167
362167N1194663W001,2183736,2016-02-02T07:30:00Z,257.24,254.24,NA,NA,NA,NA,NA,Well has been destroyed,NA,NA,5030,Tulare Irrigation District,NA,5030,Tulare Irrigation District,NA,NA,16732,20S23E03L001M,202303L1,GPS,Unknown,5-022.11,Kaweah,Tulare,200,Irrigation,Single Well,NA,1967-02-10 00:00:00 - 2019-01-30 07:00:00,96,other,NA,NA,NA,NA,2016,18030012,Below Normal,Below Normal,2015-10-01T00:00:00Z,2016-10-01T00:00:00Z,-119.466,36.2167
362167N1194663W001,2169198,2015-10-02T00:00:00Z,257.24,254.24,NA,NA,NA,NA,NA,Well has been destroyed,NA,NA,5030,Tulare Irrigation District,NA,5030,Tulare Irrigation District,NA,NA,16732,20S23E03L001M,202303L1,GPS,Unknown,5-022.11,Kaweah,Tulare,200,Irrigation,Single Well,NA,1967-02-10 00:00:00 - 2019-01-30 07:00:00,96,fall,22,158,NA,NA,2016,18030012,Below Normal,Below Normal,2015-10-01T00:00:00Z,2016-10-01T00:00:00Z,-119.466,36.2167
362167N1194663W001,2137508,2015-03-16T14:00:00Z,257.24,254.24,27,175,109.24,148,145,NA,Steel tape measurement,Water level accuracy to nearest foot,5030,Tulare Irrigation District,NA,5030,Tulare Irrigation District,NA,NA,16732,20S23E03L001M,202303L1,GPS,Unknown,5-022.11,Kaweah,Tulare,200,Irrigation,Single Well,NA,1967-02-10 00:00:00 - 2019-01-30 07:00:00,96,spring,NA,NA,145,155,2015,18030012,Critical,Critical,2014-10-01T00:00:00Z,2015-10-01T00:00:00Z,-119.466,36.2167
362167N1194663W001,2137507,2014-10-21T13:45:00Z,257.24,254.24,5,165,97.24,160,157,NA,Steel tape measurement,Water level accuracy to nearest foot,5030,Tulare Irrigation District,NA,5030,Tulare Irrigation District,NA,NA,16732,20S23E03L001M,202303L1,GPS,Unknown,5-022.11,Kaweah,Tulare,200,Irrigation,Single Well,NA,1967-02-10 00:00:00 - 2019-01-30 07:00:00,96,fall,22,158,NA,NA,2015,18030012,Critical,Critical,2014-10-01T00:00:00Z,2015-10-01T00:00:00Z,-119.466,36.2167
362167N1194663W001,2137506,2014-02-15T13:00:00Z,257.24,254.24,3,170,90.24,167,164,NA,Steel tape measurement,Water level accuracy to nearest foot,5030,Tulare Irrigation District,NA,5030,Tulare Irrigation District,NA,NA,16732,20S23E03L001M,202303L1,GPS,Unknown,5-022.11,Kaweah,Tulare,200,Irrigation,Single Well,NA,1967-02-10 00:00:00 - 2019-01-30 07:00:00,96,other,NA,NA,NA,NA,2014,18030012,Critical,Critical,2013-10-01T00:00:00Z,2014-10-01T00:00:00Z,-119.466,36.2167
362167N1194663W001,2137505,2013-10-08T11:00:00Z,257.24,254.24,19,180,96.24,161,158,NA,Steel tape measurement,Water level accuracy to nearest foot,5030,Tulare Irrigation District,NA,5030,Tulare Irrigation District,NA,NA,16732,20S23E03L001M,202303L1,GPS,Unknown,5-022.11,Kaweah,Tulare,200,Irrigation,Single Well,NA,1967-02-10 00:00:00 - 2019-01-30 07:00:00,96,fall,22,158,NA,NA,2014,18030012,Critical,Critical,2013-10-01T00:00:00Z,2014-10-01T00:00:00Z,-119.466,36.2167
362167N1194663W001,1988970,2013-03-08T16:15:00Z,257.236,254.236,2,160,99.236,158,155,NA,Unknown,Water level accuracy to nearest tenth of a foot,1,Department of Water Resources,tape=158,1,Department of Water Resources,NA,NA,16732,20S23E03L001M,202303L1,GPS,Unknown,5-022.11,Kaweah,Tulare,200,Irrigation,Single Well,NA,1967-02-10 00:00:00 - 2019-01-30 07:00:00,96,spring,NA,NA,145,155,2013,18030012,Critical,Critical,2012-10-01T00:00:00Z,2013-10-01T00:00:00Z,-119.466,36.2167
362167N1194663W001,2137504,2013-03-08T10:00:00Z,257.24,254.24,2,160,99.24,158,155,NA,Steel tape measurement,Water level accuracy to nearest foot,5030,Tulare Irrigation District,NA,5030,Tulare Irrigation District,NA,NA,16732,20S23E03L001M,202303L1,GPS,Unknown,5-022.11,Kaweah,Tulare,200,Irrigation,Single Well,NA,1967-02-10 00:00:00 - 2019-01-30 07:00:00,96,spring,NA,NA,145,155,2013,18030012,Critical,Critical,2012-10-01T00:00:00Z,2013-10-01T00:00:00Z,-119.466,36.2167
362167N1194663W001,2137503,2012-10-16T13:50:00Z,257.24,254.24,0,122,135.24,122,119,NA,Electric sounder measurement,Water level accuracy to nearest foot,5030,Tulare Irrigation District,NA,5030,Tulare Irrigation District,NA,NA,16732,20S23E03L001M,202303L1,GPS,Unknown,5-022.11,Kaweah,Tulare,200,Irrigation,Single Well,NA,1967-02-10 00:00:00 - 2019-01-30 07:00:00,96,fall,22,158,NA,NA,2013,18030012,Critical,Critical,2012-10-01T00:00:00Z,2013-10-01T00:00:00Z,-119.466,36.2167
362167N1194663W001,2137502,2012-02-15T09:15:00Z,257.24,254.24,0,97,160.24,97,94,NA,Electric sounder measurement,Water level accuracy to nearest foot,5030,Tulare Irrigation District,NA,5030,Tulare Irrigation District,NA,NA,16732,20S23E03L001M,202303L1,GPS,Unknown,5-022.11,Kaweah,Tulare,200,Irrigation,Single Well,NA,1967-02-10 00:00:00 - 2019-01-30 07:00:00,96,other,NA,NA,NA,NA,2012,18030012,Below Normal,Below Normal,2011-10-01T00:00:00Z,2012-10-01T00:00:00Z,-119.466,36.2167
362167N1194663W001,37336,2011-10-10T10:00:00Z,284.04,246.29,0,98,186.04,98,60.25,NA,Electric sounder measurement,Water level accuracy to nearest tenth of a foot,5030,Tulare Irrigation District,NA,5030,Tulare Irrigation District,NA,NA,16732,20S23E03L001M,202303L1,GPS,Unknown,5-022.11,Kaweah,Tulare,200,Irrigation,Single Well,NA,1967-02-10 00:00:00 - 2019-01-30 07:00:00,96,fall,22,158,NA,NA,2012,18030012,Below Normal,Below Normal,2011-10-01T00:00:00Z,2012-10-01T00:00:00Z,-119.466,36.2167
362167N1194663W001,93895,2011-02-18T08:00:00Z,257.236,254.236,0,111,146.236,111,108,NA,Unknown,Water level accuracy to nearest tenth of a foot,1,Department of Water Resources,NA,1,Department of Water Resources,NA,NA,16732,20S23E03L001M,202303L1,GPS,Unknown,5-022.11,Kaweah,Tulare,200,Irrigation,Single Well,NA,1967-02-10 00:00:00 - 2019-01-30 07:00:00,96,other,NA,NA,NA,NA,2011,18030012,Wet,Wet,2010-10-01T00:00:00Z,2011-10-01T00:00:00Z,-119.466,36.2167
362167N1194663W001,2137501,2011-02-18T08:00:00Z,257.24,254.24,0,111,146.24,111,108,NA,Electric sounder measurement,Water level accuracy to nearest foot,5030,Tulare Irrigation District,NA,5030,Tulare Irrigation District,NA,NA,16732,20S23E03L001M,202303L1,GPS,Unknown,5-022.11,Kaweah,Tulare,200,Irrigation,Single Well,NA,1967-02-10 00:00:00 - 2019-01-30 07:00:00,96,other,NA,NA,NA,NA,2011,18030012,Wet,Wet,2010-10-01T00:00:00Z,2011-10-01T00:00:00Z,-119.466,36.2167
362167N1194663W001,947085,2010-01-20T00:00:00Z,257.24,254.24,0,133,124.24,133,130,Oil or foreign substance in casing,Unknown,Water level accuracy is unknown,1,Department of Water Resources,NA,5030,Tulare Irrigation District,NA,NA,16732,20S23E03L001M,202303L1,GPS,Unknown,5-022.11,Kaweah,Tulare,200,Irrigation,Single Well,NA,1967-02-10 00:00:00 - 2019-01-30 07:00:00,96,other,NA,NA,NA,NA,2010,18030012,Above Normal,Above Normal,2009-10-01T00:00:00Z,2010-10-01T00:00:00Z,-119.466,36.2167
362167N1194663W001,947084,2009-02-25T00:00:00Z,257.24,254.24,0,121,136.24,121,118,Oil or foreign substance in casing,Unknown,Water level accuracy is unknown,1,Department of Water Resources,OIL IN CASING,5030,Tulare Irrigation District,NA,NA,16732,20S23E03L001M,202303L1,GPS,Unknown,5-022.11,Kaweah,Tulare,200,Irrigation,Single Well,NA,1967-02-10 00:00:00 - 2019-01-30 07:00:00,96,other,NA,NA,NA,NA,2009,18030012,Critical,Critical,2008-10-01T00:00:00Z,2009-10-01T00:00:00Z,-119.466,36.2167
362167N1194663W001,947082,2007-10-12T00:00:00Z,257.24,254.24,0,104,153.24,104,101,Oil or foreign substance in casing,Unknown,Water level accuracy is unknown,1,Department of Water Resources,OIL IN CASING,5030,Tulare Irrigation District,NA,NA,16732,20S23E03L001M,202303L1,GPS,Unknown,5-022.11,Kaweah,Tulare,200,Irrigation,Single Well,NA,1967-02-10 00:00:00 - 2019-01-30 07:00:00,96,fall,22,158,NA,NA,2008,18030012,Critical,Critical,2007-10-01T00:00:00Z,2008-10-01T00:00:00Z,-119.466,36.2167
362167N1194663W001,947081,2007-01-23T00:00:00Z,257.24,254.24,0,84,173.24,84,81,Oil or foreign substance in casing,Unknown,Water level accuracy is unknown,1,Department of Water Resources,NA,5030,Tulare Irrigation District,NA,NA,16732,20S23E03L001M,202303L1,GPS,Unknown,5-022.11,Kaweah,Tulare,200,Irrigation,Single Well,NA,1967-02-10 00:00:00 - 2019-01-30 07:00:00,96,other,NA,NA,NA,NA,2007,18030012,Critical,Critical,2006-10-01T00:00:00Z,2007-10-01T00:00:00Z,-119.466,36.2167
362167N1194663W001,947083,2006-10-02T00:00:00Z,257.24,254.24,0,84.5,172.74,84.5,81.5,Oil or foreign substance in casing,Unknown,Water level accuracy is unknown,1,Department of Water Resources,NA,5030,Tulare Irrigation District,NA,NA,16732,20S23E03L001M,202303L1,GPS,Unknown,5-022.11,Kaweah,Tulare,200,Irrigation,Single Well,NA,1967-02-10 00:00:00 - 2019-01-30 07:00:00,96,fall,22,158,NA,NA,2007,18030012,Critical,Critical,2006-10-01T00:00:00Z,2007-10-01T00:00:00Z,-119.466,36.2167
362167N1194663W001,947080,2006-01-26T00:00:00Z,257.24,254.24,0,95.5,161.74,95.5,92.5,Oil or foreign substance in casing,Unknown,Water level accuracy is unknown,1,Department of Water Resources,NA,5030,Tulare Irrigation District,NA,NA,16732,20S23E03L001M,202303L1,GPS,Unknown,5-022.11,Kaweah,Tulare,200,Irrigation,Single Well,NA,1967-02-10 00:00:00 - 2019-01-30 07:00:00,96,other,NA,NA,NA,NA,2006,18030012,Wet,Wet,2005-10-01T00:00:00Z,2006-10-01T00:00:00Z,-119.466,36.2167
362167N1194663W001,947079,2005-01-28T00:00:00Z,257.24,254.24,0,115,142.24,115,112,NA,Unknown,Water level accuracy is unknown,1,Department of Water Resources,NA,5030,Tulare Irrigation District,NA,NA,16732,20S23E03L001M,202303L1,GPS,Unknown,5-022.11,Kaweah,Tulare,200,Irrigation,Single Well,NA,1967-02-10 00:00:00 - 2019-01-30 07:00:00,96,other,NA,NA,NA,NA,2005,18030012,Wet,Wet,2004-10-01T00:00:00Z,2005-10-01T00:00:00Z,-119.466,36.2167
362167N1194663W001,947078,2005-01-27T00:00:00Z,257.24,254.24,0,115,142.24,115,112,Oil or foreign substance in casing,Unknown,Water level accuracy is unknown,1,Department of Water Resources,NA,5030,Tulare Irrigation District,NA,NA,16732,20S23E03L001M,202303L1,GPS,Unknown,5-022.11,Kaweah,Tulare,200,Irrigation,Single Well,NA,1967-02-10 00:00:00 - 2019-01-30 07:00:00,96,other,NA,NA,NA,NA,2005,18030012,Wet,Wet,2004-10-01T00:00:00Z,2005-10-01T00:00:00Z,-119.466,36.2167
362167N1194663W001,947076,2004-02-03T00:00:00Z,257.24,254.24,0,102,155.24,102,99,Nearby pump operating,Unknown,Water level accuracy is unknown,1,Department of Water Resources,OIL IN CASING,5030,Tulare Irrigation District,NA,NA,16732,20S23E03L001M,202303L1,GPS,Unknown,5-022.11,Kaweah,Tulare,200,Irrigation,Single Well,NA,1967-02-10 00:00:00 - 2019-01-30 07:00:00,96,other,NA,NA,NA,NA,2004,18030012,Dry,Dry,2003-10-01T00:00:00Z,2004-10-01T00:00:00Z,-119.466,36.2167
362167N1194663W001,947077,2003-09-22T00:00:00Z,257.24,254.24,0,101,156.24,101,98,Oil or foreign substance in casing,Unknown,Water level accuracy is unknown,1,Department of Water Resources,OIL IN CASING,5030,Tulare Irrigation District,NA,NA,16732,20S23E03L001M,202303L1,GPS,Unknown,5-022.11,Kaweah,Tulare,200,Irrigation,Single Well,NA,1967-02-10 00:00:00 - 2019-01-30 07:00:00,96,fall,22,158,NA,NA,2003,18030012,Dry,Dry,2002-10-01T00:00:00Z,2003-10-01T00:00:00Z,-119.466,36.2167
362167N1194663W001,947073,2003-01-21T00:00:00Z,257.24,254.24,0,94,163.24,94,91,Nearby pump operating,Unknown,Water level accuracy is unknown,1,Department of Water Resources,NA,5030,Tulare Irrigation District,NA,NA,16732,20S23E03L001M,202303L1,GPS,Unknown,5-022.11,Kaweah,Tulare,200,Irrigation,Single Well,NA,1967-02-10 00:00:00 - 2019-01-30 07:00:00,96,other,NA,NA,NA,NA,2003,18030012,Dry,Dry,2002-10-01T00:00:00Z,2003-10-01T00:00:00Z,-119.466,36.2167
362167N1194663W001,947075,2002-09-16T00:00:00Z,257.24,254.24,0,98,159.24,98,95,Oil or foreign substance in casing,Unknown,Water level accuracy is unknown,1,Department of Water Resources,NA,624,Bureau of Reclamation,NA,NA,16732,20S23E03L001M,202303L1,GPS,Unknown,5-022.11,Kaweah,Tulare,200,Irrigation,Single Well,NA,1967-02-10 00:00:00 - 2019-01-30 07:00:00,96,fall,22,158,NA,NA,2002,18030012,Critical,Critical,2001-10-01T00:00:00Z,2002-10-01T00:00:00Z,-119.466,36.2167
362167N1194663W001,947074,2002-01-16T00:00:00Z,257.24,254.24,0,84,173.24,84,81,Oil or foreign substance in casing,Unknown,Water level accuracy is unknown,1,Department of Water Resources,NA,624,Bureau of Reclamation,NA,NA,16732,20S23E03L001M,202303L1,GPS,Unknown,5-022.11,Kaweah,Tulare,200,Irrigation,Single Well,NA,1967-02-10 00:00:00 - 2019-01-30 07:00:00,96,other,NA,NA,NA,NA,2002,18030012,Critical,Critical,2001-10-01T00:00:00Z,2002-10-01T00:00:00Z,-119.466,36.2167
362167N1194663W001,947072,2001-01-24T00:00:00Z,257.24,254.24,0,69,188.24,69,66,Oil or foreign substance in casing,Unknown,Water level accuracy is unknown,1,Department of Water Resources,NA,5030,Tulare Irrigation District,NA,NA,16732,20S23E03L001M,202303L1,GPS,Unknown,5-022.11,Kaweah,Tulare,200,Irrigation,Single Well,NA,1967-02-10 00:00:00 - 2019-01-30 07:00:00,96,other,NA,NA,NA,NA,2001,18030012,Below Normal,Below Normal,2000-10-01T00:00:00Z,2001-10-01T00:00:00Z,-119.466,36.2167
362167N1194663W001,947071,2000-01-20T00:00:00Z,257.24,254.24,0,66,191.24,66,63,Oil or foreign substance in casing,Unknown,Water level accuracy is unknown,1,Department of Water Resources,NA,5030,Tulare Irrigation District,NA,NA,16732,20S23E03L001M,202303L1,GPS,Unknown,5-022.11,Kaweah,Tulare,200,Irrigation,Single Well,NA,1967-02-10 00:00:00 - 2019-01-30 07:00:00,96,other,NA,NA,NA,NA,2000,18030012,Below Normal,Below Normal,1999-10-01T00:00:00Z,2000-10-01T00:00:00Z,-119.466,36.2167
362167N1194663W001,947070,1999-10-05T00:00:00Z,257.24,254.24,0,66,191.24,66,63,Pumped recently,Unknown,Water level accuracy is unknown,1,Department of Water Resources,NA,5030,Tulare Irrigation District,NA,NA,16732,20S23E03L001M,202303L1,GPS,Unknown,5-022.11,Kaweah,Tulare,200,Irrigation,Single Well,NA,1967-02-10 00:00:00 - 2019-01-30 07:00:00,96,fall,22,158,NA,NA,2000,18030012,Below Normal,Below Normal,1999-10-01T00:00:00Z,2000-10-01T00:00:00Z,-119.466,36.2167
362167N1194663W001,947069,1999-01-18T00:00:00Z,257.24,254.24,0,61,196.24,61,58,Oil or foreign substance in casing,Unknown,Water level accuracy is unknown,1,Department of Water Resources,NA,5030,Tulare Irrigation District,NA,NA,16732,20S23E03L001M,202303L1,GPS,Unknown,5-022.11,Kaweah,Tulare,200,Irrigation,Single Well,NA,1967-02-10 00:00:00 - 2019-01-30 07:00:00,96,other,NA,NA,NA,NA,1999,18030012,Wet,Wet,1998-10-01T00:00:00Z,1999-10-01T00:00:00Z,-119.466,36.2167
362167N1194663W001,947068,1998-10-05T00:00:00Z,257.24,254.24,0,69,188.24,69,66,Oil or foreign substance in casing,Unknown,Water level accuracy is unknown,1,Department of Water Resources,NA,5030,Tulare Irrigation District,NA,NA,16732,20S23E03L001M,202303L1,GPS,Unknown,5-022.11,Kaweah,Tulare,200,Irrigation,Single Well,NA,1967-02-10 00:00:00 - 2019-01-30 07:00:00,96,fall,22,158,NA,NA,1999,18030012,Wet,Wet,1998-10-01T00:00:00Z,1999-10-01T00:00:00Z,-119.466,36.2167
362167N1194663W001,947067,1998-01-15T00:00:00Z,257.24,254.24,0,81,176.24,81,78,Oil or foreign substance in casing,Unknown,Water level accuracy is unknown,1,Department of Water Resources,NA,5030,Tulare Irrigation District,NA,NA,16732,20S23E03L001M,202303L1,GPS,Unknown,5-022.11,Kaweah,Tulare,200,Irrigation,Single Well,NA,1967-02-10 00:00:00 - 2019-01-30 07:00:00,96,other,NA,NA,NA,NA,1998,18030012,Wet,Wet,1997-10-01T00:00:00Z,1998-10-01T00:00:00Z,-119.466,36.2167
362167N1194663W001,947066,1997-10-07T00:00:00Z,257.24,254.24,0,82,175.24,82,79,Oil or foreign substance in casing,Unknown,Water level accuracy is unknown,1,Department of Water Resources,NA,5030,Tulare Irrigation District,NA,NA,16732,20S23E03L001M,202303L1,GPS,Unknown,5-022.11,Kaweah,Tulare,200,Irrigation,Single Well,NA,1967-02-10 00:00:00 - 2019-01-30 07:00:00,96,fall,22,158,NA,NA,1998,18030012,Wet,Wet,1997-10-01T00:00:00Z,1998-10-01T00:00:00Z,-119.466,36.2167
362167N1194663W001,947065,1997-01-14T00:00:00Z,257.24,254.24,0,81,176.24,81,78,Oil or foreign substance in casing,Unknown,Water level accuracy is unknown,1,Department of Water Resources,NA,5030,Tulare Irrigation District,NA,NA,16732,20S23E03L001M,202303L1,GPS,Unknown,5-022.11,Kaweah,Tulare,200,Irrigation,Single Well,NA,1967-02-10 00:00:00 - 2019-01-30 07:00:00,96,other,NA,NA,NA,NA,1997,18030012,Above Normal,Above Normal,1996-10-01T00:00:00Z,1997-10-01T00:00:00Z,-119.466,36.2167
362167N1194663W001,947064,1996-10-02T00:00:00Z,257.24,254.24,0,85,172.24,85,82,Oil or foreign substance in casing,Unknown,Water level accuracy is unknown,1,Department of Water Resources,NA,5030,Tulare Irrigation District,NA,NA,16732,20S23E03L001M,202303L1,GPS,Unknown,5-022.11,Kaweah,Tulare,200,Irrigation,Single Well,NA,1967-02-10 00:00:00 - 2019-01-30 07:00:00,96,fall,22,158,NA,NA,1997,18030012,Above Normal,Above Normal,1996-10-01T00:00:00Z,1997-10-01T00:00:00Z,-119.466,36.2167
362167N1194663W001,947063,1996-01-12T00:00:00Z,257.24,254.24,0,92,165.24,92,89,NA,Unknown,Water level accuracy is unknown,1,Department of Water Resources,NA,5030,Tulare Irrigation District,NA,NA,16732,20S23E03L001M,202303L1,GPS,Unknown,5-022.11,Kaweah,Tulare,200,Irrigation,Single Well,NA,1967-02-10 00:00:00 - 2019-01-30 07:00:00,96,other,NA,NA,NA,NA,1996,18030012,Wet,Wet,1995-10-01T00:00:00Z,1996-10-01T00:00:00Z,-119.466,36.2167
362167N1194663W001,947062,1995-10-05T00:00:00Z,257.24,254.24,0,98,159.24,98,95,NA,Unknown,Water level accuracy is unknown,1,Department of Water Resources,NA,5030,Tulare Irrigation District,NA,NA,16732,20S23E03L001M,202303L1,GPS,Unknown,5-022.11,Kaweah,Tulare,200,Irrigation,Single Well,NA,1967-02-10 00:00:00 - 2019-01-30 07:00:00,96,fall,22,158,NA,NA,1996,18030012,Wet,Wet,1995-10-01T00:00:00Z,1996-10-01T00:00:00Z,-119.466,36.2167
362167N1194663W001,947061,1995-02-02T00:00:00Z,257.24,254.24,0,111,146.24,111,108,Oil or foreign substance in casing,Unknown,Water level accuracy is unknown,1,Department of Water Resources,NA,5030,Tulare Irrigation District,NA,NA,16732,20S23E03L001M,202303L1,GPS,Unknown,5-022.11,Kaweah,Tulare,200,Irrigation,Single Well,NA,1967-02-10 00:00:00 - 2019-01-30 07:00:00,96,other,NA,NA,NA,NA,1995,18030012,Wet,Wet,1994-10-01T00:00:00Z,1995-10-01T00:00:00Z,-119.466,36.2167
362167N1194663W001,947060,1994-10-04T00:00:00Z,257.24,254.24,0,114,143.24,114,111,NA,Unknown,Water level accuracy is unknown,1,Department of Water Resources,NA,5030,Tulare Irrigation District,NA,NA,16732,20S23E03L001M,202303L1,GPS,Unknown,5-022.11,Kaweah,Tulare,200,Irrigation,Single Well,NA,1967-02-10 00:00:00 - 2019-01-30 07:00:00,96,fall,22,158,NA,NA,1995,18030012,Wet,Wet,1994-10-01T00:00:00Z,1995-10-01T00:00:00Z,-119.466,36.2167
362167N1194663W001,947059,1994-01-18T00:00:00Z,257.24,254.24,0,98,159.24,98,95,NA,Unknown,Water level accuracy is unknown,1,Department of Water Resources,NA,5030,Tulare Irrigation District,NA,NA,16732,20S23E03L001M,202303L1,GPS,Unknown,5-022.11,Kaweah,Tulare,200,Irrigation,Single Well,NA,1967-02-10 00:00:00 - 2019-01-30 07:00:00,96,other,NA,NA,NA,NA,1994,18030012,Above Normal,Above Normal,1993-10-01T00:00:00Z,1994-10-01T00:00:00Z,-119.466,36.2167
362167N1194663W001,947058,1993-10-08T00:00:00Z,257.24,254.24,0,102,155.24,102,99,NA,Unknown,Water level accuracy is unknown,1,Department of Water Resources,NA,5030,Tulare Irrigation District,NA,NA,16732,20S23E03L001M,202303L1,GPS,Unknown,5-022.11,Kaweah,Tulare,200,Irrigation,Single Well,NA,1967-02-10 00:00:00 - 2019-01-30 07:00:00,96,fall,22,158,NA,NA,1994,18030012,Above Normal,Above Normal,1993-10-01T00:00:00Z,1994-10-01T00:00:00Z,-119.466,36.2167
362167N1194663W001,947057,1993-01-28T00:00:00Z,257.24,254.24,0,113,144.24,113,110,NA,Unknown,Water level accuracy is unknown,1,Department of Water Resources,NA,5030,Tulare Irrigation District,NA,NA,16732,20S23E03L001M,202303L1,GPS,Unknown,5-022.11,Kaweah,Tulare,200,Irrigation,Single Well,NA,1967-02-10 00:00:00 - 2019-01-30 07:00:00,96,other,NA,NA,NA,NA,1993,18030012,Wet,Wet,1992-10-01T00:00:00Z,1993-10-01T00:00:00Z,-119.466,36.2167
362167N1194663W001,947056,1992-10-06T00:00:00Z,257.24,254.24,0,114,143.24,114,111,NA,Unknown,Water level accuracy is unknown,1,Department of Water Resources,NA,5030,Tulare Irrigation District,NA,NA,16732,20S23E03L001M,202303L1,GPS,Unknown,5-022.11,Kaweah,Tulare,200,Irrigation,Single Well,NA,1967-02-10 00:00:00 - 2019-01-30 07:00:00,96,fall,22,158,NA,NA,1993,18030012,Wet,Wet,1992-10-01T00:00:00Z,1993-10-01T00:00:00Z,-119.466,36.2167
362167N1194663W001,947055,1992-01-22T00:00:00Z,257.24,254.24,0,104,153.24,104,101,NA,Unknown,Water level accuracy is unknown,1,Department of Water Resources,NA,5030,Tulare Irrigation District,NA,NA,16732,20S23E03L001M,202303L1,GPS,Unknown,5-022.11,Kaweah,Tulare,200,Irrigation,Single Well,NA,1967-02-10 00:00:00 - 2019-01-30 07:00:00,96,other,NA,NA,NA,NA,1992,18030012,Above Normal,Above Normal,1991-10-01T00:00:00Z,1992-10-01T00:00:00Z,-119.466,36.2167
362167N1194663W001,947054,1991-10-02T00:00:00Z,257.24,254.24,0,105,152.24,105,102,NA,Unknown,Water level accuracy is unknown,1,Department of Water Resources,NA,5030,Tulare Irrigation District,NA,NA,16732,20S23E03L001M,202303L1,GPS,Unknown,5-022.11,Kaweah,Tulare,200,Irrigation,Single Well,NA,1967-02-10 00:00:00 - 2019-01-30 07:00:00,96,fall,22,158,NA,NA,1992,18030012,Above Normal,Above Normal,1991-10-01T00:00:00Z,1992-10-01T00:00:00Z,-119.466,36.2167
362167N1194663W001,947053,1991-01-21T00:00:00Z,257.24,254.24,0,95,162.24,95,92,NA,Unknown,Water level accuracy is unknown,1,Department of Water Resources,NA,5030,Tulare Irrigation District,NA,NA,16732,20S23E03L001M,202303L1,GPS,Unknown,5-022.11,Kaweah,Tulare,200,Irrigation,Single Well,NA,1967-02-10 00:00:00 - 2019-01-30 07:00:00,96,other,NA,NA,NA,NA,1991,18030012,Dry,Dry,1990-10-01T00:00:00Z,1991-10-01T00:00:00Z,-119.466,36.2167
362167N1194663W001,947052,1990-10-04T00:00:00Z,257.24,254.24,0,95,162.24,95,92,Acoustical sounder,Unknown,Water level accuracy is unknown,1,Department of Water Resources,NA,5030,Tulare Irrigation District,NA,NA,16732,20S23E03L001M,202303L1,GPS,Unknown,5-022.11,Kaweah,Tulare,200,Irrigation,Single Well,NA,1967-02-10 00:00:00 - 2019-01-30 07:00:00,96,fall,22,158,NA,NA,1991,18030012,Dry,Dry,1990-10-01T00:00:00Z,1991-10-01T00:00:00Z,-119.466,36.2167
362167N1194663W001,947051,1990-01-19T00:00:00Z,257.24,254.24,0,73,184.24,73,70,NA,Unknown,Water level accuracy is unknown,1,Department of Water Resources,NA,5030,Tulare Irrigation District,NA,NA,16732,20S23E03L001M,202303L1,GPS,Unknown,5-022.11,Kaweah,Tulare,200,Irrigation,Single Well,NA,1967-02-10 00:00:00 - 2019-01-30 07:00:00,96,other,NA,NA,NA,NA,1990,18030012,Critical,Critical,1989-10-01T00:00:00Z,1990-10-01T00:00:00Z,-119.466,36.2167
362167N1194663W001,947050,1989-10-10T00:00:00Z,257.24,254.24,0,72,185.24,72,69,NA,Unknown,Water level accuracy is unknown,1,Department of Water Resources,NA,5030,Tulare Irrigation District,NA,NA,16732,20S23E03L001M,202303L1,GPS,Unknown,5-022.11,Kaweah,Tulare,200,Irrigation,Single Well,NA,1967-02-10 00:00:00 - 2019-01-30 07:00:00,96,fall,22,158,NA,NA,1990,18030012,Critical,Critical,1989-10-01T00:00:00Z,1990-10-01T00:00:00Z,-119.466,36.2167
362167N1194663W001,947049,1989-01-27T00:00:00Z,257.24,254.24,0,73,184.24,73,70,NA,Unknown,Water level accuracy is unknown,1,Department of Water Resources,NA,5030,Tulare Irrigation District,NA,NA,16732,20S23E03L001M,202303L1,GPS,Unknown,5-022.11,Kaweah,Tulare,200,Irrigation,Single Well,NA,1967-02-10 00:00:00 - 2019-01-30 07:00:00,96,other,NA,NA,NA,NA,1989,18030012,Dry,Dry,1988-10-01T00:00:00Z,1989-10-01T00:00:00Z,-119.466,36.2167
362167N1194663W001,947048,1988-10-11T00:00:00Z,257.24,254.24,0,61,196.24,61,58,NA,Unknown,Water level accuracy is unknown,1,Department of Water Resources,NA,5030,Tulare Irrigation District,NA,NA,16732,20S23E03L001M,202303L1,GPS,Unknown,5-022.11,Kaweah,Tulare,200,Irrigation,Single Well,NA,1967-02-10 00:00:00 - 2019-01-30 07:00:00,96,fall,22,158,NA,NA,1989,18030012,Dry,Dry,1988-10-01T00:00:00Z,1989-10-01T00:00:00Z,-119.466,36.2167
362167N1194663W001,947047,1988-01-25T00:00:00Z,257.24,254.24,0,49,208.24,49,46,NA,Unknown,Water level accuracy is unknown,1,Department of Water Resources,NA,5030,Tulare Irrigation District,NA,NA,16732,20S23E03L001M,202303L1,GPS,Unknown,5-022.11,Kaweah,Tulare,200,Irrigation,Single Well,NA,1967-02-10 00:00:00 - 2019-01-30 07:00:00,96,other,NA,NA,NA,NA,1988,18030012,Below Normal,Below Normal,1987-10-01T00:00:00Z,1988-10-01T00:00:00Z,-119.466,36.2167
362167N1194663W001,947046,1987-10-07T00:00:00Z,257.24,254.24,0,49,208.24,49,46,NA,Unknown,Water level accuracy is unknown,1,Department of Water Resources,NA,5030,Tulare Irrigation District,NA,NA,16732,20S23E03L001M,202303L1,GPS,Unknown,5-022.11,Kaweah,Tulare,200,Irrigation,Single Well,NA,1967-02-10 00:00:00 - 2019-01-30 07:00:00,96,fall,22,158,NA,NA,1988,18030012,Below Normal,Below Normal,1987-10-01T00:00:00Z,1988-10-01T00:00:00Z,-119.466,36.2167
362167N1194663W001,947045,1987-02-02T00:00:00Z,257.24,254.24,0,26,231.24,26,23,NA,Unknown,Water level accuracy is unknown,1,Department of Water Resources,NA,5030,Tulare Irrigation District,NA,NA,16732,20S23E03L001M,202303L1,GPS,Unknown,5-022.11,Kaweah,Tulare,200,Irrigation,Single Well,NA,1967-02-10 00:00:00 - 2019-01-30 07:00:00,96,other,NA,NA,NA,NA,1987,18030012,Below Normal,Below Normal,1986-10-01T00:00:00Z,1987-10-01T00:00:00Z,-119.466,36.2167
362167N1194663W001,947044,1986-10-02T00:00:00Z,257.24,254.24,0,25,232.24,25,22,NA,Unknown,Water level accuracy is unknown,1,Department of Water Resources,NA,624,Bureau of Reclamation,NA,NA,16732,20S23E03L001M,202303L1,GPS,Unknown,5-022.11,Kaweah,Tulare,200,Irrigation,Single Well,NA,1967-02-10 00:00:00 - 2019-01-30 07:00:00,96,fall,22,158,NA,NA,1987,18030012,Below Normal,Below Normal,1986-10-01T00:00:00Z,1987-10-01T00:00:00Z,-119.466,36.2167
362167N1194663W001,947043,1986-02-20T00:00:00Z,257.24,254.24,0,43,214.24,43,40,NA,Unknown,Water level accuracy is unknown,1,Department of Water Resources,NA,624,Bureau of Reclamation,NA,NA,16732,20S23E03L001M,202303L1,GPS,Unknown,5-022.11,Kaweah,Tulare,200,Irrigation,Single Well,NA,1967-02-10 00:00:00 - 2019-01-30 07:00:00,96,other,NA,NA,NA,NA,1986,18030012,Above Normal,Above Normal,1985-10-01T00:00:00Z,1986-10-01T00:00:00Z,-119.466,36.2167
362167N1194663W001,947042,1985-10-01T00:00:00Z,257.24,254.24,0,43,214.24,43,40,NA,Unknown,Water level accuracy is unknown,1,Department of Water Resources,NA,624,Bureau of Reclamation,NA,NA,16732,20S23E03L001M,202303L1,GPS,Unknown,5-022.11,Kaweah,Tulare,200,Irrigation,Single Well,NA,1967-02-10 00:00:00 - 2019-01-30 07:00:00,96,fall,22,158,NA,NA,1986,18030012,Above Normal,Above Normal,1985-10-01T00:00:00Z,1986-10-01T00:00:00Z,-119.466,36.2167
362167N1194663W001,947041,1985-02-08T00:00:00Z,257.24,254.24,0,27,230.24,27,24,NA,Unknown,Water level accuracy is unknown,1,Department of Water Resources,NA,624,Bureau of Reclamation,NA,NA,16732,20S23E03L001M,202303L1,GPS,Unknown,5-022.11,Kaweah,Tulare,200,Irrigation,Single Well,NA,1967-02-10 00:00:00 - 2019-01-30 07:00:00,96,other,NA,NA,NA,NA,1985,18030012,Dry,Dry,1984-10-01T00:00:00Z,1985-10-01T00:00:00Z,-119.466,36.2167
362167N1194663W001,947040,1984-10-17T00:00:00Z,257.24,254.24,0,27,230.24,27,24,NA,Unknown,Water level accuracy is unknown,1,Department of Water Resources,NA,624,Bureau of Reclamation,NA,NA,16732,20S23E03L001M,202303L1,GPS,Unknown,5-022.11,Kaweah,Tulare,200,Irrigation,Single Well,NA,1967-02-10 00:00:00 - 2019-01-30 07:00:00,96,fall,22,158,NA,NA,1985,18030012,Dry,Dry,1984-10-01T00:00:00Z,1985-10-01T00:00:00Z,-119.466,36.2167
362167N1194663W001,947039,1984-02-22T00:00:00Z,257.24,254.24,0,24,233.24,24,21,Oil or foreign substance in casing,Unknown,Water level accuracy is unknown,1,Department of Water Resources,NA,624,Bureau of Reclamation,NA,NA,16732,20S23E03L001M,202303L1,GPS,Unknown,5-022.11,Kaweah,Tulare,200,Irrigation,Single Well,NA,1967-02-10 00:00:00 - 2019-01-30 07:00:00,96,other,NA,NA,NA,NA,1984,18030012,Above Normal,Above Normal,1983-10-01T00:00:00Z,1984-10-01T00:00:00Z,-119.466,36.2167
362167N1194663W001,947038,1983-10-18T00:00:00Z,257.24,254.24,0,25,232.24,25,22,NA,Unknown,Water level accuracy is unknown,1,Department of Water Resources,NA,624,Bureau of Reclamation,NA,NA,16732,20S23E03L001M,202303L1,GPS,Unknown,5-022.11,Kaweah,Tulare,200,Irrigation,Single Well,NA,1967-02-10 00:00:00 - 2019-01-30 07:00:00,96,fall,22,158,NA,NA,1984,18030012,Above Normal,Above Normal,1983-10-01T00:00:00Z,1984-10-01T00:00:00Z,-119.466,36.2167
362167N1194663W001,947037,1983-02-14T00:00:00Z,257.24,254.24,0,40,217.24,40,37,Oil or foreign substance in casing,Unknown,Water level accuracy is unknown,1,Department of Water Resources,NA,5030,Tulare Irrigation District,NA,NA,16732,20S23E03L001M,202303L1,GPS,Unknown,5-022.11,Kaweah,Tulare,200,Irrigation,Single Well,NA,1967-02-10 00:00:00 - 2019-01-30 07:00:00,96,other,NA,NA,NA,NA,1983,18030012,Wet,Wet,1982-10-01T00:00:00Z,1983-10-01T00:00:00Z,-119.466,36.2167
362167N1194663W001,947036,1982-10-07T00:00:00Z,257.24,254.24,0,46,211.24,46,43,NA,Unknown,Water level accuracy is unknown,1,Department of Water Resources,NA,5030,Tulare Irrigation District,NA,NA,16732,20S23E03L001M,202303L1,GPS,Unknown,5-022.11,Kaweah,Tulare,200,Irrigation,Single Well,NA,1967-02-10 00:00:00 - 2019-01-30 07:00:00,96,fall,22,158,NA,NA,1983,18030012,Wet,Wet,1982-10-01T00:00:00Z,1983-10-01T00:00:00Z,-119.466,36.2167
362167N1194663W001,947035,1982-02-03T00:00:00Z,257.24,254.24,0,72,185.24,72,69,NA,Unknown,Water level accuracy is unknown,1,Department of Water Resources,NA,624,Bureau of Reclamation,NA,NA,16732,20S23E03L001M,202303L1,GPS,Unknown,5-022.11,Kaweah,Tulare,200,Irrigation,Single Well,NA,1967-02-10 00:00:00 - 2019-01-30 07:00:00,96,other,NA,NA,NA,NA,1982,18030012,Wet,Wet,1981-10-01T00:00:00Z,1982-10-01T00:00:00Z,-119.466,36.2167
362167N1194663W001,947034,1981-09-28T00:00:00Z,257.24,254.24,0,60,197.24,60,57,NA,Unknown,Water level accuracy is unknown,1,Department of Water Resources,NA,624,Bureau of Reclamation,NA,NA,16732,20S23E03L001M,202303L1,GPS,Unknown,5-022.11,Kaweah,Tulare,200,Irrigation,Single Well,NA,1967-02-10 00:00:00 - 2019-01-30 07:00:00,96,fall,22,158,NA,NA,1981,18030012,Below Normal,Below Normal,1980-10-01T00:00:00Z,1981-10-01T00:00:00Z,-119.466,36.2167
362167N1194663W001,947033,1981-01-30T00:00:00Z,257.24,254.24,NA,NA,NA,NA,NA,Pumping,NA,NA,1,Department of Water Resources,NA,5030,Tulare Irrigation District,NA,NA,16732,20S23E03L001M,202303L1,GPS,Unknown,5-022.11,Kaweah,Tulare,200,Irrigation,Single Well,NA,1967-02-10 00:00:00 - 2019-01-30 07:00:00,96,other,NA,NA,NA,NA,1981,18030012,Below Normal,Below Normal,1980-10-01T00:00:00Z,1981-10-01T00:00:00Z,-119.466,36.2167
362167N1194663W001,947032,1980-09-24T00:00:00Z,257.24,254.24,0,48.5,208.74,48.5,45.5,NA,Unknown,Water level accuracy is unknown,1,Department of Water Resources,NA,5030,Tulare Irrigation District,NA,NA,16732,20S23E03L001M,202303L1,GPS,Unknown,5-022.11,Kaweah,Tulare,200,Irrigation,Single Well,NA,1967-02-10 00:00:00 - 2019-01-30 07:00:00,96,fall,22,158,NA,NA,1980,18030012,Wet,Wet,1979-10-01T00:00:00Z,1980-10-01T00:00:00Z,-119.466,36.2167
362167N1194663W001,947031,1980-01-28T00:00:00Z,257.24,254.24,0,76,181.24,76,73,NA,Unknown,Water level accuracy is unknown,1,Department of Water Resources,NA,5030,Tulare Irrigation District,NA,NA,16732,20S23E03L001M,202303L1,GPS,Unknown,5-022.11,Kaweah,Tulare,200,Irrigation,Single Well,NA,1967-02-10 00:00:00 - 2019-01-30 07:00:00,96,other,NA,NA,NA,NA,1980,18030012,Wet,Wet,1979-10-01T00:00:00Z,1980-10-01T00:00:00Z,-119.466,36.2167
362167N1194663W001,947030,1979-09-26T00:00:00Z,257.24,254.24,0,60.5,196.74,60.5,57.5,NA,Unknown,Water level accuracy is unknown,1,Department of Water Resources,NA,5030,Tulare Irrigation District,NA,NA,16732,20S23E03L001M,202303L1,GPS,Unknown,5-022.11,Kaweah,Tulare,200,Irrigation,Single Well,NA,1967-02-10 00:00:00 - 2019-01-30 07:00:00,96,fall,22,158,NA,NA,1979,18030012,Wet,Wet,1978-10-01T00:00:00Z,1979-10-01T00:00:00Z,-119.466,36.2167
362167N1194663W001,947029,1979-01-23T00:00:00Z,257.24,254.24,NA,NA,NA,NA,NA,Can't get tape in casing,NA,NA,1,Department of Water Resources,NA,5030,Tulare Irrigation District,NA,NA,16732,20S23E03L001M,202303L1,GPS,Unknown,5-022.11,Kaweah,Tulare,200,Irrigation,Single Well,NA,1967-02-10 00:00:00 - 2019-01-30 07:00:00,96,other,NA,NA,NA,NA,1979,18030012,Wet,Wet,1978-10-01T00:00:00Z,1979-10-01T00:00:00Z,-119.466,36.2167
362167N1194663W001,947028,1978-02-01T00:00:00Z,257.24,254.24,NA,NA,NA,NA,NA,Can't get tape in casing,NA,NA,1,Department of Water Resources,NA,5030,Tulare Irrigation District,NA,NA,16732,20S23E03L001M,202303L1,GPS,Unknown,5-022.11,Kaweah,Tulare,200,Irrigation,Single Well,NA,1967-02-10 00:00:00 - 2019-01-30 07:00:00,96,other,NA,NA,NA,NA,1978,18030012,Wet,Wet,1977-10-01T00:00:00Z,1978-10-01T00:00:00Z,-119.466,36.2167
362167N1194663W001,947027,1977-10-04T00:00:00Z,257.24,254.24,NA,NA,NA,NA,NA,Can't get tape in casing,NA,NA,1,Department of Water Resources,NA,5030,Tulare Irrigation District,NA,NA,16732,20S23E03L001M,202303L1,GPS,Unknown,5-022.11,Kaweah,Tulare,200,Irrigation,Single Well,NA,1967-02-10 00:00:00 - 2019-01-30 07:00:00,96,fall,22,158,NA,NA,1978,18030012,Wet,Wet,1977-10-01T00:00:00Z,1978-10-01T00:00:00Z,-119.466,36.2167
362167N1194663W001,947026,1977-01-25T00:00:00Z,257.24,254.24,0,89,168.24,89,86,NA,Unknown,Water level accuracy is unknown,1,Department of Water Resources,NA,5030,Tulare Irrigation District,NA,NA,16732,20S23E03L001M,202303L1,GPS,Unknown,5-022.11,Kaweah,Tulare,200,Irrigation,Single Well,NA,1967-02-10 00:00:00 - 2019-01-30 07:00:00,96,other,NA,NA,NA,NA,1977,18030012,Dry,Dry,1976-10-01T00:00:00Z,1977-10-01T00:00:00Z,-119.466,36.2167
362167N1194663W001,947025,1976-10-08T00:00:00Z,257.24,254.24,0,88,169.24,88,85,NA,Unknown,Water level accuracy is unknown,1,Department of Water Resources,NA,5030,Tulare Irrigation District,NA,NA,16732,20S23E03L001M,202303L1,GPS,Unknown,5-022.11,Kaweah,Tulare,200,Irrigation,Single Well,NA,1967-02-10 00:00:00 - 2019-01-30 07:00:00,96,fall,22,158,NA,NA,1977,18030012,Dry,Dry,1976-10-01T00:00:00Z,1977-10-01T00:00:00Z,-119.466,36.2167
362167N1194663W001,947024,1976-01-28T00:00:00Z,257.24,254.24,0,82.5,174.74,82.5,79.5,NA,Unknown,Water level accuracy is unknown,1,Department of Water Resources,NA,5030,Tulare Irrigation District,NA,NA,16732,20S23E03L001M,202303L1,GPS,Unknown,5-022.11,Kaweah,Tulare,200,Irrigation,Single Well,NA,1967-02-10 00:00:00 - 2019-01-30 07:00:00,96,other,NA,NA,NA,NA,1976,18030012,Above Normal,Above Normal,1975-10-01T00:00:00Z,1976-10-01T00:00:00Z,-119.466,36.2167
362167N1194663W001,947023,1975-10-01T00:00:00Z,257.24,254.24,0,66,191.24,66,63,NA,Unknown,Water level accuracy is unknown,1,Department of Water Resources,NA,5030,Tulare Irrigation District,NA,NA,16732,20S23E03L001M,202303L1,GPS,Unknown,5-022.11,Kaweah,Tulare,200,Irrigation,Single Well,NA,1967-02-10 00:00:00 - 2019-01-30 07:00:00,96,fall,22,158,NA,NA,1976,18030012,Above Normal,Above Normal,1975-10-01T00:00:00Z,1976-10-01T00:00:00Z,-119.466,36.2167
362167N1194663W001,947022,1975-02-11T00:00:00Z,257.24,254.24,0,60,197.24,60,57,NA,Unknown,Water level accuracy is unknown,1,Department of Water Resources,NA,5030,Tulare Irrigation District,NA,NA,16732,20S23E03L001M,202303L1,GPS,Unknown,5-022.11,Kaweah,Tulare,200,Irrigation,Single Well,NA,1967-02-10 00:00:00 - 2019-01-30 07:00:00,96,other,NA,NA,NA,NA,1975,18030012,Above Normal,Above Normal,1974-10-01T00:00:00Z,1975-10-01T00:00:00Z,-119.466,36.2167
362167N1194663W001,947021,1974-10-03T00:00:00Z,257.24,254.24,0,65,192.24,65,62,NA,Unknown,Water level accuracy is unknown,1,Department of Water Resources,NA,5030,Tulare Irrigation District,NA,NA,16732,20S23E03L001M,202303L1,GPS,Unknown,5-022.11,Kaweah,Tulare,200,Irrigation,Single Well,NA,1967-02-10 00:00:00 - 2019-01-30 07:00:00,96,fall,22,158,NA,NA,1975,18030012,Above Normal,Above Normal,1974-10-01T00:00:00Z,1975-10-01T00:00:00Z,-119.466,36.2167
362167N1194663W001,947020,1974-01-24T00:00:00Z,257.24,254.24,0,67.5,189.74,67.5,64.5,NA,Unknown,Water level accuracy is unknown,1,Department of Water Resources,NA,5030,Tulare Irrigation District,NA,NA,16732,20S23E03L001M,202303L1,GPS,Unknown,5-022.11,Kaweah,Tulare,200,Irrigation,Single Well,NA,1967-02-10 00:00:00 - 2019-01-30 07:00:00,96,other,NA,NA,NA,NA,1974,18030012,Wet,Wet,1973-10-01T00:00:00Z,1974-10-01T00:00:00Z,-119.466,36.2167
362167N1194663W001,947019,1973-10-02T00:00:00Z,257.24,254.24,0,69.8,187.44,69.8,66.8,NA,Unknown,Water level accuracy is unknown,1,Department of Water Resources,NA,5030,Tulare Irrigation District,NA,NA,16732,20S23E03L001M,202303L1,GPS,Unknown,5-022.11,Kaweah,Tulare,200,Irrigation,Single Well,NA,1967-02-10 00:00:00 - 2019-01-30 07:00:00,96,fall,22,158,NA,NA,1974,18030012,Wet,Wet,1973-10-01T00:00:00Z,1974-10-01T00:00:00Z,-119.466,36.2167
362167N1194663W001,947018,1973-02-14T00:00:00Z,257.24,254.24,0,83.4,173.84,83.4,80.4,NA,Unknown,Water level accuracy is unknown,1,Department of Water Resources,NA,5030,Tulare Irrigation District,NA,NA,16732,20S23E03L001M,202303L1,GPS,Unknown,5-022.11,Kaweah,Tulare,200,Irrigation,Single Well,NA,1967-02-10 00:00:00 - 2019-01-30 07:00:00,96,other,NA,NA,NA,NA,1973,18030012,Wet,Wet,1972-10-01T00:00:00Z,1973-10-01T00:00:00Z,-119.466,36.2167
362167N1194663W001,947017,1972-10-11T00:00:00Z,257.24,254.24,0,85,172.24,85,82,NA,Unknown,Water level accuracy is unknown,1,Department of Water Resources,NA,5030,Tulare Irrigation District,NA,NA,16732,20S23E03L001M,202303L1,GPS,Unknown,5-022.11,Kaweah,Tulare,200,Irrigation,Single Well,NA,1967-02-10 00:00:00 - 2019-01-30 07:00:00,96,fall,22,158,NA,NA,1973,18030012,Wet,Wet,1972-10-01T00:00:00Z,1973-10-01T00:00:00Z,-119.466,36.2167
362167N1194663W001,947016,1972-02-23T00:00:00Z,257.24,254.24,0,85,172.24,85,82,NA,Unknown,Water level accuracy is unknown,1,Department of Water Resources,NA,5030,Tulare Irrigation District,NA,NA,16732,20S23E03L001M,202303L1,GPS,Unknown,5-022.11,Kaweah,Tulare,200,Irrigation,Single Well,NA,1967-02-10 00:00:00 - 2019-01-30 07:00:00,96,other,NA,NA,NA,NA,1972,18030012,Critical,Critical,1971-10-01T00:00:00Z,1972-10-01T00:00:00Z,-119.466,36.2167
362167N1194663W001,947015,1971-10-13T00:00:00Z,257.24,254.24,0,67.7,189.54,67.7,64.7,NA,Unknown,Water level accuracy is unknown,1,Department of Water Resources,NA,5030,Tulare Irrigation District,NA,NA,16732,20S23E03L001M,202303L1,GPS,Unknown,5-022.11,Kaweah,Tulare,200,Irrigation,Single Well,NA,1967-02-10 00:00:00 - 2019-01-30 07:00:00,96,fall,22,158,NA,NA,1972,18030012,Critical,Critical,1971-10-01T00:00:00Z,1972-10-01T00:00:00Z,-119.466,36.2167
362167N1194663W001,947014,1971-02-16T00:00:00Z,257.24,254.24,0,59.7,197.54,59.7,56.7,NA,Unknown,Water level accuracy is unknown,1,Department of Water Resources,NA,5030,Tulare Irrigation District,NA,NA,16732,20S23E03L001M,202303L1,GPS,Unknown,5-022.11,Kaweah,Tulare,200,Irrigation,Single Well,NA,1967-02-10 00:00:00 - 2019-01-30 07:00:00,96,other,NA,NA,NA,NA,1971,18030012,Dry,Dry,1970-10-01T00:00:00Z,1971-10-01T00:00:00Z,-119.466,36.2167
362167N1194663W001,947013,1970-10-06T00:00:00Z,257.24,254.24,0,52.5,204.74,52.5,49.5,NA,Unknown,Water level accuracy is unknown,1,Department of Water Resources,NA,5030,Tulare Irrigation District,NA,NA,16732,20S23E03L001M,202303L1,GPS,Unknown,5-022.11,Kaweah,Tulare,200,Irrigation,Single Well,NA,1967-02-10 00:00:00 - 2019-01-30 07:00:00,96,fall,22,158,NA,NA,1971,18030012,Dry,Dry,1970-10-01T00:00:00Z,1971-10-01T00:00:00Z,-119.466,36.2167
362167N1194663W001,947012,1970-02-03T00:00:00Z,257.24,254.24,0,56.5,200.74,56.5,53.5,NA,Unknown,Water level accuracy is unknown,1,Department of Water Resources,NA,5030,Tulare Irrigation District,NA,NA,16732,20S23E03L001M,202303L1,GPS,Unknown,5-022.11,Kaweah,Tulare,200,Irrigation,Single Well,NA,1967-02-10 00:00:00 - 2019-01-30 07:00:00,96,other,NA,NA,NA,NA,1970,18030012,Wet,Wet,1969-10-01T00:00:00Z,1970-10-01T00:00:00Z,-119.466,36.2167
362167N1194663W001,947011,1969-09-26T00:00:00Z,257.24,254.24,0,61.1,196.14,61.1,58.1,NA,Unknown,Water level accuracy is unknown,1,Department of Water Resources,NA,624,Bureau of Reclamation,NA,NA,16732,20S23E03L001M,202303L1,GPS,Unknown,5-022.11,Kaweah,Tulare,200,Irrigation,Single Well,NA,1967-02-10 00:00:00 - 2019-01-30 07:00:00,96,fall,22,158,NA,NA,1969,18030012,Wet,Wet,1968-10-01T00:00:00Z,1969-10-01T00:00:00Z,-119.466,36.2167
362167N1194663W001,947010,1969-02-05T00:00:00Z,257.24,254.24,0,77.5,179.74,77.5,74.5,NA,Unknown,Water level accuracy is unknown,1,Department of Water Resources,NA,5030,Tulare Irrigation District,NA,NA,16732,20S23E03L001M,202303L1,GPS,Unknown,5-022.11,Kaweah,Tulare,200,Irrigation,Single Well,NA,1967-02-10 00:00:00 - 2019-01-30 07:00:00,96,other,NA,NA,NA,NA,1969,18030012,Wet,Wet,1968-10-01T00:00:00Z,1969-10-01T00:00:00Z,-119.466,36.2167
362167N1194663W001,947009,1968-02-01T00:00:00Z,257.24,254.24,0,64,193.24,64,61,NA,Unknown,Water level accuracy is unknown,1,Department of Water Resources,NA,5030,Tulare Irrigation District,NA,NA,16732,20S23E03L001M,202303L1,GPS,Unknown,5-022.11,Kaweah,Tulare,200,Irrigation,Single Well,NA,1967-02-10 00:00:00 - 2019-01-30 07:00:00,96,other,NA,NA,NA,NA,1968,18030012,Below Normal,Below Normal,1967-10-01T00:00:00Z,1968-10-01T00:00:00Z,-119.466,36.2167
362167N1194663W001,947008,1967-02-10T00:00:00Z,257.24,254.24,0,86.7,170.54,86.7,83.7,NA,Unknown,Water level accuracy is unknown,1,Department of Water Resources,NA,5030,Tulare Irrigation District,NA,NA,16732,20S23E03L001M,202303L1,GPS,Unknown,5-022.11,Kaweah,Tulare,200,Irrigation,Single Well,NA,1967-02-10 00:00:00 - 2019-01-30 07:00:00,96,other,NA,NA,NA,NA,1967,18030012,Wet,Wet,1966-10-01T00:00:00Z,1967-10-01T00:00:00Z,-119.466,36.2167
