SITE_CODE,WLM_ID,MSMT_DATE,WLM_RPE,WLM_GSE,RDNG_WS,RDNG_RP,WSE,RPE_WSE,GSE_WSE,WLM_QA_DESC,WLM_DESC,WLM_ACC_DESC,WLM_ORG_ID,WLM_ORG_NAME,MSMT_CMT,COOP_AGENCY_ORG_ID,COOP_ORG_NAME,TOP_PRF,BOT_PRF,STN_ID,SWN,WELL_NAME,WLM_METHOD,WLM_ACC,BASIN_CODE,BASIN_NAME,COUNTY_NAME,WELL_DEPTH,WELL_USE,WELL_TYPE,WCR_NO,t_range,n_samples,season,fall_high,fall_low,spring_high,spring_low,water_year,HUC8,WYT,water_year_type,water_year_start,water_year_end,X,Y
362117N1195113W001,947313,1966-10-02T00:00:00Z,240.76,240.26,NA,NA,NA,NA,NA,Well has been destroyed,NA,NA,1,Department of Water Resources,NA,1083,KINGS COUNTY WATER DISTRICT,NA,NA,32457,20S23E06R002M,NA,Unknown,Unknown,5-022.11,Kaweah,Tulare,NA,Unknown,Unknown,NA,1961-10-03 - 1966-10-02,13,fall,111.2,123.3,NA,NA,1967,18030012,Wet,Wet,1966-10-01T00:00:00Z,1967-10-01T00:00:00Z,-119.511,36.2117
362117N1195113W001,947312,1966-02-24T00:00:00Z,240.76,240.26,0,105.7,135.06,105.7,105.2,NA,Unknown,Water level accuracy is unknown,1,Department of Water Resources,NA,1083,KINGS COUNTY WATER DISTRICT,NA,NA,32457,20S23E06R002M,NA,Unknown,Unknown,5-022.11,Kaweah,Tulare,NA,Unknown,Unknown,NA,1961-10-03 - 1966-10-02,13,other,NA,NA,NA,NA,1966,18030012,Below Normal,Below Normal,1965-10-01T00:00:00Z,1966-10-01T00:00:00Z,-119.511,36.2117
362117N1195113W001,947311,1966-02-03T00:00:00Z,240.76,240.26,0,103,137.76,103,102.5,NA,Unknown,Water level accuracy is unknown,1,Department of Water Resources,NA,5030,Tulare Irrigation District,NA,NA,32457,20S23E06R002M,NA,Unknown,Unknown,5-022.11,Kaweah,Tulare,NA,Unknown,Unknown,NA,1961-10-03 - 1966-10-02,13,other,NA,NA,NA,NA,1966,18030012,Below Normal,Below Normal,1965-10-01T00:00:00Z,1966-10-01T00:00:00Z,-119.511,36.2117
362117N1195113W001,947310,1965-10-14T00:00:00Z,240.76,240.26,0,111.7,129.06,111.7,111.2,NA,Unknown,Water level accuracy is unknown,1,Department of Water Resources,NA,1083,KINGS COUNTY WATER DISTRICT,NA,NA,32457,20S23E06R002M,NA,Unknown,Unknown,5-022.11,Kaweah,Tulare,NA,Unknown,Unknown,NA,1961-10-03 - 1966-10-02,13,fall,111.2,123.3,NA,NA,1966,18030012,Below Normal,Below Normal,1965-10-01T00:00:00Z,1966-10-01T00:00:00Z,-119.511,36.2117
362117N1195113W001,947309,1965-02-08T00:00:00Z,240.76,240.26,0,112.6,128.16,112.6,112.1,NA,Unknown,Water level accuracy is unknown,1,Department of Water Resources,NA,1083,KINGS COUNTY WATER DISTRICT,NA,NA,32457,20S23E06R002M,NA,Unknown,Unknown,5-022.11,Kaweah,Tulare,NA,Unknown,Unknown,NA,1961-10-03 - 1966-10-02,13,other,NA,NA,NA,NA,1965,18030012,Below Normal,Below Normal,1964-10-01T00:00:00Z,1965-10-01T00:00:00Z,-119.511,36.2117
362117N1195113W001,947308,1965-02-03T00:00:00Z,240.76,240.26,0,110.6,130.16,110.6,110.1,NA,Unknown,Water level accuracy is unknown,1,Department of Water Resources,NA,5030,Tulare Irrigation District,NA,NA,32457,20S23E06R002M,NA,Unknown,Unknown,5-022.11,Kaweah,Tulare,NA,Unknown,Unknown,NA,1961-10-03 - 1966-10-02,13,other,NA,NA,NA,NA,1965,18030012,Below Normal,Below Normal,1964-10-01T00:00:00Z,1965-10-01T00:00:00Z,-119.511,36.2117
362117N1195113W001,947307,1964-10-01T00:00:00Z,240.76,240.26,0,115.1,125.66,115.1,114.6,NA,Unknown,Water level accuracy is unknown,1,Department of Water Resources,NA,5030,Tulare Irrigation District,NA,NA,32457,20S23E06R002M,NA,Unknown,Unknown,5-022.11,Kaweah,Tulare,NA,Unknown,Unknown,NA,1961-10-03 - 1966-10-02,13,fall,111.2,123.3,NA,NA,1965,18030012,Below Normal,Below Normal,1964-10-01T00:00:00Z,1965-10-01T00:00:00Z,-119.511,36.2117
362117N1195113W001,947306,1964-09-26T00:00:00Z,240.76,240.26,0,123.8,116.96,123.8,123.3,NA,Unknown,Water level accuracy is unknown,1,Department of Water Resources,NA,1083,KINGS COUNTY WATER DISTRICT,NA,NA,32457,20S23E06R002M,NA,Unknown,Unknown,5-022.11,Kaweah,Tulare,NA,Unknown,Unknown,NA,1961-10-03 - 1966-10-02,13,fall,111.2,123.3,NA,NA,1964,18030012,Dry,Dry,1963-10-01T00:00:00Z,1964-10-01T00:00:00Z,-119.511,36.2117
362117N1195113W001,947305,1964-02-08T00:00:00Z,240.76,240.26,0,101.7,139.06,101.7,101.2,NA,Unknown,Water level accuracy is unknown,1,Department of Water Resources,NA,1083,KINGS COUNTY WATER DISTRICT,NA,NA,32457,20S23E06R002M,NA,Unknown,Unknown,5-022.11,Kaweah,Tulare,NA,Unknown,Unknown,NA,1961-10-03 - 1966-10-02,13,other,NA,NA,NA,NA,1964,18030012,Dry,Dry,1963-10-01T00:00:00Z,1964-10-01T00:00:00Z,-119.511,36.2117
362117N1195113W001,947304,1964-02-05T00:00:00Z,240.76,240.26,0,101.5,139.26,101.5,101,NA,Unknown,Water level accuracy is unknown,1,Department of Water Resources,NA,5030,Tulare Irrigation District,NA,NA,32457,20S23E06R002M,NA,Unknown,Unknown,5-022.11,Kaweah,Tulare,NA,Unknown,Unknown,NA,1961-10-03 - 1966-10-02,13,other,NA,NA,NA,NA,1964,18030012,Dry,Dry,1963-10-01T00:00:00Z,1964-10-01T00:00:00Z,-119.511,36.2117
362117N1195113W001,947303,1963-02-15T00:00:00Z,240.76,240.26,0,108.5,132.26,108.5,108,NA,Unknown,Water level accuracy is unknown,1,Department of Water Resources,NA,5030,Tulare Irrigation District,NA,NA,32457,20S23E06R002M,NA,Unknown,Unknown,5-022.11,Kaweah,Tulare,NA,Unknown,Unknown,NA,1961-10-03 - 1966-10-02,13,other,NA,NA,NA,NA,1963,18030012,Above Normal,Above Normal,1962-10-01T00:00:00Z,1963-10-01T00:00:00Z,-119.511,36.2117
362117N1195113W001,947302,1962-02-08T00:00:00Z,240.76,240.26,0,109.9,130.86,109.9,109.4,NA,Unknown,Water level accuracy is unknown,1,Department of Water Resources,NA,5030,Tulare Irrigation District,NA,NA,32457,20S23E06R002M,NA,Unknown,Unknown,5-022.11,Kaweah,Tulare,NA,Unknown,Unknown,NA,1961-10-03 - 1966-10-02,13,other,NA,NA,NA,NA,1962,18030012,Above Normal,Above Normal,1961-10-01T00:00:00Z,1962-10-01T00:00:00Z,-119.511,36.2117
362117N1195113W001,947301,1961-10-03T00:00:00Z,240.76,240.26,0,112.5,128.26,112.5,112,NA,Unknown,Water level accuracy is unknown,1,Department of Water Resources,NA,5030,Tulare Irrigation District,NA,NA,32457,20S23E06R002M,NA,Unknown,Unknown,5-022.11,Kaweah,Tulare,NA,Unknown,Unknown,NA,1961-10-03 - 1966-10-02,13,fall,111.2,123.3,NA,NA,1962,18030012,Above Normal,Above Normal,1961-10-01T00:00:00Z,1962-10-01T00:00:00Z,-119.511,36.2117
