SITE_CODE,WLM_ID,MSMT_DATE,WLM_RPE,WLM_GSE,RDNG_WS,RDNG_RP,WSE,RPE_WSE,GSE_WSE,WLM_QA_DESC,WLM_DESC,WLM_ACC_DESC,WLM_ORG_ID,WLM_ORG_NAME,MSMT_CMT,COOP_AGENCY_ORG_ID,COOP_ORG_NAME,TOP_PRF,BOT_PRF,STN_ID,SWN,WELL_NAME,WLM_METHOD,WLM_ACC,BASIN_CODE,BASIN_NAME,COUNTY_NAME,WELL_DEPTH,WELL_USE,WELL_TYPE,WCR_NO,t_range,n_samples,season,fall_high,fall_low,spring_high,spring_low,water_year,HUC8,WYT,water_year_type,water_year_start,water_year_end,X,Y
362294N1193134W001,93888,2011-02-23T07:15:00Z,308.71,308.21,30,170,168.71,140,139.5,Oil or foreign substance in casing,Unknown,Water level accuracy to nearest tenth of a foot,1,Department of Water Resources,NA,1,Department of Water Resources,NA,NA,17301,19S24E36R001M,19S24E36R001M,Unknown,Unknown,5-022.11,Kaweah,Tulare,NA,Unknown,Single Well,NA,1961-10-10 00:00:00 - 2011-02-23 07:15:00,86,other,NA,NA,NA,NA,2011,18030012,Wet,Wet,2010-10-01T00:00:00Z,2011-10-01T00:00:00Z,-119.313,36.2294
362294N1193134W001,923054,2010-01-20T00:00:00Z,308.71,308.21,0,159,149.71,159,158.5,NA,Unknown,Water level accuracy is unknown,1,Department of Water Resources,NA,5030,Tulare Irrigation District,NA,NA,17301,19S24E36R001M,19S24E36R001M,Unknown,Unknown,5-022.11,Kaweah,Tulare,NA,Unknown,Single Well,NA,1961-10-10 00:00:00 - 2011-02-23 07:15:00,86,other,NA,NA,NA,NA,2010,18030012,Above Normal,Above Normal,2009-10-01T00:00:00Z,2010-10-01T00:00:00Z,-119.313,36.2294
362294N1193134W001,923053,2009-03-04T00:00:00Z,308.71,308.21,0,151,157.71,151,150.5,Pumped recently,Unknown,Water level accuracy is unknown,1,Department of Water Resources,TAPE-151',5030,Tulare Irrigation District,NA,NA,17301,19S24E36R001M,19S24E36R001M,Unknown,Unknown,5-022.11,Kaweah,Tulare,NA,Unknown,Single Well,NA,1961-10-10 00:00:00 - 2011-02-23 07:15:00,86,spring,NA,NA,150.5,150.5,2009,18030012,Critical,Critical,2008-10-01T00:00:00Z,2009-10-01T00:00:00Z,-119.313,36.2294
362294N1193134W001,923051,2007-10-16T00:00:00Z,308.71,308.21,NA,NA,NA,NA,NA,Well has been destroyed,NA,NA,1,Department of Water Resources,NA,5030,Tulare Irrigation District,NA,NA,17301,19S24E36R001M,19S24E36R001M,Unknown,Unknown,5-022.11,Kaweah,Tulare,NA,Unknown,Single Well,NA,1961-10-10 00:00:00 - 2011-02-23 07:15:00,86,fall,46.5,136.5,NA,NA,2008,18030012,Critical,Critical,2007-10-01T00:00:00Z,2008-10-01T00:00:00Z,-119.313,36.2294
362294N1193134W001,923050,2007-02-01T00:00:00Z,308.71,308.21,0,109,199.71,109,108.5,Oil or foreign substance in casing,Unknown,Water level accuracy is unknown,1,Department of Water Resources,NA,5030,Tulare Irrigation District,NA,NA,17301,19S24E36R001M,19S24E36R001M,Unknown,Unknown,5-022.11,Kaweah,Tulare,NA,Unknown,Single Well,NA,1961-10-10 00:00:00 - 2011-02-23 07:15:00,86,other,NA,NA,NA,NA,2007,18030012,Critical,Critical,2006-10-01T00:00:00Z,2007-10-01T00:00:00Z,-119.313,36.2294
362294N1193134W001,923052,2006-09-27T00:00:00Z,308.71,308.21,0,114,194.71,114,113.5,Oil or foreign substance in casing,Unknown,Water level accuracy is unknown,1,Department of Water Resources,NA,5030,Tulare Irrigation District,NA,NA,17301,19S24E36R001M,19S24E36R001M,Unknown,Unknown,5-022.11,Kaweah,Tulare,NA,Unknown,Single Well,NA,1961-10-10 00:00:00 - 2011-02-23 07:15:00,86,fall,46.5,136.5,NA,NA,2006,18030012,Wet,Wet,2005-10-01T00:00:00Z,2006-10-01T00:00:00Z,-119.313,36.2294
362294N1193134W001,923049,2006-01-26T00:00:00Z,308.71,308.21,0,114,194.71,114,113.5,Oil or foreign substance in casing,Unknown,Water level accuracy is unknown,1,Department of Water Resources,NA,5030,Tulare Irrigation District,NA,NA,17301,19S24E36R001M,19S24E36R001M,Unknown,Unknown,5-022.11,Kaweah,Tulare,NA,Unknown,Single Well,NA,1961-10-10 00:00:00 - 2011-02-23 07:15:00,86,other,NA,NA,NA,NA,2006,18030012,Wet,Wet,2005-10-01T00:00:00Z,2006-10-01T00:00:00Z,-119.313,36.2294
362294N1193134W001,923048,2005-01-29T00:00:00Z,308.71,308.21,0,128,180.71,128,127.5,NA,Unknown,Water level accuracy is unknown,1,Department of Water Resources,NA,5030,Tulare Irrigation District,NA,NA,17301,19S24E36R001M,19S24E36R001M,Unknown,Unknown,5-022.11,Kaweah,Tulare,NA,Unknown,Single Well,NA,1961-10-10 00:00:00 - 2011-02-23 07:15:00,86,other,NA,NA,NA,NA,2005,18030012,Wet,Wet,2004-10-01T00:00:00Z,2005-10-01T00:00:00Z,-119.313,36.2294
362294N1193134W001,923046,2004-02-06T00:00:00Z,308.71,308.21,0,115,193.71,115,114.5,Oil or foreign substance in casing,Unknown,Water level accuracy is unknown,1,Department of Water Resources,NA,5030,Tulare Irrigation District,NA,NA,17301,19S24E36R001M,19S24E36R001M,Unknown,Unknown,5-022.11,Kaweah,Tulare,NA,Unknown,Single Well,NA,1961-10-10 00:00:00 - 2011-02-23 07:15:00,86,other,NA,NA,NA,NA,2004,18030012,Dry,Dry,2003-10-01T00:00:00Z,2004-10-01T00:00:00Z,-119.313,36.2294
362294N1193134W001,923047,2003-09-24T00:00:00Z,308.71,308.21,0,137,171.71,137,136.5,Pumped recently,Unknown,Water level accuracy is unknown,1,Department of Water Resources,OIL IN CASING,5030,Tulare Irrigation District,NA,NA,17301,19S24E36R001M,19S24E36R001M,Unknown,Unknown,5-022.11,Kaweah,Tulare,NA,Unknown,Single Well,NA,1961-10-10 00:00:00 - 2011-02-23 07:15:00,86,fall,46.5,136.5,NA,NA,2003,18030012,Dry,Dry,2002-10-01T00:00:00Z,2003-10-01T00:00:00Z,-119.313,36.2294
362294N1193134W001,923043,2003-01-24T00:00:00Z,308.71,308.21,0,109,199.71,109,108.5,Oil or foreign substance in casing,Unknown,Water level accuracy is unknown,1,Department of Water Resources,NA,5030,Tulare Irrigation District,NA,NA,17301,19S24E36R001M,19S24E36R001M,Unknown,Unknown,5-022.11,Kaweah,Tulare,NA,Unknown,Single Well,NA,1961-10-10 00:00:00 - 2011-02-23 07:15:00,86,other,NA,NA,NA,NA,2003,18030012,Dry,Dry,2002-10-01T00:00:00Z,2003-10-01T00:00:00Z,-119.313,36.2294
362294N1193134W001,923045,2002-09-19T00:00:00Z,308.71,308.21,NA,NA,NA,NA,NA,Pumping,NA,NA,1,Department of Water Resources,NA,624,Bureau of Reclamation,NA,NA,17301,19S24E36R001M,19S24E36R001M,Unknown,Unknown,5-022.11,Kaweah,Tulare,NA,Unknown,Single Well,NA,1961-10-10 00:00:00 - 2011-02-23 07:15:00,86,fall,46.5,136.5,NA,NA,2002,18030012,Critical,Critical,2001-10-01T00:00:00Z,2002-10-01T00:00:00Z,-119.313,36.2294
362294N1193134W001,923044,2002-01-18T00:00:00Z,308.71,308.21,0,93,215.71,93,92.5,Nearby pump operating,Unknown,Water level accuracy is unknown,1,Department of Water Resources,NA,624,Bureau of Reclamation,NA,NA,17301,19S24E36R001M,19S24E36R001M,Unknown,Unknown,5-022.11,Kaweah,Tulare,NA,Unknown,Single Well,NA,1961-10-10 00:00:00 - 2011-02-23 07:15:00,86,other,NA,NA,NA,NA,2002,18030012,Critical,Critical,2001-10-01T00:00:00Z,2002-10-01T00:00:00Z,-119.313,36.2294
362294N1193134W001,923042,2001-01-24T00:00:00Z,308.71,308.21,0,85,223.71,85,84.5,NA,Unknown,Water level accuracy is unknown,1,Department of Water Resources,NA,5030,Tulare Irrigation District,NA,NA,17301,19S24E36R001M,19S24E36R001M,Unknown,Unknown,5-022.11,Kaweah,Tulare,NA,Unknown,Single Well,NA,1961-10-10 00:00:00 - 2011-02-23 07:15:00,86,other,NA,NA,NA,NA,2001,18030012,Below Normal,Below Normal,2000-10-01T00:00:00Z,2001-10-01T00:00:00Z,-119.313,36.2294
362294N1193134W001,923041,2000-01-19T00:00:00Z,308.71,308.21,0,85,223.71,85,84.5,Nearby pump operating,Unknown,Water level accuracy is unknown,1,Department of Water Resources,NA,5030,Tulare Irrigation District,NA,NA,17301,19S24E36R001M,19S24E36R001M,Unknown,Unknown,5-022.11,Kaweah,Tulare,NA,Unknown,Single Well,NA,1961-10-10 00:00:00 - 2011-02-23 07:15:00,86,other,NA,NA,NA,NA,2000,18030012,Below Normal,Below Normal,1999-10-01T00:00:00Z,2000-10-01T00:00:00Z,-119.313,36.2294
362294N1193134W001,923040,1999-10-04T00:00:00Z,308.71,308.21,0,85,223.71,85,84.5,Nearby pump operating,Unknown,Water level accuracy is unknown,1,Department of Water Resources,NA,5030,Tulare Irrigation District,NA,NA,17301,19S24E36R001M,19S24E36R001M,Unknown,Unknown,5-022.11,Kaweah,Tulare,NA,Unknown,Single Well,NA,1961-10-10 00:00:00 - 2011-02-23 07:15:00,86,fall,46.5,136.5,NA,NA,2000,18030012,Below Normal,Below Normal,1999-10-01T00:00:00Z,2000-10-01T00:00:00Z,-119.313,36.2294
362294N1193134W001,923039,1999-01-20T00:00:00Z,308.71,308.21,0,84,224.71,84,83.5,Other,Unknown,Water level accuracy is unknown,1,Department of Water Resources,NA,5030,Tulare Irrigation District,NA,NA,17301,19S24E36R001M,19S24E36R001M,Unknown,Unknown,5-022.11,Kaweah,Tulare,NA,Unknown,Single Well,NA,1961-10-10 00:00:00 - 2011-02-23 07:15:00,86,other,NA,NA,NA,NA,1999,18030012,Wet,Wet,1998-10-01T00:00:00Z,1999-10-01T00:00:00Z,-119.313,36.2294
362294N1193134W001,923038,1998-10-08T00:00:00Z,308.71,308.21,0,86,222.71,86,85.5,NA,Unknown,Water level accuracy is unknown,1,Department of Water Resources,NA,5030,Tulare Irrigation District,NA,NA,17301,19S24E36R001M,19S24E36R001M,Unknown,Unknown,5-022.11,Kaweah,Tulare,NA,Unknown,Single Well,NA,1961-10-10 00:00:00 - 2011-02-23 07:15:00,86,fall,46.5,136.5,NA,NA,1999,18030012,Wet,Wet,1998-10-01T00:00:00Z,1999-10-01T00:00:00Z,-119.313,36.2294
362294N1193134W001,923037,1998-01-15T00:00:00Z,308.71,308.21,0,94,214.71,94,93.5,NA,Unknown,Water level accuracy is unknown,1,Department of Water Resources,NA,5030,Tulare Irrigation District,NA,NA,17301,19S24E36R001M,19S24E36R001M,Unknown,Unknown,5-022.11,Kaweah,Tulare,NA,Unknown,Single Well,NA,1961-10-10 00:00:00 - 2011-02-23 07:15:00,86,other,NA,NA,NA,NA,1998,18030012,Wet,Wet,1997-10-01T00:00:00Z,1998-10-01T00:00:00Z,-119.313,36.2294
362294N1193134W001,923036,1997-10-09T00:00:00Z,308.71,308.21,0,110,198.71,110,109.5,NA,Unknown,Water level accuracy is unknown,1,Department of Water Resources,NA,5030,Tulare Irrigation District,NA,NA,17301,19S24E36R001M,19S24E36R001M,Unknown,Unknown,5-022.11,Kaweah,Tulare,NA,Unknown,Single Well,NA,1961-10-10 00:00:00 - 2011-02-23 07:15:00,86,fall,46.5,136.5,NA,NA,1998,18030012,Wet,Wet,1997-10-01T00:00:00Z,1998-10-01T00:00:00Z,-119.313,36.2294
362294N1193134W001,923035,1997-01-17T00:00:00Z,308.71,308.21,0,127,181.71,127,126.5,Oil or foreign substance in casing,Unknown,Water level accuracy is unknown,1,Department of Water Resources,NA,5030,Tulare Irrigation District,NA,NA,17301,19S24E36R001M,19S24E36R001M,Unknown,Unknown,5-022.11,Kaweah,Tulare,NA,Unknown,Single Well,NA,1961-10-10 00:00:00 - 2011-02-23 07:15:00,86,other,NA,NA,NA,NA,1997,18030012,Above Normal,Above Normal,1996-10-01T00:00:00Z,1997-10-01T00:00:00Z,-119.313,36.2294
362294N1193134W001,923034,1996-10-07T00:00:00Z,308.71,308.21,NA,NA,NA,NA,NA,Pumping,NA,NA,1,Department of Water Resources,NA,5030,Tulare Irrigation District,NA,NA,17301,19S24E36R001M,19S24E36R001M,Unknown,Unknown,5-022.11,Kaweah,Tulare,NA,Unknown,Single Well,NA,1961-10-10 00:00:00 - 2011-02-23 07:15:00,86,fall,46.5,136.5,NA,NA,1997,18030012,Above Normal,Above Normal,1996-10-01T00:00:00Z,1997-10-01T00:00:00Z,-119.313,36.2294
362294N1193134W001,923033,1996-01-17T00:00:00Z,308.71,308.21,0,113,195.71,113,112.5,Oil or foreign substance in casing,Unknown,Water level accuracy is unknown,1,Department of Water Resources,NA,5030,Tulare Irrigation District,NA,NA,17301,19S24E36R001M,19S24E36R001M,Unknown,Unknown,5-022.11,Kaweah,Tulare,NA,Unknown,Single Well,NA,1961-10-10 00:00:00 - 2011-02-23 07:15:00,86,other,NA,NA,NA,NA,1996,18030012,Wet,Wet,1995-10-01T00:00:00Z,1996-10-01T00:00:00Z,-119.313,36.2294
362294N1193134W001,923032,1995-10-09T00:00:00Z,308.71,308.21,0,113.5,195.21,113.5,113,Oil or foreign substance in casing,Unknown,Water level accuracy is unknown,1,Department of Water Resources,NA,5030,Tulare Irrigation District,NA,NA,17301,19S24E36R001M,19S24E36R001M,Unknown,Unknown,5-022.11,Kaweah,Tulare,NA,Unknown,Single Well,NA,1961-10-10 00:00:00 - 2011-02-23 07:15:00,86,fall,46.5,136.5,NA,NA,1996,18030012,Wet,Wet,1995-10-01T00:00:00Z,1996-10-01T00:00:00Z,-119.313,36.2294
362294N1193134W001,923031,1995-02-03T00:00:00Z,308.71,308.21,0,115,193.71,115,114.5,Oil or foreign substance in casing,Unknown,Water level accuracy is unknown,1,Department of Water Resources,NA,5030,Tulare Irrigation District,NA,NA,17301,19S24E36R001M,19S24E36R001M,Unknown,Unknown,5-022.11,Kaweah,Tulare,NA,Unknown,Single Well,NA,1961-10-10 00:00:00 - 2011-02-23 07:15:00,86,other,NA,NA,NA,NA,1995,18030012,Wet,Wet,1994-10-01T00:00:00Z,1995-10-01T00:00:00Z,-119.313,36.2294
362294N1193134W001,923030,1994-10-03T00:00:00Z,308.71,308.21,0,124.5,184.21,124.5,124,Oil or foreign substance in casing,Unknown,Water level accuracy is unknown,1,Department of Water Resources,NA,5030,Tulare Irrigation District,NA,NA,17301,19S24E36R001M,19S24E36R001M,Unknown,Unknown,5-022.11,Kaweah,Tulare,NA,Unknown,Single Well,NA,1961-10-10 00:00:00 - 2011-02-23 07:15:00,86,fall,46.5,136.5,NA,NA,1995,18030012,Wet,Wet,1994-10-01T00:00:00Z,1995-10-01T00:00:00Z,-119.313,36.2294
362294N1193134W001,923029,1994-01-20T00:00:00Z,308.71,308.21,0,111,197.71,111,110.5,NA,Unknown,Water level accuracy is unknown,1,Department of Water Resources,NA,5030,Tulare Irrigation District,NA,NA,17301,19S24E36R001M,19S24E36R001M,Unknown,Unknown,5-022.11,Kaweah,Tulare,NA,Unknown,Single Well,NA,1961-10-10 00:00:00 - 2011-02-23 07:15:00,86,other,NA,NA,NA,NA,1994,18030012,Above Normal,Above Normal,1993-10-01T00:00:00Z,1994-10-01T00:00:00Z,-119.313,36.2294
362294N1193134W001,923028,1993-10-07T00:00:00Z,308.71,308.21,0,121,187.71,121,120.5,NA,Unknown,Water level accuracy is unknown,1,Department of Water Resources,NA,5030,Tulare Irrigation District,NA,NA,17301,19S24E36R001M,19S24E36R001M,Unknown,Unknown,5-022.11,Kaweah,Tulare,NA,Unknown,Single Well,NA,1961-10-10 00:00:00 - 2011-02-23 07:15:00,86,fall,46.5,136.5,NA,NA,1994,18030012,Above Normal,Above Normal,1993-10-01T00:00:00Z,1994-10-01T00:00:00Z,-119.313,36.2294
362294N1193134W001,923027,1993-01-26T00:00:00Z,308.71,308.21,0,113,195.71,113,112.5,NA,Unknown,Water level accuracy is unknown,1,Department of Water Resources,NA,5030,Tulare Irrigation District,NA,NA,17301,19S24E36R001M,19S24E36R001M,Unknown,Unknown,5-022.11,Kaweah,Tulare,NA,Unknown,Single Well,NA,1961-10-10 00:00:00 - 2011-02-23 07:15:00,86,other,NA,NA,NA,NA,1993,18030012,Wet,Wet,1992-10-01T00:00:00Z,1993-10-01T00:00:00Z,-119.313,36.2294
362294N1193134W001,923026,1992-10-08T00:00:00Z,308.71,308.21,0,121,187.71,121,120.5,NA,Unknown,Water level accuracy is unknown,1,Department of Water Resources,NA,5030,Tulare Irrigation District,NA,NA,17301,19S24E36R001M,19S24E36R001M,Unknown,Unknown,5-022.11,Kaweah,Tulare,NA,Unknown,Single Well,NA,1961-10-10 00:00:00 - 2011-02-23 07:15:00,86,fall,46.5,136.5,NA,NA,1993,18030012,Wet,Wet,1992-10-01T00:00:00Z,1993-10-01T00:00:00Z,-119.313,36.2294
362294N1193134W001,923025,1992-01-22T00:00:00Z,308.71,308.21,0,109,199.71,109,108.5,NA,Unknown,Water level accuracy is unknown,1,Department of Water Resources,NA,5030,Tulare Irrigation District,NA,NA,17301,19S24E36R001M,19S24E36R001M,Unknown,Unknown,5-022.11,Kaweah,Tulare,NA,Unknown,Single Well,NA,1961-10-10 00:00:00 - 2011-02-23 07:15:00,86,other,NA,NA,NA,NA,1992,18030012,Above Normal,Above Normal,1991-10-01T00:00:00Z,1992-10-01T00:00:00Z,-119.313,36.2294
362294N1193134W001,923024,1991-10-07T00:00:00Z,308.71,308.21,0,130,178.71,130,129.5,NA,Unknown,Water level accuracy is unknown,1,Department of Water Resources,NA,5030,Tulare Irrigation District,NA,NA,17301,19S24E36R001M,19S24E36R001M,Unknown,Unknown,5-022.11,Kaweah,Tulare,NA,Unknown,Single Well,NA,1961-10-10 00:00:00 - 2011-02-23 07:15:00,86,fall,46.5,136.5,NA,NA,1992,18030012,Above Normal,Above Normal,1991-10-01T00:00:00Z,1992-10-01T00:00:00Z,-119.313,36.2294
362294N1193134W001,923023,1991-01-18T00:00:00Z,308.71,308.21,0,94,214.71,94,93.5,NA,Unknown,Water level accuracy is unknown,1,Department of Water Resources,NA,5030,Tulare Irrigation District,NA,NA,17301,19S24E36R001M,19S24E36R001M,Unknown,Unknown,5-022.11,Kaweah,Tulare,NA,Unknown,Single Well,NA,1961-10-10 00:00:00 - 2011-02-23 07:15:00,86,other,NA,NA,NA,NA,1991,18030012,Dry,Dry,1990-10-01T00:00:00Z,1991-10-01T00:00:00Z,-119.313,36.2294
362294N1193134W001,923022,1990-10-03T00:00:00Z,308.71,308.21,0,100,208.71,100,99.5,Acoustical sounder,Unknown,Water level accuracy is unknown,1,Department of Water Resources,NA,5030,Tulare Irrigation District,NA,NA,17301,19S24E36R001M,19S24E36R001M,Unknown,Unknown,5-022.11,Kaweah,Tulare,NA,Unknown,Single Well,NA,1961-10-10 00:00:00 - 2011-02-23 07:15:00,86,fall,46.5,136.5,NA,NA,1991,18030012,Dry,Dry,1990-10-01T00:00:00Z,1991-10-01T00:00:00Z,-119.313,36.2294
362294N1193134W001,923021,1990-01-24T00:00:00Z,308.71,308.21,0,78,230.71,78,77.5,Oil or foreign substance in casing,Unknown,Water level accuracy is unknown,1,Department of Water Resources,NA,5030,Tulare Irrigation District,NA,NA,17301,19S24E36R001M,19S24E36R001M,Unknown,Unknown,5-022.11,Kaweah,Tulare,NA,Unknown,Single Well,NA,1961-10-10 00:00:00 - 2011-02-23 07:15:00,86,other,NA,NA,NA,NA,1990,18030012,Critical,Critical,1989-10-01T00:00:00Z,1990-10-01T00:00:00Z,-119.313,36.2294
362294N1193134W001,923020,1989-10-10T00:00:00Z,308.71,308.21,0,79.5,229.21,79.5,79,NA,Unknown,Water level accuracy is unknown,1,Department of Water Resources,NA,5030,Tulare Irrigation District,NA,NA,17301,19S24E36R001M,19S24E36R001M,Unknown,Unknown,5-022.11,Kaweah,Tulare,NA,Unknown,Single Well,NA,1961-10-10 00:00:00 - 2011-02-23 07:15:00,86,fall,46.5,136.5,NA,NA,1990,18030012,Critical,Critical,1989-10-01T00:00:00Z,1990-10-01T00:00:00Z,-119.313,36.2294
362294N1193134W001,923019,1989-01-25T00:00:00Z,308.71,308.21,0,66,242.71,66,65.5,NA,Unknown,Water level accuracy is unknown,1,Department of Water Resources,NA,5030,Tulare Irrigation District,NA,NA,17301,19S24E36R001M,19S24E36R001M,Unknown,Unknown,5-022.11,Kaweah,Tulare,NA,Unknown,Single Well,NA,1961-10-10 00:00:00 - 2011-02-23 07:15:00,86,other,NA,NA,NA,NA,1989,18030012,Dry,Dry,1988-10-01T00:00:00Z,1989-10-01T00:00:00Z,-119.313,36.2294
362294N1193134W001,923018,1988-10-07T00:00:00Z,308.71,308.21,0,69,239.71,69,68.5,NA,Unknown,Water level accuracy is unknown,1,Department of Water Resources,NA,5030,Tulare Irrigation District,NA,NA,17301,19S24E36R001M,19S24E36R001M,Unknown,Unknown,5-022.11,Kaweah,Tulare,NA,Unknown,Single Well,NA,1961-10-10 00:00:00 - 2011-02-23 07:15:00,86,fall,46.5,136.5,NA,NA,1989,18030012,Dry,Dry,1988-10-01T00:00:00Z,1989-10-01T00:00:00Z,-119.313,36.2294
362294N1193134W001,923017,1988-01-22T00:00:00Z,308.71,308.21,0,57,251.71,57,56.5,NA,Unknown,Water level accuracy is unknown,1,Department of Water Resources,NA,5030,Tulare Irrigation District,NA,NA,17301,19S24E36R001M,19S24E36R001M,Unknown,Unknown,5-022.11,Kaweah,Tulare,NA,Unknown,Single Well,NA,1961-10-10 00:00:00 - 2011-02-23 07:15:00,86,other,NA,NA,NA,NA,1988,18030012,Below Normal,Below Normal,1987-10-01T00:00:00Z,1988-10-01T00:00:00Z,-119.313,36.2294
362294N1193134W001,923016,1987-10-06T00:00:00Z,308.71,308.21,0,61,247.71,61,60.5,NA,Unknown,Water level accuracy is unknown,1,Department of Water Resources,NA,5030,Tulare Irrigation District,NA,NA,17301,19S24E36R001M,19S24E36R001M,Unknown,Unknown,5-022.11,Kaweah,Tulare,NA,Unknown,Single Well,NA,1961-10-10 00:00:00 - 2011-02-23 07:15:00,86,fall,46.5,136.5,NA,NA,1988,18030012,Below Normal,Below Normal,1987-10-01T00:00:00Z,1988-10-01T00:00:00Z,-119.313,36.2294
362294N1193134W001,923015,1987-02-05T00:00:00Z,308.71,308.21,0,46,262.71,46,45.5,NA,Unknown,Water level accuracy is unknown,1,Department of Water Resources,NA,5030,Tulare Irrigation District,NA,NA,17301,19S24E36R001M,19S24E36R001M,Unknown,Unknown,5-022.11,Kaweah,Tulare,NA,Unknown,Single Well,NA,1961-10-10 00:00:00 - 2011-02-23 07:15:00,86,other,NA,NA,NA,NA,1987,18030012,Below Normal,Below Normal,1986-10-01T00:00:00Z,1987-10-01T00:00:00Z,-119.313,36.2294
362294N1193134W001,923014,1986-10-03T00:00:00Z,308.71,308.21,0,47,261.71,47,46.5,NA,Unknown,Water level accuracy is unknown,1,Department of Water Resources,NA,624,Bureau of Reclamation,NA,NA,17301,19S24E36R001M,19S24E36R001M,Unknown,Unknown,5-022.11,Kaweah,Tulare,NA,Unknown,Single Well,NA,1961-10-10 00:00:00 - 2011-02-23 07:15:00,86,fall,46.5,136.5,NA,NA,1987,18030012,Below Normal,Below Normal,1986-10-01T00:00:00Z,1987-10-01T00:00:00Z,-119.313,36.2294
362294N1193134W001,923013,1986-02-10T00:00:00Z,308.71,308.21,0,54,254.71,54,53.5,NA,Unknown,Water level accuracy is unknown,1,Department of Water Resources,NA,624,Bureau of Reclamation,NA,NA,17301,19S24E36R001M,19S24E36R001M,Unknown,Unknown,5-022.11,Kaweah,Tulare,NA,Unknown,Single Well,NA,1961-10-10 00:00:00 - 2011-02-23 07:15:00,86,other,NA,NA,NA,NA,1986,18030012,Above Normal,Above Normal,1985-10-01T00:00:00Z,1986-10-01T00:00:00Z,-119.313,36.2294
362294N1193134W001,923012,1985-10-01T00:00:00Z,308.71,308.21,0,55,253.71,55,54.5,NA,Unknown,Water level accuracy is unknown,1,Department of Water Resources,NA,624,Bureau of Reclamation,NA,NA,17301,19S24E36R001M,19S24E36R001M,Unknown,Unknown,5-022.11,Kaweah,Tulare,NA,Unknown,Single Well,NA,1961-10-10 00:00:00 - 2011-02-23 07:15:00,86,fall,46.5,136.5,NA,NA,1986,18030012,Above Normal,Above Normal,1985-10-01T00:00:00Z,1986-10-01T00:00:00Z,-119.313,36.2294
362294N1193134W001,923011,1985-02-07T00:00:00Z,308.71,308.21,0,46,262.71,46,45.5,NA,Unknown,Water level accuracy is unknown,1,Department of Water Resources,NA,624,Bureau of Reclamation,NA,NA,17301,19S24E36R001M,19S24E36R001M,Unknown,Unknown,5-022.11,Kaweah,Tulare,NA,Unknown,Single Well,NA,1961-10-10 00:00:00 - 2011-02-23 07:15:00,86,other,NA,NA,NA,NA,1985,18030012,Dry,Dry,1984-10-01T00:00:00Z,1985-10-01T00:00:00Z,-119.313,36.2294
362294N1193134W001,923010,1984-10-16T00:00:00Z,308.71,308.21,0,50,258.71,50,49.5,NA,Unknown,Water level accuracy is unknown,1,Department of Water Resources,NA,624,Bureau of Reclamation,NA,NA,17301,19S24E36R001M,19S24E36R001M,Unknown,Unknown,5-022.11,Kaweah,Tulare,NA,Unknown,Single Well,NA,1961-10-10 00:00:00 - 2011-02-23 07:15:00,86,fall,46.5,136.5,NA,NA,1985,18030012,Dry,Dry,1984-10-01T00:00:00Z,1985-10-01T00:00:00Z,-119.313,36.2294
362294N1193134W001,923009,1984-02-24T00:00:00Z,308.71,308.21,0,44,264.71,44,43.5,Oil or foreign substance in casing,Unknown,Water level accuracy is unknown,1,Department of Water Resources,NA,624,Bureau of Reclamation,NA,NA,17301,19S24E36R001M,19S24E36R001M,Unknown,Unknown,5-022.11,Kaweah,Tulare,NA,Unknown,Single Well,NA,1961-10-10 00:00:00 - 2011-02-23 07:15:00,86,other,NA,NA,NA,NA,1984,18030012,Above Normal,Above Normal,1983-10-01T00:00:00Z,1984-10-01T00:00:00Z,-119.313,36.2294
362294N1193134W001,923008,1983-10-09T00:00:00Z,308.71,308.21,0,49,259.71,49,48.5,NA,Unknown,Water level accuracy is unknown,1,Department of Water Resources,NA,624,Bureau of Reclamation,NA,NA,17301,19S24E36R001M,19S24E36R001M,Unknown,Unknown,5-022.11,Kaweah,Tulare,NA,Unknown,Single Well,NA,1961-10-10 00:00:00 - 2011-02-23 07:15:00,86,fall,46.5,136.5,NA,NA,1984,18030012,Above Normal,Above Normal,1983-10-01T00:00:00Z,1984-10-01T00:00:00Z,-119.313,36.2294
362294N1193134W001,923007,1983-01-31T00:00:00Z,308.71,308.21,0,55,253.71,55,54.5,Oil or foreign substance in casing,Unknown,Water level accuracy is unknown,1,Department of Water Resources,NA,5030,Tulare Irrigation District,NA,NA,17301,19S24E36R001M,19S24E36R001M,Unknown,Unknown,5-022.11,Kaweah,Tulare,NA,Unknown,Single Well,NA,1961-10-10 00:00:00 - 2011-02-23 07:15:00,86,other,NA,NA,NA,NA,1983,18030012,Wet,Wet,1982-10-01T00:00:00Z,1983-10-01T00:00:00Z,-119.313,36.2294
362294N1193134W001,923006,1982-09-30T00:00:00Z,308.71,308.21,0,61.5,247.21,61.5,61,NA,Unknown,Water level accuracy is unknown,1,Department of Water Resources,NA,5030,Tulare Irrigation District,NA,NA,17301,19S24E36R001M,19S24E36R001M,Unknown,Unknown,5-022.11,Kaweah,Tulare,NA,Unknown,Single Well,NA,1961-10-10 00:00:00 - 2011-02-23 07:15:00,86,fall,46.5,136.5,NA,NA,1982,18030012,Wet,Wet,1981-10-01T00:00:00Z,1982-10-01T00:00:00Z,-119.313,36.2294
362294N1193134W001,923005,1982-02-04T00:00:00Z,308.71,308.21,0,65.5,243.21,65.5,65,NA,Unknown,Water level accuracy is unknown,1,Department of Water Resources,NA,624,Bureau of Reclamation,NA,NA,17301,19S24E36R001M,19S24E36R001M,Unknown,Unknown,5-022.11,Kaweah,Tulare,NA,Unknown,Single Well,NA,1961-10-10 00:00:00 - 2011-02-23 07:15:00,86,other,NA,NA,NA,NA,1982,18030012,Wet,Wet,1981-10-01T00:00:00Z,1982-10-01T00:00:00Z,-119.313,36.2294
362294N1193134W001,923004,1981-09-25T00:00:00Z,308.71,308.21,0,76,232.71,76,75.5,NA,Unknown,Water level accuracy is unknown,1,Department of Water Resources,NA,624,Bureau of Reclamation,NA,NA,17301,19S24E36R001M,19S24E36R001M,Unknown,Unknown,5-022.11,Kaweah,Tulare,NA,Unknown,Single Well,NA,1961-10-10 00:00:00 - 2011-02-23 07:15:00,86,fall,46.5,136.5,NA,NA,1981,18030012,Below Normal,Below Normal,1980-10-01T00:00:00Z,1981-10-01T00:00:00Z,-119.313,36.2294
362294N1193134W001,923003,1981-01-23T00:00:00Z,308.71,308.21,0,61.5,247.21,61.5,61,NA,Unknown,Water level accuracy is unknown,1,Department of Water Resources,NA,5030,Tulare Irrigation District,NA,NA,17301,19S24E36R001M,19S24E36R001M,Unknown,Unknown,5-022.11,Kaweah,Tulare,NA,Unknown,Single Well,NA,1961-10-10 00:00:00 - 2011-02-23 07:15:00,86,other,NA,NA,NA,NA,1981,18030012,Below Normal,Below Normal,1980-10-01T00:00:00Z,1981-10-01T00:00:00Z,-119.313,36.2294
362294N1193134W001,923002,1980-09-24T00:00:00Z,308.71,308.21,0,66.5,242.21,66.5,66,NA,Unknown,Water level accuracy is unknown,1,Department of Water Resources,NA,5030,Tulare Irrigation District,NA,NA,17301,19S24E36R001M,19S24E36R001M,Unknown,Unknown,5-022.11,Kaweah,Tulare,NA,Unknown,Single Well,NA,1961-10-10 00:00:00 - 2011-02-23 07:15:00,86,fall,46.5,136.5,NA,NA,1980,18030012,Wet,Wet,1979-10-01T00:00:00Z,1980-10-01T00:00:00Z,-119.313,36.2294
362294N1193134W001,923001,1980-01-29T00:00:00Z,308.71,308.21,0,71.5,237.21,71.5,71,NA,Unknown,Water level accuracy is unknown,1,Department of Water Resources,NA,5030,Tulare Irrigation District,NA,NA,17301,19S24E36R001M,19S24E36R001M,Unknown,Unknown,5-022.11,Kaweah,Tulare,NA,Unknown,Single Well,NA,1961-10-10 00:00:00 - 2011-02-23 07:15:00,86,other,NA,NA,NA,NA,1980,18030012,Wet,Wet,1979-10-01T00:00:00Z,1980-10-01T00:00:00Z,-119.313,36.2294
362294N1193134W001,923000,1979-09-25T00:00:00Z,308.71,308.21,0,79,229.71,79,78.5,NA,Unknown,Water level accuracy is unknown,1,Department of Water Resources,NA,5030,Tulare Irrigation District,NA,NA,17301,19S24E36R001M,19S24E36R001M,Unknown,Unknown,5-022.11,Kaweah,Tulare,NA,Unknown,Single Well,NA,1961-10-10 00:00:00 - 2011-02-23 07:15:00,86,fall,46.5,136.5,NA,NA,1979,18030012,Wet,Wet,1978-10-01T00:00:00Z,1979-10-01T00:00:00Z,-119.313,36.2294
362294N1193134W001,922999,1979-01-22T00:00:00Z,308.71,308.21,0,76,232.71,76,75.5,NA,Unknown,Water level accuracy is unknown,1,Department of Water Resources,NA,5030,Tulare Irrigation District,NA,NA,17301,19S24E36R001M,19S24E36R001M,Unknown,Unknown,5-022.11,Kaweah,Tulare,NA,Unknown,Single Well,NA,1961-10-10 00:00:00 - 2011-02-23 07:15:00,86,other,NA,NA,NA,NA,1979,18030012,Wet,Wet,1978-10-01T00:00:00Z,1979-10-01T00:00:00Z,-119.313,36.2294
362294N1193134W001,922998,1978-10-03T00:00:00Z,308.71,308.21,0,95.5,213.21,95.5,95,NA,Unknown,Water level accuracy is unknown,1,Department of Water Resources,NA,5030,Tulare Irrigation District,NA,NA,17301,19S24E36R001M,19S24E36R001M,Unknown,Unknown,5-022.11,Kaweah,Tulare,NA,Unknown,Single Well,NA,1961-10-10 00:00:00 - 2011-02-23 07:15:00,86,fall,46.5,136.5,NA,NA,1979,18030012,Wet,Wet,1978-10-01T00:00:00Z,1979-10-01T00:00:00Z,-119.313,36.2294
362294N1193134W001,922997,1978-01-31T00:00:00Z,308.71,308.21,0,110.5,198.21,110.5,110,NA,Unknown,Water level accuracy is unknown,1,Department of Water Resources,NA,5030,Tulare Irrigation District,NA,NA,17301,19S24E36R001M,19S24E36R001M,Unknown,Unknown,5-022.11,Kaweah,Tulare,NA,Unknown,Single Well,NA,1961-10-10 00:00:00 - 2011-02-23 07:15:00,86,other,NA,NA,NA,NA,1978,18030012,Wet,Wet,1977-10-01T00:00:00Z,1978-10-01T00:00:00Z,-119.313,36.2294
362294N1193134W001,922996,1977-10-04T00:00:00Z,308.71,308.21,0,101,207.71,101,100.5,NA,Unknown,Water level accuracy is unknown,1,Department of Water Resources,NA,5030,Tulare Irrigation District,NA,NA,17301,19S24E36R001M,19S24E36R001M,Unknown,Unknown,5-022.11,Kaweah,Tulare,NA,Unknown,Single Well,NA,1961-10-10 00:00:00 - 2011-02-23 07:15:00,86,fall,46.5,136.5,NA,NA,1978,18030012,Wet,Wet,1977-10-01T00:00:00Z,1978-10-01T00:00:00Z,-119.313,36.2294
362294N1193134W001,922995,1977-01-24T00:00:00Z,308.71,308.21,NA,NA,NA,NA,NA,Pumping,NA,NA,1,Department of Water Resources,NA,5030,Tulare Irrigation District,NA,NA,17301,19S24E36R001M,19S24E36R001M,Unknown,Unknown,5-022.11,Kaweah,Tulare,NA,Unknown,Single Well,NA,1961-10-10 00:00:00 - 2011-02-23 07:15:00,86,other,NA,NA,NA,NA,1977,18030012,Dry,Dry,1976-10-01T00:00:00Z,1977-10-01T00:00:00Z,-119.313,36.2294
362294N1193134W001,922994,1976-10-06T00:00:00Z,308.71,308.21,0,86,222.71,86,85.5,NA,Unknown,Water level accuracy is unknown,1,Department of Water Resources,NA,5030,Tulare Irrigation District,NA,NA,17301,19S24E36R001M,19S24E36R001M,Unknown,Unknown,5-022.11,Kaweah,Tulare,NA,Unknown,Single Well,NA,1961-10-10 00:00:00 - 2011-02-23 07:15:00,86,fall,46.5,136.5,NA,NA,1977,18030012,Dry,Dry,1976-10-01T00:00:00Z,1977-10-01T00:00:00Z,-119.313,36.2294
362294N1193134W001,922993,1976-01-26T00:00:00Z,308.71,308.21,0,64,244.71,64,63.5,NA,Unknown,Water level accuracy is unknown,1,Department of Water Resources,NA,5030,Tulare Irrigation District,NA,NA,17301,19S24E36R001M,19S24E36R001M,Unknown,Unknown,5-022.11,Kaweah,Tulare,NA,Unknown,Single Well,NA,1961-10-10 00:00:00 - 2011-02-23 07:15:00,86,other,NA,NA,NA,NA,1976,18030012,Above Normal,Above Normal,1975-10-01T00:00:00Z,1976-10-01T00:00:00Z,-119.313,36.2294
362294N1193134W001,922992,1975-09-29T00:00:00Z,308.71,308.21,NA,NA,NA,NA,NA,Pumping,NA,NA,1,Department of Water Resources,NA,5030,Tulare Irrigation District,NA,NA,17301,19S24E36R001M,19S24E36R001M,Unknown,Unknown,5-022.11,Kaweah,Tulare,NA,Unknown,Single Well,NA,1961-10-10 00:00:00 - 2011-02-23 07:15:00,86,fall,46.5,136.5,NA,NA,1975,18030012,Above Normal,Above Normal,1974-10-01T00:00:00Z,1975-10-01T00:00:00Z,-119.313,36.2294
362294N1193134W001,922991,1975-02-10T00:00:00Z,308.71,308.21,0,70,238.71,70,69.5,NA,Unknown,Water level accuracy is unknown,1,Department of Water Resources,NA,5030,Tulare Irrigation District,NA,NA,17301,19S24E36R001M,19S24E36R001M,Unknown,Unknown,5-022.11,Kaweah,Tulare,NA,Unknown,Single Well,NA,1961-10-10 00:00:00 - 2011-02-23 07:15:00,86,other,NA,NA,NA,NA,1975,18030012,Above Normal,Above Normal,1974-10-01T00:00:00Z,1975-10-01T00:00:00Z,-119.313,36.2294
362294N1193134W001,922990,1974-10-01T00:00:00Z,308.71,308.21,0,71.5,237.21,71.5,71,NA,Unknown,Water level accuracy is unknown,1,Department of Water Resources,NA,5030,Tulare Irrigation District,NA,NA,17301,19S24E36R001M,19S24E36R001M,Unknown,Unknown,5-022.11,Kaweah,Tulare,NA,Unknown,Single Well,NA,1961-10-10 00:00:00 - 2011-02-23 07:15:00,86,fall,46.5,136.5,NA,NA,1975,18030012,Above Normal,Above Normal,1974-10-01T00:00:00Z,1975-10-01T00:00:00Z,-119.313,36.2294
362294N1193134W001,922989,1974-01-23T00:00:00Z,308.71,308.21,0,70.5,238.21,70.5,70,NA,Unknown,Water level accuracy is unknown,1,Department of Water Resources,NA,5030,Tulare Irrigation District,NA,NA,17301,19S24E36R001M,19S24E36R001M,Unknown,Unknown,5-022.11,Kaweah,Tulare,NA,Unknown,Single Well,NA,1961-10-10 00:00:00 - 2011-02-23 07:15:00,86,other,NA,NA,NA,NA,1974,18030012,Wet,Wet,1973-10-01T00:00:00Z,1974-10-01T00:00:00Z,-119.313,36.2294
362294N1193134W001,922988,1973-10-02T00:00:00Z,308.71,308.21,0,78.5,230.21,78.5,78,NA,Unknown,Water level accuracy is unknown,1,Department of Water Resources,NA,5030,Tulare Irrigation District,NA,NA,17301,19S24E36R001M,19S24E36R001M,Unknown,Unknown,5-022.11,Kaweah,Tulare,NA,Unknown,Single Well,NA,1961-10-10 00:00:00 - 2011-02-23 07:15:00,86,fall,46.5,136.5,NA,NA,1974,18030012,Wet,Wet,1973-10-01T00:00:00Z,1974-10-01T00:00:00Z,-119.313,36.2294
362294N1193134W001,922987,1973-02-12T00:00:00Z,308.71,308.21,0,78.8,229.91,78.8,78.3,NA,Unknown,Water level accuracy is unknown,1,Department of Water Resources,NA,5030,Tulare Irrigation District,NA,NA,17301,19S24E36R001M,19S24E36R001M,Unknown,Unknown,5-022.11,Kaweah,Tulare,NA,Unknown,Single Well,NA,1961-10-10 00:00:00 - 2011-02-23 07:15:00,86,other,NA,NA,NA,NA,1973,18030012,Wet,Wet,1972-10-01T00:00:00Z,1973-10-01T00:00:00Z,-119.313,36.2294
362294N1193134W001,922986,1972-10-10T00:00:00Z,308.71,308.21,0,87.3,221.41,87.3,86.8,NA,Unknown,Water level accuracy is unknown,1,Department of Water Resources,NA,5030,Tulare Irrigation District,NA,NA,17301,19S24E36R001M,19S24E36R001M,Unknown,Unknown,5-022.11,Kaweah,Tulare,NA,Unknown,Single Well,NA,1961-10-10 00:00:00 - 2011-02-23 07:15:00,86,fall,46.5,136.5,NA,NA,1973,18030012,Wet,Wet,1972-10-01T00:00:00Z,1973-10-01T00:00:00Z,-119.313,36.2294
362294N1193134W001,922985,1972-02-17T00:00:00Z,308.71,308.21,0,94,214.71,94,93.5,NA,Unknown,Water level accuracy is unknown,1,Department of Water Resources,NA,5030,Tulare Irrigation District,NA,NA,17301,19S24E36R001M,19S24E36R001M,Unknown,Unknown,5-022.11,Kaweah,Tulare,NA,Unknown,Single Well,NA,1961-10-10 00:00:00 - 2011-02-23 07:15:00,86,other,NA,NA,NA,NA,1972,18030012,Critical,Critical,1971-10-01T00:00:00Z,1972-10-01T00:00:00Z,-119.313,36.2294
362294N1193134W001,922984,1971-10-11T00:00:00Z,308.71,308.21,0,69.4,239.31,69.4,68.9,NA,Unknown,Water level accuracy is unknown,1,Department of Water Resources,NA,5030,Tulare Irrigation District,NA,NA,17301,19S24E36R001M,19S24E36R001M,Unknown,Unknown,5-022.11,Kaweah,Tulare,NA,Unknown,Single Well,NA,1961-10-10 00:00:00 - 2011-02-23 07:15:00,86,fall,46.5,136.5,NA,NA,1972,18030012,Critical,Critical,1971-10-01T00:00:00Z,1972-10-01T00:00:00Z,-119.313,36.2294
362294N1193134W001,922983,1971-02-13T00:00:00Z,308.71,308.21,0,60.9,247.81,60.9,60.4,NA,Unknown,Water level accuracy is unknown,1,Department of Water Resources,NA,5030,Tulare Irrigation District,NA,NA,17301,19S24E36R001M,19S24E36R001M,Unknown,Unknown,5-022.11,Kaweah,Tulare,NA,Unknown,Single Well,NA,1961-10-10 00:00:00 - 2011-02-23 07:15:00,86,other,NA,NA,NA,NA,1971,18030012,Dry,Dry,1970-10-01T00:00:00Z,1971-10-01T00:00:00Z,-119.313,36.2294
362294N1193134W001,922982,1970-10-02T00:00:00Z,308.71,308.21,0,64.9,243.81,64.9,64.4,NA,Unknown,Water level accuracy is unknown,1,Department of Water Resources,NA,5030,Tulare Irrigation District,NA,NA,17301,19S24E36R001M,19S24E36R001M,Unknown,Unknown,5-022.11,Kaweah,Tulare,NA,Unknown,Single Well,NA,1961-10-10 00:00:00 - 2011-02-23 07:15:00,86,fall,46.5,136.5,NA,NA,1971,18030012,Dry,Dry,1970-10-01T00:00:00Z,1971-10-01T00:00:00Z,-119.313,36.2294
362294N1193134W001,922981,1970-02-02T00:00:00Z,308.71,308.21,0,59.1,249.61,59.1,58.6,NA,Unknown,Water level accuracy is unknown,1,Department of Water Resources,NA,5030,Tulare Irrigation District,NA,NA,17301,19S24E36R001M,19S24E36R001M,Unknown,Unknown,5-022.11,Kaweah,Tulare,NA,Unknown,Single Well,NA,1961-10-10 00:00:00 - 2011-02-23 07:15:00,86,other,NA,NA,NA,NA,1970,18030012,Wet,Wet,1969-10-01T00:00:00Z,1970-10-01T00:00:00Z,-119.313,36.2294
362294N1193134W001,922980,1969-09-26T00:00:00Z,308.71,308.21,0,69.3,239.41,69.3,68.8,NA,Unknown,Water level accuracy is unknown,1,Department of Water Resources,NA,624,Bureau of Reclamation,NA,NA,17301,19S24E36R001M,19S24E36R001M,Unknown,Unknown,5-022.11,Kaweah,Tulare,NA,Unknown,Single Well,NA,1961-10-10 00:00:00 - 2011-02-23 07:15:00,86,fall,46.5,136.5,NA,NA,1969,18030012,Wet,Wet,1968-10-01T00:00:00Z,1969-10-01T00:00:00Z,-119.313,36.2294
362294N1193134W001,922979,1969-02-04T00:00:00Z,308.71,308.21,0,79.5,229.21,79.5,79,NA,Unknown,Water level accuracy is unknown,1,Department of Water Resources,NA,5030,Tulare Irrigation District,NA,NA,17301,19S24E36R001M,19S24E36R001M,Unknown,Unknown,5-022.11,Kaweah,Tulare,NA,Unknown,Single Well,NA,1961-10-10 00:00:00 - 2011-02-23 07:15:00,86,other,NA,NA,NA,NA,1969,18030012,Wet,Wet,1968-10-01T00:00:00Z,1969-10-01T00:00:00Z,-119.313,36.2294
362294N1193134W001,922978,1968-02-01T00:00:00Z,308.71,308.21,0,72,236.71,72,71.5,NA,Unknown,Water level accuracy is unknown,1,Department of Water Resources,NA,5030,Tulare Irrigation District,NA,NA,17301,19S24E36R001M,19S24E36R001M,Unknown,Unknown,5-022.11,Kaweah,Tulare,NA,Unknown,Single Well,NA,1961-10-10 00:00:00 - 2011-02-23 07:15:00,86,other,NA,NA,NA,NA,1968,18030012,Below Normal,Below Normal,1967-10-01T00:00:00Z,1968-10-01T00:00:00Z,-119.313,36.2294
362294N1193134W001,922977,1967-02-08T00:00:00Z,308.71,308.21,0,89.3,219.41,89.3,88.8,NA,Unknown,Water level accuracy is unknown,1,Department of Water Resources,NA,5030,Tulare Irrigation District,NA,NA,17301,19S24E36R001M,19S24E36R001M,Unknown,Unknown,5-022.11,Kaweah,Tulare,NA,Unknown,Single Well,NA,1961-10-10 00:00:00 - 2011-02-23 07:15:00,86,other,NA,NA,NA,NA,1967,18030012,Wet,Wet,1966-10-01T00:00:00Z,1967-10-01T00:00:00Z,-119.313,36.2294
362294N1193134W001,922976,1966-02-01T00:00:00Z,308.71,308.21,0,82,226.71,82,81.5,NA,Unknown,Water level accuracy is unknown,1,Department of Water Resources,NA,5030,Tulare Irrigation District,NA,NA,17301,19S24E36R001M,19S24E36R001M,Unknown,Unknown,5-022.11,Kaweah,Tulare,NA,Unknown,Single Well,NA,1961-10-10 00:00:00 - 2011-02-23 07:15:00,86,other,NA,NA,NA,NA,1966,18030012,Below Normal,Below Normal,1965-10-01T00:00:00Z,1966-10-01T00:00:00Z,-119.313,36.2294
362294N1193134W001,922975,1965-02-01T00:00:00Z,308.71,308.21,0,86.5,222.21,86.5,86,NA,Unknown,Water level accuracy is unknown,1,Department of Water Resources,NA,5030,Tulare Irrigation District,NA,NA,17301,19S24E36R001M,19S24E36R001M,Unknown,Unknown,5-022.11,Kaweah,Tulare,NA,Unknown,Single Well,NA,1961-10-10 00:00:00 - 2011-02-23 07:15:00,86,other,NA,NA,NA,NA,1965,18030012,Below Normal,Below Normal,1964-10-01T00:00:00Z,1965-10-01T00:00:00Z,-119.313,36.2294
362294N1193134W001,922974,1964-09-28T00:00:00Z,308.71,308.21,NA,NA,NA,NA,NA,Pumping,NA,NA,1,Department of Water Resources,NA,5030,Tulare Irrigation District,NA,NA,17301,19S24E36R001M,19S24E36R001M,Unknown,Unknown,5-022.11,Kaweah,Tulare,NA,Unknown,Single Well,NA,1961-10-10 00:00:00 - 2011-02-23 07:15:00,86,fall,46.5,136.5,NA,NA,1964,18030012,Dry,Dry,1963-10-01T00:00:00Z,1964-10-01T00:00:00Z,-119.313,36.2294
362294N1193134W001,922973,1964-02-11T00:00:00Z,308.71,308.21,0,77.5,231.21,77.5,77,NA,Unknown,Water level accuracy is unknown,1,Department of Water Resources,NA,5030,Tulare Irrigation District,NA,NA,17301,19S24E36R001M,19S24E36R001M,Unknown,Unknown,5-022.11,Kaweah,Tulare,NA,Unknown,Single Well,NA,1961-10-10 00:00:00 - 2011-02-23 07:15:00,86,other,NA,NA,NA,NA,1964,18030012,Dry,Dry,1963-10-01T00:00:00Z,1964-10-01T00:00:00Z,-119.313,36.2294
362294N1193134W001,922972,1963-02-06T00:00:00Z,308.71,308.21,0,87.4,221.31,87.4,86.9,NA,Unknown,Water level accuracy is unknown,1,Department of Water Resources,NA,5030,Tulare Irrigation District,NA,NA,17301,19S24E36R001M,19S24E36R001M,Unknown,Unknown,5-022.11,Kaweah,Tulare,NA,Unknown,Single Well,NA,1961-10-10 00:00:00 - 2011-02-23 07:15:00,86,other,NA,NA,NA,NA,1963,18030012,Above Normal,Above Normal,1962-10-01T00:00:00Z,1963-10-01T00:00:00Z,-119.313,36.2294
362294N1193134W001,922971,1962-02-07T00:00:00Z,308.71,308.21,0,93,215.71,93,92.5,NA,Unknown,Water level accuracy is unknown,1,Department of Water Resources,NA,5030,Tulare Irrigation District,NA,NA,17301,19S24E36R001M,19S24E36R001M,Unknown,Unknown,5-022.11,Kaweah,Tulare,NA,Unknown,Single Well,NA,1961-10-10 00:00:00 - 2011-02-23 07:15:00,86,other,NA,NA,NA,NA,1962,18030012,Above Normal,Above Normal,1961-10-01T00:00:00Z,1962-10-01T00:00:00Z,-119.313,36.2294
362294N1193134W001,922970,1961-10-10T00:00:00Z,308.71,308.21,0,100.3,208.41,100.3,99.8,NA,Unknown,Water level accuracy is unknown,1,Department of Water Resources,NA,5030,Tulare Irrigation District,NA,NA,17301,19S24E36R001M,19S24E36R001M,Unknown,Unknown,5-022.11,Kaweah,Tulare,NA,Unknown,Single Well,NA,1961-10-10 00:00:00 - 2011-02-23 07:15:00,86,fall,46.5,136.5,NA,NA,1962,18030012,Above Normal,Above Normal,1961-10-01T00:00:00Z,1962-10-01T00:00:00Z,-119.313,36.2294
