SITE_CODE,WLM_ID,MSMT_DATE,WLM_RPE,WLM_GSE,RDNG_WS,RDNG_RP,WSE,RPE_WSE,GSE_WSE,WLM_QA_DESC,WLM_DESC,WLM_ACC_DESC,WLM_ORG_ID,WLM_ORG_NAME,MSMT_CMT,COOP_AGENCY_ORG_ID,COOP_ORG_NAME,TOP_PRF,BOT_PRF,STN_ID,SWN,WELL_NAME,WLM_METHOD,WLM_ACC,BASIN_CODE,BASIN_NAME,COUNTY_NAME,WELL_DEPTH,WELL_USE,WELL_TYPE,WCR_NO,t_range,n_samples,season,fall_high,fall_low,spring_high,spring_low,water_year,HUC8,WYT,water_year_type,water_year_start,water_year_end,X,Y
362294N1193323W001,922880,2010-01-22T00:00:00Z,300.71,297.71,NA,NA,NA,NA,NA,Special/Other,NA,NA,1,Department of Water Resources,NA,5030,Tulare Irrigation District,NA,NA,35895,19S24E35R001M,NA,Unknown,Unknown,5-022.11,Kaweah,Tulare,NA,Unknown,Unknown,NA,1974-10-04 - 2010-01-22,38,other,NA,NA,NA,NA,2010,18030012,Above Normal,Above Normal,2009-10-01T00:00:00Z,2010-10-01T00:00:00Z,-119.332,36.2294
362294N1193323W001,922879,2006-01-27T00:00:00Z,300.71,297.71,NA,NA,NA,NA,NA,Special/Other,NA,NA,1,Department of Water Resources,NA,5030,Tulare Irrigation District,NA,NA,35895,19S24E35R001M,NA,Unknown,Unknown,5-022.11,Kaweah,Tulare,NA,Unknown,Unknown,NA,1974-10-04 - 2010-01-22,38,other,NA,NA,NA,NA,2006,18030012,Wet,Wet,2005-10-01T00:00:00Z,2006-10-01T00:00:00Z,-119.332,36.2294
362294N1193323W001,922878,2005-01-28T00:00:00Z,300.71,297.71,NA,NA,NA,NA,NA,Special/Other,NA,NA,1,Department of Water Resources,NA,5030,Tulare Irrigation District,NA,NA,35895,19S24E35R001M,NA,Unknown,Unknown,5-022.11,Kaweah,Tulare,NA,Unknown,Unknown,NA,1974-10-04 - 2010-01-22,38,other,NA,NA,NA,NA,2005,18030012,Wet,Wet,2004-10-01T00:00:00Z,2005-10-01T00:00:00Z,-119.332,36.2294
362294N1193323W001,922877,1991-10-01T00:00:00Z,300.71,297.71,NA,NA,NA,NA,NA,Well has been destroyed,NA,NA,1,Department of Water Resources,NA,5030,Tulare Irrigation District,NA,NA,35895,19S24E35R001M,NA,Unknown,Unknown,5-022.11,Kaweah,Tulare,NA,Unknown,Unknown,NA,1974-10-04 - 2010-01-22,38,fall,56,103,NA,NA,1992,18030012,Above Normal,Above Normal,1991-10-01T00:00:00Z,1992-10-01T00:00:00Z,-119.332,36.2294
362294N1193323W001,922876,1991-01-18T00:00:00Z,300.71,297.71,0,98,202.71,98,95,NA,Unknown,Water level accuracy is unknown,1,Department of Water Resources,NA,5030,Tulare Irrigation District,NA,NA,35895,19S24E35R001M,NA,Unknown,Unknown,5-022.11,Kaweah,Tulare,NA,Unknown,Unknown,NA,1974-10-04 - 2010-01-22,38,other,NA,NA,NA,NA,1991,18030012,Dry,Dry,1990-10-01T00:00:00Z,1991-10-01T00:00:00Z,-119.332,36.2294
362294N1193323W001,922875,1990-10-03T00:00:00Z,300.71,297.71,0,106,194.71,106,103,NA,Unknown,Water level accuracy is unknown,1,Department of Water Resources,NA,5030,Tulare Irrigation District,NA,NA,35895,19S24E35R001M,NA,Unknown,Unknown,5-022.11,Kaweah,Tulare,NA,Unknown,Unknown,NA,1974-10-04 - 2010-01-22,38,fall,56,103,NA,NA,1991,18030012,Dry,Dry,1990-10-01T00:00:00Z,1991-10-01T00:00:00Z,-119.332,36.2294
362294N1193323W001,922874,1990-01-24T00:00:00Z,300.71,297.71,0,83,217.71,83,80,NA,Unknown,Water level accuracy is unknown,1,Department of Water Resources,NA,5030,Tulare Irrigation District,NA,NA,35895,19S24E35R001M,NA,Unknown,Unknown,5-022.11,Kaweah,Tulare,NA,Unknown,Unknown,NA,1974-10-04 - 2010-01-22,38,other,NA,NA,NA,NA,1990,18030012,Critical,Critical,1989-10-01T00:00:00Z,1990-10-01T00:00:00Z,-119.332,36.2294
362294N1193323W001,922873,1989-10-10T00:00:00Z,300.71,297.71,0,83,217.71,83,80,NA,Unknown,Water level accuracy is unknown,1,Department of Water Resources,NA,5030,Tulare Irrigation District,NA,NA,35895,19S24E35R001M,NA,Unknown,Unknown,5-022.11,Kaweah,Tulare,NA,Unknown,Unknown,NA,1974-10-04 - 2010-01-22,38,fall,56,103,NA,NA,1990,18030012,Critical,Critical,1989-10-01T00:00:00Z,1990-10-01T00:00:00Z,-119.332,36.2294
362294N1193323W001,922872,1989-01-25T00:00:00Z,300.71,297.71,0,70,230.71,70,67,NA,Unknown,Water level accuracy is unknown,1,Department of Water Resources,NA,5030,Tulare Irrigation District,NA,NA,35895,19S24E35R001M,NA,Unknown,Unknown,5-022.11,Kaweah,Tulare,NA,Unknown,Unknown,NA,1974-10-04 - 2010-01-22,38,other,NA,NA,NA,NA,1989,18030012,Dry,Dry,1988-10-01T00:00:00Z,1989-10-01T00:00:00Z,-119.332,36.2294
362294N1193323W001,922871,1988-10-07T00:00:00Z,300.71,297.71,0,73,227.71,73,70,NA,Unknown,Water level accuracy is unknown,1,Department of Water Resources,NA,5030,Tulare Irrigation District,NA,NA,35895,19S24E35R001M,NA,Unknown,Unknown,5-022.11,Kaweah,Tulare,NA,Unknown,Unknown,NA,1974-10-04 - 2010-01-22,38,fall,56,103,NA,NA,1989,18030012,Dry,Dry,1988-10-01T00:00:00Z,1989-10-01T00:00:00Z,-119.332,36.2294
362294N1193323W001,922870,1988-01-22T00:00:00Z,300.71,297.71,0,60,240.71,60,57,NA,Unknown,Water level accuracy is unknown,1,Department of Water Resources,NA,5030,Tulare Irrigation District,NA,NA,35895,19S24E35R001M,NA,Unknown,Unknown,5-022.11,Kaweah,Tulare,NA,Unknown,Unknown,NA,1974-10-04 - 2010-01-22,38,other,NA,NA,NA,NA,1988,18030012,Below Normal,Below Normal,1987-10-01T00:00:00Z,1988-10-01T00:00:00Z,-119.332,36.2294
362294N1193323W001,922869,1987-10-07T00:00:00Z,300.71,297.71,0,65.5,235.21,65.5,62.5,NA,Unknown,Water level accuracy is unknown,1,Department of Water Resources,NA,5030,Tulare Irrigation District,NA,NA,35895,19S24E35R001M,NA,Unknown,Unknown,5-022.11,Kaweah,Tulare,NA,Unknown,Unknown,NA,1974-10-04 - 2010-01-22,38,fall,56,103,NA,NA,1988,18030012,Below Normal,Below Normal,1987-10-01T00:00:00Z,1988-10-01T00:00:00Z,-119.332,36.2294
362294N1193323W001,922868,1987-02-05T00:00:00Z,300.71,297.71,0,55.5,245.21,55.5,52.5,NA,Unknown,Water level accuracy is unknown,1,Department of Water Resources,NA,5030,Tulare Irrigation District,NA,NA,35895,19S24E35R001M,NA,Unknown,Unknown,5-022.11,Kaweah,Tulare,NA,Unknown,Unknown,NA,1974-10-04 - 2010-01-22,38,other,NA,NA,NA,NA,1987,18030012,Below Normal,Below Normal,1986-10-01T00:00:00Z,1987-10-01T00:00:00Z,-119.332,36.2294
362294N1193323W001,922867,1986-10-03T00:00:00Z,300.71,297.71,0,59,241.71,59,56,NA,Unknown,Water level accuracy is unknown,1,Department of Water Resources,NA,624,Bureau of Reclamation,NA,NA,35895,19S24E35R001M,NA,Unknown,Unknown,5-022.11,Kaweah,Tulare,NA,Unknown,Unknown,NA,1974-10-04 - 2010-01-22,38,fall,56,103,NA,NA,1987,18030012,Below Normal,Below Normal,1986-10-01T00:00:00Z,1987-10-01T00:00:00Z,-119.332,36.2294
362294N1193323W001,922866,1986-02-10T00:00:00Z,300.71,297.71,0,60,240.71,60,57,NA,Unknown,Water level accuracy is unknown,1,Department of Water Resources,NA,624,Bureau of Reclamation,NA,NA,35895,19S24E35R001M,NA,Unknown,Unknown,5-022.11,Kaweah,Tulare,NA,Unknown,Unknown,NA,1974-10-04 - 2010-01-22,38,other,NA,NA,NA,NA,1986,18030012,Above Normal,Above Normal,1985-10-01T00:00:00Z,1986-10-01T00:00:00Z,-119.332,36.2294
362294N1193323W001,922865,1985-10-01T00:00:00Z,300.71,297.71,0,63,237.71,63,60,NA,Unknown,Water level accuracy is unknown,1,Department of Water Resources,NA,624,Bureau of Reclamation,NA,NA,35895,19S24E35R001M,NA,Unknown,Unknown,5-022.11,Kaweah,Tulare,NA,Unknown,Unknown,NA,1974-10-04 - 2010-01-22,38,fall,56,103,NA,NA,1986,18030012,Above Normal,Above Normal,1985-10-01T00:00:00Z,1986-10-01T00:00:00Z,-119.332,36.2294
362294N1193323W001,922864,1985-02-07T00:00:00Z,300.71,297.71,0,54,246.71,54,51,NA,Unknown,Water level accuracy is unknown,1,Department of Water Resources,NA,624,Bureau of Reclamation,NA,NA,35895,19S24E35R001M,NA,Unknown,Unknown,5-022.11,Kaweah,Tulare,NA,Unknown,Unknown,NA,1974-10-04 - 2010-01-22,38,other,NA,NA,NA,NA,1985,18030012,Dry,Dry,1984-10-01T00:00:00Z,1985-10-01T00:00:00Z,-119.332,36.2294
362294N1193323W001,922863,1984-10-17T00:00:00Z,300.71,297.71,0,59,241.71,59,56,NA,Unknown,Water level accuracy is unknown,1,Department of Water Resources,NA,624,Bureau of Reclamation,NA,NA,35895,19S24E35R001M,NA,Unknown,Unknown,5-022.11,Kaweah,Tulare,NA,Unknown,Unknown,NA,1974-10-04 - 2010-01-22,38,fall,56,103,NA,NA,1985,18030012,Dry,Dry,1984-10-01T00:00:00Z,1985-10-01T00:00:00Z,-119.332,36.2294
362294N1193323W001,922862,1984-02-24T00:00:00Z,300.71,297.71,0,56,244.71,56,53,NA,Unknown,Water level accuracy is unknown,1,Department of Water Resources,NA,624,Bureau of Reclamation,NA,NA,35895,19S24E35R001M,NA,Unknown,Unknown,5-022.11,Kaweah,Tulare,NA,Unknown,Unknown,NA,1974-10-04 - 2010-01-22,38,other,NA,NA,NA,NA,1984,18030012,Above Normal,Above Normal,1983-10-01T00:00:00Z,1984-10-01T00:00:00Z,-119.332,36.2294
362294N1193323W001,922861,1983-10-09T00:00:00Z,300.71,297.71,0,64,236.71,64,61,NA,Unknown,Water level accuracy is unknown,1,Department of Water Resources,NA,624,Bureau of Reclamation,NA,NA,35895,19S24E35R001M,NA,Unknown,Unknown,5-022.11,Kaweah,Tulare,NA,Unknown,Unknown,NA,1974-10-04 - 2010-01-22,38,fall,56,103,NA,NA,1984,18030012,Above Normal,Above Normal,1983-10-01T00:00:00Z,1984-10-01T00:00:00Z,-119.332,36.2294
362294N1193323W001,922860,1983-02-18T00:00:00Z,300.71,297.71,0,36.5,264.21,36.5,33.5,NA,Unknown,Water level accuracy is unknown,1,Department of Water Resources,NA,5030,Tulare Irrigation District,NA,NA,35895,19S24E35R001M,NA,Unknown,Unknown,5-022.11,Kaweah,Tulare,NA,Unknown,Unknown,NA,1974-10-04 - 2010-01-22,38,other,NA,NA,NA,NA,1983,18030012,Wet,Wet,1982-10-01T00:00:00Z,1983-10-01T00:00:00Z,-119.332,36.2294
362294N1193323W001,922859,1982-10-01T00:00:00Z,300.71,297.71,0,74,226.71,74,71,NA,Unknown,Water level accuracy is unknown,1,Department of Water Resources,NA,5030,Tulare Irrigation District,NA,NA,35895,19S24E35R001M,NA,Unknown,Unknown,5-022.11,Kaweah,Tulare,NA,Unknown,Unknown,NA,1974-10-04 - 2010-01-22,38,fall,56,103,NA,NA,1983,18030012,Wet,Wet,1982-10-01T00:00:00Z,1983-10-01T00:00:00Z,-119.332,36.2294
362294N1193323W001,922858,1982-02-04T00:00:00Z,300.71,297.71,0,76,224.71,76,73,NA,Unknown,Water level accuracy is unknown,1,Department of Water Resources,NA,624,Bureau of Reclamation,NA,NA,35895,19S24E35R001M,NA,Unknown,Unknown,5-022.11,Kaweah,Tulare,NA,Unknown,Unknown,NA,1974-10-04 - 2010-01-22,38,other,NA,NA,NA,NA,1982,18030012,Wet,Wet,1981-10-01T00:00:00Z,1982-10-01T00:00:00Z,-119.332,36.2294
362294N1193323W001,922857,1981-09-25T00:00:00Z,300.71,297.71,0,87,213.71,87,84,NA,Unknown,Water level accuracy is unknown,1,Department of Water Resources,NA,624,Bureau of Reclamation,NA,NA,35895,19S24E35R001M,NA,Unknown,Unknown,5-022.11,Kaweah,Tulare,NA,Unknown,Unknown,NA,1974-10-04 - 2010-01-22,38,fall,56,103,NA,NA,1981,18030012,Below Normal,Below Normal,1980-10-01T00:00:00Z,1981-10-01T00:00:00Z,-119.332,36.2294
362294N1193323W001,922856,1981-01-26T00:00:00Z,300.71,297.71,0,78.5,222.21,78.5,75.5,NA,Unknown,Water level accuracy is unknown,1,Department of Water Resources,NA,5030,Tulare Irrigation District,NA,NA,35895,19S24E35R001M,NA,Unknown,Unknown,5-022.11,Kaweah,Tulare,NA,Unknown,Unknown,NA,1974-10-04 - 2010-01-22,38,other,NA,NA,NA,NA,1981,18030012,Below Normal,Below Normal,1980-10-01T00:00:00Z,1981-10-01T00:00:00Z,-119.332,36.2294
362294N1193323W001,922855,1980-09-22T00:00:00Z,300.71,297.71,0,78,222.71,78,75,NA,Unknown,Water level accuracy is unknown,1,Department of Water Resources,NA,5030,Tulare Irrigation District,NA,NA,35895,19S24E35R001M,NA,Unknown,Unknown,5-022.11,Kaweah,Tulare,NA,Unknown,Unknown,NA,1974-10-04 - 2010-01-22,38,fall,56,103,NA,NA,1980,18030012,Wet,Wet,1979-10-01T00:00:00Z,1980-10-01T00:00:00Z,-119.332,36.2294
362294N1193323W001,922854,1980-01-28T00:00:00Z,300.71,297.71,0,89.5,211.21,89.5,86.5,NA,Unknown,Water level accuracy is unknown,1,Department of Water Resources,NA,5030,Tulare Irrigation District,NA,NA,35895,19S24E35R001M,NA,Unknown,Unknown,5-022.11,Kaweah,Tulare,NA,Unknown,Unknown,NA,1974-10-04 - 2010-01-22,38,other,NA,NA,NA,NA,1980,18030012,Wet,Wet,1979-10-01T00:00:00Z,1980-10-01T00:00:00Z,-119.332,36.2294
362294N1193323W001,922853,1979-09-24T00:00:00Z,300.71,297.71,NA,NA,NA,NA,NA,Pumping,NA,NA,1,Department of Water Resources,NA,5030,Tulare Irrigation District,NA,NA,35895,19S24E35R001M,NA,Unknown,Unknown,5-022.11,Kaweah,Tulare,NA,Unknown,Unknown,NA,1974-10-04 - 2010-01-22,38,fall,56,103,NA,NA,1979,18030012,Wet,Wet,1978-10-01T00:00:00Z,1979-10-01T00:00:00Z,-119.332,36.2294
362294N1193323W001,922852,1979-01-22T00:00:00Z,300.71,297.71,0,86,214.71,86,83,NA,Unknown,Water level accuracy is unknown,1,Department of Water Resources,NA,5030,Tulare Irrigation District,NA,NA,35895,19S24E35R001M,NA,Unknown,Unknown,5-022.11,Kaweah,Tulare,NA,Unknown,Unknown,NA,1974-10-04 - 2010-01-22,38,other,NA,NA,NA,NA,1979,18030012,Wet,Wet,1978-10-01T00:00:00Z,1979-10-01T00:00:00Z,-119.332,36.2294
362294N1193323W001,922851,1978-10-03T00:00:00Z,300.71,297.71,0,90,210.71,90,87,NA,Unknown,Water level accuracy is unknown,1,Department of Water Resources,NA,5030,Tulare Irrigation District,NA,NA,35895,19S24E35R001M,NA,Unknown,Unknown,5-022.11,Kaweah,Tulare,NA,Unknown,Unknown,NA,1974-10-04 - 2010-01-22,38,fall,56,103,NA,NA,1979,18030012,Wet,Wet,1978-10-01T00:00:00Z,1979-10-01T00:00:00Z,-119.332,36.2294
362294N1193323W001,922850,1978-01-31T00:00:00Z,300.71,297.71,0,94.5,206.21,94.5,91.5,NA,Unknown,Water level accuracy is unknown,1,Department of Water Resources,NA,5030,Tulare Irrigation District,NA,NA,35895,19S24E35R001M,NA,Unknown,Unknown,5-022.11,Kaweah,Tulare,NA,Unknown,Unknown,NA,1974-10-04 - 2010-01-22,38,other,NA,NA,NA,NA,1978,18030012,Wet,Wet,1977-10-01T00:00:00Z,1978-10-01T00:00:00Z,-119.332,36.2294
362294N1193323W001,922849,1977-10-04T00:00:00Z,300.71,297.71,0,99,201.71,99,96,NA,Unknown,Water level accuracy is unknown,1,Department of Water Resources,NA,5030,Tulare Irrigation District,NA,NA,35895,19S24E35R001M,NA,Unknown,Unknown,5-022.11,Kaweah,Tulare,NA,Unknown,Unknown,NA,1974-10-04 - 2010-01-22,38,fall,56,103,NA,NA,1978,18030012,Wet,Wet,1977-10-01T00:00:00Z,1978-10-01T00:00:00Z,-119.332,36.2294
362294N1193323W001,922848,1977-01-24T00:00:00Z,300.71,297.71,0,91,209.71,91,88,NA,Unknown,Water level accuracy is unknown,1,Department of Water Resources,NA,5030,Tulare Irrigation District,NA,NA,35895,19S24E35R001M,NA,Unknown,Unknown,5-022.11,Kaweah,Tulare,NA,Unknown,Unknown,NA,1974-10-04 - 2010-01-22,38,other,NA,NA,NA,NA,1977,18030012,Dry,Dry,1976-10-01T00:00:00Z,1977-10-01T00:00:00Z,-119.332,36.2294
362294N1193323W001,922847,1976-10-06T00:00:00Z,300.71,297.71,0,91.5,209.21,91.5,88.5,NA,Unknown,Water level accuracy is unknown,1,Department of Water Resources,NA,5030,Tulare Irrigation District,NA,NA,35895,19S24E35R001M,NA,Unknown,Unknown,5-022.11,Kaweah,Tulare,NA,Unknown,Unknown,NA,1974-10-04 - 2010-01-22,38,fall,56,103,NA,NA,1977,18030012,Dry,Dry,1976-10-01T00:00:00Z,1977-10-01T00:00:00Z,-119.332,36.2294
362294N1193323W001,922846,1976-01-26T00:00:00Z,300.71,297.71,0,79,221.71,79,76,NA,Unknown,Water level accuracy is unknown,1,Department of Water Resources,NA,5030,Tulare Irrigation District,NA,NA,35895,19S24E35R001M,NA,Unknown,Unknown,5-022.11,Kaweah,Tulare,NA,Unknown,Unknown,NA,1974-10-04 - 2010-01-22,38,other,NA,NA,NA,NA,1976,18030012,Above Normal,Above Normal,1975-10-01T00:00:00Z,1976-10-01T00:00:00Z,-119.332,36.2294
362294N1193323W001,922845,1975-09-30T00:00:00Z,300.71,297.71,0,78,222.71,78,75,NA,Unknown,Water level accuracy is unknown,1,Department of Water Resources,NA,5030,Tulare Irrigation District,NA,NA,35895,19S24E35R001M,NA,Unknown,Unknown,5-022.11,Kaweah,Tulare,NA,Unknown,Unknown,NA,1974-10-04 - 2010-01-22,38,fall,56,103,NA,NA,1975,18030012,Above Normal,Above Normal,1974-10-01T00:00:00Z,1975-10-01T00:00:00Z,-119.332,36.2294
362294N1193323W001,922844,1975-02-13T00:00:00Z,300.71,297.71,0,75,225.71,75,72,NA,Unknown,Water level accuracy is unknown,1,Department of Water Resources,NA,5030,Tulare Irrigation District,NA,NA,35895,19S24E35R001M,NA,Unknown,Unknown,5-022.11,Kaweah,Tulare,NA,Unknown,Unknown,NA,1974-10-04 - 2010-01-22,38,other,NA,NA,NA,NA,1975,18030012,Above Normal,Above Normal,1974-10-01T00:00:00Z,1975-10-01T00:00:00Z,-119.332,36.2294
362294N1193323W001,922843,1974-10-04T00:00:00Z,300.71,297.71,0,81,219.71,81,78,NA,Unknown,Water level accuracy is unknown,1,Department of Water Resources,NA,5030,Tulare Irrigation District,NA,NA,35895,19S24E35R001M,NA,Unknown,Unknown,5-022.11,Kaweah,Tulare,NA,Unknown,Unknown,NA,1974-10-04 - 2010-01-22,38,fall,56,103,NA,NA,1975,18030012,Above Normal,Above Normal,1974-10-01T00:00:00Z,1975-10-01T00:00:00Z,-119.332,36.2294
