SITE_CODE,WLM_ID,MSMT_DATE,WLM_RPE,WLM_GSE,RDNG_WS,RDNG_RP,WSE,RPE_WSE,GSE_WSE,WLM_QA_DESC,WLM_DESC,WLM_ACC_DESC,WLM_ORG_ID,WLM_ORG_NAME,MSMT_CMT,COOP_AGENCY_ORG_ID,COOP_ORG_NAME,TOP_PRF,BOT_PRF,STN_ID,SWN,WELL_NAME,WLM_METHOD,WLM_ACC,BASIN_CODE,BASIN_NAME,COUNTY_NAME,WELL_DEPTH,WELL_USE,WELL_TYPE,WCR_NO,t_range,n_samples,season,fall_high,fall_low,spring_high,spring_low,water_year,HUC8,WYT,water_year_type,water_year_start,water_year_end,X,Y
362219N1193155W001,2660005,2020-02-15T12:00:00Z,296,296,0,179,117,179,179,NA,Unknown,Water level accuracy is unknown,5317,Mid-Kaweah GSA,NA,5317,Mid-Kaweah GSA,300,700,54637,20S24E01H002M,KSB-1770,Unknown,Unknown,5-022.11,Kaweah,Tulare,715,Unknown,Single Well,NA,1992-03-15 00:00:00 - 2020-02-15 12:00:00,117,other,NA,NA,NA,NA,2020,NA,NA,NA,2019-10-01T00:00:00Z,2020-10-01T00:00:00Z,-119.315,36.2219
362219N1193155W001,2660042,2019-10-15T12:00:00Z,296,296,0,188,108,188,188,NA,Unknown,Water level accuracy is unknown,5317,Mid-Kaweah GSA,NA,5317,Mid-Kaweah GSA,300,700,54637,20S24E01H002M,KSB-1770,Unknown,Unknown,5-022.11,Kaweah,Tulare,715,Unknown,Single Well,NA,1992-03-15 00:00:00 - 2020-02-15 12:00:00,117,fall,106,217,NA,NA,2020,NA,NA,NA,2019-10-01T00:00:00Z,2020-10-01T00:00:00Z,-119.315,36.2219
362219N1193155W001,2513098,2018-02-15T00:00:00Z,296,296,0,195,101,195,195,NA,Unknown,Water level accuracy to nearest tenth of a foot,5317,Mid-Kaweah GSA,NA,5317,Mid-Kaweah GSA,300,700,54637,20S24E01H002M,KSB-1770,Unknown,Unknown,5-022.11,Kaweah,Tulare,715,Unknown,Single Well,NA,1992-03-15 00:00:00 - 2020-02-15 12:00:00,117,other,NA,NA,NA,NA,2018,18030012,Below Normal,Below Normal,2017-10-01T00:00:00Z,2018-10-01T00:00:00Z,-119.315,36.2219
362219N1193155W001,2513097,2017-10-15T00:00:00Z,296,296,0,201,95,201,201,NA,Unknown,Water level accuracy to nearest tenth of a foot,5317,Mid-Kaweah GSA,NA,5317,Mid-Kaweah GSA,300,700,54637,20S24E01H002M,KSB-1770,Unknown,Unknown,5-022.11,Kaweah,Tulare,715,Unknown,Single Well,NA,1992-03-15 00:00:00 - 2020-02-15 12:00:00,117,fall,106,217,NA,NA,2018,18030012,Below Normal,Below Normal,2017-10-01T00:00:00Z,2018-10-01T00:00:00Z,-119.315,36.2219
362219N1193155W001,2513096,2017-02-15T00:00:00Z,296,296,0,181,115,181,181,NA,Unknown,Water level accuracy to nearest tenth of a foot,5317,Mid-Kaweah GSA,NA,5317,Mid-Kaweah GSA,300,700,54637,20S24E01H002M,KSB-1770,Unknown,Unknown,5-022.11,Kaweah,Tulare,715,Unknown,Single Well,NA,1992-03-15 00:00:00 - 2020-02-15 12:00:00,117,other,NA,NA,NA,NA,2017,18030012,Wet,Wet,2016-10-01T00:00:00Z,2017-10-01T00:00:00Z,-119.315,36.2219
362219N1193155W001,2513095,2016-10-15T00:00:00Z,296,296,0,217,79,217,217,NA,Unknown,Water level accuracy to nearest tenth of a foot,5317,Mid-Kaweah GSA,NA,5317,Mid-Kaweah GSA,300,700,54637,20S24E01H002M,KSB-1770,Unknown,Unknown,5-022.11,Kaweah,Tulare,715,Unknown,Single Well,NA,1992-03-15 00:00:00 - 2020-02-15 12:00:00,117,fall,106,217,NA,NA,2017,18030012,Wet,Wet,2016-10-01T00:00:00Z,2017-10-01T00:00:00Z,-119.315,36.2219
362219N1193155W001,2513094,2016-02-15T00:00:00Z,296,296,0,186,110,186,186,NA,Unknown,Water level accuracy to nearest tenth of a foot,5317,Mid-Kaweah GSA,NA,5317,Mid-Kaweah GSA,300,700,54637,20S24E01H002M,KSB-1770,Unknown,Unknown,5-022.11,Kaweah,Tulare,715,Unknown,Single Well,NA,1992-03-15 00:00:00 - 2020-02-15 12:00:00,117,other,NA,NA,NA,NA,2016,18030012,Below Normal,Below Normal,2015-10-01T00:00:00Z,2016-10-01T00:00:00Z,-119.315,36.2219
362219N1193155W001,2513093,2015-10-15T00:00:00Z,296,296,0,198,98,198,198,NA,Unknown,Water level accuracy to nearest tenth of a foot,5317,Mid-Kaweah GSA,NA,5317,Mid-Kaweah GSA,300,700,54637,20S24E01H002M,KSB-1770,Unknown,Unknown,5-022.11,Kaweah,Tulare,715,Unknown,Single Well,NA,1992-03-15 00:00:00 - 2020-02-15 12:00:00,117,fall,106,217,NA,NA,2016,18030012,Below Normal,Below Normal,2015-10-01T00:00:00Z,2016-10-01T00:00:00Z,-119.315,36.2219
362219N1193155W001,2513092,2015-02-15T00:00:00Z,296,296,0,174,122,174,174,NA,Unknown,Water level accuracy to nearest tenth of a foot,5317,Mid-Kaweah GSA,NA,5317,Mid-Kaweah GSA,300,700,54637,20S24E01H002M,KSB-1770,Unknown,Unknown,5-022.11,Kaweah,Tulare,715,Unknown,Single Well,NA,1992-03-15 00:00:00 - 2020-02-15 12:00:00,117,other,NA,NA,NA,NA,2015,18030012,Critical,Critical,2014-10-01T00:00:00Z,2015-10-01T00:00:00Z,-119.315,36.2219
362219N1193155W001,2513091,2014-10-15T00:00:00Z,296,296,0,185.7,110.3,185.7,185.7,NA,Unknown,Water level accuracy to nearest tenth of a foot,5317,Mid-Kaweah GSA,NA,5317,Mid-Kaweah GSA,300,700,54637,20S24E01H002M,KSB-1770,Unknown,Unknown,5-022.11,Kaweah,Tulare,715,Unknown,Single Well,NA,1992-03-15 00:00:00 - 2020-02-15 12:00:00,117,fall,106,217,NA,NA,2015,18030012,Critical,Critical,2014-10-01T00:00:00Z,2015-10-01T00:00:00Z,-119.315,36.2219
362219N1193155W001,2513090,2014-02-15T00:00:00Z,296,296,0,158.6,137.4,158.6,158.6,NA,Unknown,Water level accuracy to nearest tenth of a foot,5317,Mid-Kaweah GSA,NA,5317,Mid-Kaweah GSA,300,700,54637,20S24E01H002M,KSB-1770,Unknown,Unknown,5-022.11,Kaweah,Tulare,715,Unknown,Single Well,NA,1992-03-15 00:00:00 - 2020-02-15 12:00:00,117,other,NA,NA,NA,NA,2014,18030012,Critical,Critical,2013-10-01T00:00:00Z,2014-10-01T00:00:00Z,-119.315,36.2219
362219N1193155W001,2513089,2012-02-15T00:00:00Z,296,296,0,155,141,155,155,NA,Unknown,Water level accuracy to nearest tenth of a foot,5317,Mid-Kaweah GSA,NA,5317,Mid-Kaweah GSA,300,700,54637,20S24E01H002M,KSB-1770,Unknown,Unknown,5-022.11,Kaweah,Tulare,715,Unknown,Single Well,NA,1992-03-15 00:00:00 - 2020-02-15 12:00:00,117,other,NA,NA,NA,NA,2012,18030012,Below Normal,Below Normal,2011-10-01T00:00:00Z,2012-10-01T00:00:00Z,-119.315,36.2219
362219N1193155W001,2513088,2010-10-15T00:00:00Z,296,296,0,168.8,127.2,168.8,168.8,NA,Unknown,Water level accuracy to nearest tenth of a foot,5317,Mid-Kaweah GSA,NA,5317,Mid-Kaweah GSA,300,700,54637,20S24E01H002M,KSB-1770,Unknown,Unknown,5-022.11,Kaweah,Tulare,715,Unknown,Single Well,NA,1992-03-15 00:00:00 - 2020-02-15 12:00:00,117,fall,106,217,NA,NA,2011,18030012,Wet,Wet,2010-10-01T00:00:00Z,2011-10-01T00:00:00Z,-119.315,36.2219
362219N1193155W001,2513087,2010-02-15T00:00:00Z,296,296,0,145.3,150.7,145.3,145.3,NA,Unknown,Water level accuracy to nearest tenth of a foot,5317,Mid-Kaweah GSA,NA,5317,Mid-Kaweah GSA,300,700,54637,20S24E01H002M,KSB-1770,Unknown,Unknown,5-022.11,Kaweah,Tulare,715,Unknown,Single Well,NA,1992-03-15 00:00:00 - 2020-02-15 12:00:00,117,other,NA,NA,NA,NA,2010,18030012,Above Normal,Above Normal,2009-10-01T00:00:00Z,2010-10-01T00:00:00Z,-119.315,36.2219
362219N1193155W001,2513086,2009-10-15T00:00:00Z,296,296,0,149.8,146.2,149.8,149.8,NA,Unknown,Water level accuracy to nearest tenth of a foot,5317,Mid-Kaweah GSA,NA,5317,Mid-Kaweah GSA,300,700,54637,20S24E01H002M,KSB-1770,Unknown,Unknown,5-022.11,Kaweah,Tulare,715,Unknown,Single Well,NA,1992-03-15 00:00:00 - 2020-02-15 12:00:00,117,fall,106,217,NA,NA,2010,18030012,Above Normal,Above Normal,2009-10-01T00:00:00Z,2010-10-01T00:00:00Z,-119.315,36.2219
362219N1193155W001,2513085,2008-10-15T00:00:00Z,296,296,0,155.7,140.3,155.7,155.7,NA,Unknown,Water level accuracy to nearest tenth of a foot,5317,Mid-Kaweah GSA,NA,5317,Mid-Kaweah GSA,300,700,54637,20S24E01H002M,KSB-1770,Unknown,Unknown,5-022.11,Kaweah,Tulare,715,Unknown,Single Well,NA,1992-03-15 00:00:00 - 2020-02-15 12:00:00,117,fall,106,217,NA,NA,2009,18030012,Critical,Critical,2008-10-01T00:00:00Z,2009-10-01T00:00:00Z,-119.315,36.2219
362219N1193155W001,2513084,2008-02-15T00:00:00Z,296,296,0,160.3,135.7,160.3,160.3,NA,Unknown,Water level accuracy to nearest tenth of a foot,5317,Mid-Kaweah GSA,NA,5317,Mid-Kaweah GSA,300,700,54637,20S24E01H002M,KSB-1770,Unknown,Unknown,5-022.11,Kaweah,Tulare,715,Unknown,Single Well,NA,1992-03-15 00:00:00 - 2020-02-15 12:00:00,117,other,NA,NA,NA,NA,2008,18030012,Critical,Critical,2007-10-01T00:00:00Z,2008-10-01T00:00:00Z,-119.315,36.2219
362219N1193155W001,2513083,2007-10-15T00:00:00Z,296,296,0,157.4,138.6,157.4,157.4,NA,Unknown,Water level accuracy to nearest tenth of a foot,5317,Mid-Kaweah GSA,NA,5317,Mid-Kaweah GSA,300,700,54637,20S24E01H002M,KSB-1770,Unknown,Unknown,5-022.11,Kaweah,Tulare,715,Unknown,Single Well,NA,1992-03-15 00:00:00 - 2020-02-15 12:00:00,117,fall,106,217,NA,NA,2008,18030012,Critical,Critical,2007-10-01T00:00:00Z,2008-10-01T00:00:00Z,-119.315,36.2219
362219N1193155W001,2513082,2007-02-15T00:00:00Z,296,296,0,150.6,145.4,150.6,150.6,NA,Unknown,Water level accuracy to nearest tenth of a foot,5317,Mid-Kaweah GSA,NA,5317,Mid-Kaweah GSA,300,700,54637,20S24E01H002M,KSB-1770,Unknown,Unknown,5-022.11,Kaweah,Tulare,715,Unknown,Single Well,NA,1992-03-15 00:00:00 - 2020-02-15 12:00:00,117,other,NA,NA,NA,NA,2007,18030012,Critical,Critical,2006-10-01T00:00:00Z,2007-10-01T00:00:00Z,-119.315,36.2219
362219N1193155W001,2513081,2006-10-15T00:00:00Z,296,296,0,166.8,129.2,166.8,166.8,NA,Unknown,Water level accuracy to nearest tenth of a foot,5317,Mid-Kaweah GSA,NA,5317,Mid-Kaweah GSA,300,700,54637,20S24E01H002M,KSB-1770,Unknown,Unknown,5-022.11,Kaweah,Tulare,715,Unknown,Single Well,NA,1992-03-15 00:00:00 - 2020-02-15 12:00:00,117,fall,106,217,NA,NA,2007,18030012,Critical,Critical,2006-10-01T00:00:00Z,2007-10-01T00:00:00Z,-119.315,36.2219
362219N1193155W001,2513080,2006-02-15T00:00:00Z,296,296,0,152.8,143.2,152.8,152.8,NA,Unknown,Water level accuracy to nearest tenth of a foot,5317,Mid-Kaweah GSA,NA,5317,Mid-Kaweah GSA,300,700,54637,20S24E01H002M,KSB-1770,Unknown,Unknown,5-022.11,Kaweah,Tulare,715,Unknown,Single Well,NA,1992-03-15 00:00:00 - 2020-02-15 12:00:00,117,other,NA,NA,NA,NA,2006,18030012,Wet,Wet,2005-10-01T00:00:00Z,2006-10-01T00:00:00Z,-119.315,36.2219
362219N1193155W001,2513079,2005-10-15T00:00:00Z,296,296,0,176.8,119.2,176.8,176.8,NA,Unknown,Water level accuracy to nearest tenth of a foot,5317,Mid-Kaweah GSA,NA,5317,Mid-Kaweah GSA,300,700,54637,20S24E01H002M,KSB-1770,Unknown,Unknown,5-022.11,Kaweah,Tulare,715,Unknown,Single Well,NA,1992-03-15 00:00:00 - 2020-02-15 12:00:00,117,fall,106,217,NA,NA,2006,18030012,Wet,Wet,2005-10-01T00:00:00Z,2006-10-01T00:00:00Z,-119.315,36.2219
362219N1193155W001,2513078,2005-02-15T00:00:00Z,296,296,0,147.9,148.1,147.9,147.9,NA,Unknown,Water level accuracy to nearest tenth of a foot,5317,Mid-Kaweah GSA,NA,5317,Mid-Kaweah GSA,300,700,54637,20S24E01H002M,KSB-1770,Unknown,Unknown,5-022.11,Kaweah,Tulare,715,Unknown,Single Well,NA,1992-03-15 00:00:00 - 2020-02-15 12:00:00,117,other,NA,NA,NA,NA,2005,18030012,Wet,Wet,2004-10-01T00:00:00Z,2005-10-01T00:00:00Z,-119.315,36.2219
362219N1193155W001,2513077,2004-10-15T00:00:00Z,296,296,0,181.8,114.2,181.8,181.8,NA,Unknown,Water level accuracy to nearest tenth of a foot,5317,Mid-Kaweah GSA,NA,5317,Mid-Kaweah GSA,300,700,54637,20S24E01H002M,KSB-1770,Unknown,Unknown,5-022.11,Kaweah,Tulare,715,Unknown,Single Well,NA,1992-03-15 00:00:00 - 2020-02-15 12:00:00,117,fall,106,217,NA,NA,2005,18030012,Wet,Wet,2004-10-01T00:00:00Z,2005-10-01T00:00:00Z,-119.315,36.2219
362219N1193155W001,2513076,2004-02-15T00:00:00Z,296,296,0,170.5,125.5,170.5,170.5,NA,Unknown,Water level accuracy to nearest tenth of a foot,5317,Mid-Kaweah GSA,NA,5317,Mid-Kaweah GSA,300,700,54637,20S24E01H002M,KSB-1770,Unknown,Unknown,5-022.11,Kaweah,Tulare,715,Unknown,Single Well,NA,1992-03-15 00:00:00 - 2020-02-15 12:00:00,117,other,NA,NA,NA,NA,2004,18030012,Dry,Dry,2003-10-01T00:00:00Z,2004-10-01T00:00:00Z,-119.315,36.2219
362219N1193155W001,2513075,2003-10-15T00:00:00Z,296,296,0,174.4,121.6,174.4,174.4,NA,Unknown,Water level accuracy to nearest tenth of a foot,5317,Mid-Kaweah GSA,NA,5317,Mid-Kaweah GSA,300,700,54637,20S24E01H002M,KSB-1770,Unknown,Unknown,5-022.11,Kaweah,Tulare,715,Unknown,Single Well,NA,1992-03-15 00:00:00 - 2020-02-15 12:00:00,117,fall,106,217,NA,NA,2004,18030012,Dry,Dry,2003-10-01T00:00:00Z,2004-10-01T00:00:00Z,-119.315,36.2219
362219N1193155W001,2513074,2003-02-15T00:00:00Z,296,296,0,137.6,158.4,137.6,137.6,NA,Unknown,Water level accuracy to nearest tenth of a foot,5317,Mid-Kaweah GSA,NA,5317,Mid-Kaweah GSA,300,700,54637,20S24E01H002M,KSB-1770,Unknown,Unknown,5-022.11,Kaweah,Tulare,715,Unknown,Single Well,NA,1992-03-15 00:00:00 - 2020-02-15 12:00:00,117,other,NA,NA,NA,NA,2003,18030012,Dry,Dry,2002-10-01T00:00:00Z,2003-10-01T00:00:00Z,-119.315,36.2219
362219N1193155W001,2513073,2000-03-15T00:00:00Z,296,296,0,108,188,108,108,NA,Unknown,Water level accuracy to nearest tenth of a foot,5317,Mid-Kaweah GSA,NA,5317,Mid-Kaweah GSA,300,700,54637,20S24E01H002M,KSB-1770,Unknown,Unknown,5-022.11,Kaweah,Tulare,715,Unknown,Single Well,NA,1992-03-15 00:00:00 - 2020-02-15 12:00:00,117,spring,NA,NA,100,141,2000,18030012,Below Normal,Below Normal,1999-10-01T00:00:00Z,2000-10-01T00:00:00Z,-119.315,36.2219
362219N1193155W001,2513072,2000-02-15T00:00:00Z,296,296,0,104,192,104,104,NA,Unknown,Water level accuracy to nearest tenth of a foot,5317,Mid-Kaweah GSA,NA,5317,Mid-Kaweah GSA,300,700,54637,20S24E01H002M,KSB-1770,Unknown,Unknown,5-022.11,Kaweah,Tulare,715,Unknown,Single Well,NA,1992-03-15 00:00:00 - 2020-02-15 12:00:00,117,other,NA,NA,NA,NA,2000,18030012,Below Normal,Below Normal,1999-10-01T00:00:00Z,2000-10-01T00:00:00Z,-119.315,36.2219
362219N1193155W001,2513071,2000-01-15T00:00:00Z,296,296,0,104,192,104,104,NA,Unknown,Water level accuracy to nearest tenth of a foot,5317,Mid-Kaweah GSA,NA,5317,Mid-Kaweah GSA,300,700,54637,20S24E01H002M,KSB-1770,Unknown,Unknown,5-022.11,Kaweah,Tulare,715,Unknown,Single Well,NA,1992-03-15 00:00:00 - 2020-02-15 12:00:00,117,other,NA,NA,NA,NA,2000,18030012,Below Normal,Below Normal,1999-10-01T00:00:00Z,2000-10-01T00:00:00Z,-119.315,36.2219
362219N1193155W001,2513070,1999-12-15T00:00:00Z,296,296,0,102,194,102,102,NA,Unknown,Water level accuracy to nearest tenth of a foot,5317,Mid-Kaweah GSA,NA,5317,Mid-Kaweah GSA,300,700,54637,20S24E01H002M,KSB-1770,Unknown,Unknown,5-022.11,Kaweah,Tulare,715,Unknown,Single Well,NA,1992-03-15 00:00:00 - 2020-02-15 12:00:00,117,other,NA,NA,NA,NA,2000,18030012,Below Normal,Below Normal,1999-10-01T00:00:00Z,2000-10-01T00:00:00Z,-119.315,36.2219
362219N1193155W001,2513069,1999-11-15T00:00:00Z,296,296,0,106,190,106,106,NA,Unknown,Water level accuracy to nearest tenth of a foot,5317,Mid-Kaweah GSA,NA,5317,Mid-Kaweah GSA,300,700,54637,20S24E01H002M,KSB-1770,Unknown,Unknown,5-022.11,Kaweah,Tulare,715,Unknown,Single Well,NA,1992-03-15 00:00:00 - 2020-02-15 12:00:00,117,fall,106,217,NA,NA,2000,18030012,Below Normal,Below Normal,1999-10-01T00:00:00Z,2000-10-01T00:00:00Z,-119.315,36.2219
362219N1193155W001,2513068,1999-10-15T00:00:00Z,296,296,0,113,183,113,113,NA,Unknown,Water level accuracy to nearest tenth of a foot,5317,Mid-Kaweah GSA,NA,5317,Mid-Kaweah GSA,300,700,54637,20S24E01H002M,KSB-1770,Unknown,Unknown,5-022.11,Kaweah,Tulare,715,Unknown,Single Well,NA,1992-03-15 00:00:00 - 2020-02-15 12:00:00,117,fall,106,217,NA,NA,2000,18030012,Below Normal,Below Normal,1999-10-01T00:00:00Z,2000-10-01T00:00:00Z,-119.315,36.2219
362219N1193155W001,2513067,1999-09-15T00:00:00Z,296,296,0,118,178,118,118,NA,Unknown,Water level accuracy to nearest tenth of a foot,5317,Mid-Kaweah GSA,NA,5317,Mid-Kaweah GSA,300,700,54637,20S24E01H002M,KSB-1770,Unknown,Unknown,5-022.11,Kaweah,Tulare,715,Unknown,Single Well,NA,1992-03-15 00:00:00 - 2020-02-15 12:00:00,117,fall,106,217,NA,NA,1999,18030012,Wet,Wet,1998-10-01T00:00:00Z,1999-10-01T00:00:00Z,-119.315,36.2219
362219N1193155W001,2513066,1999-08-15T00:00:00Z,296,296,0,124,172,124,124,NA,Unknown,Water level accuracy to nearest tenth of a foot,5317,Mid-Kaweah GSA,NA,5317,Mid-Kaweah GSA,300,700,54637,20S24E01H002M,KSB-1770,Unknown,Unknown,5-022.11,Kaweah,Tulare,715,Unknown,Single Well,NA,1992-03-15 00:00:00 - 2020-02-15 12:00:00,117,fall,106,217,NA,NA,1999,18030012,Wet,Wet,1998-10-01T00:00:00Z,1999-10-01T00:00:00Z,-119.315,36.2219
362219N1193155W001,2513065,1999-07-15T00:00:00Z,296,296,0,118,178,118,118,NA,Unknown,Water level accuracy to nearest tenth of a foot,5317,Mid-Kaweah GSA,NA,5317,Mid-Kaweah GSA,300,700,54637,20S24E01H002M,KSB-1770,Unknown,Unknown,5-022.11,Kaweah,Tulare,715,Unknown,Single Well,NA,1992-03-15 00:00:00 - 2020-02-15 12:00:00,117,other,NA,NA,NA,NA,1999,18030012,Wet,Wet,1998-10-01T00:00:00Z,1999-10-01T00:00:00Z,-119.315,36.2219
362219N1193155W001,2513064,1999-06-15T00:00:00Z,296,296,0,113,183,113,113,NA,Unknown,Water level accuracy to nearest tenth of a foot,5317,Mid-Kaweah GSA,NA,5317,Mid-Kaweah GSA,300,700,54637,20S24E01H002M,KSB-1770,Unknown,Unknown,5-022.11,Kaweah,Tulare,715,Unknown,Single Well,NA,1992-03-15 00:00:00 - 2020-02-15 12:00:00,117,other,NA,NA,NA,NA,1999,18030012,Wet,Wet,1998-10-01T00:00:00Z,1999-10-01T00:00:00Z,-119.315,36.2219
362219N1193155W001,2513063,1999-05-15T00:00:00Z,296,296,0,115,181,115,115,NA,Unknown,Water level accuracy to nearest tenth of a foot,5317,Mid-Kaweah GSA,NA,5317,Mid-Kaweah GSA,300,700,54637,20S24E01H002M,KSB-1770,Unknown,Unknown,5-022.11,Kaweah,Tulare,715,Unknown,Single Well,NA,1992-03-15 00:00:00 - 2020-02-15 12:00:00,117,spring,NA,NA,100,141,1999,18030012,Wet,Wet,1998-10-01T00:00:00Z,1999-10-01T00:00:00Z,-119.315,36.2219
362219N1193155W001,2513062,1999-04-15T00:00:00Z,296,296,0,108,188,108,108,NA,Unknown,Water level accuracy to nearest tenth of a foot,5317,Mid-Kaweah GSA,NA,5317,Mid-Kaweah GSA,300,700,54637,20S24E01H002M,KSB-1770,Unknown,Unknown,5-022.11,Kaweah,Tulare,715,Unknown,Single Well,NA,1992-03-15 00:00:00 - 2020-02-15 12:00:00,117,spring,NA,NA,100,141,1999,18030012,Wet,Wet,1998-10-01T00:00:00Z,1999-10-01T00:00:00Z,-119.315,36.2219
362219N1193155W001,2513061,1999-03-15T00:00:00Z,296,296,0,100,196,100,100,NA,Unknown,Water level accuracy to nearest tenth of a foot,5317,Mid-Kaweah GSA,NA,5317,Mid-Kaweah GSA,300,700,54637,20S24E01H002M,KSB-1770,Unknown,Unknown,5-022.11,Kaweah,Tulare,715,Unknown,Single Well,NA,1992-03-15 00:00:00 - 2020-02-15 12:00:00,117,spring,NA,NA,100,141,1999,18030012,Wet,Wet,1998-10-01T00:00:00Z,1999-10-01T00:00:00Z,-119.315,36.2219
362219N1193155W001,2513060,1999-02-15T00:00:00Z,296,296,0,98,198,98,98,NA,Unknown,Water level accuracy to nearest tenth of a foot,5317,Mid-Kaweah GSA,NA,5317,Mid-Kaweah GSA,300,700,54637,20S24E01H002M,KSB-1770,Unknown,Unknown,5-022.11,Kaweah,Tulare,715,Unknown,Single Well,NA,1992-03-15 00:00:00 - 2020-02-15 12:00:00,117,other,NA,NA,NA,NA,1999,18030012,Wet,Wet,1998-10-01T00:00:00Z,1999-10-01T00:00:00Z,-119.315,36.2219
362219N1193155W001,2513059,1999-01-15T00:00:00Z,296,296,0,99,197,99,99,NA,Unknown,Water level accuracy to nearest tenth of a foot,5317,Mid-Kaweah GSA,NA,5317,Mid-Kaweah GSA,300,700,54637,20S24E01H002M,KSB-1770,Unknown,Unknown,5-022.11,Kaweah,Tulare,715,Unknown,Single Well,NA,1992-03-15 00:00:00 - 2020-02-15 12:00:00,117,other,NA,NA,NA,NA,1999,18030012,Wet,Wet,1998-10-01T00:00:00Z,1999-10-01T00:00:00Z,-119.315,36.2219
362219N1193155W001,2513058,1998-12-15T00:00:00Z,296,296,0,90,206,90,90,NA,Unknown,Water level accuracy to nearest tenth of a foot,5317,Mid-Kaweah GSA,NA,5317,Mid-Kaweah GSA,300,700,54637,20S24E01H002M,KSB-1770,Unknown,Unknown,5-022.11,Kaweah,Tulare,715,Unknown,Single Well,NA,1992-03-15 00:00:00 - 2020-02-15 12:00:00,117,other,NA,NA,NA,NA,1999,18030012,Wet,Wet,1998-10-01T00:00:00Z,1999-10-01T00:00:00Z,-119.315,36.2219
362219N1193155W001,2513057,1998-07-15T00:00:00Z,296,296,0,116,180,116,116,NA,Unknown,Water level accuracy to nearest tenth of a foot,5317,Mid-Kaweah GSA,NA,5317,Mid-Kaweah GSA,300,700,54637,20S24E01H002M,KSB-1770,Unknown,Unknown,5-022.11,Kaweah,Tulare,715,Unknown,Single Well,NA,1992-03-15 00:00:00 - 2020-02-15 12:00:00,117,other,NA,NA,NA,NA,1998,18030012,Wet,Wet,1997-10-01T00:00:00Z,1998-10-01T00:00:00Z,-119.315,36.2219
362219N1193155W001,2513056,1998-06-15T00:00:00Z,296,296,0,117,179,117,117,NA,Unknown,Water level accuracy to nearest tenth of a foot,5317,Mid-Kaweah GSA,NA,5317,Mid-Kaweah GSA,300,700,54637,20S24E01H002M,KSB-1770,Unknown,Unknown,5-022.11,Kaweah,Tulare,715,Unknown,Single Well,NA,1992-03-15 00:00:00 - 2020-02-15 12:00:00,117,other,NA,NA,NA,NA,1998,18030012,Wet,Wet,1997-10-01T00:00:00Z,1998-10-01T00:00:00Z,-119.315,36.2219
362219N1193155W001,2513055,1998-05-15T00:00:00Z,296,296,0,109,187,109,109,NA,Unknown,Water level accuracy to nearest tenth of a foot,5317,Mid-Kaweah GSA,NA,5317,Mid-Kaweah GSA,300,700,54637,20S24E01H002M,KSB-1770,Unknown,Unknown,5-022.11,Kaweah,Tulare,715,Unknown,Single Well,NA,1992-03-15 00:00:00 - 2020-02-15 12:00:00,117,spring,NA,NA,100,141,1998,18030012,Wet,Wet,1997-10-01T00:00:00Z,1998-10-01T00:00:00Z,-119.315,36.2219
362219N1193155W001,2513054,1998-04-15T00:00:00Z,296,296,0,111,185,111,111,NA,Unknown,Water level accuracy to nearest tenth of a foot,5317,Mid-Kaweah GSA,NA,5317,Mid-Kaweah GSA,300,700,54637,20S24E01H002M,KSB-1770,Unknown,Unknown,5-022.11,Kaweah,Tulare,715,Unknown,Single Well,NA,1992-03-15 00:00:00 - 2020-02-15 12:00:00,117,spring,NA,NA,100,141,1998,18030012,Wet,Wet,1997-10-01T00:00:00Z,1998-10-01T00:00:00Z,-119.315,36.2219
362219N1193155W001,2513053,1998-03-15T00:00:00Z,296,296,0,111,185,111,111,NA,Unknown,Water level accuracy to nearest tenth of a foot,5317,Mid-Kaweah GSA,NA,5317,Mid-Kaweah GSA,300,700,54637,20S24E01H002M,KSB-1770,Unknown,Unknown,5-022.11,Kaweah,Tulare,715,Unknown,Single Well,NA,1992-03-15 00:00:00 - 2020-02-15 12:00:00,117,spring,NA,NA,100,141,1998,18030012,Wet,Wet,1997-10-01T00:00:00Z,1998-10-01T00:00:00Z,-119.315,36.2219
362219N1193155W001,2513052,1998-02-15T00:00:00Z,296,296,0,110,186,110,110,NA,Unknown,Water level accuracy to nearest tenth of a foot,5317,Mid-Kaweah GSA,NA,5317,Mid-Kaweah GSA,300,700,54637,20S24E01H002M,KSB-1770,Unknown,Unknown,5-022.11,Kaweah,Tulare,715,Unknown,Single Well,NA,1992-03-15 00:00:00 - 2020-02-15 12:00:00,117,other,NA,NA,NA,NA,1998,18030012,Wet,Wet,1997-10-01T00:00:00Z,1998-10-01T00:00:00Z,-119.315,36.2219
362219N1193155W001,2513051,1998-01-15T00:00:00Z,296,296,0,101,195,101,101,NA,Unknown,Water level accuracy to nearest tenth of a foot,5317,Mid-Kaweah GSA,NA,5317,Mid-Kaweah GSA,300,700,54637,20S24E01H002M,KSB-1770,Unknown,Unknown,5-022.11,Kaweah,Tulare,715,Unknown,Single Well,NA,1992-03-15 00:00:00 - 2020-02-15 12:00:00,117,other,NA,NA,NA,NA,1998,18030012,Wet,Wet,1997-10-01T00:00:00Z,1998-10-01T00:00:00Z,-119.315,36.2219
362219N1193155W001,2513050,1997-12-15T00:00:00Z,296,296,0,102,194,102,102,NA,Unknown,Water level accuracy to nearest tenth of a foot,5317,Mid-Kaweah GSA,NA,5317,Mid-Kaweah GSA,300,700,54637,20S24E01H002M,KSB-1770,Unknown,Unknown,5-022.11,Kaweah,Tulare,715,Unknown,Single Well,NA,1992-03-15 00:00:00 - 2020-02-15 12:00:00,117,other,NA,NA,NA,NA,1998,18030012,Wet,Wet,1997-10-01T00:00:00Z,1998-10-01T00:00:00Z,-119.315,36.2219
362219N1193155W001,2513049,1997-11-15T00:00:00Z,296,296,0,112,184,112,112,NA,Unknown,Water level accuracy to nearest tenth of a foot,5317,Mid-Kaweah GSA,NA,5317,Mid-Kaweah GSA,300,700,54637,20S24E01H002M,KSB-1770,Unknown,Unknown,5-022.11,Kaweah,Tulare,715,Unknown,Single Well,NA,1992-03-15 00:00:00 - 2020-02-15 12:00:00,117,fall,106,217,NA,NA,1998,18030012,Wet,Wet,1997-10-01T00:00:00Z,1998-10-01T00:00:00Z,-119.315,36.2219
362219N1193155W001,2513048,1997-10-15T00:00:00Z,296,296,0,128,168,128,128,NA,Unknown,Water level accuracy to nearest tenth of a foot,5317,Mid-Kaweah GSA,NA,5317,Mid-Kaweah GSA,300,700,54637,20S24E01H002M,KSB-1770,Unknown,Unknown,5-022.11,Kaweah,Tulare,715,Unknown,Single Well,NA,1992-03-15 00:00:00 - 2020-02-15 12:00:00,117,fall,106,217,NA,NA,1998,18030012,Wet,Wet,1997-10-01T00:00:00Z,1998-10-01T00:00:00Z,-119.315,36.2219
362219N1193155W001,2513047,1997-09-15T00:00:00Z,296,296,0,130,166,130,130,NA,Unknown,Water level accuracy to nearest tenth of a foot,5317,Mid-Kaweah GSA,NA,5317,Mid-Kaweah GSA,300,700,54637,20S24E01H002M,KSB-1770,Unknown,Unknown,5-022.11,Kaweah,Tulare,715,Unknown,Single Well,NA,1992-03-15 00:00:00 - 2020-02-15 12:00:00,117,fall,106,217,NA,NA,1997,18030012,Above Normal,Above Normal,1996-10-01T00:00:00Z,1997-10-01T00:00:00Z,-119.315,36.2219
362219N1193155W001,2513046,1997-08-15T00:00:00Z,296,296,0,132,164,132,132,NA,Unknown,Water level accuracy to nearest tenth of a foot,5317,Mid-Kaweah GSA,NA,5317,Mid-Kaweah GSA,300,700,54637,20S24E01H002M,KSB-1770,Unknown,Unknown,5-022.11,Kaweah,Tulare,715,Unknown,Single Well,NA,1992-03-15 00:00:00 - 2020-02-15 12:00:00,117,fall,106,217,NA,NA,1997,18030012,Above Normal,Above Normal,1996-10-01T00:00:00Z,1997-10-01T00:00:00Z,-119.315,36.2219
362219N1193155W001,2513045,1997-07-15T00:00:00Z,296,296,0,128,168,128,128,NA,Unknown,Water level accuracy to nearest tenth of a foot,5317,Mid-Kaweah GSA,NA,5317,Mid-Kaweah GSA,300,700,54637,20S24E01H002M,KSB-1770,Unknown,Unknown,5-022.11,Kaweah,Tulare,715,Unknown,Single Well,NA,1992-03-15 00:00:00 - 2020-02-15 12:00:00,117,other,NA,NA,NA,NA,1997,18030012,Above Normal,Above Normal,1996-10-01T00:00:00Z,1997-10-01T00:00:00Z,-119.315,36.2219
362219N1193155W001,2513044,1997-05-15T00:00:00Z,296,296,0,136,160,136,136,NA,Unknown,Water level accuracy to nearest tenth of a foot,5317,Mid-Kaweah GSA,NA,5317,Mid-Kaweah GSA,300,700,54637,20S24E01H002M,KSB-1770,Unknown,Unknown,5-022.11,Kaweah,Tulare,715,Unknown,Single Well,NA,1992-03-15 00:00:00 - 2020-02-15 12:00:00,117,spring,NA,NA,100,141,1997,18030012,Above Normal,Above Normal,1996-10-01T00:00:00Z,1997-10-01T00:00:00Z,-119.315,36.2219
362219N1193155W001,2513043,1997-04-15T00:00:00Z,296,296,0,114,182,114,114,NA,Unknown,Water level accuracy to nearest tenth of a foot,5317,Mid-Kaweah GSA,NA,5317,Mid-Kaweah GSA,300,700,54637,20S24E01H002M,KSB-1770,Unknown,Unknown,5-022.11,Kaweah,Tulare,715,Unknown,Single Well,NA,1992-03-15 00:00:00 - 2020-02-15 12:00:00,117,spring,NA,NA,100,141,1997,18030012,Above Normal,Above Normal,1996-10-01T00:00:00Z,1997-10-01T00:00:00Z,-119.315,36.2219
362219N1193155W001,2513042,1997-03-15T00:00:00Z,296,296,0,110,186,110,110,NA,Unknown,Water level accuracy to nearest tenth of a foot,5317,Mid-Kaweah GSA,NA,5317,Mid-Kaweah GSA,300,700,54637,20S24E01H002M,KSB-1770,Unknown,Unknown,5-022.11,Kaweah,Tulare,715,Unknown,Single Well,NA,1992-03-15 00:00:00 - 2020-02-15 12:00:00,117,spring,NA,NA,100,141,1997,18030012,Above Normal,Above Normal,1996-10-01T00:00:00Z,1997-10-01T00:00:00Z,-119.315,36.2219
362219N1193155W001,2513041,1997-02-15T00:00:00Z,296,296,0,99,197,99,99,NA,Unknown,Water level accuracy to nearest tenth of a foot,5317,Mid-Kaweah GSA,NA,5317,Mid-Kaweah GSA,300,700,54637,20S24E01H002M,KSB-1770,Unknown,Unknown,5-022.11,Kaweah,Tulare,715,Unknown,Single Well,NA,1992-03-15 00:00:00 - 2020-02-15 12:00:00,117,other,NA,NA,NA,NA,1997,18030012,Above Normal,Above Normal,1996-10-01T00:00:00Z,1997-10-01T00:00:00Z,-119.315,36.2219
362219N1193155W001,2513040,1997-01-15T00:00:00Z,296,296,0,101,195,101,101,NA,Unknown,Water level accuracy to nearest tenth of a foot,5317,Mid-Kaweah GSA,NA,5317,Mid-Kaweah GSA,300,700,54637,20S24E01H002M,KSB-1770,Unknown,Unknown,5-022.11,Kaweah,Tulare,715,Unknown,Single Well,NA,1992-03-15 00:00:00 - 2020-02-15 12:00:00,117,other,NA,NA,NA,NA,1997,18030012,Above Normal,Above Normal,1996-10-01T00:00:00Z,1997-10-01T00:00:00Z,-119.315,36.2219
362219N1193155W001,2513039,1996-12-15T00:00:00Z,296,296,0,101,195,101,101,NA,Unknown,Water level accuracy to nearest tenth of a foot,5317,Mid-Kaweah GSA,NA,5317,Mid-Kaweah GSA,300,700,54637,20S24E01H002M,KSB-1770,Unknown,Unknown,5-022.11,Kaweah,Tulare,715,Unknown,Single Well,NA,1992-03-15 00:00:00 - 2020-02-15 12:00:00,117,other,NA,NA,NA,NA,1997,18030012,Above Normal,Above Normal,1996-10-01T00:00:00Z,1997-10-01T00:00:00Z,-119.315,36.2219
362219N1193155W001,2513038,1996-11-15T00:00:00Z,296,296,0,108,188,108,108,NA,Unknown,Water level accuracy to nearest tenth of a foot,5317,Mid-Kaweah GSA,NA,5317,Mid-Kaweah GSA,300,700,54637,20S24E01H002M,KSB-1770,Unknown,Unknown,5-022.11,Kaweah,Tulare,715,Unknown,Single Well,NA,1992-03-15 00:00:00 - 2020-02-15 12:00:00,117,fall,106,217,NA,NA,1997,18030012,Above Normal,Above Normal,1996-10-01T00:00:00Z,1997-10-01T00:00:00Z,-119.315,36.2219
362219N1193155W001,2513037,1996-10-15T00:00:00Z,296,296,0,129,167,129,129,NA,Unknown,Water level accuracy to nearest tenth of a foot,5317,Mid-Kaweah GSA,NA,5317,Mid-Kaweah GSA,300,700,54637,20S24E01H002M,KSB-1770,Unknown,Unknown,5-022.11,Kaweah,Tulare,715,Unknown,Single Well,NA,1992-03-15 00:00:00 - 2020-02-15 12:00:00,117,fall,106,217,NA,NA,1997,18030012,Above Normal,Above Normal,1996-10-01T00:00:00Z,1997-10-01T00:00:00Z,-119.315,36.2219
362219N1193155W001,2513036,1996-09-15T00:00:00Z,296,296,0,129,167,129,129,NA,Unknown,Water level accuracy to nearest tenth of a foot,5317,Mid-Kaweah GSA,NA,5317,Mid-Kaweah GSA,300,700,54637,20S24E01H002M,KSB-1770,Unknown,Unknown,5-022.11,Kaweah,Tulare,715,Unknown,Single Well,NA,1992-03-15 00:00:00 - 2020-02-15 12:00:00,117,fall,106,217,NA,NA,1996,18030012,Wet,Wet,1995-10-01T00:00:00Z,1996-10-01T00:00:00Z,-119.315,36.2219
362219N1193155W001,2513035,1996-08-15T00:00:00Z,296,296,0,137,159,137,137,NA,Unknown,Water level accuracy to nearest tenth of a foot,5317,Mid-Kaweah GSA,NA,5317,Mid-Kaweah GSA,300,700,54637,20S24E01H002M,KSB-1770,Unknown,Unknown,5-022.11,Kaweah,Tulare,715,Unknown,Single Well,NA,1992-03-15 00:00:00 - 2020-02-15 12:00:00,117,fall,106,217,NA,NA,1996,18030012,Wet,Wet,1995-10-01T00:00:00Z,1996-10-01T00:00:00Z,-119.315,36.2219
362219N1193155W001,2513034,1996-07-15T00:00:00Z,296,296,0,135,161,135,135,NA,Unknown,Water level accuracy to nearest tenth of a foot,5317,Mid-Kaweah GSA,NA,5317,Mid-Kaweah GSA,300,700,54637,20S24E01H002M,KSB-1770,Unknown,Unknown,5-022.11,Kaweah,Tulare,715,Unknown,Single Well,NA,1992-03-15 00:00:00 - 2020-02-15 12:00:00,117,other,NA,NA,NA,NA,1996,18030012,Wet,Wet,1995-10-01T00:00:00Z,1996-10-01T00:00:00Z,-119.315,36.2219
362219N1193155W001,2513033,1996-06-15T00:00:00Z,296,296,0,128,168,128,128,NA,Unknown,Water level accuracy to nearest tenth of a foot,5317,Mid-Kaweah GSA,NA,5317,Mid-Kaweah GSA,300,700,54637,20S24E01H002M,KSB-1770,Unknown,Unknown,5-022.11,Kaweah,Tulare,715,Unknown,Single Well,NA,1992-03-15 00:00:00 - 2020-02-15 12:00:00,117,other,NA,NA,NA,NA,1996,18030012,Wet,Wet,1995-10-01T00:00:00Z,1996-10-01T00:00:00Z,-119.315,36.2219
362219N1193155W001,2513032,1996-05-15T00:00:00Z,296,296,0,130,166,130,130,NA,Unknown,Water level accuracy to nearest tenth of a foot,5317,Mid-Kaweah GSA,NA,5317,Mid-Kaweah GSA,300,700,54637,20S24E01H002M,KSB-1770,Unknown,Unknown,5-022.11,Kaweah,Tulare,715,Unknown,Single Well,NA,1992-03-15 00:00:00 - 2020-02-15 12:00:00,117,spring,NA,NA,100,141,1996,18030012,Wet,Wet,1995-10-01T00:00:00Z,1996-10-01T00:00:00Z,-119.315,36.2219
362219N1193155W001,2513031,1996-04-15T00:00:00Z,296,296,0,124,172,124,124,NA,Unknown,Water level accuracy to nearest tenth of a foot,5317,Mid-Kaweah GSA,NA,5317,Mid-Kaweah GSA,300,700,54637,20S24E01H002M,KSB-1770,Unknown,Unknown,5-022.11,Kaweah,Tulare,715,Unknown,Single Well,NA,1992-03-15 00:00:00 - 2020-02-15 12:00:00,117,spring,NA,NA,100,141,1996,18030012,Wet,Wet,1995-10-01T00:00:00Z,1996-10-01T00:00:00Z,-119.315,36.2219
362219N1193155W001,2513030,1996-03-15T00:00:00Z,296,296,0,124,172,124,124,NA,Unknown,Water level accuracy to nearest tenth of a foot,5317,Mid-Kaweah GSA,NA,5317,Mid-Kaweah GSA,300,700,54637,20S24E01H002M,KSB-1770,Unknown,Unknown,5-022.11,Kaweah,Tulare,715,Unknown,Single Well,NA,1992-03-15 00:00:00 - 2020-02-15 12:00:00,117,spring,NA,NA,100,141,1996,18030012,Wet,Wet,1995-10-01T00:00:00Z,1996-10-01T00:00:00Z,-119.315,36.2219
362219N1193155W001,2513029,1996-02-15T00:00:00Z,296,296,0,123,173,123,123,NA,Unknown,Water level accuracy to nearest tenth of a foot,5317,Mid-Kaweah GSA,NA,5317,Mid-Kaweah GSA,300,700,54637,20S24E01H002M,KSB-1770,Unknown,Unknown,5-022.11,Kaweah,Tulare,715,Unknown,Single Well,NA,1992-03-15 00:00:00 - 2020-02-15 12:00:00,117,other,NA,NA,NA,NA,1996,18030012,Wet,Wet,1995-10-01T00:00:00Z,1996-10-01T00:00:00Z,-119.315,36.2219
362219N1193155W001,2513028,1996-01-15T00:00:00Z,296,296,0,116,180,116,116,NA,Unknown,Water level accuracy to nearest tenth of a foot,5317,Mid-Kaweah GSA,NA,5317,Mid-Kaweah GSA,300,700,54637,20S24E01H002M,KSB-1770,Unknown,Unknown,5-022.11,Kaweah,Tulare,715,Unknown,Single Well,NA,1992-03-15 00:00:00 - 2020-02-15 12:00:00,117,other,NA,NA,NA,NA,1996,18030012,Wet,Wet,1995-10-01T00:00:00Z,1996-10-01T00:00:00Z,-119.315,36.2219
362219N1193155W001,2513027,1995-12-15T00:00:00Z,296,296,0,115,181,115,115,NA,Unknown,Water level accuracy to nearest tenth of a foot,5317,Mid-Kaweah GSA,NA,5317,Mid-Kaweah GSA,300,700,54637,20S24E01H002M,KSB-1770,Unknown,Unknown,5-022.11,Kaweah,Tulare,715,Unknown,Single Well,NA,1992-03-15 00:00:00 - 2020-02-15 12:00:00,117,other,NA,NA,NA,NA,1996,18030012,Wet,Wet,1995-10-01T00:00:00Z,1996-10-01T00:00:00Z,-119.315,36.2219
362219N1193155W001,2513026,1995-11-15T00:00:00Z,296,296,0,133,163,133,133,NA,Unknown,Water level accuracy to nearest tenth of a foot,5317,Mid-Kaweah GSA,NA,5317,Mid-Kaweah GSA,300,700,54637,20S24E01H002M,KSB-1770,Unknown,Unknown,5-022.11,Kaweah,Tulare,715,Unknown,Single Well,NA,1992-03-15 00:00:00 - 2020-02-15 12:00:00,117,fall,106,217,NA,NA,1996,18030012,Wet,Wet,1995-10-01T00:00:00Z,1996-10-01T00:00:00Z,-119.315,36.2219
362219N1193155W001,2513025,1995-10-15T00:00:00Z,296,296,0,133,163,133,133,NA,Unknown,Water level accuracy to nearest tenth of a foot,5317,Mid-Kaweah GSA,NA,5317,Mid-Kaweah GSA,300,700,54637,20S24E01H002M,KSB-1770,Unknown,Unknown,5-022.11,Kaweah,Tulare,715,Unknown,Single Well,NA,1992-03-15 00:00:00 - 2020-02-15 12:00:00,117,fall,106,217,NA,NA,1996,18030012,Wet,Wet,1995-10-01T00:00:00Z,1996-10-01T00:00:00Z,-119.315,36.2219
362219N1193155W001,2513024,1995-09-15T00:00:00Z,296,296,0,134,162,134,134,NA,Unknown,Water level accuracy to nearest tenth of a foot,5317,Mid-Kaweah GSA,NA,5317,Mid-Kaweah GSA,300,700,54637,20S24E01H002M,KSB-1770,Unknown,Unknown,5-022.11,Kaweah,Tulare,715,Unknown,Single Well,NA,1992-03-15 00:00:00 - 2020-02-15 12:00:00,117,fall,106,217,NA,NA,1995,18030012,Wet,Wet,1994-10-01T00:00:00Z,1995-10-01T00:00:00Z,-119.315,36.2219
362219N1193155W001,2513023,1995-08-15T00:00:00Z,296,296,0,139,157,139,139,NA,Unknown,Water level accuracy to nearest tenth of a foot,5317,Mid-Kaweah GSA,NA,5317,Mid-Kaweah GSA,300,700,54637,20S24E01H002M,KSB-1770,Unknown,Unknown,5-022.11,Kaweah,Tulare,715,Unknown,Single Well,NA,1992-03-15 00:00:00 - 2020-02-15 12:00:00,117,fall,106,217,NA,NA,1995,18030012,Wet,Wet,1994-10-01T00:00:00Z,1995-10-01T00:00:00Z,-119.315,36.2219
362219N1193155W001,2513022,1995-07-15T00:00:00Z,296,296,0,145,151,145,145,NA,Unknown,Water level accuracy to nearest tenth of a foot,5317,Mid-Kaweah GSA,NA,5317,Mid-Kaweah GSA,300,700,54637,20S24E01H002M,KSB-1770,Unknown,Unknown,5-022.11,Kaweah,Tulare,715,Unknown,Single Well,NA,1992-03-15 00:00:00 - 2020-02-15 12:00:00,117,other,NA,NA,NA,NA,1995,18030012,Wet,Wet,1994-10-01T00:00:00Z,1995-10-01T00:00:00Z,-119.315,36.2219
362219N1193155W001,2513021,1995-04-15T00:00:00Z,296,296,0,125,171,125,125,NA,Unknown,Water level accuracy to nearest tenth of a foot,5317,Mid-Kaweah GSA,NA,5317,Mid-Kaweah GSA,300,700,54637,20S24E01H002M,KSB-1770,Unknown,Unknown,5-022.11,Kaweah,Tulare,715,Unknown,Single Well,NA,1992-03-15 00:00:00 - 2020-02-15 12:00:00,117,spring,NA,NA,100,141,1995,18030012,Wet,Wet,1994-10-01T00:00:00Z,1995-10-01T00:00:00Z,-119.315,36.2219
362219N1193155W001,2513020,1995-03-15T00:00:00Z,296,296,0,125,171,125,125,NA,Unknown,Water level accuracy to nearest tenth of a foot,5317,Mid-Kaweah GSA,NA,5317,Mid-Kaweah GSA,300,700,54637,20S24E01H002M,KSB-1770,Unknown,Unknown,5-022.11,Kaweah,Tulare,715,Unknown,Single Well,NA,1992-03-15 00:00:00 - 2020-02-15 12:00:00,117,spring,NA,NA,100,141,1995,18030012,Wet,Wet,1994-10-01T00:00:00Z,1995-10-01T00:00:00Z,-119.315,36.2219
362219N1193155W001,2513019,1995-02-15T00:00:00Z,296,296,0,121,175,121,121,NA,Unknown,Water level accuracy to nearest tenth of a foot,5317,Mid-Kaweah GSA,NA,5317,Mid-Kaweah GSA,300,700,54637,20S24E01H002M,KSB-1770,Unknown,Unknown,5-022.11,Kaweah,Tulare,715,Unknown,Single Well,NA,1992-03-15 00:00:00 - 2020-02-15 12:00:00,117,other,NA,NA,NA,NA,1995,18030012,Wet,Wet,1994-10-01T00:00:00Z,1995-10-01T00:00:00Z,-119.315,36.2219
362219N1193155W001,2513018,1995-01-15T00:00:00Z,296,296,0,125,171,125,125,NA,Unknown,Water level accuracy to nearest tenth of a foot,5317,Mid-Kaweah GSA,NA,5317,Mid-Kaweah GSA,300,700,54637,20S24E01H002M,KSB-1770,Unknown,Unknown,5-022.11,Kaweah,Tulare,715,Unknown,Single Well,NA,1992-03-15 00:00:00 - 2020-02-15 12:00:00,117,other,NA,NA,NA,NA,1995,18030012,Wet,Wet,1994-10-01T00:00:00Z,1995-10-01T00:00:00Z,-119.315,36.2219
362219N1193155W001,2513017,1994-12-15T00:00:00Z,296,296,0,125,171,125,125,NA,Unknown,Water level accuracy to nearest tenth of a foot,5317,Mid-Kaweah GSA,NA,5317,Mid-Kaweah GSA,300,700,54637,20S24E01H002M,KSB-1770,Unknown,Unknown,5-022.11,Kaweah,Tulare,715,Unknown,Single Well,NA,1992-03-15 00:00:00 - 2020-02-15 12:00:00,117,other,NA,NA,NA,NA,1995,18030012,Wet,Wet,1994-10-01T00:00:00Z,1995-10-01T00:00:00Z,-119.315,36.2219
362219N1193155W001,2513016,1994-11-15T00:00:00Z,296,296,0,129,167,129,129,NA,Unknown,Water level accuracy to nearest tenth of a foot,5317,Mid-Kaweah GSA,NA,5317,Mid-Kaweah GSA,300,700,54637,20S24E01H002M,KSB-1770,Unknown,Unknown,5-022.11,Kaweah,Tulare,715,Unknown,Single Well,NA,1992-03-15 00:00:00 - 2020-02-15 12:00:00,117,fall,106,217,NA,NA,1995,18030012,Wet,Wet,1994-10-01T00:00:00Z,1995-10-01T00:00:00Z,-119.315,36.2219
362219N1193155W001,2513015,1994-10-15T00:00:00Z,296,296,0,135,161,135,135,NA,Unknown,Water level accuracy to nearest tenth of a foot,5317,Mid-Kaweah GSA,NA,5317,Mid-Kaweah GSA,300,700,54637,20S24E01H002M,KSB-1770,Unknown,Unknown,5-022.11,Kaweah,Tulare,715,Unknown,Single Well,NA,1992-03-15 00:00:00 - 2020-02-15 12:00:00,117,fall,106,217,NA,NA,1995,18030012,Wet,Wet,1994-10-01T00:00:00Z,1995-10-01T00:00:00Z,-119.315,36.2219
362219N1193155W001,2513014,1994-09-15T00:00:00Z,296,296,0,148,148,148,148,NA,Unknown,Water level accuracy to nearest tenth of a foot,5317,Mid-Kaweah GSA,NA,5317,Mid-Kaweah GSA,300,700,54637,20S24E01H002M,KSB-1770,Unknown,Unknown,5-022.11,Kaweah,Tulare,715,Unknown,Single Well,NA,1992-03-15 00:00:00 - 2020-02-15 12:00:00,117,fall,106,217,NA,NA,1994,18030012,Above Normal,Above Normal,1993-10-01T00:00:00Z,1994-10-01T00:00:00Z,-119.315,36.2219
362219N1193155W001,2513013,1994-08-15T00:00:00Z,296,296,0,155,141,155,155,NA,Unknown,Water level accuracy to nearest tenth of a foot,5317,Mid-Kaweah GSA,NA,5317,Mid-Kaweah GSA,300,700,54637,20S24E01H002M,KSB-1770,Unknown,Unknown,5-022.11,Kaweah,Tulare,715,Unknown,Single Well,NA,1992-03-15 00:00:00 - 2020-02-15 12:00:00,117,fall,106,217,NA,NA,1994,18030012,Above Normal,Above Normal,1993-10-01T00:00:00Z,1994-10-01T00:00:00Z,-119.315,36.2219
362219N1193155W001,2513012,1994-07-15T00:00:00Z,296,296,0,153,143,153,153,NA,Unknown,Water level accuracy to nearest tenth of a foot,5317,Mid-Kaweah GSA,NA,5317,Mid-Kaweah GSA,300,700,54637,20S24E01H002M,KSB-1770,Unknown,Unknown,5-022.11,Kaweah,Tulare,715,Unknown,Single Well,NA,1992-03-15 00:00:00 - 2020-02-15 12:00:00,117,other,NA,NA,NA,NA,1994,18030012,Above Normal,Above Normal,1993-10-01T00:00:00Z,1994-10-01T00:00:00Z,-119.315,36.2219
362219N1193155W001,2513011,1994-06-15T00:00:00Z,296,296,0,156,140,156,156,NA,Unknown,Water level accuracy to nearest tenth of a foot,5317,Mid-Kaweah GSA,NA,5317,Mid-Kaweah GSA,300,700,54637,20S24E01H002M,KSB-1770,Unknown,Unknown,5-022.11,Kaweah,Tulare,715,Unknown,Single Well,NA,1992-03-15 00:00:00 - 2020-02-15 12:00:00,117,other,NA,NA,NA,NA,1994,18030012,Above Normal,Above Normal,1993-10-01T00:00:00Z,1994-10-01T00:00:00Z,-119.315,36.2219
362219N1193155W001,2513010,1994-05-15T00:00:00Z,296,296,0,141,155,141,141,NA,Unknown,Water level accuracy to nearest tenth of a foot,5317,Mid-Kaweah GSA,NA,5317,Mid-Kaweah GSA,300,700,54637,20S24E01H002M,KSB-1770,Unknown,Unknown,5-022.11,Kaweah,Tulare,715,Unknown,Single Well,NA,1992-03-15 00:00:00 - 2020-02-15 12:00:00,117,spring,NA,NA,100,141,1994,18030012,Above Normal,Above Normal,1993-10-01T00:00:00Z,1994-10-01T00:00:00Z,-119.315,36.2219
362219N1193155W001,2513009,1994-04-15T00:00:00Z,296,296,0,136,160,136,136,NA,Unknown,Water level accuracy to nearest tenth of a foot,5317,Mid-Kaweah GSA,NA,5317,Mid-Kaweah GSA,300,700,54637,20S24E01H002M,KSB-1770,Unknown,Unknown,5-022.11,Kaweah,Tulare,715,Unknown,Single Well,NA,1992-03-15 00:00:00 - 2020-02-15 12:00:00,117,spring,NA,NA,100,141,1994,18030012,Above Normal,Above Normal,1993-10-01T00:00:00Z,1994-10-01T00:00:00Z,-119.315,36.2219
362219N1193155W001,2513008,1994-03-15T00:00:00Z,296,296,0,137,159,137,137,NA,Unknown,Water level accuracy to nearest tenth of a foot,5317,Mid-Kaweah GSA,NA,5317,Mid-Kaweah GSA,300,700,54637,20S24E01H002M,KSB-1770,Unknown,Unknown,5-022.11,Kaweah,Tulare,715,Unknown,Single Well,NA,1992-03-15 00:00:00 - 2020-02-15 12:00:00,117,spring,NA,NA,100,141,1994,18030012,Above Normal,Above Normal,1993-10-01T00:00:00Z,1994-10-01T00:00:00Z,-119.315,36.2219
362219N1193155W001,2513007,1994-02-15T00:00:00Z,296,296,0,122,174,122,122,NA,Unknown,Water level accuracy to nearest tenth of a foot,5317,Mid-Kaweah GSA,NA,5317,Mid-Kaweah GSA,300,700,54637,20S24E01H002M,KSB-1770,Unknown,Unknown,5-022.11,Kaweah,Tulare,715,Unknown,Single Well,NA,1992-03-15 00:00:00 - 2020-02-15 12:00:00,117,other,NA,NA,NA,NA,1994,18030012,Above Normal,Above Normal,1993-10-01T00:00:00Z,1994-10-01T00:00:00Z,-119.315,36.2219
362219N1193155W001,2513006,1994-01-15T00:00:00Z,296,296,0,124,172,124,124,NA,Unknown,Water level accuracy to nearest tenth of a foot,5317,Mid-Kaweah GSA,NA,5317,Mid-Kaweah GSA,300,700,54637,20S24E01H002M,KSB-1770,Unknown,Unknown,5-022.11,Kaweah,Tulare,715,Unknown,Single Well,NA,1992-03-15 00:00:00 - 2020-02-15 12:00:00,117,other,NA,NA,NA,NA,1994,18030012,Above Normal,Above Normal,1993-10-01T00:00:00Z,1994-10-01T00:00:00Z,-119.315,36.2219
362219N1193155W001,2513005,1993-12-15T00:00:00Z,296,296,0,132,164,132,132,NA,Unknown,Water level accuracy to nearest tenth of a foot,5317,Mid-Kaweah GSA,NA,5317,Mid-Kaweah GSA,300,700,54637,20S24E01H002M,KSB-1770,Unknown,Unknown,5-022.11,Kaweah,Tulare,715,Unknown,Single Well,NA,1992-03-15 00:00:00 - 2020-02-15 12:00:00,117,other,NA,NA,NA,NA,1994,18030012,Above Normal,Above Normal,1993-10-01T00:00:00Z,1994-10-01T00:00:00Z,-119.315,36.2219
362219N1193155W001,2513004,1993-11-15T00:00:00Z,296,296,0,126,170,126,126,NA,Unknown,Water level accuracy to nearest tenth of a foot,5317,Mid-Kaweah GSA,NA,5317,Mid-Kaweah GSA,300,700,54637,20S24E01H002M,KSB-1770,Unknown,Unknown,5-022.11,Kaweah,Tulare,715,Unknown,Single Well,NA,1992-03-15 00:00:00 - 2020-02-15 12:00:00,117,fall,106,217,NA,NA,1994,18030012,Above Normal,Above Normal,1993-10-01T00:00:00Z,1994-10-01T00:00:00Z,-119.315,36.2219
362219N1193155W001,2513003,1993-10-15T00:00:00Z,296,296,0,135,161,135,135,NA,Unknown,Water level accuracy to nearest tenth of a foot,5317,Mid-Kaweah GSA,NA,5317,Mid-Kaweah GSA,300,700,54637,20S24E01H002M,KSB-1770,Unknown,Unknown,5-022.11,Kaweah,Tulare,715,Unknown,Single Well,NA,1992-03-15 00:00:00 - 2020-02-15 12:00:00,117,fall,106,217,NA,NA,1994,18030012,Above Normal,Above Normal,1993-10-01T00:00:00Z,1994-10-01T00:00:00Z,-119.315,36.2219
362219N1193155W001,2513002,1993-09-15T00:00:00Z,296,296,0,148,148,148,148,NA,Unknown,Water level accuracy to nearest tenth of a foot,5317,Mid-Kaweah GSA,NA,5317,Mid-Kaweah GSA,300,700,54637,20S24E01H002M,KSB-1770,Unknown,Unknown,5-022.11,Kaweah,Tulare,715,Unknown,Single Well,NA,1992-03-15 00:00:00 - 2020-02-15 12:00:00,117,fall,106,217,NA,NA,1993,18030012,Wet,Wet,1992-10-01T00:00:00Z,1993-10-01T00:00:00Z,-119.315,36.2219
362219N1193155W001,2513001,1993-08-15T00:00:00Z,296,296,0,140,156,140,140,NA,Unknown,Water level accuracy to nearest tenth of a foot,5317,Mid-Kaweah GSA,NA,5317,Mid-Kaweah GSA,300,700,54637,20S24E01H002M,KSB-1770,Unknown,Unknown,5-022.11,Kaweah,Tulare,715,Unknown,Single Well,NA,1992-03-15 00:00:00 - 2020-02-15 12:00:00,117,fall,106,217,NA,NA,1993,18030012,Wet,Wet,1992-10-01T00:00:00Z,1993-10-01T00:00:00Z,-119.315,36.2219
362219N1193155W001,2513000,1993-07-15T00:00:00Z,296,296,0,137.8,158.2,137.8,137.8,NA,Unknown,Water level accuracy to nearest tenth of a foot,5317,Mid-Kaweah GSA,NA,5317,Mid-Kaweah GSA,300,700,54637,20S24E01H002M,KSB-1770,Unknown,Unknown,5-022.11,Kaweah,Tulare,715,Unknown,Single Well,NA,1992-03-15 00:00:00 - 2020-02-15 12:00:00,117,other,NA,NA,NA,NA,1993,18030012,Wet,Wet,1992-10-01T00:00:00Z,1993-10-01T00:00:00Z,-119.315,36.2219
362219N1193155W001,2512999,1993-06-15T00:00:00Z,296,296,0,135.6,160.4,135.6,135.6,NA,Unknown,Water level accuracy to nearest tenth of a foot,5317,Mid-Kaweah GSA,NA,5317,Mid-Kaweah GSA,300,700,54637,20S24E01H002M,KSB-1770,Unknown,Unknown,5-022.11,Kaweah,Tulare,715,Unknown,Single Well,NA,1992-03-15 00:00:00 - 2020-02-15 12:00:00,117,other,NA,NA,NA,NA,1993,18030012,Wet,Wet,1992-10-01T00:00:00Z,1993-10-01T00:00:00Z,-119.315,36.2219
362219N1193155W001,2512998,1993-05-15T00:00:00Z,296,296,0,131.2,164.8,131.2,131.2,NA,Unknown,Water level accuracy to nearest tenth of a foot,5317,Mid-Kaweah GSA,NA,5317,Mid-Kaweah GSA,300,700,54637,20S24E01H002M,KSB-1770,Unknown,Unknown,5-022.11,Kaweah,Tulare,715,Unknown,Single Well,NA,1992-03-15 00:00:00 - 2020-02-15 12:00:00,117,spring,NA,NA,100,141,1993,18030012,Wet,Wet,1992-10-01T00:00:00Z,1993-10-01T00:00:00Z,-119.315,36.2219
362219N1193155W001,2512997,1993-04-15T00:00:00Z,296,296,0,115.7,180.3,115.7,115.7,NA,Unknown,Water level accuracy to nearest tenth of a foot,5317,Mid-Kaweah GSA,NA,5317,Mid-Kaweah GSA,300,700,54637,20S24E01H002M,KSB-1770,Unknown,Unknown,5-022.11,Kaweah,Tulare,715,Unknown,Single Well,NA,1992-03-15 00:00:00 - 2020-02-15 12:00:00,117,spring,NA,NA,100,141,1993,18030012,Wet,Wet,1992-10-01T00:00:00Z,1993-10-01T00:00:00Z,-119.315,36.2219
362219N1193155W001,2512996,1993-03-15T00:00:00Z,296,296,0,115.1,180.9,115.1,115.1,NA,Unknown,Water level accuracy to nearest tenth of a foot,5317,Mid-Kaweah GSA,NA,5317,Mid-Kaweah GSA,300,700,54637,20S24E01H002M,KSB-1770,Unknown,Unknown,5-022.11,Kaweah,Tulare,715,Unknown,Single Well,NA,1992-03-15 00:00:00 - 2020-02-15 12:00:00,117,spring,NA,NA,100,141,1993,18030012,Wet,Wet,1992-10-01T00:00:00Z,1993-10-01T00:00:00Z,-119.315,36.2219
362219N1193155W001,2512995,1993-02-09T00:00:00Z,296,296,0,116.7,179.3,116.7,116.7,NA,Unknown,Water level accuracy to nearest tenth of a foot,5317,Mid-Kaweah GSA,NA,5317,Mid-Kaweah GSA,300,700,54637,20S24E01H002M,KSB-1770,Unknown,Unknown,5-022.11,Kaweah,Tulare,715,Unknown,Single Well,NA,1992-03-15 00:00:00 - 2020-02-15 12:00:00,117,other,NA,NA,NA,NA,1993,18030012,Wet,Wet,1992-10-01T00:00:00Z,1993-10-01T00:00:00Z,-119.315,36.2219
362219N1193155W001,2512994,1993-01-08T00:00:00Z,296,296,0,123.1,172.9,123.1,123.1,NA,Unknown,Water level accuracy to nearest tenth of a foot,5317,Mid-Kaweah GSA,NA,5317,Mid-Kaweah GSA,300,700,54637,20S24E01H002M,KSB-1770,Unknown,Unknown,5-022.11,Kaweah,Tulare,715,Unknown,Single Well,NA,1992-03-15 00:00:00 - 2020-02-15 12:00:00,117,other,NA,NA,NA,NA,1993,18030012,Wet,Wet,1992-10-01T00:00:00Z,1993-10-01T00:00:00Z,-119.315,36.2219
362219N1193155W001,2512993,1992-12-03T00:00:00Z,296,296,0,131,165,131,131,NA,Unknown,Water level accuracy to nearest tenth of a foot,5317,Mid-Kaweah GSA,NA,5317,Mid-Kaweah GSA,300,700,54637,20S24E01H002M,KSB-1770,Unknown,Unknown,5-022.11,Kaweah,Tulare,715,Unknown,Single Well,NA,1992-03-15 00:00:00 - 2020-02-15 12:00:00,117,other,NA,NA,NA,NA,1993,18030012,Wet,Wet,1992-10-01T00:00:00Z,1993-10-01T00:00:00Z,-119.315,36.2219
362219N1193155W001,2512992,1992-11-05T00:00:00Z,296,296,0,134.7,161.3,134.7,134.7,NA,Unknown,Water level accuracy to nearest tenth of a foot,5317,Mid-Kaweah GSA,NA,5317,Mid-Kaweah GSA,300,700,54637,20S24E01H002M,KSB-1770,Unknown,Unknown,5-022.11,Kaweah,Tulare,715,Unknown,Single Well,NA,1992-03-15 00:00:00 - 2020-02-15 12:00:00,117,fall,106,217,NA,NA,1993,18030012,Wet,Wet,1992-10-01T00:00:00Z,1993-10-01T00:00:00Z,-119.315,36.2219
362219N1193155W001,2512991,1992-10-05T00:00:00Z,296,296,0,145,151,145,145,NA,Unknown,Water level accuracy to nearest tenth of a foot,5317,Mid-Kaweah GSA,NA,5317,Mid-Kaweah GSA,300,700,54637,20S24E01H002M,KSB-1770,Unknown,Unknown,5-022.11,Kaweah,Tulare,715,Unknown,Single Well,NA,1992-03-15 00:00:00 - 2020-02-15 12:00:00,117,fall,106,217,NA,NA,1993,18030012,Wet,Wet,1992-10-01T00:00:00Z,1993-10-01T00:00:00Z,-119.315,36.2219
362219N1193155W001,2512990,1992-09-03T00:00:00Z,296,296,0,151.3,144.7,151.3,151.3,NA,Unknown,Water level accuracy to nearest tenth of a foot,5317,Mid-Kaweah GSA,NA,5317,Mid-Kaweah GSA,300,700,54637,20S24E01H002M,KSB-1770,Unknown,Unknown,5-022.11,Kaweah,Tulare,715,Unknown,Single Well,NA,1992-03-15 00:00:00 - 2020-02-15 12:00:00,117,fall,106,217,NA,NA,1992,18030012,Above Normal,Above Normal,1991-10-01T00:00:00Z,1992-10-01T00:00:00Z,-119.315,36.2219
362219N1193155W001,2512989,1992-08-15T00:00:00Z,296,296,0,150,146,150,150,NA,Unknown,Water level accuracy to nearest tenth of a foot,5317,Mid-Kaweah GSA,NA,5317,Mid-Kaweah GSA,300,700,54637,20S24E01H002M,KSB-1770,Unknown,Unknown,5-022.11,Kaweah,Tulare,715,Unknown,Single Well,NA,1992-03-15 00:00:00 - 2020-02-15 12:00:00,117,fall,106,217,NA,NA,1992,18030012,Above Normal,Above Normal,1991-10-01T00:00:00Z,1992-10-01T00:00:00Z,-119.315,36.2219
362219N1193155W001,2512988,1992-07-07T00:00:00Z,296,296,0,145.6,150.4,145.6,145.6,NA,Unknown,Water level accuracy to nearest tenth of a foot,5317,Mid-Kaweah GSA,NA,5317,Mid-Kaweah GSA,300,700,54637,20S24E01H002M,KSB-1770,Unknown,Unknown,5-022.11,Kaweah,Tulare,715,Unknown,Single Well,NA,1992-03-15 00:00:00 - 2020-02-15 12:00:00,117,other,NA,NA,NA,NA,1992,18030012,Above Normal,Above Normal,1991-10-01T00:00:00Z,1992-10-01T00:00:00Z,-119.315,36.2219
362219N1193155W001,2512987,1992-06-23T00:00:00Z,296,296,0,149,147,149,149,NA,Unknown,Water level accuracy to nearest tenth of a foot,5317,Mid-Kaweah GSA,NA,5317,Mid-Kaweah GSA,300,700,54637,20S24E01H002M,KSB-1770,Unknown,Unknown,5-022.11,Kaweah,Tulare,715,Unknown,Single Well,NA,1992-03-15 00:00:00 - 2020-02-15 12:00:00,117,other,NA,NA,NA,NA,1992,18030012,Above Normal,Above Normal,1991-10-01T00:00:00Z,1992-10-01T00:00:00Z,-119.315,36.2219
362219N1193155W001,2512986,1992-06-17T00:00:00Z,296,296,0,143,153,143,143,NA,Unknown,Water level accuracy to nearest tenth of a foot,5317,Mid-Kaweah GSA,NA,5317,Mid-Kaweah GSA,300,700,54637,20S24E01H002M,KSB-1770,Unknown,Unknown,5-022.11,Kaweah,Tulare,715,Unknown,Single Well,NA,1992-03-15 00:00:00 - 2020-02-15 12:00:00,117,other,NA,NA,NA,NA,1992,18030012,Above Normal,Above Normal,1991-10-01T00:00:00Z,1992-10-01T00:00:00Z,-119.315,36.2219
362219N1193155W001,2512985,1992-04-29T00:00:00Z,296,296,0,137.9,158.1,137.9,137.9,NA,Unknown,Water level accuracy to nearest tenth of a foot,5317,Mid-Kaweah GSA,NA,5317,Mid-Kaweah GSA,300,700,54637,20S24E01H002M,KSB-1770,Unknown,Unknown,5-022.11,Kaweah,Tulare,715,Unknown,Single Well,NA,1992-03-15 00:00:00 - 2020-02-15 12:00:00,117,spring,NA,NA,100,141,1992,18030012,Above Normal,Above Normal,1991-10-01T00:00:00Z,1992-10-01T00:00:00Z,-119.315,36.2219
362219N1193155W001,2512984,1992-03-15T00:00:00Z,296,296,0,124.8,171.2,124.8,124.8,NA,Unknown,Water level accuracy to nearest tenth of a foot,5317,Mid-Kaweah GSA,NA,5317,Mid-Kaweah GSA,300,700,54637,20S24E01H002M,KSB-1770,Unknown,Unknown,5-022.11,Kaweah,Tulare,715,Unknown,Single Well,NA,1992-03-15 00:00:00 - 2020-02-15 12:00:00,117,spring,NA,NA,100,141,1992,18030012,Above Normal,Above Normal,1991-10-01T00:00:00Z,1992-10-01T00:00:00Z,-119.315,36.2219
