SITE_CODE,WLM_ID,MSMT_DATE,WLM_RPE,WLM_GSE,RDNG_WS,RDNG_RP,WSE,RPE_WSE,GSE_WSE,WLM_QA_DESC,WLM_DESC,WLM_ACC_DESC,WLM_ORG_ID,WLM_ORG_NAME,MSMT_CMT,COOP_AGENCY_ORG_ID,COOP_ORG_NAME,TOP_PRF,BOT_PRF,STN_ID,SWN,WELL_NAME,WLM_METHOD,WLM_ACC,BASIN_CODE,BASIN_NAME,COUNTY_NAME,WELL_DEPTH,WELL_USE,WELL_TYPE,WCR_NO,t_range,n_samples,season,fall_high,fall_low,spring_high,spring_low,water_year,HUC8,WYT,water_year_type,water_year_start,water_year_end,X,Y
362325N1194074W001,922636,2010-10-13T00:00:00Z,274.72,274.42,0,154,120.72,154,153.7,NA,Unknown,Water level accuracy is unknown,1,Department of Water Resources,NA,5155,Kaweah Delta Water Conservation District,NA,NA,35893,19S24E31K001M,NA,Unknown,Unknown,5-022.11,Kaweah,Tulare,NA,Unknown,Unknown,NA,1952-11-06 - 2010-10-13,72,fall,58.7,153.7,NA,NA,2011,18030012,Wet,Wet,2010-10-01T00:00:00Z,2011-10-01T00:00:00Z,-119.407,36.2325
362325N1194074W001,922634,2007-02-15T00:00:00Z,274.72,274.42,0,100,174.72,100,99.7,NA,Unknown,Water level accuracy is unknown,1,Department of Water Resources,NA,5155,Kaweah Delta Water Conservation District,NA,NA,35893,19S24E31K001M,NA,Unknown,Unknown,5-022.11,Kaweah,Tulare,NA,Unknown,Unknown,NA,1952-11-06 - 2010-10-13,72,other,NA,NA,NA,NA,2007,18030012,Critical,Critical,2006-10-01T00:00:00Z,2007-10-01T00:00:00Z,-119.407,36.2325
362325N1194074W001,922635,2006-12-04T00:00:00Z,274.72,274.42,0,197,77.72,197,196.7,NA,Unknown,Water level accuracy is unknown,1,Department of Water Resources,NA,5155,Kaweah Delta Water Conservation District,NA,NA,35893,19S24E31K001M,NA,Unknown,Unknown,5-022.11,Kaweah,Tulare,NA,Unknown,Unknown,NA,1952-11-06 - 2010-10-13,72,other,NA,NA,NA,NA,2007,18030012,Critical,Critical,2006-10-01T00:00:00Z,2007-10-01T00:00:00Z,-119.407,36.2325
362325N1194074W001,922633,2006-01-31T00:00:00Z,274.72,274.42,0,119,155.72,119,118.7,NA,Unknown,Water level accuracy is unknown,1,Department of Water Resources,NA,5155,Kaweah Delta Water Conservation District,NA,NA,35893,19S24E31K001M,NA,Unknown,Unknown,5-022.11,Kaweah,Tulare,NA,Unknown,Unknown,NA,1952-11-06 - 2010-10-13,72,other,NA,NA,NA,NA,2006,18030012,Wet,Wet,2005-10-01T00:00:00Z,2006-10-01T00:00:00Z,-119.407,36.2325
362325N1194074W001,922632,2005-02-09T00:00:00Z,274.72,274.42,0,134,140.72,134,133.7,NA,Unknown,Water level accuracy is unknown,1,Department of Water Resources,NA,5155,Kaweah Delta Water Conservation District,NA,NA,35893,19S24E31K001M,NA,Unknown,Unknown,5-022.11,Kaweah,Tulare,NA,Unknown,Unknown,NA,1952-11-06 - 2010-10-13,72,other,NA,NA,NA,NA,2005,18030012,Wet,Wet,2004-10-01T00:00:00Z,2005-10-01T00:00:00Z,-119.407,36.2325
362325N1194074W001,922629,2003-01-27T00:00:00Z,274.72,274.42,0,117,157.72,117,116.7,NA,Unknown,Water level accuracy is unknown,1,Department of Water Resources,NA,5155,Kaweah Delta Water Conservation District,NA,NA,35893,19S24E31K001M,NA,Unknown,Unknown,5-022.11,Kaweah,Tulare,NA,Unknown,Unknown,NA,1952-11-06 - 2010-10-13,72,other,NA,NA,NA,NA,2003,18030012,Dry,Dry,2002-10-01T00:00:00Z,2003-10-01T00:00:00Z,-119.407,36.2325
362325N1194074W001,922631,2002-09-25T00:00:00Z,274.72,274.42,0,119,155.72,119,118.7,NA,Unknown,Water level accuracy is unknown,1,Department of Water Resources,NA,624,Bureau of Reclamation,NA,NA,35893,19S24E31K001M,NA,Unknown,Unknown,5-022.11,Kaweah,Tulare,NA,Unknown,Unknown,NA,1952-11-06 - 2010-10-13,72,fall,58.7,153.7,NA,NA,2002,18030012,Critical,Critical,2001-10-01T00:00:00Z,2002-10-01T00:00:00Z,-119.407,36.2325
362325N1194074W001,922630,2002-01-24T00:00:00Z,274.72,274.42,0,109.5,165.22,109.5,109.2,NA,Unknown,Water level accuracy is unknown,1,Department of Water Resources,NA,624,Bureau of Reclamation,NA,NA,35893,19S24E31K001M,NA,Unknown,Unknown,5-022.11,Kaweah,Tulare,NA,Unknown,Unknown,NA,1952-11-06 - 2010-10-13,72,other,NA,NA,NA,NA,2002,18030012,Critical,Critical,2001-10-01T00:00:00Z,2002-10-01T00:00:00Z,-119.407,36.2325
362325N1194074W001,922628,2001-02-02T00:00:00Z,274.72,274.42,0,88.5,186.22,88.5,88.2,NA,Unknown,Water level accuracy is unknown,1,Department of Water Resources,NA,5155,Kaweah Delta Water Conservation District,NA,NA,35893,19S24E31K001M,NA,Unknown,Unknown,5-022.11,Kaweah,Tulare,NA,Unknown,Unknown,NA,1952-11-06 - 2010-10-13,72,other,NA,NA,NA,NA,2001,18030012,Below Normal,Below Normal,2000-10-01T00:00:00Z,2001-10-01T00:00:00Z,-119.407,36.2325
362325N1194074W001,922627,2000-02-04T00:00:00Z,274.72,274.42,0,87,187.72,87,86.7,NA,Unknown,Water level accuracy is unknown,1,Department of Water Resources,NA,5155,Kaweah Delta Water Conservation District,NA,NA,35893,19S24E31K001M,NA,Unknown,Unknown,5-022.11,Kaweah,Tulare,NA,Unknown,Unknown,NA,1952-11-06 - 2010-10-13,72,other,NA,NA,NA,NA,2000,18030012,Below Normal,Below Normal,1999-10-01T00:00:00Z,2000-10-01T00:00:00Z,-119.407,36.2325
362325N1194074W001,922626,1999-10-16T00:00:00Z,274.72,274.42,0,91,183.72,91,90.7,NA,Unknown,Water level accuracy is unknown,1,Department of Water Resources,NA,5155,Kaweah Delta Water Conservation District,NA,NA,35893,19S24E31K001M,NA,Unknown,Unknown,5-022.11,Kaweah,Tulare,NA,Unknown,Unknown,NA,1952-11-06 - 2010-10-13,72,fall,58.7,153.7,NA,NA,2000,18030012,Below Normal,Below Normal,1999-10-01T00:00:00Z,2000-10-01T00:00:00Z,-119.407,36.2325
362325N1194074W001,922625,1999-02-05T00:00:00Z,274.72,274.42,0,84,190.72,84,83.7,NA,Unknown,Water level accuracy is unknown,1,Department of Water Resources,NA,5155,Kaweah Delta Water Conservation District,NA,NA,35893,19S24E31K001M,NA,Unknown,Unknown,5-022.11,Kaweah,Tulare,NA,Unknown,Unknown,NA,1952-11-06 - 2010-10-13,72,other,NA,NA,NA,NA,1999,18030012,Wet,Wet,1998-10-01T00:00:00Z,1999-10-01T00:00:00Z,-119.407,36.2325
362325N1194074W001,922624,1998-10-15T00:00:00Z,274.72,274.42,0,90.5,184.22,90.5,90.2,NA,Unknown,Water level accuracy is unknown,1,Department of Water Resources,NA,5155,Kaweah Delta Water Conservation District,NA,NA,35893,19S24E31K001M,NA,Unknown,Unknown,5-022.11,Kaweah,Tulare,NA,Unknown,Unknown,NA,1952-11-06 - 2010-10-13,72,fall,58.7,153.7,NA,NA,1999,18030012,Wet,Wet,1998-10-01T00:00:00Z,1999-10-01T00:00:00Z,-119.407,36.2325
362325N1194074W001,922623,1998-01-27T00:00:00Z,274.72,274.42,0,96,178.72,96,95.7,NA,Unknown,Water level accuracy is unknown,1,Department of Water Resources,NA,5155,Kaweah Delta Water Conservation District,NA,NA,35893,19S24E31K001M,NA,Unknown,Unknown,5-022.11,Kaweah,Tulare,NA,Unknown,Unknown,NA,1952-11-06 - 2010-10-13,72,other,NA,NA,NA,NA,1998,18030012,Wet,Wet,1997-10-01T00:00:00Z,1998-10-01T00:00:00Z,-119.407,36.2325
362325N1194074W001,922622,1997-10-09T00:00:00Z,274.72,274.42,0,104,170.72,104,103.7,NA,Unknown,Water level accuracy is unknown,1,Department of Water Resources,NA,5155,Kaweah Delta Water Conservation District,NA,NA,35893,19S24E31K001M,NA,Unknown,Unknown,5-022.11,Kaweah,Tulare,NA,Unknown,Unknown,NA,1952-11-06 - 2010-10-13,72,fall,58.7,153.7,NA,NA,1998,18030012,Wet,Wet,1997-10-01T00:00:00Z,1998-10-01T00:00:00Z,-119.407,36.2325
362325N1194074W001,922621,1997-02-13T00:00:00Z,274.72,274.42,0,98.5,176.22,98.5,98.2,NA,Unknown,Water level accuracy is unknown,1,Department of Water Resources,NA,5155,Kaweah Delta Water Conservation District,NA,NA,35893,19S24E31K001M,NA,Unknown,Unknown,5-022.11,Kaweah,Tulare,NA,Unknown,Unknown,NA,1952-11-06 - 2010-10-13,72,other,NA,NA,NA,NA,1997,18030012,Above Normal,Above Normal,1996-10-01T00:00:00Z,1997-10-01T00:00:00Z,-119.407,36.2325
362325N1194074W001,922620,1996-10-03T00:00:00Z,274.72,274.42,0,106,168.72,106,105.7,NA,Unknown,Water level accuracy is unknown,1,Department of Water Resources,NA,5155,Kaweah Delta Water Conservation District,NA,NA,35893,19S24E31K001M,NA,Unknown,Unknown,5-022.11,Kaweah,Tulare,NA,Unknown,Unknown,NA,1952-11-06 - 2010-10-13,72,fall,58.7,153.7,NA,NA,1997,18030012,Above Normal,Above Normal,1996-10-01T00:00:00Z,1997-10-01T00:00:00Z,-119.407,36.2325
362325N1194074W001,922619,1996-01-25T00:00:00Z,274.72,274.42,NA,NA,NA,NA,NA,Temporarily inaccessible,NA,NA,1,Department of Water Resources,NA,5155,Kaweah Delta Water Conservation District,NA,NA,35893,19S24E31K001M,NA,Unknown,Unknown,5-022.11,Kaweah,Tulare,NA,Unknown,Unknown,NA,1952-11-06 - 2010-10-13,72,other,NA,NA,NA,NA,1996,18030012,Wet,Wet,1995-10-01T00:00:00Z,1996-10-01T00:00:00Z,-119.407,36.2325
362325N1194074W001,922618,1995-10-04T00:00:00Z,274.72,274.42,0,111,163.72,111,110.7,NA,Unknown,Water level accuracy is unknown,1,Department of Water Resources,NA,5155,Kaweah Delta Water Conservation District,NA,NA,35893,19S24E31K001M,NA,Unknown,Unknown,5-022.11,Kaweah,Tulare,NA,Unknown,Unknown,NA,1952-11-06 - 2010-10-13,72,fall,58.7,153.7,NA,NA,1996,18030012,Wet,Wet,1995-10-01T00:00:00Z,1996-10-01T00:00:00Z,-119.407,36.2325
362325N1194074W001,922617,1995-02-06T00:00:00Z,274.72,274.42,0,133,141.72,133,132.7,NA,Unknown,Water level accuracy is unknown,1,Department of Water Resources,NA,5155,Kaweah Delta Water Conservation District,NA,NA,35893,19S24E31K001M,NA,Unknown,Unknown,5-022.11,Kaweah,Tulare,NA,Unknown,Unknown,NA,1952-11-06 - 2010-10-13,72,other,NA,NA,NA,NA,1995,18030012,Wet,Wet,1994-10-01T00:00:00Z,1995-10-01T00:00:00Z,-119.407,36.2325
362325N1194074W001,922616,1994-10-10T00:00:00Z,274.72,274.42,0,122.3,152.42,122.3,122,NA,Unknown,Water level accuracy is unknown,1,Department of Water Resources,NA,5155,Kaweah Delta Water Conservation District,NA,NA,35893,19S24E31K001M,NA,Unknown,Unknown,5-022.11,Kaweah,Tulare,NA,Unknown,Unknown,NA,1952-11-06 - 2010-10-13,72,fall,58.7,153.7,NA,NA,1995,18030012,Wet,Wet,1994-10-01T00:00:00Z,1995-10-01T00:00:00Z,-119.407,36.2325
362325N1194074W001,922615,1994-02-12T00:00:00Z,274.72,274.42,0,119,155.72,119,118.7,NA,Unknown,Water level accuracy is unknown,1,Department of Water Resources,NA,5155,Kaweah Delta Water Conservation District,NA,NA,35893,19S24E31K001M,NA,Unknown,Unknown,5-022.11,Kaweah,Tulare,NA,Unknown,Unknown,NA,1952-11-06 - 2010-10-13,72,other,NA,NA,NA,NA,1994,18030012,Above Normal,Above Normal,1993-10-01T00:00:00Z,1994-10-01T00:00:00Z,-119.407,36.2325
362325N1194074W001,922614,1993-10-15T00:00:00Z,274.72,274.42,0,117,157.72,117,116.7,NA,Unknown,Water level accuracy is unknown,1,Department of Water Resources,NA,5155,Kaweah Delta Water Conservation District,NA,NA,35893,19S24E31K001M,NA,Unknown,Unknown,5-022.11,Kaweah,Tulare,NA,Unknown,Unknown,NA,1952-11-06 - 2010-10-13,72,fall,58.7,153.7,NA,NA,1994,18030012,Above Normal,Above Normal,1993-10-01T00:00:00Z,1994-10-01T00:00:00Z,-119.407,36.2325
362325N1194074W001,922613,1993-02-10T00:00:00Z,274.72,274.42,0,114,160.72,114,113.7,NA,Unknown,Water level accuracy is unknown,1,Department of Water Resources,NA,5155,Kaweah Delta Water Conservation District,NA,NA,35893,19S24E31K001M,NA,Unknown,Unknown,5-022.11,Kaweah,Tulare,NA,Unknown,Unknown,NA,1952-11-06 - 2010-10-13,72,other,NA,NA,NA,NA,1993,18030012,Wet,Wet,1992-10-01T00:00:00Z,1993-10-01T00:00:00Z,-119.407,36.2325
362325N1194074W001,922612,1992-10-28T00:00:00Z,274.72,274.42,0,128,146.72,128,127.7,NA,Unknown,Water level accuracy is unknown,1,Department of Water Resources,NA,5155,Kaweah Delta Water Conservation District,NA,NA,35893,19S24E31K001M,NA,Unknown,Unknown,5-022.11,Kaweah,Tulare,NA,Unknown,Unknown,NA,1952-11-06 - 2010-10-13,72,fall,58.7,153.7,NA,NA,1993,18030012,Wet,Wet,1992-10-01T00:00:00Z,1993-10-01T00:00:00Z,-119.407,36.2325
362325N1194074W001,922611,1992-01-24T00:00:00Z,274.72,274.42,0,106,168.72,106,105.7,NA,Unknown,Water level accuracy is unknown,1,Department of Water Resources,NA,5155,Kaweah Delta Water Conservation District,NA,NA,35893,19S24E31K001M,NA,Unknown,Unknown,5-022.11,Kaweah,Tulare,NA,Unknown,Unknown,NA,1952-11-06 - 2010-10-13,72,other,NA,NA,NA,NA,1992,18030012,Above Normal,Above Normal,1991-10-01T00:00:00Z,1992-10-01T00:00:00Z,-119.407,36.2325
362325N1194074W001,922610,1991-10-10T00:00:00Z,274.72,274.42,0,118,156.72,118,117.7,NA,Unknown,Water level accuracy is unknown,1,Department of Water Resources,NA,5155,Kaweah Delta Water Conservation District,NA,NA,35893,19S24E31K001M,NA,Unknown,Unknown,5-022.11,Kaweah,Tulare,NA,Unknown,Unknown,NA,1952-11-06 - 2010-10-13,72,fall,58.7,153.7,NA,NA,1992,18030012,Above Normal,Above Normal,1991-10-01T00:00:00Z,1992-10-01T00:00:00Z,-119.407,36.2325
362325N1194074W001,922609,1991-02-05T00:00:00Z,274.72,274.42,0,109,165.72,109,108.7,NA,Unknown,Water level accuracy is unknown,1,Department of Water Resources,NA,5155,Kaweah Delta Water Conservation District,NA,NA,35893,19S24E31K001M,NA,Unknown,Unknown,5-022.11,Kaweah,Tulare,NA,Unknown,Unknown,NA,1952-11-06 - 2010-10-13,72,other,NA,NA,NA,NA,1991,18030012,Dry,Dry,1990-10-01T00:00:00Z,1991-10-01T00:00:00Z,-119.407,36.2325
362325N1194074W001,922608,1990-10-06T00:00:00Z,274.72,274.42,0,104,170.72,104,103.7,NA,Unknown,Water level accuracy is unknown,1,Department of Water Resources,NA,5155,Kaweah Delta Water Conservation District,NA,NA,35893,19S24E31K001M,NA,Unknown,Unknown,5-022.11,Kaweah,Tulare,NA,Unknown,Unknown,NA,1952-11-06 - 2010-10-13,72,fall,58.7,153.7,NA,NA,1991,18030012,Dry,Dry,1990-10-01T00:00:00Z,1991-10-01T00:00:00Z,-119.407,36.2325
362325N1194074W001,922607,1990-01-31T00:00:00Z,274.72,274.42,0,90,184.72,90,89.7,NA,Unknown,Water level accuracy is unknown,1,Department of Water Resources,NA,5155,Kaweah Delta Water Conservation District,NA,NA,35893,19S24E31K001M,NA,Unknown,Unknown,5-022.11,Kaweah,Tulare,NA,Unknown,Unknown,NA,1952-11-06 - 2010-10-13,72,other,NA,NA,NA,NA,1990,18030012,Critical,Critical,1989-10-01T00:00:00Z,1990-10-01T00:00:00Z,-119.407,36.2325
362325N1194074W001,922606,1989-10-03T00:00:00Z,274.72,274.42,0,98,176.72,98,97.7,NA,Unknown,Water level accuracy is unknown,1,Department of Water Resources,NA,5155,Kaweah Delta Water Conservation District,NA,NA,35893,19S24E31K001M,NA,Unknown,Unknown,5-022.11,Kaweah,Tulare,NA,Unknown,Unknown,NA,1952-11-06 - 2010-10-13,72,fall,58.7,153.7,NA,NA,1990,18030012,Critical,Critical,1989-10-01T00:00:00Z,1990-10-01T00:00:00Z,-119.407,36.2325
362325N1194074W001,922605,1989-01-23T00:00:00Z,274.72,274.42,0,71,203.72,71,70.7,NA,Unknown,Water level accuracy is unknown,1,Department of Water Resources,NA,5155,Kaweah Delta Water Conservation District,NA,NA,35893,19S24E31K001M,NA,Unknown,Unknown,5-022.11,Kaweah,Tulare,NA,Unknown,Unknown,NA,1952-11-06 - 2010-10-13,72,other,NA,NA,NA,NA,1989,18030012,Dry,Dry,1988-10-01T00:00:00Z,1989-10-01T00:00:00Z,-119.407,36.2325
362325N1194074W001,922604,1988-09-28T00:00:00Z,274.72,274.42,0,82,192.72,82,81.7,NA,Unknown,Water level accuracy is unknown,1,Department of Water Resources,NA,5155,Kaweah Delta Water Conservation District,NA,NA,35893,19S24E31K001M,NA,Unknown,Unknown,5-022.11,Kaweah,Tulare,NA,Unknown,Unknown,NA,1952-11-06 - 2010-10-13,72,fall,58.7,153.7,NA,NA,1988,18030012,Below Normal,Below Normal,1987-10-01T00:00:00Z,1988-10-01T00:00:00Z,-119.407,36.2325
362325N1194074W001,922603,1988-02-01T00:00:00Z,274.72,274.42,0,62,212.72,62,61.7,NA,Unknown,Water level accuracy is unknown,1,Department of Water Resources,NA,5155,Kaweah Delta Water Conservation District,NA,NA,35893,19S24E31K001M,NA,Unknown,Unknown,5-022.11,Kaweah,Tulare,NA,Unknown,Unknown,NA,1952-11-06 - 2010-10-13,72,other,NA,NA,NA,NA,1988,18030012,Below Normal,Below Normal,1987-10-01T00:00:00Z,1988-10-01T00:00:00Z,-119.407,36.2325
362325N1194074W001,922602,1987-09-21T00:00:00Z,274.72,274.42,0,69,205.72,69,68.7,NA,Unknown,Water level accuracy is unknown,1,Department of Water Resources,NA,5155,Kaweah Delta Water Conservation District,NA,NA,35893,19S24E31K001M,NA,Unknown,Unknown,5-022.11,Kaweah,Tulare,NA,Unknown,Unknown,NA,1952-11-06 - 2010-10-13,72,fall,58.7,153.7,NA,NA,1987,18030012,Below Normal,Below Normal,1986-10-01T00:00:00Z,1987-10-01T00:00:00Z,-119.407,36.2325
362325N1194074W001,922601,1987-01-26T00:00:00Z,274.72,274.42,0,48,226.72,48,47.7,NA,Unknown,Water level accuracy is unknown,1,Department of Water Resources,NA,5155,Kaweah Delta Water Conservation District,NA,NA,35893,19S24E31K001M,NA,Unknown,Unknown,5-022.11,Kaweah,Tulare,NA,Unknown,Unknown,NA,1952-11-06 - 2010-10-13,72,other,NA,NA,NA,NA,1987,18030012,Below Normal,Below Normal,1986-10-01T00:00:00Z,1987-10-01T00:00:00Z,-119.407,36.2325
362325N1194074W001,922600,1986-09-30T00:00:00Z,274.72,274.42,0,72,202.72,72,71.7,NA,Unknown,Water level accuracy is unknown,1,Department of Water Resources,NA,624,Bureau of Reclamation,NA,NA,35893,19S24E31K001M,NA,Unknown,Unknown,5-022.11,Kaweah,Tulare,NA,Unknown,Unknown,NA,1952-11-06 - 2010-10-13,72,fall,58.7,153.7,NA,NA,1986,18030012,Above Normal,Above Normal,1985-10-01T00:00:00Z,1986-10-01T00:00:00Z,-119.407,36.2325
362325N1194074W001,922599,1986-01-28T00:00:00Z,274.72,274.42,0,59,215.72,59,58.7,NA,Unknown,Water level accuracy is unknown,1,Department of Water Resources,NA,624,Bureau of Reclamation,NA,NA,35893,19S24E31K001M,NA,Unknown,Unknown,5-022.11,Kaweah,Tulare,NA,Unknown,Unknown,NA,1952-11-06 - 2010-10-13,72,other,NA,NA,NA,NA,1986,18030012,Above Normal,Above Normal,1985-10-01T00:00:00Z,1986-10-01T00:00:00Z,-119.407,36.2325
362325N1194074W001,922598,1985-10-01T00:00:00Z,274.72,274.42,0,73,201.72,73,72.7,NA,Unknown,Water level accuracy is unknown,1,Department of Water Resources,NA,624,Bureau of Reclamation,NA,NA,35893,19S24E31K001M,NA,Unknown,Unknown,5-022.11,Kaweah,Tulare,NA,Unknown,Unknown,NA,1952-11-06 - 2010-10-13,72,fall,58.7,153.7,NA,NA,1986,18030012,Above Normal,Above Normal,1985-10-01T00:00:00Z,1986-10-01T00:00:00Z,-119.407,36.2325
362325N1194074W001,922597,1985-02-04T00:00:00Z,274.72,274.42,0,53,221.72,53,52.7,NA,Unknown,Water level accuracy is unknown,1,Department of Water Resources,NA,624,Bureau of Reclamation,NA,NA,35893,19S24E31K001M,NA,Unknown,Unknown,5-022.11,Kaweah,Tulare,NA,Unknown,Unknown,NA,1952-11-06 - 2010-10-13,72,other,NA,NA,NA,NA,1985,18030012,Dry,Dry,1984-10-01T00:00:00Z,1985-10-01T00:00:00Z,-119.407,36.2325
362325N1194074W001,922596,1984-10-05T00:00:00Z,274.72,274.42,0,72,202.72,72,71.7,NA,Unknown,Water level accuracy is unknown,1,Department of Water Resources,NA,624,Bureau of Reclamation,NA,NA,35893,19S24E31K001M,NA,Unknown,Unknown,5-022.11,Kaweah,Tulare,NA,Unknown,Unknown,NA,1952-11-06 - 2010-10-13,72,fall,58.7,153.7,NA,NA,1985,18030012,Dry,Dry,1984-10-01T00:00:00Z,1985-10-01T00:00:00Z,-119.407,36.2325
362325N1194074W001,922595,1984-02-02T00:00:00Z,274.72,274.42,0,55,219.72,55,54.7,NA,Unknown,Water level accuracy is unknown,1,Department of Water Resources,NA,624,Bureau of Reclamation,NA,NA,35893,19S24E31K001M,NA,Unknown,Unknown,5-022.11,Kaweah,Tulare,NA,Unknown,Unknown,NA,1952-11-06 - 2010-10-13,72,other,NA,NA,NA,NA,1984,18030012,Above Normal,Above Normal,1983-10-01T00:00:00Z,1984-10-01T00:00:00Z,-119.407,36.2325
362325N1194074W001,922594,1983-09-26T00:00:00Z,274.72,274.42,0,59,215.72,59,58.7,NA,Unknown,Water level accuracy is unknown,1,Department of Water Resources,NA,624,Bureau of Reclamation,NA,NA,35893,19S24E31K001M,NA,Unknown,Unknown,5-022.11,Kaweah,Tulare,NA,Unknown,Unknown,NA,1952-11-06 - 2010-10-13,72,fall,58.7,153.7,NA,NA,1983,18030012,Wet,Wet,1982-10-01T00:00:00Z,1983-10-01T00:00:00Z,-119.407,36.2325
362325N1194074W001,922593,1983-02-10T00:00:00Z,274.72,274.42,0,65,209.72,65,64.7,NA,Unknown,Water level accuracy is unknown,1,Department of Water Resources,NA,5155,Kaweah Delta Water Conservation District,NA,NA,35893,19S24E31K001M,NA,Unknown,Unknown,5-022.11,Kaweah,Tulare,NA,Unknown,Unknown,NA,1952-11-06 - 2010-10-13,72,other,NA,NA,NA,NA,1983,18030012,Wet,Wet,1982-10-01T00:00:00Z,1983-10-01T00:00:00Z,-119.407,36.2325
362325N1194074W001,922592,1982-09-28T00:00:00Z,274.72,274.42,0,74,200.72,74,73.7,NA,Unknown,Water level accuracy is unknown,1,Department of Water Resources,NA,5155,Kaweah Delta Water Conservation District,NA,NA,35893,19S24E31K001M,NA,Unknown,Unknown,5-022.11,Kaweah,Tulare,NA,Unknown,Unknown,NA,1952-11-06 - 2010-10-13,72,fall,58.7,153.7,NA,NA,1982,18030012,Wet,Wet,1981-10-01T00:00:00Z,1982-10-01T00:00:00Z,-119.407,36.2325
362325N1194074W001,922591,1982-01-26T00:00:00Z,274.72,274.42,0,86,188.72,86,85.7,NA,Unknown,Water level accuracy is unknown,1,Department of Water Resources,NA,624,Bureau of Reclamation,NA,NA,35893,19S24E31K001M,NA,Unknown,Unknown,5-022.11,Kaweah,Tulare,NA,Unknown,Unknown,NA,1952-11-06 - 2010-10-13,72,other,NA,NA,NA,NA,1982,18030012,Wet,Wet,1981-10-01T00:00:00Z,1982-10-01T00:00:00Z,-119.407,36.2325
362325N1194074W001,922590,1981-09-22T00:00:00Z,274.72,274.42,0,98,176.72,98,97.7,NA,Unknown,Water level accuracy is unknown,1,Department of Water Resources,NA,624,Bureau of Reclamation,NA,NA,35893,19S24E31K001M,NA,Unknown,Unknown,5-022.11,Kaweah,Tulare,NA,Unknown,Unknown,NA,1952-11-06 - 2010-10-13,72,fall,58.7,153.7,NA,NA,1981,18030012,Below Normal,Below Normal,1980-10-01T00:00:00Z,1981-10-01T00:00:00Z,-119.407,36.2325
362325N1194074W001,922589,1981-01-26T00:00:00Z,274.72,274.42,0,74,200.72,74,73.7,NA,Unknown,Water level accuracy is unknown,1,Department of Water Resources,NA,5155,Kaweah Delta Water Conservation District,NA,NA,35893,19S24E31K001M,NA,Unknown,Unknown,5-022.11,Kaweah,Tulare,NA,Unknown,Unknown,NA,1952-11-06 - 2010-10-13,72,other,NA,NA,NA,NA,1981,18030012,Below Normal,Below Normal,1980-10-01T00:00:00Z,1981-10-01T00:00:00Z,-119.407,36.2325
362325N1194074W001,922588,1980-09-23T00:00:00Z,274.72,274.42,0,82,192.72,82,81.7,NA,Unknown,Water level accuracy is unknown,1,Department of Water Resources,NA,5155,Kaweah Delta Water Conservation District,NA,NA,35893,19S24E31K001M,NA,Unknown,Unknown,5-022.11,Kaweah,Tulare,NA,Unknown,Unknown,NA,1952-11-06 - 2010-10-13,72,fall,58.7,153.7,NA,NA,1980,18030012,Wet,Wet,1979-10-01T00:00:00Z,1980-10-01T00:00:00Z,-119.407,36.2325
362325N1194074W001,922587,1980-01-24T00:00:00Z,274.72,274.42,0,88,186.72,88,87.7,NA,Unknown,Water level accuracy is unknown,1,Department of Water Resources,NA,5155,Kaweah Delta Water Conservation District,NA,NA,35893,19S24E31K001M,NA,Unknown,Unknown,5-022.11,Kaweah,Tulare,NA,Unknown,Unknown,NA,1952-11-06 - 2010-10-13,72,other,NA,NA,NA,NA,1980,18030012,Wet,Wet,1979-10-01T00:00:00Z,1980-10-01T00:00:00Z,-119.407,36.2325
362325N1194074W001,922586,1979-09-26T00:00:00Z,274.72,274.42,0,98,176.72,98,97.7,NA,Unknown,Water level accuracy is unknown,1,Department of Water Resources,NA,5155,Kaweah Delta Water Conservation District,NA,NA,35893,19S24E31K001M,NA,Unknown,Unknown,5-022.11,Kaweah,Tulare,NA,Unknown,Unknown,NA,1952-11-06 - 2010-10-13,72,fall,58.7,153.7,NA,NA,1979,18030012,Wet,Wet,1978-10-01T00:00:00Z,1979-10-01T00:00:00Z,-119.407,36.2325
362325N1194074W001,922585,1979-01-26T00:00:00Z,274.72,274.42,0,87,187.72,87,86.7,NA,Unknown,Water level accuracy is unknown,1,Department of Water Resources,NA,5155,Kaweah Delta Water Conservation District,NA,NA,35893,19S24E31K001M,NA,Unknown,Unknown,5-022.11,Kaweah,Tulare,NA,Unknown,Unknown,NA,1952-11-06 - 2010-10-13,72,other,NA,NA,NA,NA,1979,18030012,Wet,Wet,1978-10-01T00:00:00Z,1979-10-01T00:00:00Z,-119.407,36.2325
362325N1194074W001,922584,1978-10-20T00:00:00Z,274.72,274.42,0,104,170.72,104,103.7,NA,Unknown,Water level accuracy is unknown,1,Department of Water Resources,NA,5155,Kaweah Delta Water Conservation District,NA,NA,35893,19S24E31K001M,NA,Unknown,Unknown,5-022.11,Kaweah,Tulare,NA,Unknown,Unknown,NA,1952-11-06 - 2010-10-13,72,fall,58.7,153.7,NA,NA,1979,18030012,Wet,Wet,1978-10-01T00:00:00Z,1979-10-01T00:00:00Z,-119.407,36.2325
362325N1194074W001,922583,1978-01-31T00:00:00Z,274.72,274.42,0,112,162.72,112,111.7,NA,Unknown,Water level accuracy is unknown,1,Department of Water Resources,NA,5155,Kaweah Delta Water Conservation District,NA,NA,35893,19S24E31K001M,NA,Unknown,Unknown,5-022.11,Kaweah,Tulare,NA,Unknown,Unknown,NA,1952-11-06 - 2010-10-13,72,other,NA,NA,NA,NA,1978,18030012,Wet,Wet,1977-10-01T00:00:00Z,1978-10-01T00:00:00Z,-119.407,36.2325
362325N1194074W001,922582,1977-10-10T00:00:00Z,274.72,274.42,0,106,168.72,106,105.7,NA,Unknown,Water level accuracy is unknown,1,Department of Water Resources,NA,5155,Kaweah Delta Water Conservation District,NA,NA,35893,19S24E31K001M,NA,Unknown,Unknown,5-022.11,Kaweah,Tulare,NA,Unknown,Unknown,NA,1952-11-06 - 2010-10-13,72,fall,58.7,153.7,NA,NA,1978,18030012,Wet,Wet,1977-10-01T00:00:00Z,1978-10-01T00:00:00Z,-119.407,36.2325
362325N1194074W001,922581,1977-08-10T00:00:00Z,274.72,274.42,0,104,170.72,104,103.7,NA,Unknown,Water level accuracy is unknown,1,Department of Water Resources,NA,5155,Kaweah Delta Water Conservation District,NA,NA,35893,19S24E31K001M,NA,Unknown,Unknown,5-022.11,Kaweah,Tulare,NA,Unknown,Unknown,NA,1952-11-06 - 2010-10-13,72,fall,58.7,153.7,NA,NA,1977,18030012,Dry,Dry,1976-10-01T00:00:00Z,1977-10-01T00:00:00Z,-119.407,36.2325
362325N1194074W001,922580,1977-06-06T00:00:00Z,274.72,274.42,0,98,176.72,98,97.7,NA,Unknown,Water level accuracy is unknown,1,Department of Water Resources,NA,5155,Kaweah Delta Water Conservation District,NA,NA,35893,19S24E31K001M,NA,Unknown,Unknown,5-022.11,Kaweah,Tulare,NA,Unknown,Unknown,NA,1952-11-06 - 2010-10-13,72,other,NA,NA,NA,NA,1977,18030012,Dry,Dry,1976-10-01T00:00:00Z,1977-10-01T00:00:00Z,-119.407,36.2325
362325N1194074W001,922579,1977-01-26T00:00:00Z,274.72,274.42,0,94,180.72,94,93.7,NA,Unknown,Water level accuracy is unknown,1,Department of Water Resources,NA,5155,Kaweah Delta Water Conservation District,NA,NA,35893,19S24E31K001M,NA,Unknown,Unknown,5-022.11,Kaweah,Tulare,NA,Unknown,Unknown,NA,1952-11-06 - 2010-10-13,72,other,NA,NA,NA,NA,1977,18030012,Dry,Dry,1976-10-01T00:00:00Z,1977-10-01T00:00:00Z,-119.407,36.2325
362325N1194074W001,922578,1976-10-08T00:00:00Z,274.72,274.42,0,95,179.72,95,94.7,NA,Unknown,Water level accuracy is unknown,1,Department of Water Resources,NA,5155,Kaweah Delta Water Conservation District,NA,NA,35893,19S24E31K001M,NA,Unknown,Unknown,5-022.11,Kaweah,Tulare,NA,Unknown,Unknown,NA,1952-11-06 - 2010-10-13,72,fall,58.7,153.7,NA,NA,1977,18030012,Dry,Dry,1976-10-01T00:00:00Z,1977-10-01T00:00:00Z,-119.407,36.2325
362325N1194074W001,922577,1976-07-27T00:00:00Z,274.72,274.42,0,88,186.72,88,87.7,NA,Unknown,Water level accuracy is unknown,1,Department of Water Resources,NA,5155,Kaweah Delta Water Conservation District,NA,NA,35893,19S24E31K001M,NA,Unknown,Unknown,5-022.11,Kaweah,Tulare,NA,Unknown,Unknown,NA,1952-11-06 - 2010-10-13,72,other,NA,NA,NA,NA,1976,18030012,Above Normal,Above Normal,1975-10-01T00:00:00Z,1976-10-01T00:00:00Z,-119.407,36.2325
362325N1194074W001,922576,1976-02-02T00:00:00Z,274.72,274.42,0,80,194.72,80,79.7,NA,Unknown,Water level accuracy is unknown,1,Department of Water Resources,NA,5155,Kaweah Delta Water Conservation District,NA,NA,35893,19S24E31K001M,NA,Unknown,Unknown,5-022.11,Kaweah,Tulare,NA,Unknown,Unknown,NA,1952-11-06 - 2010-10-13,72,other,NA,NA,NA,NA,1976,18030012,Above Normal,Above Normal,1975-10-01T00:00:00Z,1976-10-01T00:00:00Z,-119.407,36.2325
362325N1194074W001,922575,1975-10-08T00:00:00Z,274.72,274.42,0,88,186.72,88,87.7,NA,Unknown,Water level accuracy is unknown,1,Department of Water Resources,NA,5155,Kaweah Delta Water Conservation District,NA,NA,35893,19S24E31K001M,NA,Unknown,Unknown,5-022.11,Kaweah,Tulare,NA,Unknown,Unknown,NA,1952-11-06 - 2010-10-13,72,fall,58.7,153.7,NA,NA,1976,18030012,Above Normal,Above Normal,1975-10-01T00:00:00Z,1976-10-01T00:00:00Z,-119.407,36.2325
362325N1194074W001,922574,1975-02-24T00:00:00Z,274.72,274.42,NA,NA,NA,NA,NA,Tape hung up,NA,NA,1,Department of Water Resources,NA,5155,Kaweah Delta Water Conservation District,NA,NA,35893,19S24E31K001M,NA,Unknown,Unknown,5-022.11,Kaweah,Tulare,NA,Unknown,Unknown,NA,1952-11-06 - 2010-10-13,72,other,NA,NA,NA,NA,1975,18030012,Above Normal,Above Normal,1974-10-01T00:00:00Z,1975-10-01T00:00:00Z,-119.407,36.2325
362325N1194074W001,922573,1974-10-13T00:00:00Z,274.72,274.42,0,83,191.72,83,82.7,NA,Unknown,Water level accuracy is unknown,1,Department of Water Resources,NA,5155,Kaweah Delta Water Conservation District,NA,NA,35893,19S24E31K001M,NA,Unknown,Unknown,5-022.11,Kaweah,Tulare,NA,Unknown,Unknown,NA,1952-11-06 - 2010-10-13,72,fall,58.7,153.7,NA,NA,1975,18030012,Above Normal,Above Normal,1974-10-01T00:00:00Z,1975-10-01T00:00:00Z,-119.407,36.2325
362325N1194074W001,922572,1974-02-11T00:00:00Z,274.72,274.42,0,77,197.72,77,76.7,NA,Unknown,Water level accuracy is unknown,1,Department of Water Resources,NA,5155,Kaweah Delta Water Conservation District,NA,NA,35893,19S24E31K001M,NA,Unknown,Unknown,5-022.11,Kaweah,Tulare,NA,Unknown,Unknown,NA,1952-11-06 - 2010-10-13,72,other,NA,NA,NA,NA,1974,18030012,Wet,Wet,1973-10-01T00:00:00Z,1974-10-01T00:00:00Z,-119.407,36.2325
362325N1194074W001,922571,1973-02-05T00:00:00Z,274.72,274.42,0,92,182.72,92,91.7,NA,Unknown,Water level accuracy is unknown,1,Department of Water Resources,NA,5155,Kaweah Delta Water Conservation District,NA,NA,35893,19S24E31K001M,NA,Unknown,Unknown,5-022.11,Kaweah,Tulare,NA,Unknown,Unknown,NA,1952-11-06 - 2010-10-13,72,other,NA,NA,NA,NA,1973,18030012,Wet,Wet,1972-10-01T00:00:00Z,1973-10-01T00:00:00Z,-119.407,36.2325
362325N1194074W001,922570,1972-10-02T00:00:00Z,274.72,274.42,NA,NA,NA,NA,NA,Pumping,NA,NA,1,Department of Water Resources,NA,5155,Kaweah Delta Water Conservation District,NA,NA,35893,19S24E31K001M,NA,Unknown,Unknown,5-022.11,Kaweah,Tulare,NA,Unknown,Unknown,NA,1952-11-06 - 2010-10-13,72,fall,58.7,153.7,NA,NA,1973,18030012,Wet,Wet,1972-10-01T00:00:00Z,1973-10-01T00:00:00Z,-119.407,36.2325
362325N1194074W001,922569,1972-01-26T00:00:00Z,274.72,274.42,NA,NA,NA,NA,NA,Pumping,NA,NA,1,Department of Water Resources,NA,5155,Kaweah Delta Water Conservation District,NA,NA,35893,19S24E31K001M,NA,Unknown,Unknown,5-022.11,Kaweah,Tulare,NA,Unknown,Unknown,NA,1952-11-06 - 2010-10-13,72,other,NA,NA,NA,NA,1972,18030012,Critical,Critical,1971-10-01T00:00:00Z,1972-10-01T00:00:00Z,-119.407,36.2325
362325N1194074W001,922568,1969-09-26T00:00:00Z,274.72,274.42,0,88.3,186.42,88.3,88,NA,Unknown,Water level accuracy is unknown,1,Department of Water Resources,NA,5155,Kaweah Delta Water Conservation District,NA,NA,35893,19S24E31K001M,NA,Unknown,Unknown,5-022.11,Kaweah,Tulare,NA,Unknown,Unknown,NA,1952-11-06 - 2010-10-13,72,fall,58.7,153.7,NA,NA,1969,18030012,Wet,Wet,1968-10-01T00:00:00Z,1969-10-01T00:00:00Z,-119.407,36.2325
362325N1194074W001,922567,1962-01-29T00:00:00Z,274.72,274.42,0,100.4,174.32,100.4,100.1,NA,Unknown,Water level accuracy is unknown,1,Department of Water Resources,NA,5155,Kaweah Delta Water Conservation District,NA,NA,35893,19S24E31K001M,NA,Unknown,Unknown,5-022.11,Kaweah,Tulare,NA,Unknown,Unknown,NA,1952-11-06 - 2010-10-13,72,other,NA,NA,NA,NA,1962,18030012,Above Normal,Above Normal,1961-10-01T00:00:00Z,1962-10-01T00:00:00Z,-119.407,36.2325
362325N1194074W001,922566,1961-04-05T00:00:00Z,274.72,274.42,0,104.6,170.12,104.6,104.3,NA,Unknown,Water level accuracy is unknown,1,Department of Water Resources,NA,5155,Kaweah Delta Water Conservation District,NA,NA,35893,19S24E31K001M,NA,Unknown,Unknown,5-022.11,Kaweah,Tulare,NA,Unknown,Unknown,NA,1952-11-06 - 2010-10-13,72,spring,NA,NA,104.3,104.3,1961,18030012,Critical,Critical,1960-10-01T00:00:00Z,1961-10-01T00:00:00Z,-119.407,36.2325
362325N1194074W001,922565,1952-11-06T00:00:00Z,274.72,274.42,0,83,191.72,83,82.7,NA,Unknown,Water level accuracy is unknown,1,Department of Water Resources,NA,5155,Kaweah Delta Water Conservation District,NA,NA,35893,19S24E31K001M,NA,Unknown,Unknown,5-022.11,Kaweah,Tulare,NA,Unknown,Unknown,NA,1952-11-06 - 2010-10-13,72,fall,58.7,153.7,NA,NA,1953,18030012,Above Normal,Above Normal,1952-10-01T00:00:00Z,1953-10-01T00:00:00Z,-119.407,36.2325
