SITE_CODE,WLM_ID,MSMT_DATE,WLM_RPE,WLM_GSE,RDNG_WS,RDNG_RP,WSE,RPE_WSE,GSE_WSE,WLM_QA_DESC,WLM_DESC,WLM_ACC_DESC,WLM_ORG_ID,WLM_ORG_NAME,MSMT_CMT,COOP_AGENCY_ORG_ID,COOP_ORG_NAME,TOP_PRF,BOT_PRF,STN_ID,SWN,WELL_NAME,WLM_METHOD,WLM_ACC,BASIN_CODE,BASIN_NAME,COUNTY_NAME,WELL_DEPTH,WELL_USE,WELL_TYPE,WCR_NO,t_range,n_samples,season,fall_high,fall_low,spring_high,spring_low,water_year,HUC8,WYT,water_year_type,water_year_start,water_year_end,X,Y
362322N1194735W001,920421,1960-02-13T00:00:00Z,258.14,257.74,0,65.5,192.64,65.5,65.1,NA,Unknown,Water level accuracy is unknown,1,Department of Water Resources,NA,5030,Tulare Irrigation District,NA,NA,16620,19S23E34M001M,NA,Unknown,Unknown,5-022.11,Kaweah,Tulare,NA,Unknown,Unknown,NA,1947-03-04 - 1960-02-13,30,other,NA,NA,NA,NA,1960,18030012,Critical,Critical,1959-10-01T00:00:00Z,1960-10-01T00:00:00Z,-119.474,36.2322
362322N1194735W001,920420,1959-09-28T00:00:00Z,258.14,257.74,0,75.5,182.64,75.5,75.1,NA,Unknown,Water level accuracy is unknown,1,Department of Water Resources,NA,5030,Tulare Irrigation District,NA,NA,16620,19S23E34M001M,NA,Unknown,Unknown,5-022.11,Kaweah,Tulare,NA,Unknown,Unknown,NA,1947-03-04 - 1960-02-13,30,fall,64.1,92.4,NA,NA,1959,18030012,Below Normal,Below Normal,1958-10-01T00:00:00Z,1959-10-01T00:00:00Z,-119.474,36.2322
362322N1194735W001,920419,1959-02-13T00:00:00Z,258.14,257.74,0,65.5,192.64,65.5,65.1,NA,Unknown,Water level accuracy is unknown,1,Department of Water Resources,NA,5030,Tulare Irrigation District,NA,NA,16620,19S23E34M001M,NA,Unknown,Unknown,5-022.11,Kaweah,Tulare,NA,Unknown,Unknown,NA,1947-03-04 - 1960-02-13,30,other,NA,NA,NA,NA,1959,18030012,Below Normal,Below Normal,1958-10-01T00:00:00Z,1959-10-01T00:00:00Z,-119.474,36.2322
362322N1194735W001,920418,1958-09-29T00:00:00Z,258.14,257.74,0,65.7,192.44,65.7,65.3,NA,Unknown,Water level accuracy is unknown,1,Department of Water Resources,NA,5030,Tulare Irrigation District,NA,NA,16620,19S23E34M001M,NA,Unknown,Unknown,5-022.11,Kaweah,Tulare,NA,Unknown,Unknown,NA,1947-03-04 - 1960-02-13,30,fall,64.1,92.4,NA,NA,1958,18030012,Wet,Wet,1957-10-01T00:00:00Z,1958-10-01T00:00:00Z,-119.474,36.2322
362322N1194735W001,920417,1958-02-18T00:00:00Z,258.14,257.74,0,73.2,184.94,73.2,72.8,NA,Unknown,Water level accuracy is unknown,1,Department of Water Resources,NA,5030,Tulare Irrigation District,NA,NA,16620,19S23E34M001M,NA,Unknown,Unknown,5-022.11,Kaweah,Tulare,NA,Unknown,Unknown,NA,1947-03-04 - 1960-02-13,30,other,NA,NA,NA,NA,1958,18030012,Wet,Wet,1957-10-01T00:00:00Z,1958-10-01T00:00:00Z,-119.474,36.2322
362322N1194735W001,920416,1957-10-04T00:00:00Z,258.14,257.74,0,74.2,183.94,74.2,73.8,NA,Unknown,Water level accuracy is unknown,1,Department of Water Resources,NA,5030,Tulare Irrigation District,NA,NA,16620,19S23E34M001M,NA,Unknown,Unknown,5-022.11,Kaweah,Tulare,NA,Unknown,Unknown,NA,1947-03-04 - 1960-02-13,30,fall,64.1,92.4,NA,NA,1958,18030012,Wet,Wet,1957-10-01T00:00:00Z,1958-10-01T00:00:00Z,-119.474,36.2322
362322N1194735W001,920415,1957-02-19T00:00:00Z,258.14,257.74,0,69,189.14,69,68.6,NA,Unknown,Water level accuracy is unknown,1,Department of Water Resources,NA,5030,Tulare Irrigation District,NA,NA,16620,19S23E34M001M,NA,Unknown,Unknown,5-022.11,Kaweah,Tulare,NA,Unknown,Unknown,NA,1947-03-04 - 1960-02-13,30,other,NA,NA,NA,NA,1957,18030012,Below Normal,Below Normal,1956-10-01T00:00:00Z,1957-10-01T00:00:00Z,-119.474,36.2322
362322N1194735W001,920414,1956-10-30T00:00:00Z,258.14,257.74,0,70.3,187.84,70.3,69.9,NA,Unknown,Water level accuracy is unknown,1,Department of Water Resources,NA,5030,Tulare Irrigation District,NA,NA,16620,19S23E34M001M,NA,Unknown,Unknown,5-022.11,Kaweah,Tulare,NA,Unknown,Unknown,NA,1947-03-04 - 1960-02-13,30,fall,64.1,92.4,NA,NA,1957,18030012,Below Normal,Below Normal,1956-10-01T00:00:00Z,1957-10-01T00:00:00Z,-119.474,36.2322
362322N1194735W001,920413,1955-09-03T00:00:00Z,258.14,257.74,0,87.5,170.64,87.5,87.1,NA,Unknown,Water level accuracy is unknown,1,Department of Water Resources,NA,5030,Tulare Irrigation District,NA,NA,16620,19S23E34M001M,NA,Unknown,Unknown,5-022.11,Kaweah,Tulare,NA,Unknown,Unknown,NA,1947-03-04 - 1960-02-13,30,fall,64.1,92.4,NA,NA,1955,18030012,Below Normal,Below Normal,1954-10-01T00:00:00Z,1955-10-01T00:00:00Z,-119.474,36.2322
362322N1194735W001,920412,1955-02-14T00:00:00Z,258.14,257.74,0,83.7,174.44,83.7,83.3,NA,Unknown,Water level accuracy is unknown,1,Department of Water Resources,NA,5030,Tulare Irrigation District,NA,NA,16620,19S23E34M001M,NA,Unknown,Unknown,5-022.11,Kaweah,Tulare,NA,Unknown,Unknown,NA,1947-03-04 - 1960-02-13,30,other,NA,NA,NA,NA,1955,18030012,Below Normal,Below Normal,1954-10-01T00:00:00Z,1955-10-01T00:00:00Z,-119.474,36.2322
362322N1194735W001,920411,1954-10-01T00:00:00Z,258.14,257.74,0,83.5,174.64,83.5,83.1,NA,Unknown,Water level accuracy is unknown,1,Department of Water Resources,NA,5030,Tulare Irrigation District,NA,NA,16620,19S23E34M001M,NA,Unknown,Unknown,5-022.11,Kaweah,Tulare,NA,Unknown,Unknown,NA,1947-03-04 - 1960-02-13,30,fall,64.1,92.4,NA,NA,1955,18030012,Below Normal,Below Normal,1954-10-01T00:00:00Z,1955-10-01T00:00:00Z,-119.474,36.2322
362322N1194735W001,920410,1954-05-11T00:00:00Z,258.14,257.74,0,82.6,175.54,82.6,82.2,NA,Unknown,Water level accuracy is unknown,1,Department of Water Resources,NA,5030,Tulare Irrigation District,NA,NA,16620,19S23E34M001M,NA,Unknown,Unknown,5-022.11,Kaweah,Tulare,NA,Unknown,Unknown,NA,1947-03-04 - 1960-02-13,30,spring,NA,NA,55.3,82.2,1954,18030012,Below Normal,Below Normal,1953-10-01T00:00:00Z,1954-10-01T00:00:00Z,-119.474,36.2322
362322N1194735W001,920409,1954-02-24T00:00:00Z,258.14,257.74,0,80.9,177.24,80.9,80.5,NA,Unknown,Water level accuracy is unknown,1,Department of Water Resources,NA,5030,Tulare Irrigation District,NA,NA,16620,19S23E34M001M,NA,Unknown,Unknown,5-022.11,Kaweah,Tulare,NA,Unknown,Unknown,NA,1947-03-04 - 1960-02-13,30,other,NA,NA,NA,NA,1954,18030012,Below Normal,Below Normal,1953-10-01T00:00:00Z,1954-10-01T00:00:00Z,-119.474,36.2322
362322N1194735W001,920408,1954-01-18T00:00:00Z,258.14,257.74,0,80,178.14,80,79.6,NA,Unknown,Water level accuracy is unknown,1,Department of Water Resources,NA,5030,Tulare Irrigation District,NA,NA,16620,19S23E34M001M,NA,Unknown,Unknown,5-022.11,Kaweah,Tulare,NA,Unknown,Unknown,NA,1947-03-04 - 1960-02-13,30,other,NA,NA,NA,NA,1954,18030012,Below Normal,Below Normal,1953-10-01T00:00:00Z,1954-10-01T00:00:00Z,-119.474,36.2322
362322N1194735W001,920407,1953-10-05T00:00:00Z,258.14,257.74,0,80.5,177.64,80.5,80.1,NA,Unknown,Water level accuracy is unknown,1,Department of Water Resources,NA,5030,Tulare Irrigation District,NA,NA,16620,19S23E34M001M,NA,Unknown,Unknown,5-022.11,Kaweah,Tulare,NA,Unknown,Unknown,NA,1947-03-04 - 1960-02-13,30,fall,64.1,92.4,NA,NA,1954,18030012,Below Normal,Below Normal,1953-10-01T00:00:00Z,1954-10-01T00:00:00Z,-119.474,36.2322
362322N1194735W001,920406,1953-02-20T00:00:00Z,258.14,257.74,0,75.6,182.54,75.6,75.2,NA,Unknown,Water level accuracy is unknown,1,Department of Water Resources,NA,5030,Tulare Irrigation District,NA,NA,16620,19S23E34M001M,NA,Unknown,Unknown,5-022.11,Kaweah,Tulare,NA,Unknown,Unknown,NA,1947-03-04 - 1960-02-13,30,other,NA,NA,NA,NA,1953,18030012,Above Normal,Above Normal,1952-10-01T00:00:00Z,1953-10-01T00:00:00Z,-119.474,36.2322
362322N1194735W001,920405,1952-09-15T00:00:00Z,258.14,257.74,0,66,192.14,66,65.6,NA,Unknown,Water level accuracy is unknown,1,Department of Water Resources,NA,5030,Tulare Irrigation District,NA,NA,16620,19S23E34M001M,NA,Unknown,Unknown,5-022.11,Kaweah,Tulare,NA,Unknown,Unknown,NA,1947-03-04 - 1960-02-13,30,fall,64.1,92.4,NA,NA,1952,18030012,Wet,Wet,1951-10-01T00:00:00Z,1952-10-01T00:00:00Z,-119.474,36.2322
362322N1194735W001,920404,1952-02-18T00:00:00Z,258.14,257.74,0,90,168.14,90,89.6,NA,Unknown,Water level accuracy is unknown,1,Department of Water Resources,NA,5030,Tulare Irrigation District,NA,NA,16620,19S23E34M001M,NA,Unknown,Unknown,5-022.11,Kaweah,Tulare,NA,Unknown,Unknown,NA,1947-03-04 - 1960-02-13,30,other,NA,NA,NA,NA,1952,18030012,Wet,Wet,1951-10-01T00:00:00Z,1952-10-01T00:00:00Z,-119.474,36.2322
362322N1194735W001,920403,1951-10-11T00:00:00Z,258.14,257.74,0,92.8,165.34,92.8,92.4,NA,Unknown,Water level accuracy is unknown,1,Department of Water Resources,NA,5030,Tulare Irrigation District,NA,NA,16620,19S23E34M001M,NA,Unknown,Unknown,5-022.11,Kaweah,Tulare,NA,Unknown,Unknown,NA,1947-03-04 - 1960-02-13,30,fall,64.1,92.4,NA,NA,1952,18030012,Wet,Wet,1951-10-01T00:00:00Z,1952-10-01T00:00:00Z,-119.474,36.2322
362322N1194735W001,920402,1951-02-05T00:00:00Z,258.14,257.74,0,83.7,174.44,83.7,83.3,NA,Unknown,Water level accuracy is unknown,1,Department of Water Resources,NA,5030,Tulare Irrigation District,NA,NA,16620,19S23E34M001M,NA,Unknown,Unknown,5-022.11,Kaweah,Tulare,NA,Unknown,Unknown,NA,1947-03-04 - 1960-02-13,30,other,NA,NA,NA,NA,1951,18030012,Critical,Critical,1950-10-01T00:00:00Z,1951-10-01T00:00:00Z,-119.474,36.2322
362322N1194735W001,920401,1950-12-29T00:00:00Z,258.14,257.74,0,87.2,170.94,87.2,86.8,NA,Unknown,Water level accuracy is unknown,1,Department of Water Resources,NA,5030,Tulare Irrigation District,NA,NA,16620,19S23E34M001M,NA,Unknown,Unknown,5-022.11,Kaweah,Tulare,NA,Unknown,Unknown,NA,1947-03-04 - 1960-02-13,30,other,NA,NA,NA,NA,1951,18030012,Critical,Critical,1950-10-01T00:00:00Z,1951-10-01T00:00:00Z,-119.474,36.2322
362322N1194735W001,920400,1950-10-16T00:00:00Z,258.14,257.74,0,88.9,169.24,88.9,88.5,NA,Unknown,Water level accuracy is unknown,1,Department of Water Resources,NA,5030,Tulare Irrigation District,NA,NA,16620,19S23E34M001M,NA,Unknown,Unknown,5-022.11,Kaweah,Tulare,NA,Unknown,Unknown,NA,1947-03-04 - 1960-02-13,30,fall,64.1,92.4,NA,NA,1951,18030012,Critical,Critical,1950-10-01T00:00:00Z,1951-10-01T00:00:00Z,-119.474,36.2322
362322N1194735W001,920399,1950-02-15T00:00:00Z,258.14,257.74,0,81.1,177.04,81.1,80.7,NA,Unknown,Water level accuracy is unknown,1,Department of Water Resources,NA,5030,Tulare Irrigation District,NA,NA,16620,19S23E34M001M,NA,Unknown,Unknown,5-022.11,Kaweah,Tulare,NA,Unknown,Unknown,NA,1947-03-04 - 1960-02-13,30,other,NA,NA,NA,NA,1950,18030012,Dry,Dry,1949-10-01T00:00:00Z,1950-10-01T00:00:00Z,-119.474,36.2322
362322N1194735W001,920398,1949-10-06T00:00:00Z,258.14,257.74,0,82.6,175.54,82.6,82.2,NA,Unknown,Water level accuracy is unknown,1,Department of Water Resources,NA,5030,Tulare Irrigation District,NA,NA,16620,19S23E34M001M,NA,Unknown,Unknown,5-022.11,Kaweah,Tulare,NA,Unknown,Unknown,NA,1947-03-04 - 1960-02-13,30,fall,64.1,92.4,NA,NA,1950,18030012,Dry,Dry,1949-10-01T00:00:00Z,1950-10-01T00:00:00Z,-119.474,36.2322
362322N1194735W001,920397,1949-02-16T00:00:00Z,258.14,257.74,0,73.5,184.64,73.5,73.1,NA,Unknown,Water level accuracy is unknown,1,Department of Water Resources,NA,5030,Tulare Irrigation District,NA,NA,16620,19S23E34M001M,NA,Unknown,Unknown,5-022.11,Kaweah,Tulare,NA,Unknown,Unknown,NA,1947-03-04 - 1960-02-13,30,other,NA,NA,NA,NA,1949,18030012,Critical,Critical,1948-10-01T00:00:00Z,1949-10-01T00:00:00Z,-119.474,36.2322
362322N1194735W001,920396,1948-09-14T00:00:00Z,258.14,257.74,0,72.6,185.54,72.6,72.2,NA,Unknown,Water level accuracy is unknown,1,Department of Water Resources,NA,5030,Tulare Irrigation District,NA,NA,16620,19S23E34M001M,NA,Unknown,Unknown,5-022.11,Kaweah,Tulare,NA,Unknown,Unknown,NA,1947-03-04 - 1960-02-13,30,fall,64.1,92.4,NA,NA,1948,18030012,Critical,Critical,1947-10-01T00:00:00Z,1948-10-01T00:00:00Z,-119.474,36.2322
362322N1194735W001,920395,1948-04-01T00:00:00Z,258.14,257.74,0,65.5,192.64,65.5,65.1,NA,Unknown,Water level accuracy is unknown,1,Department of Water Resources,NA,5030,Tulare Irrigation District,NA,NA,16620,19S23E34M001M,NA,Unknown,Unknown,5-022.11,Kaweah,Tulare,NA,Unknown,Unknown,NA,1947-03-04 - 1960-02-13,30,spring,NA,NA,55.3,82.2,1948,18030012,Critical,Critical,1947-10-01T00:00:00Z,1948-10-01T00:00:00Z,-119.474,36.2322
362322N1194735W001,920394,1947-12-09T00:00:00Z,258.14,257.74,0,66,192.14,66,65.6,NA,Unknown,Water level accuracy is unknown,1,Department of Water Resources,NA,5030,Tulare Irrigation District,NA,NA,16620,19S23E34M001M,NA,Unknown,Unknown,5-022.11,Kaweah,Tulare,NA,Unknown,Unknown,NA,1947-03-04 - 1960-02-13,30,other,NA,NA,NA,NA,1948,18030012,Critical,Critical,1947-10-01T00:00:00Z,1948-10-01T00:00:00Z,-119.474,36.2322
362322N1194735W001,920393,1947-10-16T00:00:00Z,258.14,257.74,0,64.5,193.64,64.5,64.1,NA,Unknown,Water level accuracy is unknown,1,Department of Water Resources,NA,5030,Tulare Irrigation District,NA,NA,16620,19S23E34M001M,NA,Unknown,Unknown,5-022.11,Kaweah,Tulare,NA,Unknown,Unknown,NA,1947-03-04 - 1960-02-13,30,fall,64.1,92.4,NA,NA,1948,18030012,Critical,Critical,1947-10-01T00:00:00Z,1948-10-01T00:00:00Z,-119.474,36.2322
362322N1194735W001,920392,1947-03-04T00:00:00Z,258.14,257.74,0,55.7,202.44,55.7,55.3,NA,Unknown,Water level accuracy is unknown,1,Department of Water Resources,NA,5030,Tulare Irrigation District,NA,NA,16620,19S23E34M001M,NA,Unknown,Unknown,5-022.11,Kaweah,Tulare,NA,Unknown,Unknown,NA,1947-03-04 - 1960-02-13,30,spring,NA,NA,55.3,82.2,1947,18030012,Dry,Dry,1946-10-01T00:00:00Z,1947-10-01T00:00:00Z,-119.474,36.2322
