SITE_CODE,WLM_ID,MSMT_DATE,WLM_RPE,WLM_GSE,RDNG_WS,RDNG_RP,WSE,RPE_WSE,GSE_WSE,WLM_QA_DESC,WLM_DESC,WLM_ACC_DESC,WLM_ORG_ID,WLM_ORG_NAME,MSMT_CMT,COOP_AGENCY_ORG_ID,COOP_ORG_NAME,TOP_PRF,BOT_PRF,STN_ID,SWN,WELL_NAME,WLM_METHOD,WLM_ACC,BASIN_CODE,BASIN_NAME,COUNTY_NAME,WELL_DEPTH,WELL_USE,WELL_TYPE,WCR_NO,t_range,n_samples,season,fall_high,fall_low,spring_high,spring_low,water_year,HUC8,WYT,water_year_type,water_year_start,water_year_end,X,Y
362365N1193451W001,2660006,2020-02-15T12:00:00Z,293,293,0,177,116,177,177,NA,Unknown,Water level accuracy is unknown,5317,Mid-Kaweah GSA,NA,5317,Mid-Kaweah GSA,320,720,54639,19S24E35E001M,KSB-1628,Unknown,Unknown,5-022.11,Kaweah,Tulare,720,Unknown,Single Well,NA,1993-07-15 00:00:00 - 2020-02-15 12:00:00,108,other,NA,NA,NA,NA,2020,NA,NA,NA,2019-10-01T00:00:00Z,2020-10-01T00:00:00Z,-119.345,36.2365
362365N1193451W001,2660038,2019-10-15T12:00:00Z,293,293,0,202,91,202,202,NA,Unknown,Water level accuracy is unknown,5317,Mid-Kaweah GSA,NA,5317,Mid-Kaweah GSA,320,720,54639,19S24E35E001M,KSB-1628,Unknown,Unknown,5-022.11,Kaweah,Tulare,720,Unknown,Single Well,NA,1993-07-15 00:00:00 - 2020-02-15 12:00:00,108,fall,85,219.1,NA,NA,2020,NA,NA,NA,2019-10-01T00:00:00Z,2020-10-01T00:00:00Z,-119.345,36.2365
362365N1193451W001,2619921,2019-03-15T12:00:00Z,293,293,0,103,190,103,103,NA,Unknown,Water level accuracy is unknown,5317,Mid-Kaweah GSA,NA,5317,Mid-Kaweah GSA,320,720,54639,19S24E35E001M,KSB-1628,Unknown,Unknown,5-022.11,Kaweah,Tulare,720,Unknown,Single Well,NA,1993-07-15 00:00:00 - 2020-02-15 12:00:00,108,spring,NA,NA,103,145,2019,NA,NA,NA,2018-10-01T00:00:00Z,2019-10-01T00:00:00Z,-119.345,36.2365
362365N1193451W001,2619874,2018-10-15T12:00:00Z,293,293,0,85,208,85,85,NA,Unknown,Water level accuracy is unknown,5317,Mid-Kaweah GSA,NA,5317,Mid-Kaweah GSA,320,720,54639,19S24E35E001M,KSB-1628,Unknown,Unknown,5-022.11,Kaweah,Tulare,720,Unknown,Single Well,NA,1993-07-15 00:00:00 - 2020-02-15 12:00:00,108,fall,85,219.1,NA,NA,2019,NA,NA,NA,2018-10-01T00:00:00Z,2019-10-01T00:00:00Z,-119.345,36.2365
362365N1193451W001,2512835,2018-02-15T00:00:00Z,293,293,0,189,104,189,189,NA,Unknown,Water level accuracy to nearest tenth of a foot,5317,Mid-Kaweah GSA,NA,5317,Mid-Kaweah GSA,320,720,54639,19S24E35E001M,KSB-1628,Unknown,Unknown,5-022.11,Kaweah,Tulare,720,Unknown,Single Well,NA,1993-07-15 00:00:00 - 2020-02-15 12:00:00,108,other,NA,NA,NA,NA,2018,18030012,Below Normal,Below Normal,2017-10-01T00:00:00Z,2018-10-01T00:00:00Z,-119.345,36.2365
362365N1193451W001,2512834,2017-10-15T00:00:00Z,293,293,0,201,92,201,201,NA,Unknown,Water level accuracy to nearest tenth of a foot,5317,Mid-Kaweah GSA,NA,5317,Mid-Kaweah GSA,320,720,54639,19S24E35E001M,KSB-1628,Unknown,Unknown,5-022.11,Kaweah,Tulare,720,Unknown,Single Well,NA,1993-07-15 00:00:00 - 2020-02-15 12:00:00,108,fall,85,219.1,NA,NA,2018,18030012,Below Normal,Below Normal,2017-10-01T00:00:00Z,2018-10-01T00:00:00Z,-119.345,36.2365
362365N1193451W001,2512833,2017-02-15T00:00:00Z,293,293,0,194,99,194,194,NA,Unknown,Water level accuracy to nearest tenth of a foot,5317,Mid-Kaweah GSA,NA,5317,Mid-Kaweah GSA,320,720,54639,19S24E35E001M,KSB-1628,Unknown,Unknown,5-022.11,Kaweah,Tulare,720,Unknown,Single Well,NA,1993-07-15 00:00:00 - 2020-02-15 12:00:00,108,other,NA,NA,NA,NA,2017,18030012,Wet,Wet,2016-10-01T00:00:00Z,2017-10-01T00:00:00Z,-119.345,36.2365
362365N1193451W001,2512832,2016-10-15T00:00:00Z,293,293,0,211,82,211,211,NA,Unknown,Water level accuracy to nearest tenth of a foot,5317,Mid-Kaweah GSA,NA,5317,Mid-Kaweah GSA,320,720,54639,19S24E35E001M,KSB-1628,Unknown,Unknown,5-022.11,Kaweah,Tulare,720,Unknown,Single Well,NA,1993-07-15 00:00:00 - 2020-02-15 12:00:00,108,fall,85,219.1,NA,NA,2017,18030012,Wet,Wet,2016-10-01T00:00:00Z,2017-10-01T00:00:00Z,-119.345,36.2365
362365N1193451W001,2512831,2016-02-15T00:00:00Z,293,293,0,180,113,180,180,NA,Unknown,Water level accuracy to nearest tenth of a foot,5317,Mid-Kaweah GSA,NA,5317,Mid-Kaweah GSA,320,720,54639,19S24E35E001M,KSB-1628,Unknown,Unknown,5-022.11,Kaweah,Tulare,720,Unknown,Single Well,NA,1993-07-15 00:00:00 - 2020-02-15 12:00:00,108,other,NA,NA,NA,NA,2016,18030012,Below Normal,Below Normal,2015-10-01T00:00:00Z,2016-10-01T00:00:00Z,-119.345,36.2365
362365N1193451W001,2512830,2015-10-15T00:00:00Z,293,293,0,211,82,211,211,NA,Unknown,Water level accuracy to nearest tenth of a foot,5317,Mid-Kaweah GSA,NA,5317,Mid-Kaweah GSA,320,720,54639,19S24E35E001M,KSB-1628,Unknown,Unknown,5-022.11,Kaweah,Tulare,720,Unknown,Single Well,NA,1993-07-15 00:00:00 - 2020-02-15 12:00:00,108,fall,85,219.1,NA,NA,2016,18030012,Below Normal,Below Normal,2015-10-01T00:00:00Z,2016-10-01T00:00:00Z,-119.345,36.2365
362365N1193451W001,2512829,2015-02-15T00:00:00Z,293,293,0,191,102,191,191,NA,Unknown,Water level accuracy to nearest tenth of a foot,5317,Mid-Kaweah GSA,NA,5317,Mid-Kaweah GSA,320,720,54639,19S24E35E001M,KSB-1628,Unknown,Unknown,5-022.11,Kaweah,Tulare,720,Unknown,Single Well,NA,1993-07-15 00:00:00 - 2020-02-15 12:00:00,108,other,NA,NA,NA,NA,2015,18030012,Critical,Critical,2014-10-01T00:00:00Z,2015-10-01T00:00:00Z,-119.345,36.2365
362365N1193451W001,2512828,2014-10-15T00:00:00Z,293,293,0,197.8,95.2,197.8,197.8,NA,Unknown,Water level accuracy to nearest tenth of a foot,5317,Mid-Kaweah GSA,NA,5317,Mid-Kaweah GSA,320,720,54639,19S24E35E001M,KSB-1628,Unknown,Unknown,5-022.11,Kaweah,Tulare,720,Unknown,Single Well,NA,1993-07-15 00:00:00 - 2020-02-15 12:00:00,108,fall,85,219.1,NA,NA,2015,18030012,Critical,Critical,2014-10-01T00:00:00Z,2015-10-01T00:00:00Z,-119.345,36.2365
362365N1193451W001,2512827,2014-02-15T00:00:00Z,293,293,0,189.9,103.1,189.9,189.9,NA,Unknown,Water level accuracy to nearest tenth of a foot,5317,Mid-Kaweah GSA,NA,5317,Mid-Kaweah GSA,320,720,54639,19S24E35E001M,KSB-1628,Unknown,Unknown,5-022.11,Kaweah,Tulare,720,Unknown,Single Well,NA,1993-07-15 00:00:00 - 2020-02-15 12:00:00,108,other,NA,NA,NA,NA,2014,18030012,Critical,Critical,2013-10-01T00:00:00Z,2014-10-01T00:00:00Z,-119.345,36.2365
362365N1193451W001,2512826,2013-10-15T00:00:00Z,293,293,0,219.1,73.9,219.1,219.1,NA,Unknown,Water level accuracy to nearest tenth of a foot,5317,Mid-Kaweah GSA,NA,5317,Mid-Kaweah GSA,320,720,54639,19S24E35E001M,KSB-1628,Unknown,Unknown,5-022.11,Kaweah,Tulare,720,Unknown,Single Well,NA,1993-07-15 00:00:00 - 2020-02-15 12:00:00,108,fall,85,219.1,NA,NA,2014,18030012,Critical,Critical,2013-10-01T00:00:00Z,2014-10-01T00:00:00Z,-119.345,36.2365
362365N1193451W001,2512825,2013-02-15T00:00:00Z,293,293,0,167.8,125.2,167.8,167.8,NA,Unknown,Water level accuracy to nearest tenth of a foot,5317,Mid-Kaweah GSA,NA,5317,Mid-Kaweah GSA,320,720,54639,19S24E35E001M,KSB-1628,Unknown,Unknown,5-022.11,Kaweah,Tulare,720,Unknown,Single Well,NA,1993-07-15 00:00:00 - 2020-02-15 12:00:00,108,other,NA,NA,NA,NA,2013,18030012,Critical,Critical,2012-10-01T00:00:00Z,2013-10-01T00:00:00Z,-119.345,36.2365
362365N1193451W001,2512824,2012-10-15T00:00:00Z,293,293,0,168.6,124.4,168.6,168.6,NA,Unknown,Water level accuracy to nearest tenth of a foot,5317,Mid-Kaweah GSA,NA,5317,Mid-Kaweah GSA,320,720,54639,19S24E35E001M,KSB-1628,Unknown,Unknown,5-022.11,Kaweah,Tulare,720,Unknown,Single Well,NA,1993-07-15 00:00:00 - 2020-02-15 12:00:00,108,fall,85,219.1,NA,NA,2013,18030012,Critical,Critical,2012-10-01T00:00:00Z,2013-10-01T00:00:00Z,-119.345,36.2365
362365N1193451W001,2512823,2012-02-15T00:00:00Z,293,293,0,167,126,167,167,NA,Unknown,Water level accuracy to nearest tenth of a foot,5317,Mid-Kaweah GSA,NA,5317,Mid-Kaweah GSA,320,720,54639,19S24E35E001M,KSB-1628,Unknown,Unknown,5-022.11,Kaweah,Tulare,720,Unknown,Single Well,NA,1993-07-15 00:00:00 - 2020-02-15 12:00:00,108,other,NA,NA,NA,NA,2012,18030012,Below Normal,Below Normal,2011-10-01T00:00:00Z,2012-10-01T00:00:00Z,-119.345,36.2365
362365N1193451W001,2512822,2011-10-15T00:00:00Z,293,293,0,172,121,172,172,NA,Unknown,Water level accuracy to nearest tenth of a foot,5317,Mid-Kaweah GSA,NA,5317,Mid-Kaweah GSA,320,720,54639,19S24E35E001M,KSB-1628,Unknown,Unknown,5-022.11,Kaweah,Tulare,720,Unknown,Single Well,NA,1993-07-15 00:00:00 - 2020-02-15 12:00:00,108,fall,85,219.1,NA,NA,2012,18030012,Below Normal,Below Normal,2011-10-01T00:00:00Z,2012-10-01T00:00:00Z,-119.345,36.2365
362365N1193451W001,2512821,2010-10-15T00:00:00Z,293,293,0,181.4,111.6,181.4,181.4,NA,Unknown,Water level accuracy to nearest tenth of a foot,5317,Mid-Kaweah GSA,NA,5317,Mid-Kaweah GSA,320,720,54639,19S24E35E001M,KSB-1628,Unknown,Unknown,5-022.11,Kaweah,Tulare,720,Unknown,Single Well,NA,1993-07-15 00:00:00 - 2020-02-15 12:00:00,108,fall,85,219.1,NA,NA,2011,18030012,Wet,Wet,2010-10-01T00:00:00Z,2011-10-01T00:00:00Z,-119.345,36.2365
362365N1193451W001,2512820,2010-02-15T00:00:00Z,293,293,0,151.7,141.3,151.7,151.7,NA,Unknown,Water level accuracy to nearest tenth of a foot,5317,Mid-Kaweah GSA,NA,5317,Mid-Kaweah GSA,320,720,54639,19S24E35E001M,KSB-1628,Unknown,Unknown,5-022.11,Kaweah,Tulare,720,Unknown,Single Well,NA,1993-07-15 00:00:00 - 2020-02-15 12:00:00,108,other,NA,NA,NA,NA,2010,18030012,Above Normal,Above Normal,2009-10-01T00:00:00Z,2010-10-01T00:00:00Z,-119.345,36.2365
362365N1193451W001,2512819,2009-10-15T00:00:00Z,293,293,0,156.1,136.9,156.1,156.1,NA,Unknown,Water level accuracy to nearest tenth of a foot,5317,Mid-Kaweah GSA,NA,5317,Mid-Kaweah GSA,320,720,54639,19S24E35E001M,KSB-1628,Unknown,Unknown,5-022.11,Kaweah,Tulare,720,Unknown,Single Well,NA,1993-07-15 00:00:00 - 2020-02-15 12:00:00,108,fall,85,219.1,NA,NA,2010,18030012,Above Normal,Above Normal,2009-10-01T00:00:00Z,2010-10-01T00:00:00Z,-119.345,36.2365
362365N1193451W001,2512818,2009-02-15T00:00:00Z,293,293,0,147.8,145.2,147.8,147.8,NA,Unknown,Water level accuracy to nearest tenth of a foot,5317,Mid-Kaweah GSA,NA,5317,Mid-Kaweah GSA,320,720,54639,19S24E35E001M,KSB-1628,Unknown,Unknown,5-022.11,Kaweah,Tulare,720,Unknown,Single Well,NA,1993-07-15 00:00:00 - 2020-02-15 12:00:00,108,other,NA,NA,NA,NA,2009,18030012,Critical,Critical,2008-10-01T00:00:00Z,2009-10-01T00:00:00Z,-119.345,36.2365
362365N1193451W001,2512817,2008-10-15T00:00:00Z,293,293,0,162.7,130.3,162.7,162.7,NA,Unknown,Water level accuracy to nearest tenth of a foot,5317,Mid-Kaweah GSA,NA,5317,Mid-Kaweah GSA,320,720,54639,19S24E35E001M,KSB-1628,Unknown,Unknown,5-022.11,Kaweah,Tulare,720,Unknown,Single Well,NA,1993-07-15 00:00:00 - 2020-02-15 12:00:00,108,fall,85,219.1,NA,NA,2009,18030012,Critical,Critical,2008-10-01T00:00:00Z,2009-10-01T00:00:00Z,-119.345,36.2365
362365N1193451W001,2512816,2008-02-15T00:00:00Z,293,293,0,133.2,159.8,133.2,133.2,NA,Unknown,Water level accuracy to nearest tenth of a foot,5317,Mid-Kaweah GSA,NA,5317,Mid-Kaweah GSA,320,720,54639,19S24E35E001M,KSB-1628,Unknown,Unknown,5-022.11,Kaweah,Tulare,720,Unknown,Single Well,NA,1993-07-15 00:00:00 - 2020-02-15 12:00:00,108,other,NA,NA,NA,NA,2008,18030012,Critical,Critical,2007-10-01T00:00:00Z,2008-10-01T00:00:00Z,-119.345,36.2365
362365N1193451W001,2512815,2007-10-15T00:00:00Z,293,293,0,130.4,162.6,130.4,130.4,NA,Unknown,Water level accuracy to nearest tenth of a foot,5317,Mid-Kaweah GSA,NA,5317,Mid-Kaweah GSA,320,720,54639,19S24E35E001M,KSB-1628,Unknown,Unknown,5-022.11,Kaweah,Tulare,720,Unknown,Single Well,NA,1993-07-15 00:00:00 - 2020-02-15 12:00:00,108,fall,85,219.1,NA,NA,2008,18030012,Critical,Critical,2007-10-01T00:00:00Z,2008-10-01T00:00:00Z,-119.345,36.2365
362365N1193451W001,2512814,2007-02-15T00:00:00Z,293,293,0,118.5,174.5,118.5,118.5,NA,Unknown,Water level accuracy to nearest tenth of a foot,5317,Mid-Kaweah GSA,NA,5317,Mid-Kaweah GSA,320,720,54639,19S24E35E001M,KSB-1628,Unknown,Unknown,5-022.11,Kaweah,Tulare,720,Unknown,Single Well,NA,1993-07-15 00:00:00 - 2020-02-15 12:00:00,108,other,NA,NA,NA,NA,2007,18030012,Critical,Critical,2006-10-01T00:00:00Z,2007-10-01T00:00:00Z,-119.345,36.2365
362365N1193451W001,2512813,2006-10-15T00:00:00Z,293,293,0,162.9,130.1,162.9,162.9,NA,Unknown,Water level accuracy to nearest tenth of a foot,5317,Mid-Kaweah GSA,NA,5317,Mid-Kaweah GSA,320,720,54639,19S24E35E001M,KSB-1628,Unknown,Unknown,5-022.11,Kaweah,Tulare,720,Unknown,Single Well,NA,1993-07-15 00:00:00 - 2020-02-15 12:00:00,108,fall,85,219.1,NA,NA,2007,18030012,Critical,Critical,2006-10-01T00:00:00Z,2007-10-01T00:00:00Z,-119.345,36.2365
362365N1193451W001,2512812,2006-02-15T00:00:00Z,293,293,0,123.1,169.9,123.1,123.1,NA,Unknown,Water level accuracy to nearest tenth of a foot,5317,Mid-Kaweah GSA,NA,5317,Mid-Kaweah GSA,320,720,54639,19S24E35E001M,KSB-1628,Unknown,Unknown,5-022.11,Kaweah,Tulare,720,Unknown,Single Well,NA,1993-07-15 00:00:00 - 2020-02-15 12:00:00,108,other,NA,NA,NA,NA,2006,18030012,Wet,Wet,2005-10-01T00:00:00Z,2006-10-01T00:00:00Z,-119.345,36.2365
362365N1193451W001,2512811,2005-10-15T00:00:00Z,293,293,0,130.3,162.7,130.3,130.3,NA,Unknown,Water level accuracy to nearest tenth of a foot,5317,Mid-Kaweah GSA,NA,5317,Mid-Kaweah GSA,320,720,54639,19S24E35E001M,KSB-1628,Unknown,Unknown,5-022.11,Kaweah,Tulare,720,Unknown,Single Well,NA,1993-07-15 00:00:00 - 2020-02-15 12:00:00,108,fall,85,219.1,NA,NA,2006,18030012,Wet,Wet,2005-10-01T00:00:00Z,2006-10-01T00:00:00Z,-119.345,36.2365
362365N1193451W001,2512810,2005-02-15T00:00:00Z,293,293,0,125.8,167.2,125.8,125.8,NA,Unknown,Water level accuracy to nearest tenth of a foot,5317,Mid-Kaweah GSA,NA,5317,Mid-Kaweah GSA,320,720,54639,19S24E35E001M,KSB-1628,Unknown,Unknown,5-022.11,Kaweah,Tulare,720,Unknown,Single Well,NA,1993-07-15 00:00:00 - 2020-02-15 12:00:00,108,other,NA,NA,NA,NA,2005,18030012,Wet,Wet,2004-10-01T00:00:00Z,2005-10-01T00:00:00Z,-119.345,36.2365
362365N1193451W001,2512809,2004-10-15T00:00:00Z,293,293,0,133.8,159.2,133.8,133.8,NA,Unknown,Water level accuracy to nearest tenth of a foot,5317,Mid-Kaweah GSA,NA,5317,Mid-Kaweah GSA,320,720,54639,19S24E35E001M,KSB-1628,Unknown,Unknown,5-022.11,Kaweah,Tulare,720,Unknown,Single Well,NA,1993-07-15 00:00:00 - 2020-02-15 12:00:00,108,fall,85,219.1,NA,NA,2005,18030012,Wet,Wet,2004-10-01T00:00:00Z,2005-10-01T00:00:00Z,-119.345,36.2365
362365N1193451W001,2512808,2004-02-15T00:00:00Z,293,293,0,126.1,166.9,126.1,126.1,NA,Unknown,Water level accuracy to nearest tenth of a foot,5317,Mid-Kaweah GSA,NA,5317,Mid-Kaweah GSA,320,720,54639,19S24E35E001M,KSB-1628,Unknown,Unknown,5-022.11,Kaweah,Tulare,720,Unknown,Single Well,NA,1993-07-15 00:00:00 - 2020-02-15 12:00:00,108,other,NA,NA,NA,NA,2004,18030012,Dry,Dry,2003-10-01T00:00:00Z,2004-10-01T00:00:00Z,-119.345,36.2365
362365N1193451W001,2512807,2003-10-15T00:00:00Z,293,293,0,147.6,145.4,147.6,147.6,NA,Unknown,Water level accuracy to nearest tenth of a foot,5317,Mid-Kaweah GSA,NA,5317,Mid-Kaweah GSA,320,720,54639,19S24E35E001M,KSB-1628,Unknown,Unknown,5-022.11,Kaweah,Tulare,720,Unknown,Single Well,NA,1993-07-15 00:00:00 - 2020-02-15 12:00:00,108,fall,85,219.1,NA,NA,2004,18030012,Dry,Dry,2003-10-01T00:00:00Z,2004-10-01T00:00:00Z,-119.345,36.2365
362365N1193451W001,2512806,2003-02-15T00:00:00Z,293,293,0,126.5,166.5,126.5,126.5,NA,Unknown,Water level accuracy to nearest tenth of a foot,5317,Mid-Kaweah GSA,NA,5317,Mid-Kaweah GSA,320,720,54639,19S24E35E001M,KSB-1628,Unknown,Unknown,5-022.11,Kaweah,Tulare,720,Unknown,Single Well,NA,1993-07-15 00:00:00 - 2020-02-15 12:00:00,108,other,NA,NA,NA,NA,2003,18030012,Dry,Dry,2002-10-01T00:00:00Z,2003-10-01T00:00:00Z,-119.345,36.2365
362365N1193451W001,2512805,2000-03-15T00:00:00Z,293,293,0,124,169,124,124,NA,Unknown,Water level accuracy to nearest tenth of a foot,5317,Mid-Kaweah GSA,NA,5317,Mid-Kaweah GSA,320,720,54639,19S24E35E001M,KSB-1628,Unknown,Unknown,5-022.11,Kaweah,Tulare,720,Unknown,Single Well,NA,1993-07-15 00:00:00 - 2020-02-15 12:00:00,108,spring,NA,NA,103,145,2000,18030012,Below Normal,Below Normal,1999-10-01T00:00:00Z,2000-10-01T00:00:00Z,-119.345,36.2365
362365N1193451W001,2512804,2000-02-15T00:00:00Z,293,293,0,119,174,119,119,NA,Unknown,Water level accuracy to nearest tenth of a foot,5317,Mid-Kaweah GSA,NA,5317,Mid-Kaweah GSA,320,720,54639,19S24E35E001M,KSB-1628,Unknown,Unknown,5-022.11,Kaweah,Tulare,720,Unknown,Single Well,NA,1993-07-15 00:00:00 - 2020-02-15 12:00:00,108,other,NA,NA,NA,NA,2000,18030012,Below Normal,Below Normal,1999-10-01T00:00:00Z,2000-10-01T00:00:00Z,-119.345,36.2365
362365N1193451W001,2512803,2000-01-15T00:00:00Z,293,293,0,116,177,116,116,NA,Unknown,Water level accuracy to nearest tenth of a foot,5317,Mid-Kaweah GSA,NA,5317,Mid-Kaweah GSA,320,720,54639,19S24E35E001M,KSB-1628,Unknown,Unknown,5-022.11,Kaweah,Tulare,720,Unknown,Single Well,NA,1993-07-15 00:00:00 - 2020-02-15 12:00:00,108,other,NA,NA,NA,NA,2000,18030012,Below Normal,Below Normal,1999-10-01T00:00:00Z,2000-10-01T00:00:00Z,-119.345,36.2365
362365N1193451W001,2512802,1999-12-15T00:00:00Z,293,293,0,119,174,119,119,NA,Unknown,Water level accuracy to nearest tenth of a foot,5317,Mid-Kaweah GSA,NA,5317,Mid-Kaweah GSA,320,720,54639,19S24E35E001M,KSB-1628,Unknown,Unknown,5-022.11,Kaweah,Tulare,720,Unknown,Single Well,NA,1993-07-15 00:00:00 - 2020-02-15 12:00:00,108,other,NA,NA,NA,NA,2000,18030012,Below Normal,Below Normal,1999-10-01T00:00:00Z,2000-10-01T00:00:00Z,-119.345,36.2365
362365N1193451W001,2512801,1999-11-15T00:00:00Z,293,293,0,129,164,129,129,NA,Unknown,Water level accuracy to nearest tenth of a foot,5317,Mid-Kaweah GSA,NA,5317,Mid-Kaweah GSA,320,720,54639,19S24E35E001M,KSB-1628,Unknown,Unknown,5-022.11,Kaweah,Tulare,720,Unknown,Single Well,NA,1993-07-15 00:00:00 - 2020-02-15 12:00:00,108,fall,85,219.1,NA,NA,2000,18030012,Below Normal,Below Normal,1999-10-01T00:00:00Z,2000-10-01T00:00:00Z,-119.345,36.2365
362365N1193451W001,2512800,1999-10-15T00:00:00Z,293,293,0,134,159,134,134,NA,Unknown,Water level accuracy to nearest tenth of a foot,5317,Mid-Kaweah GSA,NA,5317,Mid-Kaweah GSA,320,720,54639,19S24E35E001M,KSB-1628,Unknown,Unknown,5-022.11,Kaweah,Tulare,720,Unknown,Single Well,NA,1993-07-15 00:00:00 - 2020-02-15 12:00:00,108,fall,85,219.1,NA,NA,2000,18030012,Below Normal,Below Normal,1999-10-01T00:00:00Z,2000-10-01T00:00:00Z,-119.345,36.2365
362365N1193451W001,2512799,1999-09-15T00:00:00Z,293,293,0,136,157,136,136,NA,Unknown,Water level accuracy to nearest tenth of a foot,5317,Mid-Kaweah GSA,NA,5317,Mid-Kaweah GSA,320,720,54639,19S24E35E001M,KSB-1628,Unknown,Unknown,5-022.11,Kaweah,Tulare,720,Unknown,Single Well,NA,1993-07-15 00:00:00 - 2020-02-15 12:00:00,108,fall,85,219.1,NA,NA,1999,18030012,Wet,Wet,1998-10-01T00:00:00Z,1999-10-01T00:00:00Z,-119.345,36.2365
362365N1193451W001,2512798,1999-08-15T00:00:00Z,293,293,0,143,150,143,143,NA,Unknown,Water level accuracy to nearest tenth of a foot,5317,Mid-Kaweah GSA,NA,5317,Mid-Kaweah GSA,320,720,54639,19S24E35E001M,KSB-1628,Unknown,Unknown,5-022.11,Kaweah,Tulare,720,Unknown,Single Well,NA,1993-07-15 00:00:00 - 2020-02-15 12:00:00,108,fall,85,219.1,NA,NA,1999,18030012,Wet,Wet,1998-10-01T00:00:00Z,1999-10-01T00:00:00Z,-119.345,36.2365
362365N1193451W001,2512797,1999-07-15T00:00:00Z,293,293,0,139,154,139,139,NA,Unknown,Water level accuracy to nearest tenth of a foot,5317,Mid-Kaweah GSA,NA,5317,Mid-Kaweah GSA,320,720,54639,19S24E35E001M,KSB-1628,Unknown,Unknown,5-022.11,Kaweah,Tulare,720,Unknown,Single Well,NA,1993-07-15 00:00:00 - 2020-02-15 12:00:00,108,other,NA,NA,NA,NA,1999,18030012,Wet,Wet,1998-10-01T00:00:00Z,1999-10-01T00:00:00Z,-119.345,36.2365
362365N1193451W001,2512796,1999-06-15T00:00:00Z,293,293,0,134,159,134,134,NA,Unknown,Water level accuracy to nearest tenth of a foot,5317,Mid-Kaweah GSA,NA,5317,Mid-Kaweah GSA,320,720,54639,19S24E35E001M,KSB-1628,Unknown,Unknown,5-022.11,Kaweah,Tulare,720,Unknown,Single Well,NA,1993-07-15 00:00:00 - 2020-02-15 12:00:00,108,other,NA,NA,NA,NA,1999,18030012,Wet,Wet,1998-10-01T00:00:00Z,1999-10-01T00:00:00Z,-119.345,36.2365
362365N1193451W001,2512795,1999-05-15T00:00:00Z,293,293,0,126,167,126,126,NA,Unknown,Water level accuracy to nearest tenth of a foot,5317,Mid-Kaweah GSA,NA,5317,Mid-Kaweah GSA,320,720,54639,19S24E35E001M,KSB-1628,Unknown,Unknown,5-022.11,Kaweah,Tulare,720,Unknown,Single Well,NA,1993-07-15 00:00:00 - 2020-02-15 12:00:00,108,spring,NA,NA,103,145,1999,18030012,Wet,Wet,1998-10-01T00:00:00Z,1999-10-01T00:00:00Z,-119.345,36.2365
362365N1193451W001,2512794,1999-04-15T00:00:00Z,293,293,0,122,171,122,122,NA,Unknown,Water level accuracy to nearest tenth of a foot,5317,Mid-Kaweah GSA,NA,5317,Mid-Kaweah GSA,320,720,54639,19S24E35E001M,KSB-1628,Unknown,Unknown,5-022.11,Kaweah,Tulare,720,Unknown,Single Well,NA,1993-07-15 00:00:00 - 2020-02-15 12:00:00,108,spring,NA,NA,103,145,1999,18030012,Wet,Wet,1998-10-01T00:00:00Z,1999-10-01T00:00:00Z,-119.345,36.2365
362365N1193451W001,2512793,1999-03-15T00:00:00Z,293,293,0,120,173,120,120,NA,Unknown,Water level accuracy to nearest tenth of a foot,5317,Mid-Kaweah GSA,NA,5317,Mid-Kaweah GSA,320,720,54639,19S24E35E001M,KSB-1628,Unknown,Unknown,5-022.11,Kaweah,Tulare,720,Unknown,Single Well,NA,1993-07-15 00:00:00 - 2020-02-15 12:00:00,108,spring,NA,NA,103,145,1999,18030012,Wet,Wet,1998-10-01T00:00:00Z,1999-10-01T00:00:00Z,-119.345,36.2365
362365N1193451W001,2512792,1999-02-15T00:00:00Z,293,293,0,99,194,99,99,NA,Unknown,Water level accuracy to nearest tenth of a foot,5317,Mid-Kaweah GSA,NA,5317,Mid-Kaweah GSA,320,720,54639,19S24E35E001M,KSB-1628,Unknown,Unknown,5-022.11,Kaweah,Tulare,720,Unknown,Single Well,NA,1993-07-15 00:00:00 - 2020-02-15 12:00:00,108,other,NA,NA,NA,NA,1999,18030012,Wet,Wet,1998-10-01T00:00:00Z,1999-10-01T00:00:00Z,-119.345,36.2365
362365N1193451W001,2512791,1999-01-15T00:00:00Z,293,293,0,99,194,99,99,NA,Unknown,Water level accuracy to nearest tenth of a foot,5317,Mid-Kaweah GSA,NA,5317,Mid-Kaweah GSA,320,720,54639,19S24E35E001M,KSB-1628,Unknown,Unknown,5-022.11,Kaweah,Tulare,720,Unknown,Single Well,NA,1993-07-15 00:00:00 - 2020-02-15 12:00:00,108,other,NA,NA,NA,NA,1999,18030012,Wet,Wet,1998-10-01T00:00:00Z,1999-10-01T00:00:00Z,-119.345,36.2365
362365N1193451W001,2512790,1998-12-15T00:00:00Z,293,293,0,112,181,112,112,NA,Unknown,Water level accuracy to nearest tenth of a foot,5317,Mid-Kaweah GSA,NA,5317,Mid-Kaweah GSA,320,720,54639,19S24E35E001M,KSB-1628,Unknown,Unknown,5-022.11,Kaweah,Tulare,720,Unknown,Single Well,NA,1993-07-15 00:00:00 - 2020-02-15 12:00:00,108,other,NA,NA,NA,NA,1999,18030012,Wet,Wet,1998-10-01T00:00:00Z,1999-10-01T00:00:00Z,-119.345,36.2365
362365N1193451W001,2512789,1998-07-15T00:00:00Z,293,293,0,134,159,134,134,NA,Unknown,Water level accuracy to nearest tenth of a foot,5317,Mid-Kaweah GSA,NA,5317,Mid-Kaweah GSA,320,720,54639,19S24E35E001M,KSB-1628,Unknown,Unknown,5-022.11,Kaweah,Tulare,720,Unknown,Single Well,NA,1993-07-15 00:00:00 - 2020-02-15 12:00:00,108,other,NA,NA,NA,NA,1998,18030012,Wet,Wet,1997-10-01T00:00:00Z,1998-10-01T00:00:00Z,-119.345,36.2365
362365N1193451W001,2512788,1998-06-15T00:00:00Z,293,293,0,131,162,131,131,NA,Unknown,Water level accuracy to nearest tenth of a foot,5317,Mid-Kaweah GSA,NA,5317,Mid-Kaweah GSA,320,720,54639,19S24E35E001M,KSB-1628,Unknown,Unknown,5-022.11,Kaweah,Tulare,720,Unknown,Single Well,NA,1993-07-15 00:00:00 - 2020-02-15 12:00:00,108,other,NA,NA,NA,NA,1998,18030012,Wet,Wet,1997-10-01T00:00:00Z,1998-10-01T00:00:00Z,-119.345,36.2365
362365N1193451W001,2512787,1998-05-15T00:00:00Z,293,293,0,120,173,120,120,NA,Unknown,Water level accuracy to nearest tenth of a foot,5317,Mid-Kaweah GSA,NA,5317,Mid-Kaweah GSA,320,720,54639,19S24E35E001M,KSB-1628,Unknown,Unknown,5-022.11,Kaweah,Tulare,720,Unknown,Single Well,NA,1993-07-15 00:00:00 - 2020-02-15 12:00:00,108,spring,NA,NA,103,145,1998,18030012,Wet,Wet,1997-10-01T00:00:00Z,1998-10-01T00:00:00Z,-119.345,36.2365
362365N1193451W001,2512786,1998-04-15T00:00:00Z,293,293,0,110,183,110,110,NA,Unknown,Water level accuracy to nearest tenth of a foot,5317,Mid-Kaweah GSA,NA,5317,Mid-Kaweah GSA,320,720,54639,19S24E35E001M,KSB-1628,Unknown,Unknown,5-022.11,Kaweah,Tulare,720,Unknown,Single Well,NA,1993-07-15 00:00:00 - 2020-02-15 12:00:00,108,spring,NA,NA,103,145,1998,18030012,Wet,Wet,1997-10-01T00:00:00Z,1998-10-01T00:00:00Z,-119.345,36.2365
362365N1193451W001,2512785,1998-03-15T00:00:00Z,293,293,0,110,183,110,110,NA,Unknown,Water level accuracy to nearest tenth of a foot,5317,Mid-Kaweah GSA,NA,5317,Mid-Kaweah GSA,320,720,54639,19S24E35E001M,KSB-1628,Unknown,Unknown,5-022.11,Kaweah,Tulare,720,Unknown,Single Well,NA,1993-07-15 00:00:00 - 2020-02-15 12:00:00,108,spring,NA,NA,103,145,1998,18030012,Wet,Wet,1997-10-01T00:00:00Z,1998-10-01T00:00:00Z,-119.345,36.2365
362365N1193451W001,2512784,1998-02-15T00:00:00Z,293,293,0,114,179,114,114,NA,Unknown,Water level accuracy to nearest tenth of a foot,5317,Mid-Kaweah GSA,NA,5317,Mid-Kaweah GSA,320,720,54639,19S24E35E001M,KSB-1628,Unknown,Unknown,5-022.11,Kaweah,Tulare,720,Unknown,Single Well,NA,1993-07-15 00:00:00 - 2020-02-15 12:00:00,108,other,NA,NA,NA,NA,1998,18030012,Wet,Wet,1997-10-01T00:00:00Z,1998-10-01T00:00:00Z,-119.345,36.2365
362365N1193451W001,2512783,1998-01-15T00:00:00Z,293,293,0,110,183,110,110,NA,Unknown,Water level accuracy to nearest tenth of a foot,5317,Mid-Kaweah GSA,NA,5317,Mid-Kaweah GSA,320,720,54639,19S24E35E001M,KSB-1628,Unknown,Unknown,5-022.11,Kaweah,Tulare,720,Unknown,Single Well,NA,1993-07-15 00:00:00 - 2020-02-15 12:00:00,108,other,NA,NA,NA,NA,1998,18030012,Wet,Wet,1997-10-01T00:00:00Z,1998-10-01T00:00:00Z,-119.345,36.2365
362365N1193451W001,2512782,1997-12-15T00:00:00Z,293,293,0,114,179,114,114,NA,Unknown,Water level accuracy to nearest tenth of a foot,5317,Mid-Kaweah GSA,NA,5317,Mid-Kaweah GSA,320,720,54639,19S24E35E001M,KSB-1628,Unknown,Unknown,5-022.11,Kaweah,Tulare,720,Unknown,Single Well,NA,1993-07-15 00:00:00 - 2020-02-15 12:00:00,108,other,NA,NA,NA,NA,1998,18030012,Wet,Wet,1997-10-01T00:00:00Z,1998-10-01T00:00:00Z,-119.345,36.2365
362365N1193451W001,2512781,1997-11-15T00:00:00Z,293,293,0,115,178,115,115,NA,Unknown,Water level accuracy to nearest tenth of a foot,5317,Mid-Kaweah GSA,NA,5317,Mid-Kaweah GSA,320,720,54639,19S24E35E001M,KSB-1628,Unknown,Unknown,5-022.11,Kaweah,Tulare,720,Unknown,Single Well,NA,1993-07-15 00:00:00 - 2020-02-15 12:00:00,108,fall,85,219.1,NA,NA,1998,18030012,Wet,Wet,1997-10-01T00:00:00Z,1998-10-01T00:00:00Z,-119.345,36.2365
362365N1193451W001,2512780,1997-10-15T00:00:00Z,293,293,0,122,171,122,122,NA,Unknown,Water level accuracy to nearest tenth of a foot,5317,Mid-Kaweah GSA,NA,5317,Mid-Kaweah GSA,320,720,54639,19S24E35E001M,KSB-1628,Unknown,Unknown,5-022.11,Kaweah,Tulare,720,Unknown,Single Well,NA,1993-07-15 00:00:00 - 2020-02-15 12:00:00,108,fall,85,219.1,NA,NA,1998,18030012,Wet,Wet,1997-10-01T00:00:00Z,1998-10-01T00:00:00Z,-119.345,36.2365
362365N1193451W001,2512779,1997-09-15T00:00:00Z,293,293,0,127,166,127,127,NA,Unknown,Water level accuracy to nearest tenth of a foot,5317,Mid-Kaweah GSA,NA,5317,Mid-Kaweah GSA,320,720,54639,19S24E35E001M,KSB-1628,Unknown,Unknown,5-022.11,Kaweah,Tulare,720,Unknown,Single Well,NA,1993-07-15 00:00:00 - 2020-02-15 12:00:00,108,fall,85,219.1,NA,NA,1997,18030012,Above Normal,Above Normal,1996-10-01T00:00:00Z,1997-10-01T00:00:00Z,-119.345,36.2365
362365N1193451W001,2512778,1997-08-15T00:00:00Z,293,293,0,143,150,143,143,NA,Unknown,Water level accuracy to nearest tenth of a foot,5317,Mid-Kaweah GSA,NA,5317,Mid-Kaweah GSA,320,720,54639,19S24E35E001M,KSB-1628,Unknown,Unknown,5-022.11,Kaweah,Tulare,720,Unknown,Single Well,NA,1993-07-15 00:00:00 - 2020-02-15 12:00:00,108,fall,85,219.1,NA,NA,1997,18030012,Above Normal,Above Normal,1996-10-01T00:00:00Z,1997-10-01T00:00:00Z,-119.345,36.2365
362365N1193451W001,2512777,1997-07-15T00:00:00Z,293,293,0,137,156,137,137,NA,Unknown,Water level accuracy to nearest tenth of a foot,5317,Mid-Kaweah GSA,NA,5317,Mid-Kaweah GSA,320,720,54639,19S24E35E001M,KSB-1628,Unknown,Unknown,5-022.11,Kaweah,Tulare,720,Unknown,Single Well,NA,1993-07-15 00:00:00 - 2020-02-15 12:00:00,108,other,NA,NA,NA,NA,1997,18030012,Above Normal,Above Normal,1996-10-01T00:00:00Z,1997-10-01T00:00:00Z,-119.345,36.2365
362365N1193451W001,2512776,1997-05-15T00:00:00Z,293,293,0,130,163,130,130,NA,Unknown,Water level accuracy to nearest tenth of a foot,5317,Mid-Kaweah GSA,NA,5317,Mid-Kaweah GSA,320,720,54639,19S24E35E001M,KSB-1628,Unknown,Unknown,5-022.11,Kaweah,Tulare,720,Unknown,Single Well,NA,1993-07-15 00:00:00 - 2020-02-15 12:00:00,108,spring,NA,NA,103,145,1997,18030012,Above Normal,Above Normal,1996-10-01T00:00:00Z,1997-10-01T00:00:00Z,-119.345,36.2365
362365N1193451W001,2512775,1997-04-15T00:00:00Z,293,293,0,112,181,112,112,NA,Unknown,Water level accuracy to nearest tenth of a foot,5317,Mid-Kaweah GSA,NA,5317,Mid-Kaweah GSA,320,720,54639,19S24E35E001M,KSB-1628,Unknown,Unknown,5-022.11,Kaweah,Tulare,720,Unknown,Single Well,NA,1993-07-15 00:00:00 - 2020-02-15 12:00:00,108,spring,NA,NA,103,145,1997,18030012,Above Normal,Above Normal,1996-10-01T00:00:00Z,1997-10-01T00:00:00Z,-119.345,36.2365
362365N1193451W001,2512774,1997-03-15T00:00:00Z,293,293,0,108,185,108,108,NA,Unknown,Water level accuracy to nearest tenth of a foot,5317,Mid-Kaweah GSA,NA,5317,Mid-Kaweah GSA,320,720,54639,19S24E35E001M,KSB-1628,Unknown,Unknown,5-022.11,Kaweah,Tulare,720,Unknown,Single Well,NA,1993-07-15 00:00:00 - 2020-02-15 12:00:00,108,spring,NA,NA,103,145,1997,18030012,Above Normal,Above Normal,1996-10-01T00:00:00Z,1997-10-01T00:00:00Z,-119.345,36.2365
362365N1193451W001,2512773,1997-02-15T00:00:00Z,293,293,0,115,178,115,115,NA,Unknown,Water level accuracy to nearest tenth of a foot,5317,Mid-Kaweah GSA,NA,5317,Mid-Kaweah GSA,320,720,54639,19S24E35E001M,KSB-1628,Unknown,Unknown,5-022.11,Kaweah,Tulare,720,Unknown,Single Well,NA,1993-07-15 00:00:00 - 2020-02-15 12:00:00,108,other,NA,NA,NA,NA,1997,18030012,Above Normal,Above Normal,1996-10-01T00:00:00Z,1997-10-01T00:00:00Z,-119.345,36.2365
362365N1193451W001,2512772,1997-01-15T00:00:00Z,293,293,0,124,169,124,124,NA,Unknown,Water level accuracy to nearest tenth of a foot,5317,Mid-Kaweah GSA,NA,5317,Mid-Kaweah GSA,320,720,54639,19S24E35E001M,KSB-1628,Unknown,Unknown,5-022.11,Kaweah,Tulare,720,Unknown,Single Well,NA,1993-07-15 00:00:00 - 2020-02-15 12:00:00,108,other,NA,NA,NA,NA,1997,18030012,Above Normal,Above Normal,1996-10-01T00:00:00Z,1997-10-01T00:00:00Z,-119.345,36.2365
362365N1193451W001,2512771,1996-12-15T00:00:00Z,293,293,0,124,169,124,124,NA,Unknown,Water level accuracy to nearest tenth of a foot,5317,Mid-Kaweah GSA,NA,5317,Mid-Kaweah GSA,320,720,54639,19S24E35E001M,KSB-1628,Unknown,Unknown,5-022.11,Kaweah,Tulare,720,Unknown,Single Well,NA,1993-07-15 00:00:00 - 2020-02-15 12:00:00,108,other,NA,NA,NA,NA,1997,18030012,Above Normal,Above Normal,1996-10-01T00:00:00Z,1997-10-01T00:00:00Z,-119.345,36.2365
362365N1193451W001,2512770,1996-11-15T00:00:00Z,293,293,0,130,163,130,130,NA,Unknown,Water level accuracy to nearest tenth of a foot,5317,Mid-Kaweah GSA,NA,5317,Mid-Kaweah GSA,320,720,54639,19S24E35E001M,KSB-1628,Unknown,Unknown,5-022.11,Kaweah,Tulare,720,Unknown,Single Well,NA,1993-07-15 00:00:00 - 2020-02-15 12:00:00,108,fall,85,219.1,NA,NA,1997,18030012,Above Normal,Above Normal,1996-10-01T00:00:00Z,1997-10-01T00:00:00Z,-119.345,36.2365
362365N1193451W001,2512769,1996-10-15T00:00:00Z,293,293,0,147,146,147,147,NA,Unknown,Water level accuracy to nearest tenth of a foot,5317,Mid-Kaweah GSA,NA,5317,Mid-Kaweah GSA,320,720,54639,19S24E35E001M,KSB-1628,Unknown,Unknown,5-022.11,Kaweah,Tulare,720,Unknown,Single Well,NA,1993-07-15 00:00:00 - 2020-02-15 12:00:00,108,fall,85,219.1,NA,NA,1997,18030012,Above Normal,Above Normal,1996-10-01T00:00:00Z,1997-10-01T00:00:00Z,-119.345,36.2365
362365N1193451W001,2512768,1996-09-15T00:00:00Z,293,293,0,147,146,147,147,NA,Unknown,Water level accuracy to nearest tenth of a foot,5317,Mid-Kaweah GSA,NA,5317,Mid-Kaweah GSA,320,720,54639,19S24E35E001M,KSB-1628,Unknown,Unknown,5-022.11,Kaweah,Tulare,720,Unknown,Single Well,NA,1993-07-15 00:00:00 - 2020-02-15 12:00:00,108,fall,85,219.1,NA,NA,1996,18030012,Wet,Wet,1995-10-01T00:00:00Z,1996-10-01T00:00:00Z,-119.345,36.2365
362365N1193451W001,2512767,1996-08-15T00:00:00Z,293,293,0,150,143,150,150,NA,Unknown,Water level accuracy to nearest tenth of a foot,5317,Mid-Kaweah GSA,NA,5317,Mid-Kaweah GSA,320,720,54639,19S24E35E001M,KSB-1628,Unknown,Unknown,5-022.11,Kaweah,Tulare,720,Unknown,Single Well,NA,1993-07-15 00:00:00 - 2020-02-15 12:00:00,108,fall,85,219.1,NA,NA,1996,18030012,Wet,Wet,1995-10-01T00:00:00Z,1996-10-01T00:00:00Z,-119.345,36.2365
362365N1193451W001,2512766,1996-07-15T00:00:00Z,293,293,0,150,143,150,150,NA,Unknown,Water level accuracy to nearest tenth of a foot,5317,Mid-Kaweah GSA,NA,5317,Mid-Kaweah GSA,320,720,54639,19S24E35E001M,KSB-1628,Unknown,Unknown,5-022.11,Kaweah,Tulare,720,Unknown,Single Well,NA,1993-07-15 00:00:00 - 2020-02-15 12:00:00,108,other,NA,NA,NA,NA,1996,18030012,Wet,Wet,1995-10-01T00:00:00Z,1996-10-01T00:00:00Z,-119.345,36.2365
362365N1193451W001,2512765,1996-06-15T00:00:00Z,293,293,0,140,153,140,140,NA,Unknown,Water level accuracy to nearest tenth of a foot,5317,Mid-Kaweah GSA,NA,5317,Mid-Kaweah GSA,320,720,54639,19S24E35E001M,KSB-1628,Unknown,Unknown,5-022.11,Kaweah,Tulare,720,Unknown,Single Well,NA,1993-07-15 00:00:00 - 2020-02-15 12:00:00,108,other,NA,NA,NA,NA,1996,18030012,Wet,Wet,1995-10-01T00:00:00Z,1996-10-01T00:00:00Z,-119.345,36.2365
362365N1193451W001,2512764,1996-05-15T00:00:00Z,293,293,0,120,173,120,120,NA,Unknown,Water level accuracy to nearest tenth of a foot,5317,Mid-Kaweah GSA,NA,5317,Mid-Kaweah GSA,320,720,54639,19S24E35E001M,KSB-1628,Unknown,Unknown,5-022.11,Kaweah,Tulare,720,Unknown,Single Well,NA,1993-07-15 00:00:00 - 2020-02-15 12:00:00,108,spring,NA,NA,103,145,1996,18030012,Wet,Wet,1995-10-01T00:00:00Z,1996-10-01T00:00:00Z,-119.345,36.2365
362365N1193451W001,2512763,1996-04-15T00:00:00Z,293,293,0,122,171,122,122,NA,Unknown,Water level accuracy to nearest tenth of a foot,5317,Mid-Kaweah GSA,NA,5317,Mid-Kaweah GSA,320,720,54639,19S24E35E001M,KSB-1628,Unknown,Unknown,5-022.11,Kaweah,Tulare,720,Unknown,Single Well,NA,1993-07-15 00:00:00 - 2020-02-15 12:00:00,108,spring,NA,NA,103,145,1996,18030012,Wet,Wet,1995-10-01T00:00:00Z,1996-10-01T00:00:00Z,-119.345,36.2365
362365N1193451W001,2512762,1996-03-15T00:00:00Z,293,293,0,122,171,122,122,NA,Unknown,Water level accuracy to nearest tenth of a foot,5317,Mid-Kaweah GSA,NA,5317,Mid-Kaweah GSA,320,720,54639,19S24E35E001M,KSB-1628,Unknown,Unknown,5-022.11,Kaweah,Tulare,720,Unknown,Single Well,NA,1993-07-15 00:00:00 - 2020-02-15 12:00:00,108,spring,NA,NA,103,145,1996,18030012,Wet,Wet,1995-10-01T00:00:00Z,1996-10-01T00:00:00Z,-119.345,36.2365
362365N1193451W001,2512761,1996-02-15T00:00:00Z,293,293,0,118,175,118,118,NA,Unknown,Water level accuracy to nearest tenth of a foot,5317,Mid-Kaweah GSA,NA,5317,Mid-Kaweah GSA,320,720,54639,19S24E35E001M,KSB-1628,Unknown,Unknown,5-022.11,Kaweah,Tulare,720,Unknown,Single Well,NA,1993-07-15 00:00:00 - 2020-02-15 12:00:00,108,other,NA,NA,NA,NA,1996,18030012,Wet,Wet,1995-10-01T00:00:00Z,1996-10-01T00:00:00Z,-119.345,36.2365
362365N1193451W001,2512760,1996-01-15T00:00:00Z,293,293,0,118,175,118,118,NA,Unknown,Water level accuracy to nearest tenth of a foot,5317,Mid-Kaweah GSA,NA,5317,Mid-Kaweah GSA,320,720,54639,19S24E35E001M,KSB-1628,Unknown,Unknown,5-022.11,Kaweah,Tulare,720,Unknown,Single Well,NA,1993-07-15 00:00:00 - 2020-02-15 12:00:00,108,other,NA,NA,NA,NA,1996,18030012,Wet,Wet,1995-10-01T00:00:00Z,1996-10-01T00:00:00Z,-119.345,36.2365
362365N1193451W001,2512759,1995-12-15T00:00:00Z,293,293,0,118,175,118,118,NA,Unknown,Water level accuracy to nearest tenth of a foot,5317,Mid-Kaweah GSA,NA,5317,Mid-Kaweah GSA,320,720,54639,19S24E35E001M,KSB-1628,Unknown,Unknown,5-022.11,Kaweah,Tulare,720,Unknown,Single Well,NA,1993-07-15 00:00:00 - 2020-02-15 12:00:00,108,other,NA,NA,NA,NA,1996,18030012,Wet,Wet,1995-10-01T00:00:00Z,1996-10-01T00:00:00Z,-119.345,36.2365
362365N1193451W001,2512758,1995-11-15T00:00:00Z,293,293,0,121,172,121,121,NA,Unknown,Water level accuracy to nearest tenth of a foot,5317,Mid-Kaweah GSA,NA,5317,Mid-Kaweah GSA,320,720,54639,19S24E35E001M,KSB-1628,Unknown,Unknown,5-022.11,Kaweah,Tulare,720,Unknown,Single Well,NA,1993-07-15 00:00:00 - 2020-02-15 12:00:00,108,fall,85,219.1,NA,NA,1996,18030012,Wet,Wet,1995-10-01T00:00:00Z,1996-10-01T00:00:00Z,-119.345,36.2365
362365N1193451W001,2512757,1995-10-15T00:00:00Z,293,293,0,138,155,138,138,NA,Unknown,Water level accuracy to nearest tenth of a foot,5317,Mid-Kaweah GSA,NA,5317,Mid-Kaweah GSA,320,720,54639,19S24E35E001M,KSB-1628,Unknown,Unknown,5-022.11,Kaweah,Tulare,720,Unknown,Single Well,NA,1993-07-15 00:00:00 - 2020-02-15 12:00:00,108,fall,85,219.1,NA,NA,1996,18030012,Wet,Wet,1995-10-01T00:00:00Z,1996-10-01T00:00:00Z,-119.345,36.2365
362365N1193451W001,2512756,1995-09-15T00:00:00Z,293,293,0,123,170,123,123,NA,Unknown,Water level accuracy to nearest tenth of a foot,5317,Mid-Kaweah GSA,NA,5317,Mid-Kaweah GSA,320,720,54639,19S24E35E001M,KSB-1628,Unknown,Unknown,5-022.11,Kaweah,Tulare,720,Unknown,Single Well,NA,1993-07-15 00:00:00 - 2020-02-15 12:00:00,108,fall,85,219.1,NA,NA,1995,18030012,Wet,Wet,1994-10-01T00:00:00Z,1995-10-01T00:00:00Z,-119.345,36.2365
362365N1193451W001,2512755,1995-08-15T00:00:00Z,293,293,0,135,158,135,135,NA,Unknown,Water level accuracy to nearest tenth of a foot,5317,Mid-Kaweah GSA,NA,5317,Mid-Kaweah GSA,320,720,54639,19S24E35E001M,KSB-1628,Unknown,Unknown,5-022.11,Kaweah,Tulare,720,Unknown,Single Well,NA,1993-07-15 00:00:00 - 2020-02-15 12:00:00,108,fall,85,219.1,NA,NA,1995,18030012,Wet,Wet,1994-10-01T00:00:00Z,1995-10-01T00:00:00Z,-119.345,36.2365
362365N1193451W001,2512754,1995-07-15T00:00:00Z,293,293,0,141,152,141,141,NA,Unknown,Water level accuracy to nearest tenth of a foot,5317,Mid-Kaweah GSA,NA,5317,Mid-Kaweah GSA,320,720,54639,19S24E35E001M,KSB-1628,Unknown,Unknown,5-022.11,Kaweah,Tulare,720,Unknown,Single Well,NA,1993-07-15 00:00:00 - 2020-02-15 12:00:00,108,other,NA,NA,NA,NA,1995,18030012,Wet,Wet,1994-10-01T00:00:00Z,1995-10-01T00:00:00Z,-119.345,36.2365
362365N1193451W001,2512753,1995-04-15T00:00:00Z,293,293,0,134,159,134,134,NA,Unknown,Water level accuracy to nearest tenth of a foot,5317,Mid-Kaweah GSA,NA,5317,Mid-Kaweah GSA,320,720,54639,19S24E35E001M,KSB-1628,Unknown,Unknown,5-022.11,Kaweah,Tulare,720,Unknown,Single Well,NA,1993-07-15 00:00:00 - 2020-02-15 12:00:00,108,spring,NA,NA,103,145,1995,18030012,Wet,Wet,1994-10-01T00:00:00Z,1995-10-01T00:00:00Z,-119.345,36.2365
362365N1193451W001,2512752,1995-03-15T00:00:00Z,293,293,0,132,161,132,132,NA,Unknown,Water level accuracy to nearest tenth of a foot,5317,Mid-Kaweah GSA,NA,5317,Mid-Kaweah GSA,320,720,54639,19S24E35E001M,KSB-1628,Unknown,Unknown,5-022.11,Kaweah,Tulare,720,Unknown,Single Well,NA,1993-07-15 00:00:00 - 2020-02-15 12:00:00,108,spring,NA,NA,103,145,1995,18030012,Wet,Wet,1994-10-01T00:00:00Z,1995-10-01T00:00:00Z,-119.345,36.2365
362365N1193451W001,2512751,1995-02-15T00:00:00Z,293,293,0,129,164,129,129,NA,Unknown,Water level accuracy to nearest tenth of a foot,5317,Mid-Kaweah GSA,NA,5317,Mid-Kaweah GSA,320,720,54639,19S24E35E001M,KSB-1628,Unknown,Unknown,5-022.11,Kaweah,Tulare,720,Unknown,Single Well,NA,1993-07-15 00:00:00 - 2020-02-15 12:00:00,108,other,NA,NA,NA,NA,1995,18030012,Wet,Wet,1994-10-01T00:00:00Z,1995-10-01T00:00:00Z,-119.345,36.2365
362365N1193451W001,2512750,1995-01-15T00:00:00Z,293,293,0,128,165,128,128,NA,Unknown,Water level accuracy to nearest tenth of a foot,5317,Mid-Kaweah GSA,NA,5317,Mid-Kaweah GSA,320,720,54639,19S24E35E001M,KSB-1628,Unknown,Unknown,5-022.11,Kaweah,Tulare,720,Unknown,Single Well,NA,1993-07-15 00:00:00 - 2020-02-15 12:00:00,108,other,NA,NA,NA,NA,1995,18030012,Wet,Wet,1994-10-01T00:00:00Z,1995-10-01T00:00:00Z,-119.345,36.2365
362365N1193451W001,2512749,1994-12-15T00:00:00Z,293,293,0,136,157,136,136,NA,Unknown,Water level accuracy to nearest tenth of a foot,5317,Mid-Kaweah GSA,NA,5317,Mid-Kaweah GSA,320,720,54639,19S24E35E001M,KSB-1628,Unknown,Unknown,5-022.11,Kaweah,Tulare,720,Unknown,Single Well,NA,1993-07-15 00:00:00 - 2020-02-15 12:00:00,108,other,NA,NA,NA,NA,1995,18030012,Wet,Wet,1994-10-01T00:00:00Z,1995-10-01T00:00:00Z,-119.345,36.2365
362365N1193451W001,2512748,1994-11-15T00:00:00Z,293,293,0,132,161,132,132,NA,Unknown,Water level accuracy to nearest tenth of a foot,5317,Mid-Kaweah GSA,NA,5317,Mid-Kaweah GSA,320,720,54639,19S24E35E001M,KSB-1628,Unknown,Unknown,5-022.11,Kaweah,Tulare,720,Unknown,Single Well,NA,1993-07-15 00:00:00 - 2020-02-15 12:00:00,108,fall,85,219.1,NA,NA,1995,18030012,Wet,Wet,1994-10-01T00:00:00Z,1995-10-01T00:00:00Z,-119.345,36.2365
362365N1193451W001,2512747,1994-10-15T00:00:00Z,293,293,0,148,145,148,148,NA,Unknown,Water level accuracy to nearest tenth of a foot,5317,Mid-Kaweah GSA,NA,5317,Mid-Kaweah GSA,320,720,54639,19S24E35E001M,KSB-1628,Unknown,Unknown,5-022.11,Kaweah,Tulare,720,Unknown,Single Well,NA,1993-07-15 00:00:00 - 2020-02-15 12:00:00,108,fall,85,219.1,NA,NA,1995,18030012,Wet,Wet,1994-10-01T00:00:00Z,1995-10-01T00:00:00Z,-119.345,36.2365
362365N1193451W001,2512746,1994-09-15T00:00:00Z,293,293,0,143,150,143,143,NA,Unknown,Water level accuracy to nearest tenth of a foot,5317,Mid-Kaweah GSA,NA,5317,Mid-Kaweah GSA,320,720,54639,19S24E35E001M,KSB-1628,Unknown,Unknown,5-022.11,Kaweah,Tulare,720,Unknown,Single Well,NA,1993-07-15 00:00:00 - 2020-02-15 12:00:00,108,fall,85,219.1,NA,NA,1994,18030012,Above Normal,Above Normal,1993-10-01T00:00:00Z,1994-10-01T00:00:00Z,-119.345,36.2365
362365N1193451W001,2512745,1994-08-15T00:00:00Z,293,293,0,175,118,175,175,NA,Unknown,Water level accuracy to nearest tenth of a foot,5317,Mid-Kaweah GSA,NA,5317,Mid-Kaweah GSA,320,720,54639,19S24E35E001M,KSB-1628,Unknown,Unknown,5-022.11,Kaweah,Tulare,720,Unknown,Single Well,NA,1993-07-15 00:00:00 - 2020-02-15 12:00:00,108,fall,85,219.1,NA,NA,1994,18030012,Above Normal,Above Normal,1993-10-01T00:00:00Z,1994-10-01T00:00:00Z,-119.345,36.2365
362365N1193451W001,2512744,1994-07-15T00:00:00Z,293,293,0,173,120,173,173,NA,Unknown,Water level accuracy to nearest tenth of a foot,5317,Mid-Kaweah GSA,NA,5317,Mid-Kaweah GSA,320,720,54639,19S24E35E001M,KSB-1628,Unknown,Unknown,5-022.11,Kaweah,Tulare,720,Unknown,Single Well,NA,1993-07-15 00:00:00 - 2020-02-15 12:00:00,108,other,NA,NA,NA,NA,1994,18030012,Above Normal,Above Normal,1993-10-01T00:00:00Z,1994-10-01T00:00:00Z,-119.345,36.2365
362365N1193451W001,2512743,1994-06-15T00:00:00Z,293,293,0,152,141,152,152,NA,Unknown,Water level accuracy to nearest tenth of a foot,5317,Mid-Kaweah GSA,NA,5317,Mid-Kaweah GSA,320,720,54639,19S24E35E001M,KSB-1628,Unknown,Unknown,5-022.11,Kaweah,Tulare,720,Unknown,Single Well,NA,1993-07-15 00:00:00 - 2020-02-15 12:00:00,108,other,NA,NA,NA,NA,1994,18030012,Above Normal,Above Normal,1993-10-01T00:00:00Z,1994-10-01T00:00:00Z,-119.345,36.2365
362365N1193451W001,2512742,1994-05-15T00:00:00Z,293,293,0,145,148,145,145,NA,Unknown,Water level accuracy to nearest tenth of a foot,5317,Mid-Kaweah GSA,NA,5317,Mid-Kaweah GSA,320,720,54639,19S24E35E001M,KSB-1628,Unknown,Unknown,5-022.11,Kaweah,Tulare,720,Unknown,Single Well,NA,1993-07-15 00:00:00 - 2020-02-15 12:00:00,108,spring,NA,NA,103,145,1994,18030012,Above Normal,Above Normal,1993-10-01T00:00:00Z,1994-10-01T00:00:00Z,-119.345,36.2365
362365N1193451W001,2512741,1994-04-15T00:00:00Z,293,293,0,132,161,132,132,NA,Unknown,Water level accuracy to nearest tenth of a foot,5317,Mid-Kaweah GSA,NA,5317,Mid-Kaweah GSA,320,720,54639,19S24E35E001M,KSB-1628,Unknown,Unknown,5-022.11,Kaweah,Tulare,720,Unknown,Single Well,NA,1993-07-15 00:00:00 - 2020-02-15 12:00:00,108,spring,NA,NA,103,145,1994,18030012,Above Normal,Above Normal,1993-10-01T00:00:00Z,1994-10-01T00:00:00Z,-119.345,36.2365
362365N1193451W001,2512740,1994-03-15T00:00:00Z,293,293,0,131,162,131,131,NA,Unknown,Water level accuracy to nearest tenth of a foot,5317,Mid-Kaweah GSA,NA,5317,Mid-Kaweah GSA,320,720,54639,19S24E35E001M,KSB-1628,Unknown,Unknown,5-022.11,Kaweah,Tulare,720,Unknown,Single Well,NA,1993-07-15 00:00:00 - 2020-02-15 12:00:00,108,spring,NA,NA,103,145,1994,18030012,Above Normal,Above Normal,1993-10-01T00:00:00Z,1994-10-01T00:00:00Z,-119.345,36.2365
362365N1193451W001,2512739,1994-02-15T00:00:00Z,293,293,0,126,167,126,126,NA,Unknown,Water level accuracy to nearest tenth of a foot,5317,Mid-Kaweah GSA,NA,5317,Mid-Kaweah GSA,320,720,54639,19S24E35E001M,KSB-1628,Unknown,Unknown,5-022.11,Kaweah,Tulare,720,Unknown,Single Well,NA,1993-07-15 00:00:00 - 2020-02-15 12:00:00,108,other,NA,NA,NA,NA,1994,18030012,Above Normal,Above Normal,1993-10-01T00:00:00Z,1994-10-01T00:00:00Z,-119.345,36.2365
362365N1193451W001,2512738,1994-01-15T00:00:00Z,293,293,0,132,161,132,132,NA,Unknown,Water level accuracy to nearest tenth of a foot,5317,Mid-Kaweah GSA,NA,5317,Mid-Kaweah GSA,320,720,54639,19S24E35E001M,KSB-1628,Unknown,Unknown,5-022.11,Kaweah,Tulare,720,Unknown,Single Well,NA,1993-07-15 00:00:00 - 2020-02-15 12:00:00,108,other,NA,NA,NA,NA,1994,18030012,Above Normal,Above Normal,1993-10-01T00:00:00Z,1994-10-01T00:00:00Z,-119.345,36.2365
362365N1193451W001,2512737,1993-12-15T00:00:00Z,293,293,0,132,161,132,132,NA,Unknown,Water level accuracy to nearest tenth of a foot,5317,Mid-Kaweah GSA,NA,5317,Mid-Kaweah GSA,320,720,54639,19S24E35E001M,KSB-1628,Unknown,Unknown,5-022.11,Kaweah,Tulare,720,Unknown,Single Well,NA,1993-07-15 00:00:00 - 2020-02-15 12:00:00,108,other,NA,NA,NA,NA,1994,18030012,Above Normal,Above Normal,1993-10-01T00:00:00Z,1994-10-01T00:00:00Z,-119.345,36.2365
362365N1193451W001,2512736,1993-11-15T00:00:00Z,293,293,0,119,174,119,119,NA,Unknown,Water level accuracy to nearest tenth of a foot,5317,Mid-Kaweah GSA,NA,5317,Mid-Kaweah GSA,320,720,54639,19S24E35E001M,KSB-1628,Unknown,Unknown,5-022.11,Kaweah,Tulare,720,Unknown,Single Well,NA,1993-07-15 00:00:00 - 2020-02-15 12:00:00,108,fall,85,219.1,NA,NA,1994,18030012,Above Normal,Above Normal,1993-10-01T00:00:00Z,1994-10-01T00:00:00Z,-119.345,36.2365
362365N1193451W001,2512735,1993-10-15T00:00:00Z,293,293,0,133,160,133,133,NA,Unknown,Water level accuracy to nearest tenth of a foot,5317,Mid-Kaweah GSA,NA,5317,Mid-Kaweah GSA,320,720,54639,19S24E35E001M,KSB-1628,Unknown,Unknown,5-022.11,Kaweah,Tulare,720,Unknown,Single Well,NA,1993-07-15 00:00:00 - 2020-02-15 12:00:00,108,fall,85,219.1,NA,NA,1994,18030012,Above Normal,Above Normal,1993-10-01T00:00:00Z,1994-10-01T00:00:00Z,-119.345,36.2365
362365N1193451W001,2512734,1993-09-15T00:00:00Z,293,293,0,154,139,154,154,NA,Unknown,Water level accuracy to nearest tenth of a foot,5317,Mid-Kaweah GSA,NA,5317,Mid-Kaweah GSA,320,720,54639,19S24E35E001M,KSB-1628,Unknown,Unknown,5-022.11,Kaweah,Tulare,720,Unknown,Single Well,NA,1993-07-15 00:00:00 - 2020-02-15 12:00:00,108,fall,85,219.1,NA,NA,1993,18030012,Wet,Wet,1992-10-01T00:00:00Z,1993-10-01T00:00:00Z,-119.345,36.2365
362365N1193451W001,2512733,1993-08-15T00:00:00Z,293,293,0,145,148,145,145,NA,Unknown,Water level accuracy to nearest tenth of a foot,5317,Mid-Kaweah GSA,NA,5317,Mid-Kaweah GSA,320,720,54639,19S24E35E001M,KSB-1628,Unknown,Unknown,5-022.11,Kaweah,Tulare,720,Unknown,Single Well,NA,1993-07-15 00:00:00 - 2020-02-15 12:00:00,108,fall,85,219.1,NA,NA,1993,18030012,Wet,Wet,1992-10-01T00:00:00Z,1993-10-01T00:00:00Z,-119.345,36.2365
362365N1193451W001,2512732,1993-07-15T00:00:00Z,293,293,0,153.1,139.9,153.1,153.1,NA,Unknown,Water level accuracy to nearest tenth of a foot,5317,Mid-Kaweah GSA,NA,5317,Mid-Kaweah GSA,320,720,54639,19S24E35E001M,KSB-1628,Unknown,Unknown,5-022.11,Kaweah,Tulare,720,Unknown,Single Well,NA,1993-07-15 00:00:00 - 2020-02-15 12:00:00,108,other,NA,NA,NA,NA,1993,18030012,Wet,Wet,1992-10-01T00:00:00Z,1993-10-01T00:00:00Z,-119.345,36.2365
