SITE_CODE,WLM_ID,MSMT_DATE,WLM_RPE,WLM_GSE,RDNG_WS,RDNG_RP,WSE,RPE_WSE,GSE_WSE,WLM_QA_DESC,WLM_DESC,WLM_ACC_DESC,WLM_ORG_ID,WLM_ORG_NAME,MSMT_CMT,COOP_AGENCY_ORG_ID,COOP_ORG_NAME,TOP_PRF,BOT_PRF,STN_ID,SWN,WELL_NAME,WLM_METHOD,WLM_ACC,BASIN_CODE,BASIN_NAME,COUNTY_NAME,WELL_DEPTH,WELL_USE,WELL_TYPE,WCR_NO,t_range,n_samples,season,fall_high,fall_low,spring_high,spring_low,water_year,HUC8,WYT,water_year_type,water_year_start,water_year_end,X,Y
362397N1193685W001,1988963,2013-03-08T14:30:00Z,290.713,289.713,2,150,142.713,148,147,Pumped recently,Unknown,Water level accuracy to nearest tenth of a foot,1,Department of Water Resources,tape=148,1,Department of Water Resources,NA,NA,35894,19S24E33A002M,19S24E33A002M,Unknown,Unknown,5-022.11,Kaweah,Tulare,NA,Unknown,Single Well,NA,1961-10-02 00:00:00 - 2013-03-08 14:30:00,87,spring,NA,NA,139,147,2013,18030012,Critical,Critical,2012-10-01T00:00:00Z,2013-10-01T00:00:00Z,-119.369,36.2397
362397N1193685W001,93885,2011-02-24T07:30:00Z,290.713,289.713,0,115,175.713,115,114,Pumped recently,Unknown,Water level accuracy to nearest tenth of a foot,1,Department of Water Resources,NA,1,Department of Water Resources,NA,NA,35894,19S24E33A002M,19S24E33A002M,Unknown,Unknown,5-022.11,Kaweah,Tulare,NA,Unknown,Single Well,NA,1961-10-02 00:00:00 - 2013-03-08 14:30:00,87,other,NA,NA,NA,NA,2011,18030012,Wet,Wet,2010-10-01T00:00:00Z,2011-10-01T00:00:00Z,-119.369,36.2397
362397N1193685W001,922742,2010-01-19T00:00:00Z,290.71,289.71,0,136,154.71,136,135,Pumped recently,Unknown,Water level accuracy is unknown,1,Department of Water Resources,NA,5030,Tulare Irrigation District,NA,NA,35894,19S24E33A002M,19S24E33A002M,Unknown,Unknown,5-022.11,Kaweah,Tulare,NA,Unknown,Single Well,NA,1961-10-02 00:00:00 - 2013-03-08 14:30:00,87,other,NA,NA,NA,NA,2010,18030012,Above Normal,Above Normal,2009-10-01T00:00:00Z,2010-10-01T00:00:00Z,-119.369,36.2397
362397N1193685W001,922741,2009-03-02T00:00:00Z,290.71,289.71,0,140,150.71,140,139,Pumped recently,Unknown,Water level accuracy is unknown,1,Department of Water Resources,NO OIL,5030,Tulare Irrigation District,NA,NA,35894,19S24E33A002M,19S24E33A002M,Unknown,Unknown,5-022.11,Kaweah,Tulare,NA,Unknown,Single Well,NA,1961-10-02 00:00:00 - 2013-03-08 14:30:00,87,spring,NA,NA,139,147,2009,18030012,Critical,Critical,2008-10-01T00:00:00Z,2009-10-01T00:00:00Z,-119.369,36.2397
362397N1193685W001,922739,2007-10-16T00:00:00Z,290.71,289.71,0,136,154.71,136,135,Pumped recently,Unknown,Water level accuracy is unknown,1,Department of Water Resources,NO OIL,5030,Tulare Irrigation District,NA,NA,35894,19S24E33A002M,19S24E33A002M,Unknown,Unknown,5-022.11,Kaweah,Tulare,NA,Unknown,Single Well,NA,1961-10-02 00:00:00 - 2013-03-08 14:30:00,87,fall,44,135,NA,NA,2008,18030012,Critical,Critical,2007-10-01T00:00:00Z,2008-10-01T00:00:00Z,-119.369,36.2397
362397N1193685W001,922738,2007-01-26T00:00:00Z,290.71,289.71,0,117,173.71,117,116,Pumped recently,Unknown,Water level accuracy is unknown,1,Department of Water Resources,NO OIL,5030,Tulare Irrigation District,NA,NA,35894,19S24E33A002M,19S24E33A002M,Unknown,Unknown,5-022.11,Kaweah,Tulare,NA,Unknown,Single Well,NA,1961-10-02 00:00:00 - 2013-03-08 14:30:00,87,other,NA,NA,NA,NA,2007,18030012,Critical,Critical,2006-10-01T00:00:00Z,2007-10-01T00:00:00Z,-119.369,36.2397
362397N1193685W001,922740,2006-09-26T00:00:00Z,290.71,289.71,0,122,168.71,122,121,Pumped recently,Unknown,Water level accuracy is unknown,1,Department of Water Resources,NO OIL,5030,Tulare Irrigation District,NA,NA,35894,19S24E33A002M,19S24E33A002M,Unknown,Unknown,5-022.11,Kaweah,Tulare,NA,Unknown,Single Well,NA,1961-10-02 00:00:00 - 2013-03-08 14:30:00,87,fall,44,135,NA,NA,2006,18030012,Wet,Wet,2005-10-01T00:00:00Z,2006-10-01T00:00:00Z,-119.369,36.2397
362397N1193685W001,922737,2006-01-27T00:00:00Z,290.71,289.71,0,119,171.71,119,118,Pumped recently,Unknown,Water level accuracy is unknown,1,Department of Water Resources,NA,5030,Tulare Irrigation District,NA,NA,35894,19S24E33A002M,19S24E33A002M,Unknown,Unknown,5-022.11,Kaweah,Tulare,NA,Unknown,Single Well,NA,1961-10-02 00:00:00 - 2013-03-08 14:30:00,87,other,NA,NA,NA,NA,2006,18030012,Wet,Wet,2005-10-01T00:00:00Z,2006-10-01T00:00:00Z,-119.369,36.2397
362397N1193685W001,922736,2005-01-28T00:00:00Z,290.71,289.71,NA,NA,NA,NA,NA,Can't get tape in casing,NA,NA,1,Department of Water Resources,NA,5030,Tulare Irrigation District,NA,NA,35894,19S24E33A002M,19S24E33A002M,Unknown,Unknown,5-022.11,Kaweah,Tulare,NA,Unknown,Single Well,NA,1961-10-02 00:00:00 - 2013-03-08 14:30:00,87,other,NA,NA,NA,NA,2005,18030012,Wet,Wet,2004-10-01T00:00:00Z,2005-10-01T00:00:00Z,-119.369,36.2397
362397N1193685W001,922734,2004-02-06T00:00:00Z,290.71,289.71,0,118,172.71,118,117,NA,Unknown,Water level accuracy is unknown,1,Department of Water Resources,NO OIL,5030,Tulare Irrigation District,NA,NA,35894,19S24E33A002M,19S24E33A002M,Unknown,Unknown,5-022.11,Kaweah,Tulare,NA,Unknown,Single Well,NA,1961-10-02 00:00:00 - 2013-03-08 14:30:00,87,other,NA,NA,NA,NA,2004,18030012,Dry,Dry,2003-10-01T00:00:00Z,2004-10-01T00:00:00Z,-119.369,36.2397
362397N1193685W001,922735,2003-09-24T00:00:00Z,290.71,289.71,0,132,158.71,132,131,Pumped recently,Unknown,Water level accuracy is unknown,1,Department of Water Resources,NO OIL,5030,Tulare Irrigation District,NA,NA,35894,19S24E33A002M,19S24E33A002M,Unknown,Unknown,5-022.11,Kaweah,Tulare,NA,Unknown,Single Well,NA,1961-10-02 00:00:00 - 2013-03-08 14:30:00,87,fall,44,135,NA,NA,2003,18030012,Dry,Dry,2002-10-01T00:00:00Z,2003-10-01T00:00:00Z,-119.369,36.2397
362397N1193685W001,922731,2003-01-24T00:00:00Z,290.71,289.71,0,112,178.71,112,111,Pumped recently,Unknown,Water level accuracy is unknown,1,Department of Water Resources,NA,5030,Tulare Irrigation District,NA,NA,35894,19S24E33A002M,19S24E33A002M,Unknown,Unknown,5-022.11,Kaweah,Tulare,NA,Unknown,Single Well,NA,1961-10-02 00:00:00 - 2013-03-08 14:30:00,87,other,NA,NA,NA,NA,2003,18030012,Dry,Dry,2002-10-01T00:00:00Z,2003-10-01T00:00:00Z,-119.369,36.2397
362397N1193685W001,922733,2002-09-23T00:00:00Z,290.71,289.71,0,126,164.71,126,125,Pumped recently,Unknown,Water level accuracy is unknown,1,Department of Water Resources,NA,624,Bureau of Reclamation,NA,NA,35894,19S24E33A002M,19S24E33A002M,Unknown,Unknown,5-022.11,Kaweah,Tulare,NA,Unknown,Single Well,NA,1961-10-02 00:00:00 - 2013-03-08 14:30:00,87,fall,44,135,NA,NA,2002,18030012,Critical,Critical,2001-10-01T00:00:00Z,2002-10-01T00:00:00Z,-119.369,36.2397
362397N1193685W001,922732,2002-01-18T00:00:00Z,290.71,289.71,0,106,184.71,106,105,Pumped recently,Unknown,Water level accuracy is unknown,1,Department of Water Resources,NA,624,Bureau of Reclamation,NA,NA,35894,19S24E33A002M,19S24E33A002M,Unknown,Unknown,5-022.11,Kaweah,Tulare,NA,Unknown,Single Well,NA,1961-10-02 00:00:00 - 2013-03-08 14:30:00,87,other,NA,NA,NA,NA,2002,18030012,Critical,Critical,2001-10-01T00:00:00Z,2002-10-01T00:00:00Z,-119.369,36.2397
362397N1193685W001,922730,2001-01-26T00:00:00Z,290.71,289.71,0,96,194.71,96,95,Pumped recently,Unknown,Water level accuracy is unknown,1,Department of Water Resources,NA,5030,Tulare Irrigation District,NA,NA,35894,19S24E33A002M,19S24E33A002M,Unknown,Unknown,5-022.11,Kaweah,Tulare,NA,Unknown,Single Well,NA,1961-10-02 00:00:00 - 2013-03-08 14:30:00,87,other,NA,NA,NA,NA,2001,18030012,Below Normal,Below Normal,2000-10-01T00:00:00Z,2001-10-01T00:00:00Z,-119.369,36.2397
362397N1193685W001,922729,2000-01-19T00:00:00Z,290.71,289.71,0,96,194.71,96,95,Pumped recently,Unknown,Water level accuracy is unknown,1,Department of Water Resources,NA,5030,Tulare Irrigation District,NA,NA,35894,19S24E33A002M,19S24E33A002M,Unknown,Unknown,5-022.11,Kaweah,Tulare,NA,Unknown,Single Well,NA,1961-10-02 00:00:00 - 2013-03-08 14:30:00,87,other,NA,NA,NA,NA,2000,18030012,Below Normal,Below Normal,1999-10-01T00:00:00Z,2000-10-01T00:00:00Z,-119.369,36.2397
362397N1193685W001,922728,1999-10-04T00:00:00Z,290.71,289.71,0,103,187.71,103,102,Pumped recently,Unknown,Water level accuracy is unknown,1,Department of Water Resources,NA,5030,Tulare Irrigation District,NA,NA,35894,19S24E33A002M,19S24E33A002M,Unknown,Unknown,5-022.11,Kaweah,Tulare,NA,Unknown,Single Well,NA,1961-10-02 00:00:00 - 2013-03-08 14:30:00,87,fall,44,135,NA,NA,2000,18030012,Below Normal,Below Normal,1999-10-01T00:00:00Z,2000-10-01T00:00:00Z,-119.369,36.2397
362397N1193685W001,922727,1999-01-20T00:00:00Z,290.71,289.71,0,94,196.71,94,93,Other,Unknown,Water level accuracy is unknown,1,Department of Water Resources,NA,5030,Tulare Irrigation District,NA,NA,35894,19S24E33A002M,19S24E33A002M,Unknown,Unknown,5-022.11,Kaweah,Tulare,NA,Unknown,Single Well,NA,1961-10-02 00:00:00 - 2013-03-08 14:30:00,87,other,NA,NA,NA,NA,1999,18030012,Wet,Wet,1998-10-01T00:00:00Z,1999-10-01T00:00:00Z,-119.369,36.2397
362397N1193685W001,922726,1998-10-08T00:00:00Z,290.71,289.71,0,102,188.71,102,101,Pumped recently,Unknown,Water level accuracy is unknown,1,Department of Water Resources,NA,5030,Tulare Irrigation District,NA,NA,35894,19S24E33A002M,19S24E33A002M,Unknown,Unknown,5-022.11,Kaweah,Tulare,NA,Unknown,Single Well,NA,1961-10-02 00:00:00 - 2013-03-08 14:30:00,87,fall,44,135,NA,NA,1999,18030012,Wet,Wet,1998-10-01T00:00:00Z,1999-10-01T00:00:00Z,-119.369,36.2397
362397N1193685W001,922725,1998-01-14T00:00:00Z,290.71,289.71,0,103,187.71,103,102,Pumped recently,Unknown,Water level accuracy is unknown,1,Department of Water Resources,NA,5030,Tulare Irrigation District,NA,NA,35894,19S24E33A002M,19S24E33A002M,Unknown,Unknown,5-022.11,Kaweah,Tulare,NA,Unknown,Single Well,NA,1961-10-02 00:00:00 - 2013-03-08 14:30:00,87,other,NA,NA,NA,NA,1998,18030012,Wet,Wet,1997-10-01T00:00:00Z,1998-10-01T00:00:00Z,-119.369,36.2397
362397N1193685W001,922724,1997-10-06T00:00:00Z,290.71,289.71,0,112,178.71,112,111,Pumped recently,Unknown,Water level accuracy is unknown,1,Department of Water Resources,NA,5030,Tulare Irrigation District,NA,NA,35894,19S24E33A002M,19S24E33A002M,Unknown,Unknown,5-022.11,Kaweah,Tulare,NA,Unknown,Single Well,NA,1961-10-02 00:00:00 - 2013-03-08 14:30:00,87,fall,44,135,NA,NA,1998,18030012,Wet,Wet,1997-10-01T00:00:00Z,1998-10-01T00:00:00Z,-119.369,36.2397
362397N1193685W001,922723,1997-01-13T00:00:00Z,290.71,289.71,0,105,185.71,105,104,NA,Unknown,Water level accuracy is unknown,1,Department of Water Resources,NA,5030,Tulare Irrigation District,NA,NA,35894,19S24E33A002M,19S24E33A002M,Unknown,Unknown,5-022.11,Kaweah,Tulare,NA,Unknown,Single Well,NA,1961-10-02 00:00:00 - 2013-03-08 14:30:00,87,other,NA,NA,NA,NA,1997,18030012,Above Normal,Above Normal,1996-10-01T00:00:00Z,1997-10-01T00:00:00Z,-119.369,36.2397
362397N1193685W001,922722,1996-10-04T00:00:00Z,290.71,289.71,0,117,173.71,117,116,NA,Unknown,Water level accuracy is unknown,1,Department of Water Resources,NA,5030,Tulare Irrigation District,NA,NA,35894,19S24E33A002M,19S24E33A002M,Unknown,Unknown,5-022.11,Kaweah,Tulare,NA,Unknown,Single Well,NA,1961-10-02 00:00:00 - 2013-03-08 14:30:00,87,fall,44,135,NA,NA,1997,18030012,Above Normal,Above Normal,1996-10-01T00:00:00Z,1997-10-01T00:00:00Z,-119.369,36.2397
362397N1193685W001,922721,1996-01-17T00:00:00Z,290.71,289.71,0,110.5,180.21,110.5,109.5,NA,Unknown,Water level accuracy is unknown,1,Department of Water Resources,NA,5030,Tulare Irrigation District,NA,NA,35894,19S24E33A002M,19S24E33A002M,Unknown,Unknown,5-022.11,Kaweah,Tulare,NA,Unknown,Single Well,NA,1961-10-02 00:00:00 - 2013-03-08 14:30:00,87,other,NA,NA,NA,NA,1996,18030012,Wet,Wet,1995-10-01T00:00:00Z,1996-10-01T00:00:00Z,-119.369,36.2397
362397N1193685W001,922720,1995-10-06T00:00:00Z,290.71,289.71,0,118.5,172.21,118.5,117.5,NA,Unknown,Water level accuracy is unknown,1,Department of Water Resources,NA,5030,Tulare Irrigation District,NA,NA,35894,19S24E33A002M,19S24E33A002M,Unknown,Unknown,5-022.11,Kaweah,Tulare,NA,Unknown,Single Well,NA,1961-10-02 00:00:00 - 2013-03-08 14:30:00,87,fall,44,135,NA,NA,1996,18030012,Wet,Wet,1995-10-01T00:00:00Z,1996-10-01T00:00:00Z,-119.369,36.2397
362397N1193685W001,922719,1995-02-02T00:00:00Z,290.71,289.71,0,120,170.71,120,119,NA,Unknown,Water level accuracy is unknown,1,Department of Water Resources,NA,5030,Tulare Irrigation District,NA,NA,35894,19S24E33A002M,19S24E33A002M,Unknown,Unknown,5-022.11,Kaweah,Tulare,NA,Unknown,Single Well,NA,1961-10-02 00:00:00 - 2013-03-08 14:30:00,87,other,NA,NA,NA,NA,1995,18030012,Wet,Wet,1994-10-01T00:00:00Z,1995-10-01T00:00:00Z,-119.369,36.2397
362397N1193685W001,922718,1994-09-30T00:00:00Z,290.71,289.71,0,132.5,158.21,132.5,131.5,NA,Unknown,Water level accuracy is unknown,1,Department of Water Resources,NA,5030,Tulare Irrigation District,NA,NA,35894,19S24E33A002M,19S24E33A002M,Unknown,Unknown,5-022.11,Kaweah,Tulare,NA,Unknown,Single Well,NA,1961-10-02 00:00:00 - 2013-03-08 14:30:00,87,fall,44,135,NA,NA,1994,18030012,Above Normal,Above Normal,1993-10-01T00:00:00Z,1994-10-01T00:00:00Z,-119.369,36.2397
362397N1193685W001,922717,1994-01-20T00:00:00Z,290.71,289.71,0,111.5,179.21,111.5,110.5,NA,Unknown,Water level accuracy is unknown,1,Department of Water Resources,NA,5030,Tulare Irrigation District,NA,NA,35894,19S24E33A002M,19S24E33A002M,Unknown,Unknown,5-022.11,Kaweah,Tulare,NA,Unknown,Single Well,NA,1961-10-02 00:00:00 - 2013-03-08 14:30:00,87,other,NA,NA,NA,NA,1994,18030012,Above Normal,Above Normal,1993-10-01T00:00:00Z,1994-10-01T00:00:00Z,-119.369,36.2397
362397N1193685W001,922716,1993-10-04T00:00:00Z,290.71,289.71,0,120,170.71,120,119,NA,Unknown,Water level accuracy is unknown,1,Department of Water Resources,NA,5030,Tulare Irrigation District,NA,NA,35894,19S24E33A002M,19S24E33A002M,Unknown,Unknown,5-022.11,Kaweah,Tulare,NA,Unknown,Single Well,NA,1961-10-02 00:00:00 - 2013-03-08 14:30:00,87,fall,44,135,NA,NA,1994,18030012,Above Normal,Above Normal,1993-10-01T00:00:00Z,1994-10-01T00:00:00Z,-119.369,36.2397
362397N1193685W001,922715,1993-01-27T00:00:00Z,290.71,289.71,0,115,175.71,115,114,NA,Unknown,Water level accuracy is unknown,1,Department of Water Resources,NA,5030,Tulare Irrigation District,NA,NA,35894,19S24E33A002M,19S24E33A002M,Unknown,Unknown,5-022.11,Kaweah,Tulare,NA,Unknown,Single Well,NA,1961-10-02 00:00:00 - 2013-03-08 14:30:00,87,other,NA,NA,NA,NA,1993,18030012,Wet,Wet,1992-10-01T00:00:00Z,1993-10-01T00:00:00Z,-119.369,36.2397
362397N1193685W001,922714,1992-10-08T00:00:00Z,290.71,289.71,0,125,165.71,125,124,NA,Unknown,Water level accuracy is unknown,1,Department of Water Resources,NA,5030,Tulare Irrigation District,NA,NA,35894,19S24E33A002M,19S24E33A002M,Unknown,Unknown,5-022.11,Kaweah,Tulare,NA,Unknown,Single Well,NA,1961-10-02 00:00:00 - 2013-03-08 14:30:00,87,fall,44,135,NA,NA,1993,18030012,Wet,Wet,1992-10-01T00:00:00Z,1993-10-01T00:00:00Z,-119.369,36.2397
362397N1193685W001,922713,1992-01-21T00:00:00Z,290.71,289.71,0,106,184.71,106,105,NA,Unknown,Water level accuracy is unknown,1,Department of Water Resources,NA,5030,Tulare Irrigation District,NA,NA,35894,19S24E33A002M,19S24E33A002M,Unknown,Unknown,5-022.11,Kaweah,Tulare,NA,Unknown,Single Well,NA,1961-10-02 00:00:00 - 2013-03-08 14:30:00,87,other,NA,NA,NA,NA,1992,18030012,Above Normal,Above Normal,1991-10-01T00:00:00Z,1992-10-01T00:00:00Z,-119.369,36.2397
362397N1193685W001,922712,1991-10-01T00:00:00Z,290.71,289.71,0,115.5,175.21,115.5,114.5,NA,Unknown,Water level accuracy is unknown,1,Department of Water Resources,NA,5030,Tulare Irrigation District,NA,NA,35894,19S24E33A002M,19S24E33A002M,Unknown,Unknown,5-022.11,Kaweah,Tulare,NA,Unknown,Single Well,NA,1961-10-02 00:00:00 - 2013-03-08 14:30:00,87,fall,44,135,NA,NA,1992,18030012,Above Normal,Above Normal,1991-10-01T00:00:00Z,1992-10-01T00:00:00Z,-119.369,36.2397
362397N1193685W001,922711,1991-01-22T00:00:00Z,290.71,289.71,0,99.5,191.21,99.5,98.5,NA,Unknown,Water level accuracy is unknown,1,Department of Water Resources,NA,5030,Tulare Irrigation District,NA,NA,35894,19S24E33A002M,19S24E33A002M,Unknown,Unknown,5-022.11,Kaweah,Tulare,NA,Unknown,Single Well,NA,1961-10-02 00:00:00 - 2013-03-08 14:30:00,87,other,NA,NA,NA,NA,1991,18030012,Dry,Dry,1990-10-01T00:00:00Z,1991-10-01T00:00:00Z,-119.369,36.2397
362397N1193685W001,922710,1990-10-03T00:00:00Z,290.71,289.71,0,107,183.71,107,106,Acoustical sounder,Unknown,Water level accuracy is unknown,1,Department of Water Resources,NA,5030,Tulare Irrigation District,NA,NA,35894,19S24E33A002M,19S24E33A002M,Unknown,Unknown,5-022.11,Kaweah,Tulare,NA,Unknown,Single Well,NA,1961-10-02 00:00:00 - 2013-03-08 14:30:00,87,fall,44,135,NA,NA,1991,18030012,Dry,Dry,1990-10-01T00:00:00Z,1991-10-01T00:00:00Z,-119.369,36.2397
362397N1193685W001,922709,1990-01-18T00:00:00Z,290.71,289.71,0,85,205.71,85,84,NA,Unknown,Water level accuracy is unknown,1,Department of Water Resources,NA,5030,Tulare Irrigation District,NA,NA,35894,19S24E33A002M,19S24E33A002M,Unknown,Unknown,5-022.11,Kaweah,Tulare,NA,Unknown,Single Well,NA,1961-10-02 00:00:00 - 2013-03-08 14:30:00,87,other,NA,NA,NA,NA,1990,18030012,Critical,Critical,1989-10-01T00:00:00Z,1990-10-01T00:00:00Z,-119.369,36.2397
362397N1193685W001,922708,1989-10-06T00:00:00Z,290.71,289.71,0,91,199.71,91,90,NA,Unknown,Water level accuracy is unknown,1,Department of Water Resources,NA,5030,Tulare Irrigation District,NA,NA,35894,19S24E33A002M,19S24E33A002M,Unknown,Unknown,5-022.11,Kaweah,Tulare,NA,Unknown,Single Well,NA,1961-10-02 00:00:00 - 2013-03-08 14:30:00,87,fall,44,135,NA,NA,1990,18030012,Critical,Critical,1989-10-01T00:00:00Z,1990-10-01T00:00:00Z,-119.369,36.2397
362397N1193685W001,922707,1989-01-27T00:00:00Z,290.71,289.71,0,78,212.71,78,77,NA,Unknown,Water level accuracy is unknown,1,Department of Water Resources,NA,5030,Tulare Irrigation District,NA,NA,35894,19S24E33A002M,19S24E33A002M,Unknown,Unknown,5-022.11,Kaweah,Tulare,NA,Unknown,Single Well,NA,1961-10-02 00:00:00 - 2013-03-08 14:30:00,87,other,NA,NA,NA,NA,1989,18030012,Dry,Dry,1988-10-01T00:00:00Z,1989-10-01T00:00:00Z,-119.369,36.2397
362397N1193685W001,922706,1988-10-07T00:00:00Z,290.71,289.71,0,82,208.71,82,81,NA,Unknown,Water level accuracy is unknown,1,Department of Water Resources,NA,5030,Tulare Irrigation District,NA,NA,35894,19S24E33A002M,19S24E33A002M,Unknown,Unknown,5-022.11,Kaweah,Tulare,NA,Unknown,Single Well,NA,1961-10-02 00:00:00 - 2013-03-08 14:30:00,87,fall,44,135,NA,NA,1989,18030012,Dry,Dry,1988-10-01T00:00:00Z,1989-10-01T00:00:00Z,-119.369,36.2397
362397N1193685W001,922705,1988-01-22T00:00:00Z,290.71,289.71,0,64,226.71,64,63,NA,Unknown,Water level accuracy is unknown,1,Department of Water Resources,NA,5030,Tulare Irrigation District,NA,NA,35894,19S24E33A002M,19S24E33A002M,Unknown,Unknown,5-022.11,Kaweah,Tulare,NA,Unknown,Single Well,NA,1961-10-02 00:00:00 - 2013-03-08 14:30:00,87,other,NA,NA,NA,NA,1988,18030012,Below Normal,Below Normal,1987-10-01T00:00:00Z,1988-10-01T00:00:00Z,-119.369,36.2397
362397N1193685W001,922704,1987-10-07T00:00:00Z,290.71,289.71,0,72.5,218.21,72.5,71.5,NA,Unknown,Water level accuracy is unknown,1,Department of Water Resources,NA,5030,Tulare Irrigation District,NA,NA,35894,19S24E33A002M,19S24E33A002M,Unknown,Unknown,5-022.11,Kaweah,Tulare,NA,Unknown,Single Well,NA,1961-10-02 00:00:00 - 2013-03-08 14:30:00,87,fall,44,135,NA,NA,1988,18030012,Below Normal,Below Normal,1987-10-01T00:00:00Z,1988-10-01T00:00:00Z,-119.369,36.2397
362397N1193685W001,922703,1987-02-06T00:00:00Z,290.71,289.71,0,54,236.71,54,53,NA,Unknown,Water level accuracy is unknown,1,Department of Water Resources,NA,5030,Tulare Irrigation District,NA,NA,35894,19S24E33A002M,19S24E33A002M,Unknown,Unknown,5-022.11,Kaweah,Tulare,NA,Unknown,Single Well,NA,1961-10-02 00:00:00 - 2013-03-08 14:30:00,87,other,NA,NA,NA,NA,1987,18030012,Below Normal,Below Normal,1986-10-01T00:00:00Z,1987-10-01T00:00:00Z,-119.369,36.2397
362397N1193685W001,922702,1986-10-01T00:00:00Z,290.71,289.71,0,59,231.71,59,58,NA,Unknown,Water level accuracy is unknown,1,Department of Water Resources,NA,624,Bureau of Reclamation,NA,NA,35894,19S24E33A002M,19S24E33A002M,Unknown,Unknown,5-022.11,Kaweah,Tulare,NA,Unknown,Single Well,NA,1961-10-02 00:00:00 - 2013-03-08 14:30:00,87,fall,44,135,NA,NA,1987,18030012,Below Normal,Below Normal,1986-10-01T00:00:00Z,1987-10-01T00:00:00Z,-119.369,36.2397
362397N1193685W001,922701,1986-02-10T00:00:00Z,290.71,289.71,0,64,226.71,64,63,NA,Unknown,Water level accuracy is unknown,1,Department of Water Resources,NA,624,Bureau of Reclamation,NA,NA,35894,19S24E33A002M,19S24E33A002M,Unknown,Unknown,5-022.11,Kaweah,Tulare,NA,Unknown,Single Well,NA,1961-10-02 00:00:00 - 2013-03-08 14:30:00,87,other,NA,NA,NA,NA,1986,18030012,Above Normal,Above Normal,1985-10-01T00:00:00Z,1986-10-01T00:00:00Z,-119.369,36.2397
362397N1193685W001,922700,1985-10-01T00:00:00Z,290.71,289.71,0,76,214.71,76,75,NA,Unknown,Water level accuracy is unknown,1,Department of Water Resources,NA,624,Bureau of Reclamation,NA,NA,35894,19S24E33A002M,19S24E33A002M,Unknown,Unknown,5-022.11,Kaweah,Tulare,NA,Unknown,Single Well,NA,1961-10-02 00:00:00 - 2013-03-08 14:30:00,87,fall,44,135,NA,NA,1986,18030012,Above Normal,Above Normal,1985-10-01T00:00:00Z,1986-10-01T00:00:00Z,-119.369,36.2397
362397N1193685W001,922699,1985-02-06T00:00:00Z,290.71,289.71,0,57,233.71,57,56,NA,Unknown,Water level accuracy is unknown,1,Department of Water Resources,NA,624,Bureau of Reclamation,NA,NA,35894,19S24E33A002M,19S24E33A002M,Unknown,Unknown,5-022.11,Kaweah,Tulare,NA,Unknown,Single Well,NA,1961-10-02 00:00:00 - 2013-03-08 14:30:00,87,other,NA,NA,NA,NA,1985,18030012,Dry,Dry,1984-10-01T00:00:00Z,1985-10-01T00:00:00Z,-119.369,36.2397
362397N1193685W001,922698,1984-10-16T00:00:00Z,290.71,289.71,0,61.5,229.21,61.5,60.5,NA,Unknown,Water level accuracy is unknown,1,Department of Water Resources,NA,624,Bureau of Reclamation,NA,NA,35894,19S24E33A002M,19S24E33A002M,Unknown,Unknown,5-022.11,Kaweah,Tulare,NA,Unknown,Single Well,NA,1961-10-02 00:00:00 - 2013-03-08 14:30:00,87,fall,44,135,NA,NA,1985,18030012,Dry,Dry,1984-10-01T00:00:00Z,1985-10-01T00:00:00Z,-119.369,36.2397
362397N1193685W001,922697,1984-02-24T00:00:00Z,290.71,289.71,0,59,231.71,59,58,NA,Unknown,Water level accuracy is unknown,1,Department of Water Resources,NA,624,Bureau of Reclamation,NA,NA,35894,19S24E33A002M,19S24E33A002M,Unknown,Unknown,5-022.11,Kaweah,Tulare,NA,Unknown,Single Well,NA,1961-10-02 00:00:00 - 2013-03-08 14:30:00,87,other,NA,NA,NA,NA,1984,18030012,Above Normal,Above Normal,1983-10-01T00:00:00Z,1984-10-01T00:00:00Z,-119.369,36.2397
362397N1193685W001,922696,1983-10-18T00:00:00Z,290.71,289.71,0,61,229.71,61,60,NA,Unknown,Water level accuracy is unknown,1,Department of Water Resources,NA,624,Bureau of Reclamation,NA,NA,35894,19S24E33A002M,19S24E33A002M,Unknown,Unknown,5-022.11,Kaweah,Tulare,NA,Unknown,Single Well,NA,1961-10-02 00:00:00 - 2013-03-08 14:30:00,87,fall,44,135,NA,NA,1984,18030012,Above Normal,Above Normal,1983-10-01T00:00:00Z,1984-10-01T00:00:00Z,-119.369,36.2397
362397N1193685W001,922695,1983-02-03T00:00:00Z,290.71,289.71,0,68,222.71,68,67,NA,Unknown,Water level accuracy is unknown,1,Department of Water Resources,NA,5030,Tulare Irrigation District,NA,NA,35894,19S24E33A002M,19S24E33A002M,Unknown,Unknown,5-022.11,Kaweah,Tulare,NA,Unknown,Single Well,NA,1961-10-02 00:00:00 - 2013-03-08 14:30:00,87,other,NA,NA,NA,NA,1983,18030012,Wet,Wet,1982-10-01T00:00:00Z,1983-10-01T00:00:00Z,-119.369,36.2397
362397N1193685W001,922694,1982-10-04T00:00:00Z,290.71,289.71,0,74,216.71,74,73,NA,Unknown,Water level accuracy is unknown,1,Department of Water Resources,NA,5030,Tulare Irrigation District,NA,NA,35894,19S24E33A002M,19S24E33A002M,Unknown,Unknown,5-022.11,Kaweah,Tulare,NA,Unknown,Single Well,NA,1961-10-02 00:00:00 - 2013-03-08 14:30:00,87,fall,44,135,NA,NA,1983,18030012,Wet,Wet,1982-10-01T00:00:00Z,1983-10-01T00:00:00Z,-119.369,36.2397
362397N1193685W001,922693,1982-02-02T00:00:00Z,290.71,289.71,0,81,209.71,81,80,NA,Unknown,Water level accuracy is unknown,1,Department of Water Resources,NA,624,Bureau of Reclamation,NA,NA,35894,19S24E33A002M,19S24E33A002M,Unknown,Unknown,5-022.11,Kaweah,Tulare,NA,Unknown,Single Well,NA,1961-10-02 00:00:00 - 2013-03-08 14:30:00,87,other,NA,NA,NA,NA,1982,18030012,Wet,Wet,1981-10-01T00:00:00Z,1982-10-01T00:00:00Z,-119.369,36.2397
362397N1193685W001,922692,1981-09-25T00:00:00Z,290.71,289.71,0,45,245.71,45,44,NA,Unknown,Water level accuracy is unknown,1,Department of Water Resources,NA,624,Bureau of Reclamation,NA,NA,35894,19S24E33A002M,19S24E33A002M,Unknown,Unknown,5-022.11,Kaweah,Tulare,NA,Unknown,Single Well,NA,1961-10-02 00:00:00 - 2013-03-08 14:30:00,87,fall,44,135,NA,NA,1981,18030012,Below Normal,Below Normal,1980-10-01T00:00:00Z,1981-10-01T00:00:00Z,-119.369,36.2397
362397N1193685W001,922691,1981-01-23T00:00:00Z,290.71,289.71,0,83.5,207.21,83.5,82.5,NA,Unknown,Water level accuracy is unknown,1,Department of Water Resources,NA,5030,Tulare Irrigation District,NA,NA,35894,19S24E33A002M,19S24E33A002M,Unknown,Unknown,5-022.11,Kaweah,Tulare,NA,Unknown,Single Well,NA,1961-10-02 00:00:00 - 2013-03-08 14:30:00,87,other,NA,NA,NA,NA,1981,18030012,Below Normal,Below Normal,1980-10-01T00:00:00Z,1981-10-01T00:00:00Z,-119.369,36.2397
362397N1193685W001,922690,1980-09-22T00:00:00Z,290.71,289.71,0,69,221.71,69,68,NA,Unknown,Water level accuracy is unknown,1,Department of Water Resources,NA,5030,Tulare Irrigation District,NA,NA,35894,19S24E33A002M,19S24E33A002M,Unknown,Unknown,5-022.11,Kaweah,Tulare,NA,Unknown,Single Well,NA,1961-10-02 00:00:00 - 2013-03-08 14:30:00,87,fall,44,135,NA,NA,1980,18030012,Wet,Wet,1979-10-01T00:00:00Z,1980-10-01T00:00:00Z,-119.369,36.2397
362397N1193685W001,922689,1980-01-28T00:00:00Z,290.71,289.71,0,91.5,199.21,91.5,90.5,NA,Unknown,Water level accuracy is unknown,1,Department of Water Resources,NA,5030,Tulare Irrigation District,NA,NA,35894,19S24E33A002M,19S24E33A002M,Unknown,Unknown,5-022.11,Kaweah,Tulare,NA,Unknown,Single Well,NA,1961-10-02 00:00:00 - 2013-03-08 14:30:00,87,other,NA,NA,NA,NA,1980,18030012,Wet,Wet,1979-10-01T00:00:00Z,1980-10-01T00:00:00Z,-119.369,36.2397
362397N1193685W001,922688,1979-09-24T00:00:00Z,290.71,289.71,0,93,197.71,93,92,NA,Unknown,Water level accuracy is unknown,1,Department of Water Resources,NA,5030,Tulare Irrigation District,NA,NA,35894,19S24E33A002M,19S24E33A002M,Unknown,Unknown,5-022.11,Kaweah,Tulare,NA,Unknown,Single Well,NA,1961-10-02 00:00:00 - 2013-03-08 14:30:00,87,fall,44,135,NA,NA,1979,18030012,Wet,Wet,1978-10-01T00:00:00Z,1979-10-01T00:00:00Z,-119.369,36.2397
362397N1193685W001,922687,1979-01-22T00:00:00Z,290.71,289.71,0,86,204.71,86,85,NA,Unknown,Water level accuracy is unknown,1,Department of Water Resources,NA,5030,Tulare Irrigation District,NA,NA,35894,19S24E33A002M,19S24E33A002M,Unknown,Unknown,5-022.11,Kaweah,Tulare,NA,Unknown,Single Well,NA,1961-10-02 00:00:00 - 2013-03-08 14:30:00,87,other,NA,NA,NA,NA,1979,18030012,Wet,Wet,1978-10-01T00:00:00Z,1979-10-01T00:00:00Z,-119.369,36.2397
362397N1193685W001,922686,1978-10-03T00:00:00Z,290.71,289.71,0,93,197.71,93,92,NA,Unknown,Water level accuracy is unknown,1,Department of Water Resources,NA,5030,Tulare Irrigation District,NA,NA,35894,19S24E33A002M,19S24E33A002M,Unknown,Unknown,5-022.11,Kaweah,Tulare,NA,Unknown,Single Well,NA,1961-10-02 00:00:00 - 2013-03-08 14:30:00,87,fall,44,135,NA,NA,1979,18030012,Wet,Wet,1978-10-01T00:00:00Z,1979-10-01T00:00:00Z,-119.369,36.2397
362397N1193685W001,922685,1978-01-31T00:00:00Z,290.71,289.71,0,108,182.71,108,107,NA,Unknown,Water level accuracy is unknown,1,Department of Water Resources,NA,5030,Tulare Irrigation District,NA,NA,35894,19S24E33A002M,19S24E33A002M,Unknown,Unknown,5-022.11,Kaweah,Tulare,NA,Unknown,Single Well,NA,1961-10-02 00:00:00 - 2013-03-08 14:30:00,87,other,NA,NA,NA,NA,1978,18030012,Wet,Wet,1977-10-01T00:00:00Z,1978-10-01T00:00:00Z,-119.369,36.2397
362397N1193685W001,922684,1977-10-04T00:00:00Z,290.71,289.71,0,109,181.71,109,108,NA,Unknown,Water level accuracy is unknown,1,Department of Water Resources,NA,5030,Tulare Irrigation District,NA,NA,35894,19S24E33A002M,19S24E33A002M,Unknown,Unknown,5-022.11,Kaweah,Tulare,NA,Unknown,Single Well,NA,1961-10-02 00:00:00 - 2013-03-08 14:30:00,87,fall,44,135,NA,NA,1978,18030012,Wet,Wet,1977-10-01T00:00:00Z,1978-10-01T00:00:00Z,-119.369,36.2397
362397N1193685W001,922683,1977-01-24T00:00:00Z,290.71,289.71,NA,NA,NA,NA,NA,Special/Other,NA,NA,1,Department of Water Resources,NA,5030,Tulare Irrigation District,NA,NA,35894,19S24E33A002M,19S24E33A002M,Unknown,Unknown,5-022.11,Kaweah,Tulare,NA,Unknown,Single Well,NA,1961-10-02 00:00:00 - 2013-03-08 14:30:00,87,other,NA,NA,NA,NA,1977,18030012,Dry,Dry,1976-10-01T00:00:00Z,1977-10-01T00:00:00Z,-119.369,36.2397
362397N1193685W001,922682,1976-10-06T00:00:00Z,290.71,289.71,NA,NA,NA,NA,NA,Special/Other,NA,NA,1,Department of Water Resources,NA,5030,Tulare Irrigation District,NA,NA,35894,19S24E33A002M,19S24E33A002M,Unknown,Unknown,5-022.11,Kaweah,Tulare,NA,Unknown,Single Well,NA,1961-10-02 00:00:00 - 2013-03-08 14:30:00,87,fall,44,135,NA,NA,1977,18030012,Dry,Dry,1976-10-01T00:00:00Z,1977-10-01T00:00:00Z,-119.369,36.2397
362397N1193685W001,922681,1976-01-27T00:00:00Z,290.71,289.71,0,89,201.71,89,88,NA,Unknown,Water level accuracy is unknown,1,Department of Water Resources,NA,5030,Tulare Irrigation District,NA,NA,35894,19S24E33A002M,19S24E33A002M,Unknown,Unknown,5-022.11,Kaweah,Tulare,NA,Unknown,Single Well,NA,1961-10-02 00:00:00 - 2013-03-08 14:30:00,87,other,NA,NA,NA,NA,1976,18030012,Above Normal,Above Normal,1975-10-01T00:00:00Z,1976-10-01T00:00:00Z,-119.369,36.2397
362397N1193685W001,922680,1975-09-30T00:00:00Z,290.71,289.71,0,97,193.71,97,96,NA,Unknown,Water level accuracy is unknown,1,Department of Water Resources,NA,5030,Tulare Irrigation District,NA,NA,35894,19S24E33A002M,19S24E33A002M,Unknown,Unknown,5-022.11,Kaweah,Tulare,NA,Unknown,Single Well,NA,1961-10-02 00:00:00 - 2013-03-08 14:30:00,87,fall,44,135,NA,NA,1975,18030012,Above Normal,Above Normal,1974-10-01T00:00:00Z,1975-10-01T00:00:00Z,-119.369,36.2397
362397N1193685W001,922679,1975-02-12T00:00:00Z,290.71,289.71,0,80,210.71,80,79,NA,Unknown,Water level accuracy is unknown,1,Department of Water Resources,NA,5030,Tulare Irrigation District,NA,NA,35894,19S24E33A002M,19S24E33A002M,Unknown,Unknown,5-022.11,Kaweah,Tulare,NA,Unknown,Single Well,NA,1961-10-02 00:00:00 - 2013-03-08 14:30:00,87,other,NA,NA,NA,NA,1975,18030012,Above Normal,Above Normal,1974-10-01T00:00:00Z,1975-10-01T00:00:00Z,-119.369,36.2397
362397N1193685W001,922678,1974-10-01T00:00:00Z,290.71,289.71,0,84,206.71,84,83,NA,Unknown,Water level accuracy is unknown,1,Department of Water Resources,NA,5030,Tulare Irrigation District,NA,NA,35894,19S24E33A002M,19S24E33A002M,Unknown,Unknown,5-022.11,Kaweah,Tulare,NA,Unknown,Single Well,NA,1961-10-02 00:00:00 - 2013-03-08 14:30:00,87,fall,44,135,NA,NA,1975,18030012,Above Normal,Above Normal,1974-10-01T00:00:00Z,1975-10-01T00:00:00Z,-119.369,36.2397
362397N1193685W001,922677,1974-01-23T00:00:00Z,290.71,289.71,0,75,215.71,75,74,NA,Unknown,Water level accuracy is unknown,1,Department of Water Resources,NA,5030,Tulare Irrigation District,NA,NA,35894,19S24E33A002M,19S24E33A002M,Unknown,Unknown,5-022.11,Kaweah,Tulare,NA,Unknown,Single Well,NA,1961-10-02 00:00:00 - 2013-03-08 14:30:00,87,other,NA,NA,NA,NA,1974,18030012,Wet,Wet,1973-10-01T00:00:00Z,1974-10-01T00:00:00Z,-119.369,36.2397
362397N1193685W001,922676,1973-10-02T00:00:00Z,290.71,289.71,0,90,200.71,90,89,NA,Unknown,Water level accuracy is unknown,1,Department of Water Resources,NA,5030,Tulare Irrigation District,NA,NA,35894,19S24E33A002M,19S24E33A002M,Unknown,Unknown,5-022.11,Kaweah,Tulare,NA,Unknown,Single Well,NA,1961-10-02 00:00:00 - 2013-03-08 14:30:00,87,fall,44,135,NA,NA,1974,18030012,Wet,Wet,1973-10-01T00:00:00Z,1974-10-01T00:00:00Z,-119.369,36.2397
362397N1193685W001,922675,1973-02-12T00:00:00Z,290.71,289.71,0,72,218.71,72,71,NA,Unknown,Water level accuracy is unknown,1,Department of Water Resources,NA,5030,Tulare Irrigation District,NA,NA,35894,19S24E33A002M,19S24E33A002M,Unknown,Unknown,5-022.11,Kaweah,Tulare,NA,Unknown,Single Well,NA,1961-10-02 00:00:00 - 2013-03-08 14:30:00,87,other,NA,NA,NA,NA,1973,18030012,Wet,Wet,1972-10-01T00:00:00Z,1973-10-01T00:00:00Z,-119.369,36.2397
362397N1193685W001,922674,1972-10-10T00:00:00Z,290.71,289.71,0,94.5,196.21,94.5,93.5,NA,Unknown,Water level accuracy is unknown,1,Department of Water Resources,NA,5030,Tulare Irrigation District,NA,NA,35894,19S24E33A002M,19S24E33A002M,Unknown,Unknown,5-022.11,Kaweah,Tulare,NA,Unknown,Single Well,NA,1961-10-02 00:00:00 - 2013-03-08 14:30:00,87,fall,44,135,NA,NA,1973,18030012,Wet,Wet,1972-10-01T00:00:00Z,1973-10-01T00:00:00Z,-119.369,36.2397
362397N1193685W001,922673,1972-02-17T00:00:00Z,290.71,289.71,0,73,217.71,73,72,NA,Unknown,Water level accuracy is unknown,1,Department of Water Resources,NA,5030,Tulare Irrigation District,NA,NA,35894,19S24E33A002M,19S24E33A002M,Unknown,Unknown,5-022.11,Kaweah,Tulare,NA,Unknown,Single Well,NA,1961-10-02 00:00:00 - 2013-03-08 14:30:00,87,other,NA,NA,NA,NA,1972,18030012,Critical,Critical,1971-10-01T00:00:00Z,1972-10-01T00:00:00Z,-119.369,36.2397
362397N1193685W001,922672,1971-10-11T00:00:00Z,290.71,289.71,NA,NA,NA,NA,NA,Unable to locate well,NA,NA,1,Department of Water Resources,NA,5030,Tulare Irrigation District,NA,NA,35894,19S24E33A002M,19S24E33A002M,Unknown,Unknown,5-022.11,Kaweah,Tulare,NA,Unknown,Single Well,NA,1961-10-02 00:00:00 - 2013-03-08 14:30:00,87,fall,44,135,NA,NA,1972,18030012,Critical,Critical,1971-10-01T00:00:00Z,1972-10-01T00:00:00Z,-119.369,36.2397
362397N1193685W001,922671,1971-02-13T00:00:00Z,290.71,289.71,0,70,220.71,70,69,NA,Unknown,Water level accuracy is unknown,1,Department of Water Resources,NA,5030,Tulare Irrigation District,NA,NA,35894,19S24E33A002M,19S24E33A002M,Unknown,Unknown,5-022.11,Kaweah,Tulare,NA,Unknown,Single Well,NA,1961-10-02 00:00:00 - 2013-03-08 14:30:00,87,other,NA,NA,NA,NA,1971,18030012,Dry,Dry,1970-10-01T00:00:00Z,1971-10-01T00:00:00Z,-119.369,36.2397
362397N1193685W001,922670,1970-10-02T00:00:00Z,290.71,289.71,0,84.8,205.91,84.8,83.8,NA,Unknown,Water level accuracy is unknown,1,Department of Water Resources,NA,5030,Tulare Irrigation District,NA,NA,35894,19S24E33A002M,19S24E33A002M,Unknown,Unknown,5-022.11,Kaweah,Tulare,NA,Unknown,Single Well,NA,1961-10-02 00:00:00 - 2013-03-08 14:30:00,87,fall,44,135,NA,NA,1971,18030012,Dry,Dry,1970-10-01T00:00:00Z,1971-10-01T00:00:00Z,-119.369,36.2397
362397N1193685W001,922669,1970-02-02T00:00:00Z,290.71,289.71,0,70.9,219.81,70.9,69.9,NA,Unknown,Water level accuracy is unknown,1,Department of Water Resources,NA,5030,Tulare Irrigation District,NA,NA,35894,19S24E33A002M,19S24E33A002M,Unknown,Unknown,5-022.11,Kaweah,Tulare,NA,Unknown,Single Well,NA,1961-10-02 00:00:00 - 2013-03-08 14:30:00,87,other,NA,NA,NA,NA,1970,18030012,Wet,Wet,1969-10-01T00:00:00Z,1970-10-01T00:00:00Z,-119.369,36.2397
362397N1193685W001,922668,1969-09-26T00:00:00Z,290.71,289.71,0,81.9,208.81,81.9,80.9,NA,Unknown,Water level accuracy is unknown,1,Department of Water Resources,NA,624,Bureau of Reclamation,NA,NA,35894,19S24E33A002M,19S24E33A002M,Unknown,Unknown,5-022.11,Kaweah,Tulare,NA,Unknown,Single Well,NA,1961-10-02 00:00:00 - 2013-03-08 14:30:00,87,fall,44,135,NA,NA,1969,18030012,Wet,Wet,1968-10-01T00:00:00Z,1969-10-01T00:00:00Z,-119.369,36.2397
362397N1193685W001,922667,1969-02-04T00:00:00Z,290.71,289.71,0,87,203.71,87,86,NA,Unknown,Water level accuracy is unknown,1,Department of Water Resources,NA,5030,Tulare Irrigation District,NA,NA,35894,19S24E33A002M,19S24E33A002M,Unknown,Unknown,5-022.11,Kaweah,Tulare,NA,Unknown,Single Well,NA,1961-10-02 00:00:00 - 2013-03-08 14:30:00,87,other,NA,NA,NA,NA,1969,18030012,Wet,Wet,1968-10-01T00:00:00Z,1969-10-01T00:00:00Z,-119.369,36.2397
362397N1193685W001,922666,1968-02-01T00:00:00Z,290.71,289.71,0,78.5,212.21,78.5,77.5,NA,Unknown,Water level accuracy is unknown,1,Department of Water Resources,NA,5030,Tulare Irrigation District,NA,NA,35894,19S24E33A002M,19S24E33A002M,Unknown,Unknown,5-022.11,Kaweah,Tulare,NA,Unknown,Single Well,NA,1961-10-02 00:00:00 - 2013-03-08 14:30:00,87,other,NA,NA,NA,NA,1968,18030012,Below Normal,Below Normal,1967-10-01T00:00:00Z,1968-10-01T00:00:00Z,-119.369,36.2397
362397N1193685W001,922665,1967-02-14T00:00:00Z,290.71,289.71,0,91.2,199.51,91.2,90.2,NA,Unknown,Water level accuracy is unknown,1,Department of Water Resources,NA,5030,Tulare Irrigation District,NA,NA,35894,19S24E33A002M,19S24E33A002M,Unknown,Unknown,5-022.11,Kaweah,Tulare,NA,Unknown,Single Well,NA,1961-10-02 00:00:00 - 2013-03-08 14:30:00,87,other,NA,NA,NA,NA,1967,18030012,Wet,Wet,1966-10-01T00:00:00Z,1967-10-01T00:00:00Z,-119.369,36.2397
362397N1193685W001,922664,1966-02-04T00:00:00Z,290.71,289.71,0,83.7,207.01,83.7,82.7,NA,Unknown,Water level accuracy is unknown,1,Department of Water Resources,NA,5030,Tulare Irrigation District,NA,NA,35894,19S24E33A002M,19S24E33A002M,Unknown,Unknown,5-022.11,Kaweah,Tulare,NA,Unknown,Single Well,NA,1961-10-02 00:00:00 - 2013-03-08 14:30:00,87,other,NA,NA,NA,NA,1966,18030012,Below Normal,Below Normal,1965-10-01T00:00:00Z,1966-10-01T00:00:00Z,-119.369,36.2397
362397N1193685W001,922663,1965-02-01T00:00:00Z,290.71,289.71,0,87,203.71,87,86,NA,Unknown,Water level accuracy is unknown,1,Department of Water Resources,NA,5030,Tulare Irrigation District,NA,NA,35894,19S24E33A002M,19S24E33A002M,Unknown,Unknown,5-022.11,Kaweah,Tulare,NA,Unknown,Single Well,NA,1961-10-02 00:00:00 - 2013-03-08 14:30:00,87,other,NA,NA,NA,NA,1965,18030012,Below Normal,Below Normal,1964-10-01T00:00:00Z,1965-10-01T00:00:00Z,-119.369,36.2397
362397N1193685W001,922662,1964-09-28T00:00:00Z,290.71,289.71,NA,NA,NA,NA,NA,Special/Other,NA,NA,1,Department of Water Resources,NA,5030,Tulare Irrigation District,NA,NA,35894,19S24E33A002M,19S24E33A002M,Unknown,Unknown,5-022.11,Kaweah,Tulare,NA,Unknown,Single Well,NA,1961-10-02 00:00:00 - 2013-03-08 14:30:00,87,fall,44,135,NA,NA,1964,18030012,Dry,Dry,1963-10-01T00:00:00Z,1964-10-01T00:00:00Z,-119.369,36.2397
362397N1193685W001,922661,1964-02-11T00:00:00Z,290.71,289.71,0,80,210.71,80,79,NA,Unknown,Water level accuracy is unknown,1,Department of Water Resources,NA,5030,Tulare Irrigation District,NA,NA,35894,19S24E33A002M,19S24E33A002M,Unknown,Unknown,5-022.11,Kaweah,Tulare,NA,Unknown,Single Well,NA,1961-10-02 00:00:00 - 2013-03-08 14:30:00,87,other,NA,NA,NA,NA,1964,18030012,Dry,Dry,1963-10-01T00:00:00Z,1964-10-01T00:00:00Z,-119.369,36.2397
362397N1193685W001,922660,1963-02-04T00:00:00Z,290.71,289.71,0,84.8,205.91,84.8,83.8,NA,Unknown,Water level accuracy is unknown,1,Department of Water Resources,NA,5030,Tulare Irrigation District,NA,NA,35894,19S24E33A002M,19S24E33A002M,Unknown,Unknown,5-022.11,Kaweah,Tulare,NA,Unknown,Single Well,NA,1961-10-02 00:00:00 - 2013-03-08 14:30:00,87,other,NA,NA,NA,NA,1963,18030012,Above Normal,Above Normal,1962-10-01T00:00:00Z,1963-10-01T00:00:00Z,-119.369,36.2397
362397N1193685W001,922659,1962-02-06T00:00:00Z,290.71,289.71,0,91.9,198.81,91.9,90.9,NA,Unknown,Water level accuracy is unknown,1,Department of Water Resources,NA,5030,Tulare Irrigation District,NA,NA,35894,19S24E33A002M,19S24E33A002M,Unknown,Unknown,5-022.11,Kaweah,Tulare,NA,Unknown,Single Well,NA,1961-10-02 00:00:00 - 2013-03-08 14:30:00,87,other,NA,NA,NA,NA,1962,18030012,Above Normal,Above Normal,1961-10-01T00:00:00Z,1962-10-01T00:00:00Z,-119.369,36.2397
362397N1193685W001,922658,1961-10-02T00:00:00Z,290.71,289.71,0,92.5,198.21,92.5,91.5,NA,Unknown,Water level accuracy is unknown,1,Department of Water Resources,NA,5030,Tulare Irrigation District,NA,NA,35894,19S24E33A002M,19S24E33A002M,Unknown,Unknown,5-022.11,Kaweah,Tulare,NA,Unknown,Single Well,NA,1961-10-02 00:00:00 - 2013-03-08 14:30:00,87,fall,44,135,NA,NA,1962,18030012,Above Normal,Above Normal,1961-10-01T00:00:00Z,1962-10-01T00:00:00Z,-119.369,36.2397
