SITE_CODE,WLM_ID,MSMT_DATE,WLM_RPE,WLM_GSE,RDNG_WS,RDNG_RP,WSE,RPE_WSE,GSE_WSE,WLM_QA_DESC,WLM_DESC,WLM_ACC_DESC,WLM_ORG_ID,WLM_ORG_NAME,MSMT_CMT,COOP_AGENCY_ORG_ID,COOP_ORG_NAME,TOP_PRF,BOT_PRF,STN_ID,SWN,WELL_NAME,WLM_METHOD,WLM_ACC,BASIN_CODE,BASIN_NAME,COUNTY_NAME,WELL_DEPTH,WELL_USE,WELL_TYPE,WCR_NO,t_range,n_samples,season,fall_high,fall_low,spring_high,spring_low,water_year,HUC8,WYT,water_year_type,water_year_start,water_year_end,X,Y
362397N1192965W001,93893,2011-02-17T10:15:00Z,315.71,314.21,NA,NA,NA,NA,NA,Special/Other,NA,NA,1,Department of Water Resources,NA,1,Department of Water Resources,NA,NA,17452,19S25E31A001M,19S25E31A001M,Unknown,Unknown,5-022.11,Kaweah,Tulare,NA,Unknown,Single Well,NA,1967-02-08 00:00:00 - 2011-02-17 10:15:00,38,other,NA,NA,NA,NA,2011,18030012,Wet,Wet,2010-10-01T00:00:00Z,2011-10-01T00:00:00Z,-119.297,36.2397
362397N1192965W001,924370,2010-01-20T00:00:00Z,315.71,314.21,NA,NA,NA,NA,NA,Special/Other,NA,NA,1,Department of Water Resources,NA,5030,Tulare Irrigation District,NA,NA,17452,19S25E31A001M,19S25E31A001M,Unknown,Unknown,5-022.11,Kaweah,Tulare,NA,Unknown,Single Well,NA,1967-02-08 00:00:00 - 2011-02-17 10:15:00,38,other,NA,NA,NA,NA,2010,18030012,Above Normal,Above Normal,2009-10-01T00:00:00Z,2010-10-01T00:00:00Z,-119.297,36.2397
362397N1192965W001,924369,2006-01-27T00:00:00Z,315.71,314.21,NA,NA,NA,NA,NA,Special/Other,NA,NA,1,Department of Water Resources,NA,5030,Tulare Irrigation District,NA,NA,17452,19S25E31A001M,19S25E31A001M,Unknown,Unknown,5-022.11,Kaweah,Tulare,NA,Unknown,Single Well,NA,1967-02-08 00:00:00 - 2011-02-17 10:15:00,38,other,NA,NA,NA,NA,2006,18030012,Wet,Wet,2005-10-01T00:00:00Z,2006-10-01T00:00:00Z,-119.297,36.2397
362397N1192965W001,924368,2005-01-31T00:00:00Z,315.71,314.21,NA,NA,NA,NA,NA,Special/Other,NA,NA,1,Department of Water Resources,NA,5030,Tulare Irrigation District,NA,NA,17452,19S25E31A001M,19S25E31A001M,Unknown,Unknown,5-022.11,Kaweah,Tulare,NA,Unknown,Single Well,NA,1967-02-08 00:00:00 - 2011-02-17 10:15:00,38,other,NA,NA,NA,NA,2005,18030012,Wet,Wet,2004-10-01T00:00:00Z,2005-10-01T00:00:00Z,-119.297,36.2397
362397N1192965W001,924367,1993-01-26T00:00:00Z,315.71,314.21,NA,NA,NA,NA,NA,Well has been destroyed,NA,NA,1,Department of Water Resources,NA,5030,Tulare Irrigation District,NA,NA,17452,19S25E31A001M,19S25E31A001M,Unknown,Unknown,5-022.11,Kaweah,Tulare,NA,Unknown,Single Well,NA,1967-02-08 00:00:00 - 2011-02-17 10:15:00,38,other,NA,NA,NA,NA,1993,18030012,Wet,Wet,1992-10-01T00:00:00Z,1993-10-01T00:00:00Z,-119.297,36.2397
362397N1192965W001,924366,1992-10-08T00:00:00Z,315.71,314.21,0,120,195.71,120,118.5,NA,Unknown,Water level accuracy is unknown,1,Department of Water Resources,NA,5030,Tulare Irrigation District,NA,NA,17452,19S25E31A001M,19S25E31A001M,Unknown,Unknown,5-022.11,Kaweah,Tulare,NA,Unknown,Single Well,NA,1967-02-08 00:00:00 - 2011-02-17 10:15:00,38,fall,31.5,118.5,NA,NA,1993,18030012,Wet,Wet,1992-10-01T00:00:00Z,1993-10-01T00:00:00Z,-119.297,36.2397
362397N1192965W001,924365,1992-01-22T00:00:00Z,315.71,314.21,0,90,225.71,90,88.5,NA,Unknown,Water level accuracy is unknown,1,Department of Water Resources,NA,5030,Tulare Irrigation District,NA,NA,17452,19S25E31A001M,19S25E31A001M,Unknown,Unknown,5-022.11,Kaweah,Tulare,NA,Unknown,Single Well,NA,1967-02-08 00:00:00 - 2011-02-17 10:15:00,38,other,NA,NA,NA,NA,1992,18030012,Above Normal,Above Normal,1991-10-01T00:00:00Z,1992-10-01T00:00:00Z,-119.297,36.2397
362397N1192965W001,924364,1991-10-02T00:00:00Z,315.71,314.21,0,93.5,222.21,93.5,92,NA,Unknown,Water level accuracy is unknown,1,Department of Water Resources,NA,5030,Tulare Irrigation District,NA,NA,17452,19S25E31A001M,19S25E31A001M,Unknown,Unknown,5-022.11,Kaweah,Tulare,NA,Unknown,Single Well,NA,1967-02-08 00:00:00 - 2011-02-17 10:15:00,38,fall,31.5,118.5,NA,NA,1992,18030012,Above Normal,Above Normal,1991-10-01T00:00:00Z,1992-10-01T00:00:00Z,-119.297,36.2397
362397N1192965W001,924363,1991-01-22T00:00:00Z,315.71,314.21,0,91,224.71,91,89.5,NA,Unknown,Water level accuracy is unknown,1,Department of Water Resources,NA,5030,Tulare Irrigation District,NA,NA,17452,19S25E31A001M,19S25E31A001M,Unknown,Unknown,5-022.11,Kaweah,Tulare,NA,Unknown,Single Well,NA,1967-02-08 00:00:00 - 2011-02-17 10:15:00,38,other,NA,NA,NA,NA,1991,18030012,Dry,Dry,1990-10-01T00:00:00Z,1991-10-01T00:00:00Z,-119.297,36.2397
362397N1192965W001,924362,1990-10-04T00:00:00Z,315.71,314.21,0,92,223.71,92,90.5,Acoustical sounder,Unknown,Water level accuracy is unknown,1,Department of Water Resources,NA,5030,Tulare Irrigation District,NA,NA,17452,19S25E31A001M,19S25E31A001M,Unknown,Unknown,5-022.11,Kaweah,Tulare,NA,Unknown,Single Well,NA,1967-02-08 00:00:00 - 2011-02-17 10:15:00,38,fall,31.5,118.5,NA,NA,1991,18030012,Dry,Dry,1990-10-01T00:00:00Z,1991-10-01T00:00:00Z,-119.297,36.2397
362397N1192965W001,924361,1990-01-24T00:00:00Z,315.71,314.21,0,73,242.71,73,71.5,NA,Unknown,Water level accuracy is unknown,1,Department of Water Resources,NA,5030,Tulare Irrigation District,NA,NA,17452,19S25E31A001M,19S25E31A001M,Unknown,Unknown,5-022.11,Kaweah,Tulare,NA,Unknown,Single Well,NA,1967-02-08 00:00:00 - 2011-02-17 10:15:00,38,other,NA,NA,NA,NA,1990,18030012,Critical,Critical,1989-10-01T00:00:00Z,1990-10-01T00:00:00Z,-119.297,36.2397
362397N1192965W001,924360,1989-10-09T00:00:00Z,315.71,314.21,0,75,240.71,75,73.5,NA,Unknown,Water level accuracy is unknown,1,Department of Water Resources,NA,5030,Tulare Irrigation District,NA,NA,17452,19S25E31A001M,19S25E31A001M,Unknown,Unknown,5-022.11,Kaweah,Tulare,NA,Unknown,Single Well,NA,1967-02-08 00:00:00 - 2011-02-17 10:15:00,38,fall,31.5,118.5,NA,NA,1990,18030012,Critical,Critical,1989-10-01T00:00:00Z,1990-10-01T00:00:00Z,-119.297,36.2397
362397N1192965W001,924359,1989-01-27T00:00:00Z,315.71,314.21,0,63,252.71,63,61.5,NA,Unknown,Water level accuracy is unknown,1,Department of Water Resources,NA,5030,Tulare Irrigation District,NA,NA,17452,19S25E31A001M,19S25E31A001M,Unknown,Unknown,5-022.11,Kaweah,Tulare,NA,Unknown,Single Well,NA,1967-02-08 00:00:00 - 2011-02-17 10:15:00,38,other,NA,NA,NA,NA,1989,18030012,Dry,Dry,1988-10-01T00:00:00Z,1989-10-01T00:00:00Z,-119.297,36.2397
362397N1192965W001,924358,1988-10-07T00:00:00Z,315.71,314.21,0,73.5,242.21,73.5,72,NA,Unknown,Water level accuracy is unknown,1,Department of Water Resources,NA,5030,Tulare Irrigation District,NA,NA,17452,19S25E31A001M,19S25E31A001M,Unknown,Unknown,5-022.11,Kaweah,Tulare,NA,Unknown,Single Well,NA,1967-02-08 00:00:00 - 2011-02-17 10:15:00,38,fall,31.5,118.5,NA,NA,1989,18030012,Dry,Dry,1988-10-01T00:00:00Z,1989-10-01T00:00:00Z,-119.297,36.2397
362397N1192965W001,924357,1988-01-25T00:00:00Z,315.71,314.21,0,50.5,265.21,50.5,49,NA,Unknown,Water level accuracy is unknown,1,Department of Water Resources,NA,5030,Tulare Irrigation District,NA,NA,17452,19S25E31A001M,19S25E31A001M,Unknown,Unknown,5-022.11,Kaweah,Tulare,NA,Unknown,Single Well,NA,1967-02-08 00:00:00 - 2011-02-17 10:15:00,38,other,NA,NA,NA,NA,1988,18030012,Below Normal,Below Normal,1987-10-01T00:00:00Z,1988-10-01T00:00:00Z,-119.297,36.2397
362397N1192965W001,924356,1987-11-20T00:00:00Z,315.71,314.21,0,51,264.71,51,49.5,NA,Unknown,Water level accuracy is unknown,1,Department of Water Resources,NA,5030,Tulare Irrigation District,NA,NA,17452,19S25E31A001M,19S25E31A001M,Unknown,Unknown,5-022.11,Kaweah,Tulare,NA,Unknown,Single Well,NA,1967-02-08 00:00:00 - 2011-02-17 10:15:00,38,fall,31.5,118.5,NA,NA,1988,18030012,Below Normal,Below Normal,1987-10-01T00:00:00Z,1988-10-01T00:00:00Z,-119.297,36.2397
362397N1192965W001,924355,1987-02-05T00:00:00Z,315.71,314.21,NA,NA,NA,NA,NA,Temporarily inaccessible,NA,NA,1,Department of Water Resources,NA,5030,Tulare Irrigation District,NA,NA,17452,19S25E31A001M,19S25E31A001M,Unknown,Unknown,5-022.11,Kaweah,Tulare,NA,Unknown,Single Well,NA,1967-02-08 00:00:00 - 2011-02-17 10:15:00,38,other,NA,NA,NA,NA,1987,18030012,Below Normal,Below Normal,1986-10-01T00:00:00Z,1987-10-01T00:00:00Z,-119.297,36.2397
362397N1192965W001,924354,1986-10-03T00:00:00Z,315.71,314.21,NA,NA,NA,NA,NA,Temporarily inaccessible,NA,NA,1,Department of Water Resources,NA,624,Bureau of Reclamation,NA,NA,17452,19S25E31A001M,19S25E31A001M,Unknown,Unknown,5-022.11,Kaweah,Tulare,NA,Unknown,Single Well,NA,1967-02-08 00:00:00 - 2011-02-17 10:15:00,38,fall,31.5,118.5,NA,NA,1987,18030012,Below Normal,Below Normal,1986-10-01T00:00:00Z,1987-10-01T00:00:00Z,-119.297,36.2397
362397N1192965W001,924353,1986-02-10T00:00:00Z,315.71,314.21,NA,NA,NA,NA,NA,Temporarily inaccessible,NA,NA,1,Department of Water Resources,NA,624,Bureau of Reclamation,NA,NA,17452,19S25E31A001M,19S25E31A001M,Unknown,Unknown,5-022.11,Kaweah,Tulare,NA,Unknown,Single Well,NA,1967-02-08 00:00:00 - 2011-02-17 10:15:00,38,other,NA,NA,NA,NA,1986,18030012,Above Normal,Above Normal,1985-10-01T00:00:00Z,1986-10-01T00:00:00Z,-119.297,36.2397
362397N1192965W001,924352,1985-10-01T00:00:00Z,315.71,314.21,0,45,270.71,45,43.5,NA,Unknown,Water level accuracy is unknown,1,Department of Water Resources,NA,624,Bureau of Reclamation,NA,NA,17452,19S25E31A001M,19S25E31A001M,Unknown,Unknown,5-022.11,Kaweah,Tulare,NA,Unknown,Single Well,NA,1967-02-08 00:00:00 - 2011-02-17 10:15:00,38,fall,31.5,118.5,NA,NA,1986,18030012,Above Normal,Above Normal,1985-10-01T00:00:00Z,1986-10-01T00:00:00Z,-119.297,36.2397
362397N1192965W001,924351,1985-02-07T00:00:00Z,315.71,314.21,0,40,275.71,40,38.5,NA,Unknown,Water level accuracy is unknown,1,Department of Water Resources,NA,624,Bureau of Reclamation,NA,NA,17452,19S25E31A001M,19S25E31A001M,Unknown,Unknown,5-022.11,Kaweah,Tulare,NA,Unknown,Single Well,NA,1967-02-08 00:00:00 - 2011-02-17 10:15:00,38,other,NA,NA,NA,NA,1985,18030012,Dry,Dry,1984-10-01T00:00:00Z,1985-10-01T00:00:00Z,-119.297,36.2397
362397N1192965W001,924350,1984-10-16T00:00:00Z,315.71,314.21,0,38,277.71,38,36.5,NA,Unknown,Water level accuracy is unknown,1,Department of Water Resources,NA,624,Bureau of Reclamation,NA,NA,17452,19S25E31A001M,19S25E31A001M,Unknown,Unknown,5-022.11,Kaweah,Tulare,NA,Unknown,Single Well,NA,1967-02-08 00:00:00 - 2011-02-17 10:15:00,38,fall,31.5,118.5,NA,NA,1985,18030012,Dry,Dry,1984-10-01T00:00:00Z,1985-10-01T00:00:00Z,-119.297,36.2397
362397N1192965W001,924349,1984-03-05T00:00:00Z,315.71,314.21,0,35,280.71,35,33.5,NA,Unknown,Water level accuracy is unknown,1,Department of Water Resources,NA,624,Bureau of Reclamation,NA,NA,17452,19S25E31A001M,19S25E31A001M,Unknown,Unknown,5-022.11,Kaweah,Tulare,NA,Unknown,Single Well,NA,1967-02-08 00:00:00 - 2011-02-17 10:15:00,38,spring,NA,NA,33.5,33.5,1984,18030012,Above Normal,Above Normal,1983-10-01T00:00:00Z,1984-10-01T00:00:00Z,-119.297,36.2397
362397N1192965W001,924348,1983-10-09T00:00:00Z,315.71,314.21,0,33,282.71,33,31.5,NA,Unknown,Water level accuracy is unknown,1,Department of Water Resources,NA,624,Bureau of Reclamation,NA,NA,17452,19S25E31A001M,19S25E31A001M,Unknown,Unknown,5-022.11,Kaweah,Tulare,NA,Unknown,Single Well,NA,1967-02-08 00:00:00 - 2011-02-17 10:15:00,38,fall,31.5,118.5,NA,NA,1984,18030012,Above Normal,Above Normal,1983-10-01T00:00:00Z,1984-10-01T00:00:00Z,-119.297,36.2397
362397N1192965W001,924347,1983-01-31T00:00:00Z,315.71,314.21,0,42.5,273.21,42.5,41,NA,Unknown,Water level accuracy is unknown,1,Department of Water Resources,NA,5030,Tulare Irrigation District,NA,NA,17452,19S25E31A001M,19S25E31A001M,Unknown,Unknown,5-022.11,Kaweah,Tulare,NA,Unknown,Single Well,NA,1967-02-08 00:00:00 - 2011-02-17 10:15:00,38,other,NA,NA,NA,NA,1983,18030012,Wet,Wet,1982-10-01T00:00:00Z,1983-10-01T00:00:00Z,-119.297,36.2397
362397N1192965W001,924346,1974-10-01T00:00:00Z,315.71,314.21,NA,NA,NA,NA,NA,Measurement Discontinued,NA,NA,1,Department of Water Resources,NA,5030,Tulare Irrigation District,NA,NA,17452,19S25E31A001M,19S25E31A001M,Unknown,Unknown,5-022.11,Kaweah,Tulare,NA,Unknown,Single Well,NA,1967-02-08 00:00:00 - 2011-02-17 10:15:00,38,fall,31.5,118.5,NA,NA,1975,18030012,Above Normal,Above Normal,1974-10-01T00:00:00Z,1975-10-01T00:00:00Z,-119.297,36.2397
362397N1192965W001,924345,1974-01-23T00:00:00Z,315.71,314.21,NA,NA,NA,NA,NA,Measurement Discontinued,NA,NA,1,Department of Water Resources,NA,5030,Tulare Irrigation District,NA,NA,17452,19S25E31A001M,19S25E31A001M,Unknown,Unknown,5-022.11,Kaweah,Tulare,NA,Unknown,Single Well,NA,1967-02-08 00:00:00 - 2011-02-17 10:15:00,38,other,NA,NA,NA,NA,1974,18030012,Wet,Wet,1973-10-01T00:00:00Z,1974-10-01T00:00:00Z,-119.297,36.2397
362397N1192965W001,924344,1973-02-12T00:00:00Z,315.71,314.21,NA,NA,NA,NA,NA,Tape hung up,NA,NA,1,Department of Water Resources,NA,5030,Tulare Irrigation District,NA,NA,17452,19S25E31A001M,19S25E31A001M,Unknown,Unknown,5-022.11,Kaweah,Tulare,NA,Unknown,Single Well,NA,1967-02-08 00:00:00 - 2011-02-17 10:15:00,38,other,NA,NA,NA,NA,1973,18030012,Wet,Wet,1972-10-01T00:00:00Z,1973-10-01T00:00:00Z,-119.297,36.2397
362397N1192965W001,924343,1972-10-10T00:00:00Z,315.71,314.21,NA,NA,NA,NA,NA,Can't get tape in casing,NA,NA,1,Department of Water Resources,NA,5030,Tulare Irrigation District,NA,NA,17452,19S25E31A001M,19S25E31A001M,Unknown,Unknown,5-022.11,Kaweah,Tulare,NA,Unknown,Single Well,NA,1967-02-08 00:00:00 - 2011-02-17 10:15:00,38,fall,31.5,118.5,NA,NA,1973,18030012,Wet,Wet,1972-10-01T00:00:00Z,1973-10-01T00:00:00Z,-119.297,36.2397
362397N1192965W001,924342,1972-02-17T00:00:00Z,315.71,314.21,0,64,251.71,64,62.5,NA,Unknown,Water level accuracy is unknown,1,Department of Water Resources,NA,5030,Tulare Irrigation District,NA,NA,17452,19S25E31A001M,19S25E31A001M,Unknown,Unknown,5-022.11,Kaweah,Tulare,NA,Unknown,Single Well,NA,1967-02-08 00:00:00 - 2011-02-17 10:15:00,38,other,NA,NA,NA,NA,1972,18030012,Critical,Critical,1971-10-01T00:00:00Z,1972-10-01T00:00:00Z,-119.297,36.2397
362397N1192965W001,924341,1971-10-12T00:00:00Z,315.71,314.21,0,58.9,256.81,58.9,57.4,NA,Unknown,Water level accuracy is unknown,1,Department of Water Resources,NA,5030,Tulare Irrigation District,NA,NA,17452,19S25E31A001M,19S25E31A001M,Unknown,Unknown,5-022.11,Kaweah,Tulare,NA,Unknown,Single Well,NA,1967-02-08 00:00:00 - 2011-02-17 10:15:00,38,fall,31.5,118.5,NA,NA,1972,18030012,Critical,Critical,1971-10-01T00:00:00Z,1972-10-01T00:00:00Z,-119.297,36.2397
362397N1192965W001,924340,1971-02-16T00:00:00Z,315.71,314.21,0,54.4,261.31,54.4,52.9,NA,Unknown,Water level accuracy is unknown,1,Department of Water Resources,NA,5030,Tulare Irrigation District,NA,NA,17452,19S25E31A001M,19S25E31A001M,Unknown,Unknown,5-022.11,Kaweah,Tulare,NA,Unknown,Single Well,NA,1967-02-08 00:00:00 - 2011-02-17 10:15:00,38,other,NA,NA,NA,NA,1971,18030012,Dry,Dry,1970-10-01T00:00:00Z,1971-10-01T00:00:00Z,-119.297,36.2397
362397N1192965W001,924339,1970-10-03T00:00:00Z,315.71,314.21,0,55.7,260.01,55.7,54.2,NA,Unknown,Water level accuracy is unknown,1,Department of Water Resources,NA,5030,Tulare Irrigation District,NA,NA,17452,19S25E31A001M,19S25E31A001M,Unknown,Unknown,5-022.11,Kaweah,Tulare,NA,Unknown,Single Well,NA,1967-02-08 00:00:00 - 2011-02-17 10:15:00,38,fall,31.5,118.5,NA,NA,1971,18030012,Dry,Dry,1970-10-01T00:00:00Z,1971-10-01T00:00:00Z,-119.297,36.2397
362397N1192965W001,924338,1970-02-03T00:00:00Z,315.71,314.21,0,51.6,264.11,51.6,50.1,NA,Unknown,Water level accuracy is unknown,1,Department of Water Resources,NA,5030,Tulare Irrigation District,NA,NA,17452,19S25E31A001M,19S25E31A001M,Unknown,Unknown,5-022.11,Kaweah,Tulare,NA,Unknown,Single Well,NA,1967-02-08 00:00:00 - 2011-02-17 10:15:00,38,other,NA,NA,NA,NA,1970,18030012,Wet,Wet,1969-10-01T00:00:00Z,1970-10-01T00:00:00Z,-119.297,36.2397
362397N1192965W001,924337,1969-09-26T00:00:00Z,315.71,314.21,0,60.7,255.01,60.7,59.2,NA,Unknown,Water level accuracy is unknown,1,Department of Water Resources,NA,624,Bureau of Reclamation,NA,NA,17452,19S25E31A001M,19S25E31A001M,Unknown,Unknown,5-022.11,Kaweah,Tulare,NA,Unknown,Single Well,NA,1967-02-08 00:00:00 - 2011-02-17 10:15:00,38,fall,31.5,118.5,NA,NA,1969,18030012,Wet,Wet,1968-10-01T00:00:00Z,1969-10-01T00:00:00Z,-119.297,36.2397
362397N1192965W001,924336,1969-02-04T00:00:00Z,315.71,314.21,0,72.1,243.61,72.1,70.6,NA,Unknown,Water level accuracy is unknown,1,Department of Water Resources,NA,5030,Tulare Irrigation District,NA,NA,17452,19S25E31A001M,19S25E31A001M,Unknown,Unknown,5-022.11,Kaweah,Tulare,NA,Unknown,Single Well,NA,1967-02-08 00:00:00 - 2011-02-17 10:15:00,38,other,NA,NA,NA,NA,1969,18030012,Wet,Wet,1968-10-01T00:00:00Z,1969-10-01T00:00:00Z,-119.297,36.2397
362397N1192965W001,924335,1968-02-01T00:00:00Z,315.71,314.21,0,63.7,252.01,63.7,62.2,NA,Unknown,Water level accuracy is unknown,1,Department of Water Resources,NA,5030,Tulare Irrigation District,NA,NA,17452,19S25E31A001M,19S25E31A001M,Unknown,Unknown,5-022.11,Kaweah,Tulare,NA,Unknown,Single Well,NA,1967-02-08 00:00:00 - 2011-02-17 10:15:00,38,other,NA,NA,NA,NA,1968,18030012,Below Normal,Below Normal,1967-10-01T00:00:00Z,1968-10-01T00:00:00Z,-119.297,36.2397
362397N1192965W001,924334,1967-02-08T00:00:00Z,315.71,314.21,0,83,232.71,83,81.5,NA,Unknown,Water level accuracy is unknown,1,Department of Water Resources,NA,5030,Tulare Irrigation District,NA,NA,17452,19S25E31A001M,19S25E31A001M,Unknown,Unknown,5-022.11,Kaweah,Tulare,NA,Unknown,Single Well,NA,1967-02-08 00:00:00 - 2011-02-17 10:15:00,38,other,NA,NA,NA,NA,1967,18030012,Wet,Wet,1966-10-01T00:00:00Z,1967-10-01T00:00:00Z,-119.297,36.2397
