SITE_CODE,WLM_ID,MSMT_DATE,WLM_RPE,WLM_GSE,RDNG_WS,RDNG_RP,WSE,RPE_WSE,GSE_WSE,WLM_QA_DESC,WLM_DESC,WLM_ACC_DESC,WLM_ORG_ID,WLM_ORG_NAME,MSMT_CMT,COOP_AGENCY_ORG_ID,COOP_ORG_NAME,TOP_PRF,BOT_PRF,STN_ID,SWN,WELL_NAME,WLM_METHOD,WLM_ACC,BASIN_CODE,BASIN_NAME,COUNTY_NAME,WELL_DEPTH,WELL_USE,WELL_TYPE,WCR_NO,t_range,n_samples,season,fall_high,fall_low,spring_high,spring_low,water_year,HUC8,WYT,water_year_type,water_year_start,water_year_end,X,Y
362408N1192865W001,924233,1962-02-07T00:00:00Z,319.11,317.91,NA,NA,NA,NA,NA,Well has been destroyed,NA,NA,1,Department of Water Resources,NA,5030,Tulare Irrigation District,NA,NA,17450,19S25E29Q001M,NA,Unknown,Unknown,5-022.11,Kaweah,Tulare,NA,Unknown,Unknown,NA,1944-09-25 - 1962-02-07,37,other,NA,NA,NA,NA,1962,18030012,Above Normal,Above Normal,1961-10-01T00:00:00Z,1962-10-01T00:00:00Z,-119.287,36.2408
362408N1192865W001,924232,1961-10-02T00:00:00Z,319.11,317.91,NA,NA,NA,NA,NA,Special/Other,NA,NA,1,Department of Water Resources,NA,5030,Tulare Irrigation District,NA,NA,17450,19S25E29Q001M,NA,Unknown,Unknown,5-022.11,Kaweah,Tulare,NA,Unknown,Unknown,NA,1944-09-25 - 1962-02-07,37,fall,19.3,60.3,NA,NA,1962,18030012,Above Normal,Above Normal,1961-10-01T00:00:00Z,1962-10-01T00:00:00Z,-119.287,36.2408
362408N1192865W001,924231,1959-02-17T00:00:00Z,319.11,317.91,0,46,273.11,46,44.8,NA,Unknown,Water level accuracy is unknown,1,Department of Water Resources,NA,5030,Tulare Irrigation District,NA,NA,17450,19S25E29Q001M,NA,Unknown,Unknown,5-022.11,Kaweah,Tulare,NA,Unknown,Unknown,NA,1944-09-25 - 1962-02-07,37,other,NA,NA,NA,NA,1959,18030012,Below Normal,Below Normal,1958-10-01T00:00:00Z,1959-10-01T00:00:00Z,-119.287,36.2408
362408N1192865W001,924230,1958-09-29T00:00:00Z,319.11,317.91,0,43.3,275.81,43.3,42.1,NA,Unknown,Water level accuracy is unknown,1,Department of Water Resources,NA,5030,Tulare Irrigation District,NA,NA,17450,19S25E29Q001M,NA,Unknown,Unknown,5-022.11,Kaweah,Tulare,NA,Unknown,Unknown,NA,1944-09-25 - 1962-02-07,37,fall,19.3,60.3,NA,NA,1958,18030012,Wet,Wet,1957-10-01T00:00:00Z,1958-10-01T00:00:00Z,-119.287,36.2408
362408N1192865W001,924229,1958-02-17T00:00:00Z,319.11,317.91,0,52.3,266.81,52.3,51.1,NA,Unknown,Water level accuracy is unknown,1,Department of Water Resources,NA,5030,Tulare Irrigation District,NA,NA,17450,19S25E29Q001M,NA,Unknown,Unknown,5-022.11,Kaweah,Tulare,NA,Unknown,Unknown,NA,1944-09-25 - 1962-02-07,37,other,NA,NA,NA,NA,1958,18030012,Wet,Wet,1957-10-01T00:00:00Z,1958-10-01T00:00:00Z,-119.287,36.2408
362408N1192865W001,924228,1957-09-30T00:00:00Z,319.11,317.91,0,53.3,265.81,53.3,52.1,NA,Unknown,Water level accuracy is unknown,1,Department of Water Resources,NA,5030,Tulare Irrigation District,NA,NA,17450,19S25E29Q001M,NA,Unknown,Unknown,5-022.11,Kaweah,Tulare,NA,Unknown,Unknown,NA,1944-09-25 - 1962-02-07,37,fall,19.3,60.3,NA,NA,1957,18030012,Below Normal,Below Normal,1956-10-01T00:00:00Z,1957-10-01T00:00:00Z,-119.287,36.2408
362408N1192865W001,924227,1957-02-18T00:00:00Z,319.11,317.91,0,47.1,272.01,47.1,45.9,NA,Unknown,Water level accuracy is unknown,1,Department of Water Resources,NA,5030,Tulare Irrigation District,NA,NA,17450,19S25E29Q001M,NA,Unknown,Unknown,5-022.11,Kaweah,Tulare,NA,Unknown,Unknown,NA,1944-09-25 - 1962-02-07,37,other,NA,NA,NA,NA,1957,18030012,Below Normal,Below Normal,1956-10-01T00:00:00Z,1957-10-01T00:00:00Z,-119.287,36.2408
362408N1192865W001,924226,1956-10-22T00:00:00Z,319.11,317.91,0,46.1,273.01,46.1,44.9,NA,Unknown,Water level accuracy is unknown,1,Department of Water Resources,NA,5030,Tulare Irrigation District,NA,NA,17450,19S25E29Q001M,NA,Unknown,Unknown,5-022.11,Kaweah,Tulare,NA,Unknown,Unknown,NA,1944-09-25 - 1962-02-07,37,fall,19.3,60.3,NA,NA,1957,18030012,Below Normal,Below Normal,1956-10-01T00:00:00Z,1957-10-01T00:00:00Z,-119.287,36.2408
362408N1192865W001,924225,1956-02-15T00:00:00Z,319.11,317.91,0,51.5,267.61,51.5,50.3,NA,Unknown,Water level accuracy is unknown,1,Department of Water Resources,NA,5030,Tulare Irrigation District,NA,NA,17450,19S25E29Q001M,NA,Unknown,Unknown,5-022.11,Kaweah,Tulare,NA,Unknown,Unknown,NA,1944-09-25 - 1962-02-07,37,other,NA,NA,NA,NA,1956,18030012,Above Normal,Above Normal,1955-10-01T00:00:00Z,1956-10-01T00:00:00Z,-119.287,36.2408
362408N1192865W001,924224,1955-09-07T00:00:00Z,319.11,317.91,0,54.4,264.71,54.4,53.2,NA,Unknown,Water level accuracy is unknown,1,Department of Water Resources,NA,5030,Tulare Irrigation District,NA,NA,17450,19S25E29Q001M,NA,Unknown,Unknown,5-022.11,Kaweah,Tulare,NA,Unknown,Unknown,NA,1944-09-25 - 1962-02-07,37,fall,19.3,60.3,NA,NA,1955,18030012,Below Normal,Below Normal,1954-10-01T00:00:00Z,1955-10-01T00:00:00Z,-119.287,36.2408
362408N1192865W001,924223,1955-02-18T00:00:00Z,319.11,317.91,0,51.7,267.41,51.7,50.5,NA,Unknown,Water level accuracy is unknown,1,Department of Water Resources,NA,5030,Tulare Irrigation District,NA,NA,17450,19S25E29Q001M,NA,Unknown,Unknown,5-022.11,Kaweah,Tulare,NA,Unknown,Unknown,NA,1944-09-25 - 1962-02-07,37,other,NA,NA,NA,NA,1955,18030012,Below Normal,Below Normal,1954-10-01T00:00:00Z,1955-10-01T00:00:00Z,-119.287,36.2408
362408N1192865W001,924222,1954-10-02T00:00:00Z,319.11,317.91,0,51.3,267.81,51.3,50.1,NA,Unknown,Water level accuracy is unknown,1,Department of Water Resources,NA,5030,Tulare Irrigation District,NA,NA,17450,19S25E29Q001M,NA,Unknown,Unknown,5-022.11,Kaweah,Tulare,NA,Unknown,Unknown,NA,1944-09-25 - 1962-02-07,37,fall,19.3,60.3,NA,NA,1955,18030012,Below Normal,Below Normal,1954-10-01T00:00:00Z,1955-10-01T00:00:00Z,-119.287,36.2408
362408N1192865W001,924221,1954-05-11T00:00:00Z,319.11,317.91,0,50.8,268.31,50.8,49.6,NA,Unknown,Water level accuracy is unknown,1,Department of Water Resources,NA,5030,Tulare Irrigation District,NA,NA,17450,19S25E29Q001M,NA,Unknown,Unknown,5-022.11,Kaweah,Tulare,NA,Unknown,Unknown,NA,1944-09-25 - 1962-02-07,37,spring,NA,NA,29.3,49.6,1954,18030012,Below Normal,Below Normal,1953-10-01T00:00:00Z,1954-10-01T00:00:00Z,-119.287,36.2408
362408N1192865W001,924220,1954-02-24T00:00:00Z,319.11,317.91,0,49.4,269.71,49.4,48.2,NA,Unknown,Water level accuracy is unknown,1,Department of Water Resources,NA,5030,Tulare Irrigation District,NA,NA,17450,19S25E29Q001M,NA,Unknown,Unknown,5-022.11,Kaweah,Tulare,NA,Unknown,Unknown,NA,1944-09-25 - 1962-02-07,37,other,NA,NA,NA,NA,1954,18030012,Below Normal,Below Normal,1953-10-01T00:00:00Z,1954-10-01T00:00:00Z,-119.287,36.2408
362408N1192865W001,924219,1954-01-22T00:00:00Z,319.11,317.91,0,48.7,270.41,48.7,47.5,NA,Unknown,Water level accuracy is unknown,1,Department of Water Resources,NA,5030,Tulare Irrigation District,NA,NA,17450,19S25E29Q001M,NA,Unknown,Unknown,5-022.11,Kaweah,Tulare,NA,Unknown,Unknown,NA,1944-09-25 - 1962-02-07,37,other,NA,NA,NA,NA,1954,18030012,Below Normal,Below Normal,1953-10-01T00:00:00Z,1954-10-01T00:00:00Z,-119.287,36.2408
362408N1192865W001,924218,1953-10-05T00:00:00Z,319.11,317.91,0,48.9,270.21,48.9,47.7,NA,Unknown,Water level accuracy is unknown,1,Department of Water Resources,NA,5030,Tulare Irrigation District,NA,NA,17450,19S25E29Q001M,NA,Unknown,Unknown,5-022.11,Kaweah,Tulare,NA,Unknown,Unknown,NA,1944-09-25 - 1962-02-07,37,fall,19.3,60.3,NA,NA,1954,18030012,Below Normal,Below Normal,1953-10-01T00:00:00Z,1954-10-01T00:00:00Z,-119.287,36.2408
362408N1192865W001,924217,1953-02-20T00:00:00Z,319.11,317.91,0,45.1,274.01,45.1,43.9,NA,Unknown,Water level accuracy is unknown,1,Department of Water Resources,NA,5030,Tulare Irrigation District,NA,NA,17450,19S25E29Q001M,NA,Unknown,Unknown,5-022.11,Kaweah,Tulare,NA,Unknown,Unknown,NA,1944-09-25 - 1962-02-07,37,other,NA,NA,NA,NA,1953,18030012,Above Normal,Above Normal,1952-10-01T00:00:00Z,1953-10-01T00:00:00Z,-119.287,36.2408
362408N1192865W001,924216,1952-09-15T00:00:00Z,319.11,317.91,0,44.3,274.81,44.3,43.1,NA,Unknown,Water level accuracy is unknown,1,Department of Water Resources,NA,5030,Tulare Irrigation District,NA,NA,17450,19S25E29Q001M,NA,Unknown,Unknown,5-022.11,Kaweah,Tulare,NA,Unknown,Unknown,NA,1944-09-25 - 1962-02-07,37,fall,19.3,60.3,NA,NA,1952,18030012,Wet,Wet,1951-10-01T00:00:00Z,1952-10-01T00:00:00Z,-119.287,36.2408
362408N1192865W001,924215,1952-02-19T00:00:00Z,319.11,317.91,0,57.7,261.41,57.7,56.5,NA,Unknown,Water level accuracy is unknown,1,Department of Water Resources,NA,5030,Tulare Irrigation District,NA,NA,17450,19S25E29Q001M,NA,Unknown,Unknown,5-022.11,Kaweah,Tulare,NA,Unknown,Unknown,NA,1944-09-25 - 1962-02-07,37,other,NA,NA,NA,NA,1952,18030012,Wet,Wet,1951-10-01T00:00:00Z,1952-10-01T00:00:00Z,-119.287,36.2408
362408N1192865W001,924214,1951-11-01T00:00:00Z,319.11,317.91,NA,NA,NA,NA,NA,Special/Other,NA,NA,1,Department of Water Resources,NA,5030,Tulare Irrigation District,NA,NA,17450,19S25E29Q001M,NA,Unknown,Unknown,5-022.11,Kaweah,Tulare,NA,Unknown,Unknown,NA,1944-09-25 - 1962-02-07,37,fall,19.3,60.3,NA,NA,1952,18030012,Wet,Wet,1951-10-01T00:00:00Z,1952-10-01T00:00:00Z,-119.287,36.2408
362408N1192865W001,924213,1951-10-10T00:00:00Z,319.11,317.91,0,61.2,257.91,61.2,60,NA,Unknown,Water level accuracy is unknown,1,Department of Water Resources,NA,5030,Tulare Irrigation District,NA,NA,17450,19S25E29Q001M,NA,Unknown,Unknown,5-022.11,Kaweah,Tulare,NA,Unknown,Unknown,NA,1944-09-25 - 1962-02-07,37,fall,19.3,60.3,NA,NA,1952,18030012,Wet,Wet,1951-10-01T00:00:00Z,1952-10-01T00:00:00Z,-119.287,36.2408
362408N1192865W001,924212,1951-02-02T00:00:00Z,319.11,317.91,0,57.2,261.91,57.2,56,NA,Unknown,Water level accuracy is unknown,1,Department of Water Resources,NA,5030,Tulare Irrigation District,NA,NA,17450,19S25E29Q001M,NA,Unknown,Unknown,5-022.11,Kaweah,Tulare,NA,Unknown,Unknown,NA,1944-09-25 - 1962-02-07,37,other,NA,NA,NA,NA,1951,18030012,Critical,Critical,1950-10-01T00:00:00Z,1951-10-01T00:00:00Z,-119.287,36.2408
362408N1192865W001,924211,1950-12-29T00:00:00Z,319.11,317.91,0,59,260.11,59,57.8,NA,Unknown,Water level accuracy is unknown,1,Department of Water Resources,NA,5030,Tulare Irrigation District,NA,NA,17450,19S25E29Q001M,NA,Unknown,Unknown,5-022.11,Kaweah,Tulare,NA,Unknown,Unknown,NA,1944-09-25 - 1962-02-07,37,other,NA,NA,NA,NA,1951,18030012,Critical,Critical,1950-10-01T00:00:00Z,1951-10-01T00:00:00Z,-119.287,36.2408
362408N1192865W001,924210,1950-10-12T00:00:00Z,319.11,317.91,0,61.5,257.61,61.5,60.3,NA,Unknown,Water level accuracy is unknown,1,Department of Water Resources,NA,5030,Tulare Irrigation District,NA,NA,17450,19S25E29Q001M,NA,Unknown,Unknown,5-022.11,Kaweah,Tulare,NA,Unknown,Unknown,NA,1944-09-25 - 1962-02-07,37,fall,19.3,60.3,NA,NA,1951,18030012,Critical,Critical,1950-10-01T00:00:00Z,1951-10-01T00:00:00Z,-119.287,36.2408
362408N1192865W001,924209,1950-02-14T00:00:00Z,319.11,317.91,0,55.6,263.51,55.6,54.4,NA,Unknown,Water level accuracy is unknown,1,Department of Water Resources,NA,5030,Tulare Irrigation District,NA,NA,17450,19S25E29Q001M,NA,Unknown,Unknown,5-022.11,Kaweah,Tulare,NA,Unknown,Unknown,NA,1944-09-25 - 1962-02-07,37,other,NA,NA,NA,NA,1950,18030012,Dry,Dry,1949-10-01T00:00:00Z,1950-10-01T00:00:00Z,-119.287,36.2408
362408N1192865W001,924208,1949-10-10T00:00:00Z,319.11,317.91,0,56.9,262.21,56.9,55.7,NA,Unknown,Water level accuracy is unknown,1,Department of Water Resources,NA,5030,Tulare Irrigation District,NA,NA,17450,19S25E29Q001M,NA,Unknown,Unknown,5-022.11,Kaweah,Tulare,NA,Unknown,Unknown,NA,1944-09-25 - 1962-02-07,37,fall,19.3,60.3,NA,NA,1950,18030012,Dry,Dry,1949-10-01T00:00:00Z,1950-10-01T00:00:00Z,-119.287,36.2408
362408N1192865W001,924207,1949-02-21T00:00:00Z,319.11,317.91,0,48.5,270.61,48.5,47.3,NA,Unknown,Water level accuracy is unknown,1,Department of Water Resources,NA,5030,Tulare Irrigation District,NA,NA,17450,19S25E29Q001M,NA,Unknown,Unknown,5-022.11,Kaweah,Tulare,NA,Unknown,Unknown,NA,1944-09-25 - 1962-02-07,37,other,NA,NA,NA,NA,1949,18030012,Critical,Critical,1948-10-01T00:00:00Z,1949-10-01T00:00:00Z,-119.287,36.2408
362408N1192865W001,924206,1948-11-05T00:00:00Z,319.11,317.91,0,49.4,269.71,49.4,48.2,NA,Unknown,Water level accuracy is unknown,1,Department of Water Resources,NA,5030,Tulare Irrigation District,NA,NA,17450,19S25E29Q001M,NA,Unknown,Unknown,5-022.11,Kaweah,Tulare,NA,Unknown,Unknown,NA,1944-09-25 - 1962-02-07,37,fall,19.3,60.3,NA,NA,1949,18030012,Critical,Critical,1948-10-01T00:00:00Z,1949-10-01T00:00:00Z,-119.287,36.2408
362408N1192865W001,924205,1948-03-05T00:00:00Z,319.11,317.91,0,42.4,276.71,42.4,41.2,NA,Unknown,Water level accuracy is unknown,1,Department of Water Resources,NA,5030,Tulare Irrigation District,NA,NA,17450,19S25E29Q001M,NA,Unknown,Unknown,5-022.11,Kaweah,Tulare,NA,Unknown,Unknown,NA,1944-09-25 - 1962-02-07,37,spring,NA,NA,29.3,49.6,1948,18030012,Critical,Critical,1947-10-01T00:00:00Z,1948-10-01T00:00:00Z,-119.287,36.2408
362408N1192865W001,924204,1947-09-29T00:00:00Z,319.11,317.91,0,41.5,277.61,41.5,40.3,NA,Unknown,Water level accuracy is unknown,1,Department of Water Resources,NA,5030,Tulare Irrigation District,NA,NA,17450,19S25E29Q001M,NA,Unknown,Unknown,5-022.11,Kaweah,Tulare,NA,Unknown,Unknown,NA,1944-09-25 - 1962-02-07,37,fall,19.3,60.3,NA,NA,1947,18030012,Dry,Dry,1946-10-01T00:00:00Z,1947-10-01T00:00:00Z,-119.287,36.2408
362408N1192865W001,924203,1947-03-12T00:00:00Z,319.11,317.91,0,30.5,288.61,30.5,29.3,NA,Unknown,Water level accuracy is unknown,1,Department of Water Resources,NA,5030,Tulare Irrigation District,NA,NA,17450,19S25E29Q001M,NA,Unknown,Unknown,5-022.11,Kaweah,Tulare,NA,Unknown,Unknown,NA,1944-09-25 - 1962-02-07,37,spring,NA,NA,29.3,49.6,1947,18030012,Dry,Dry,1946-10-01T00:00:00Z,1947-10-01T00:00:00Z,-119.287,36.2408
362408N1192865W001,924202,1946-10-21T00:00:00Z,319.11,317.91,0,30,289.11,30,28.8,NA,Unknown,Water level accuracy is unknown,1,Department of Water Resources,NA,5030,Tulare Irrigation District,NA,NA,17450,19S25E29Q001M,NA,Unknown,Unknown,5-022.11,Kaweah,Tulare,NA,Unknown,Unknown,NA,1944-09-25 - 1962-02-07,37,fall,19.3,60.3,NA,NA,1947,18030012,Dry,Dry,1946-10-01T00:00:00Z,1947-10-01T00:00:00Z,-119.287,36.2408
362408N1192865W001,924201,1946-06-12T00:00:00Z,319.11,317.91,0,17.9,301.21,17.9,16.7,NA,Unknown,Water level accuracy is unknown,1,Department of Water Resources,NA,5030,Tulare Irrigation District,NA,NA,17450,19S25E29Q001M,NA,Unknown,Unknown,5-022.11,Kaweah,Tulare,NA,Unknown,Unknown,NA,1944-09-25 - 1962-02-07,37,other,NA,NA,NA,NA,1946,18030012,Dry,Dry,1945-10-01T00:00:00Z,1946-10-01T00:00:00Z,-119.287,36.2408
362408N1192865W001,924200,1945-10-30T00:00:00Z,319.11,317.91,0,20.5,298.61,20.5,19.3,NA,Unknown,Water level accuracy is unknown,1,Department of Water Resources,NA,5030,Tulare Irrigation District,NA,NA,17450,19S25E29Q001M,NA,Unknown,Unknown,5-022.11,Kaweah,Tulare,NA,Unknown,Unknown,NA,1944-09-25 - 1962-02-07,37,fall,19.3,60.3,NA,NA,1946,18030012,Dry,Dry,1945-10-01T00:00:00Z,1946-10-01T00:00:00Z,-119.287,36.2408
362408N1192865W001,924199,1945-01-01T00:00:00Z,319.11,317.91,0,28,291.11,28,26.8,NA,Unknown,Water level accuracy is unknown,1,Department of Water Resources,NA,5030,Tulare Irrigation District,NA,NA,17450,19S25E29Q001M,NA,Unknown,Unknown,5-022.11,Kaweah,Tulare,NA,Unknown,Unknown,NA,1944-09-25 - 1962-02-07,37,other,NA,NA,NA,NA,1945,18030012,Below Normal,Below Normal,1944-10-01T00:00:00Z,1945-10-01T00:00:00Z,-119.287,36.2408
362408N1192865W001,924198,1944-11-28T00:00:00Z,319.11,317.91,0,28.6,290.51,28.6,27.4,NA,Unknown,Water level accuracy is unknown,1,Department of Water Resources,NA,5030,Tulare Irrigation District,NA,NA,17450,19S25E29Q001M,NA,Unknown,Unknown,5-022.11,Kaweah,Tulare,NA,Unknown,Unknown,NA,1944-09-25 - 1962-02-07,37,fall,19.3,60.3,NA,NA,1945,18030012,Below Normal,Below Normal,1944-10-01T00:00:00Z,1945-10-01T00:00:00Z,-119.287,36.2408
362408N1192865W001,924197,1944-09-25T00:00:00Z,319.11,317.91,0,27.9,291.21,27.9,26.7,NA,Unknown,Water level accuracy is unknown,1,Department of Water Resources,NA,5030,Tulare Irrigation District,NA,NA,17450,19S25E29Q001M,NA,Unknown,Unknown,5-022.11,Kaweah,Tulare,NA,Unknown,Unknown,NA,1944-09-25 - 1962-02-07,37,fall,19.3,60.3,NA,NA,1944,18030012,Below Normal,Below Normal,1943-10-01T00:00:00Z,1944-10-01T00:00:00Z,-119.287,36.2408
