SITE_CODE,WLM_ID,MSMT_DATE,WLM_RPE,WLM_GSE,RDNG_WS,RDNG_RP,WSE,RPE_WSE,GSE_WSE,WLM_QA_DESC,WLM_DESC,WLM_ACC_DESC,WLM_ORG_ID,WLM_ORG_NAME,MSMT_CMT,COOP_AGENCY_ORG_ID,COOP_ORG_NAME,TOP_PRF,BOT_PRF,STN_ID,SWN,WELL_NAME,WLM_METHOD,WLM_ACC,BASIN_CODE,BASIN_NAME,COUNTY_NAME,WELL_DEPTH,WELL_USE,WELL_TYPE,WCR_NO,t_range,n_samples,season,fall_high,fall_low,spring_high,spring_low,water_year,HUC8,WYT,water_year_type,water_year_start,water_year_end,X,Y
362400N1193223W001,93887,2011-02-16T07:15:00Z,306.213,304.713,NA,NA,NA,NA,NA,Well has been destroyed,NA,NA,1,Department of Water Resources,NA,1,Department of Water Resources,NA,NA,17300,19S24E36C001M,19S24E36C001M,Unknown,Unknown,5-022.11,Kaweah,Tulare,NA,Unknown,Single Well,NA,1961-10-02 00:00:00 - 2011-02-16 07:15:00,80,other,NA,NA,NA,NA,2011,18030012,Wet,Wet,2010-10-01T00:00:00Z,2011-10-01T00:00:00Z,-119.322,36.24
362400N1193223W001,922959,2010-01-20T00:00:00Z,306.21,304.71,NA,NA,NA,NA,NA,Special/Other,NA,NA,1,Department of Water Resources,NA,5030,Tulare Irrigation District,NA,NA,17300,19S24E36C001M,19S24E36C001M,Unknown,Unknown,5-022.11,Kaweah,Tulare,NA,Unknown,Single Well,NA,1961-10-02 00:00:00 - 2011-02-16 07:15:00,80,other,NA,NA,NA,NA,2010,18030012,Above Normal,Above Normal,2009-10-01T00:00:00Z,2010-10-01T00:00:00Z,-119.322,36.24
362400N1193223W001,922958,2007-10-16T00:00:00Z,306.21,304.71,NA,NA,NA,NA,NA,Well has been destroyed,NA,NA,1,Department of Water Resources,NA,5030,Tulare Irrigation District,NA,NA,17300,19S24E36C001M,19S24E36C001M,Unknown,Unknown,5-022.11,Kaweah,Tulare,NA,Unknown,Single Well,NA,1961-10-02 00:00:00 - 2011-02-16 07:15:00,80,fall,50.5,134,NA,NA,2008,18030012,Critical,Critical,2007-10-01T00:00:00Z,2008-10-01T00:00:00Z,-119.322,36.24
362400N1193223W001,922957,2006-01-27T00:00:00Z,306.21,304.71,NA,NA,NA,NA,NA,Special/Other,NA,NA,1,Department of Water Resources,NA,5030,Tulare Irrigation District,NA,NA,17300,19S24E36C001M,19S24E36C001M,Unknown,Unknown,5-022.11,Kaweah,Tulare,NA,Unknown,Single Well,NA,1961-10-02 00:00:00 - 2011-02-16 07:15:00,80,other,NA,NA,NA,NA,2006,18030012,Wet,Wet,2005-10-01T00:00:00Z,2006-10-01T00:00:00Z,-119.322,36.24
362400N1193223W001,922956,2005-01-28T00:00:00Z,306.21,304.71,NA,NA,NA,NA,NA,Well has been destroyed,NA,NA,1,Department of Water Resources,NA,5030,Tulare Irrigation District,NA,NA,17300,19S24E36C001M,19S24E36C001M,Unknown,Unknown,5-022.11,Kaweah,Tulare,NA,Unknown,Single Well,NA,1961-10-02 00:00:00 - 2011-02-16 07:15:00,80,other,NA,NA,NA,NA,2005,18030012,Wet,Wet,2004-10-01T00:00:00Z,2005-10-01T00:00:00Z,-119.322,36.24
362400N1193223W001,922953,2003-01-24T00:00:00Z,306.21,304.71,0,108,198.21,108,106.5,NA,Unknown,Water level accuracy is unknown,1,Department of Water Resources,NA,5030,Tulare Irrigation District,NA,NA,17300,19S24E36C001M,19S24E36C001M,Unknown,Unknown,5-022.11,Kaweah,Tulare,NA,Unknown,Single Well,NA,1961-10-02 00:00:00 - 2011-02-16 07:15:00,80,other,NA,NA,NA,NA,2003,18030012,Dry,Dry,2002-10-01T00:00:00Z,2003-10-01T00:00:00Z,-119.322,36.24
362400N1193223W001,922955,2002-09-19T00:00:00Z,306.21,304.71,NA,NA,NA,NA,NA,Pumping,NA,NA,1,Department of Water Resources,NA,624,Bureau of Reclamation,NA,NA,17300,19S24E36C001M,19S24E36C001M,Unknown,Unknown,5-022.11,Kaweah,Tulare,NA,Unknown,Single Well,NA,1961-10-02 00:00:00 - 2011-02-16 07:15:00,80,fall,50.5,134,NA,NA,2002,18030012,Critical,Critical,2001-10-01T00:00:00Z,2002-10-01T00:00:00Z,-119.322,36.24
362400N1193223W001,922954,2002-01-21T00:00:00Z,306.21,304.71,0,103,203.21,103,101.5,NA,Unknown,Water level accuracy is unknown,1,Department of Water Resources,NA,624,Bureau of Reclamation,NA,NA,17300,19S24E36C001M,19S24E36C001M,Unknown,Unknown,5-022.11,Kaweah,Tulare,NA,Unknown,Single Well,NA,1961-10-02 00:00:00 - 2011-02-16 07:15:00,80,other,NA,NA,NA,NA,2002,18030012,Critical,Critical,2001-10-01T00:00:00Z,2002-10-01T00:00:00Z,-119.322,36.24
362400N1193223W001,922952,2001-01-26T00:00:00Z,306.21,304.71,0,105,201.21,105,103.5,NA,Unknown,Water level accuracy is unknown,1,Department of Water Resources,NA,5030,Tulare Irrigation District,NA,NA,17300,19S24E36C001M,19S24E36C001M,Unknown,Unknown,5-022.11,Kaweah,Tulare,NA,Unknown,Single Well,NA,1961-10-02 00:00:00 - 2011-02-16 07:15:00,80,other,NA,NA,NA,NA,2001,18030012,Below Normal,Below Normal,2000-10-01T00:00:00Z,2001-10-01T00:00:00Z,-119.322,36.24
362400N1193223W001,922951,2000-01-28T00:00:00Z,306.21,304.71,NA,NA,NA,NA,NA,Pumping,NA,NA,1,Department of Water Resources,NA,5030,Tulare Irrigation District,NA,NA,17300,19S24E36C001M,19S24E36C001M,Unknown,Unknown,5-022.11,Kaweah,Tulare,NA,Unknown,Single Well,NA,1961-10-02 00:00:00 - 2011-02-16 07:15:00,80,other,NA,NA,NA,NA,2000,18030012,Below Normal,Below Normal,1999-10-01T00:00:00Z,2000-10-01T00:00:00Z,-119.322,36.24
362400N1193223W001,922950,1999-10-12T00:00:00Z,306.21,304.71,0,101,205.21,101,99.5,Pumped recently,Unknown,Water level accuracy is unknown,1,Department of Water Resources,NA,5030,Tulare Irrigation District,NA,NA,17300,19S24E36C001M,19S24E36C001M,Unknown,Unknown,5-022.11,Kaweah,Tulare,NA,Unknown,Single Well,NA,1961-10-02 00:00:00 - 2011-02-16 07:15:00,80,fall,50.5,134,NA,NA,2000,18030012,Below Normal,Below Normal,1999-10-01T00:00:00Z,2000-10-01T00:00:00Z,-119.322,36.24
362400N1193223W001,922949,1999-01-22T00:00:00Z,306.21,304.71,0,87,219.21,87,85.5,Other,Unknown,Water level accuracy is unknown,1,Department of Water Resources,NA,5030,Tulare Irrigation District,NA,NA,17300,19S24E36C001M,19S24E36C001M,Unknown,Unknown,5-022.11,Kaweah,Tulare,NA,Unknown,Single Well,NA,1961-10-02 00:00:00 - 2011-02-16 07:15:00,80,other,NA,NA,NA,NA,1999,18030012,Wet,Wet,1998-10-01T00:00:00Z,1999-10-01T00:00:00Z,-119.322,36.24
362400N1193223W001,922948,1998-10-08T00:00:00Z,306.21,304.71,0,94,212.21,94,92.5,Pumped recently,Unknown,Water level accuracy is unknown,1,Department of Water Resources,NA,5030,Tulare Irrigation District,NA,NA,17300,19S24E36C001M,19S24E36C001M,Unknown,Unknown,5-022.11,Kaweah,Tulare,NA,Unknown,Single Well,NA,1961-10-02 00:00:00 - 2011-02-16 07:15:00,80,fall,50.5,134,NA,NA,1999,18030012,Wet,Wet,1998-10-01T00:00:00Z,1999-10-01T00:00:00Z,-119.322,36.24
362400N1193223W001,922947,1998-01-15T00:00:00Z,306.21,304.71,0,84,222.21,84,82.5,NA,Unknown,Water level accuracy is unknown,1,Department of Water Resources,NA,5030,Tulare Irrigation District,NA,NA,17300,19S24E36C001M,19S24E36C001M,Unknown,Unknown,5-022.11,Kaweah,Tulare,NA,Unknown,Single Well,NA,1961-10-02 00:00:00 - 2011-02-16 07:15:00,80,other,NA,NA,NA,NA,1998,18030012,Wet,Wet,1997-10-01T00:00:00Z,1998-10-01T00:00:00Z,-119.322,36.24
362400N1193223W001,922946,1997-10-09T00:00:00Z,306.21,304.71,0,102,204.21,102,100.5,NA,Unknown,Water level accuracy is unknown,1,Department of Water Resources,NA,5030,Tulare Irrigation District,NA,NA,17300,19S24E36C001M,19S24E36C001M,Unknown,Unknown,5-022.11,Kaweah,Tulare,NA,Unknown,Single Well,NA,1961-10-02 00:00:00 - 2011-02-16 07:15:00,80,fall,50.5,134,NA,NA,1998,18030012,Wet,Wet,1997-10-01T00:00:00Z,1998-10-01T00:00:00Z,-119.322,36.24
362400N1193223W001,922945,1997-01-17T00:00:00Z,306.21,304.71,0,134,172.21,134,132.5,NA,Unknown,Water level accuracy is unknown,1,Department of Water Resources,NA,5030,Tulare Irrigation District,NA,NA,17300,19S24E36C001M,19S24E36C001M,Unknown,Unknown,5-022.11,Kaweah,Tulare,NA,Unknown,Single Well,NA,1961-10-02 00:00:00 - 2011-02-16 07:15:00,80,other,NA,NA,NA,NA,1997,18030012,Above Normal,Above Normal,1996-10-01T00:00:00Z,1997-10-01T00:00:00Z,-119.322,36.24
362400N1193223W001,922944,1996-10-07T00:00:00Z,306.21,304.71,NA,NA,NA,NA,NA,Pumping,NA,NA,1,Department of Water Resources,NA,5030,Tulare Irrigation District,NA,NA,17300,19S24E36C001M,19S24E36C001M,Unknown,Unknown,5-022.11,Kaweah,Tulare,NA,Unknown,Single Well,NA,1961-10-02 00:00:00 - 2011-02-16 07:15:00,80,fall,50.5,134,NA,NA,1997,18030012,Above Normal,Above Normal,1996-10-01T00:00:00Z,1997-10-01T00:00:00Z,-119.322,36.24
362400N1193223W001,922943,1996-01-17T00:00:00Z,306.21,304.71,0,105,201.21,105,103.5,NA,Unknown,Water level accuracy is unknown,1,Department of Water Resources,NA,5030,Tulare Irrigation District,NA,NA,17300,19S24E36C001M,19S24E36C001M,Unknown,Unknown,5-022.11,Kaweah,Tulare,NA,Unknown,Single Well,NA,1961-10-02 00:00:00 - 2011-02-16 07:15:00,80,other,NA,NA,NA,NA,1996,18030012,Wet,Wet,1995-10-01T00:00:00Z,1996-10-01T00:00:00Z,-119.322,36.24
362400N1193223W001,922942,1995-10-09T00:00:00Z,306.21,304.71,0,114,192.21,114,112.5,NA,Unknown,Water level accuracy is unknown,1,Department of Water Resources,NA,5030,Tulare Irrigation District,NA,NA,17300,19S24E36C001M,19S24E36C001M,Unknown,Unknown,5-022.11,Kaweah,Tulare,NA,Unknown,Single Well,NA,1961-10-02 00:00:00 - 2011-02-16 07:15:00,80,fall,50.5,134,NA,NA,1996,18030012,Wet,Wet,1995-10-01T00:00:00Z,1996-10-01T00:00:00Z,-119.322,36.24
362400N1193223W001,922941,1995-02-03T00:00:00Z,306.21,304.71,0,115,191.21,115,113.5,NA,Unknown,Water level accuracy is unknown,1,Department of Water Resources,NA,5030,Tulare Irrigation District,NA,NA,17300,19S24E36C001M,19S24E36C001M,Unknown,Unknown,5-022.11,Kaweah,Tulare,NA,Unknown,Single Well,NA,1961-10-02 00:00:00 - 2011-02-16 07:15:00,80,other,NA,NA,NA,NA,1995,18030012,Wet,Wet,1994-10-01T00:00:00Z,1995-10-01T00:00:00Z,-119.322,36.24
362400N1193223W001,922940,1994-10-10T00:00:00Z,306.21,304.71,0,135.5,170.71,135.5,134,Pumped recently,Unknown,Water level accuracy is unknown,1,Department of Water Resources,NA,5030,Tulare Irrigation District,NA,NA,17300,19S24E36C001M,19S24E36C001M,Unknown,Unknown,5-022.11,Kaweah,Tulare,NA,Unknown,Single Well,NA,1961-10-02 00:00:00 - 2011-02-16 07:15:00,80,fall,50.5,134,NA,NA,1995,18030012,Wet,Wet,1994-10-01T00:00:00Z,1995-10-01T00:00:00Z,-119.322,36.24
362400N1193223W001,922939,1994-01-20T00:00:00Z,306.21,304.71,0,105.5,200.71,105.5,104,NA,Unknown,Water level accuracy is unknown,1,Department of Water Resources,NA,5030,Tulare Irrigation District,NA,NA,17300,19S24E36C001M,19S24E36C001M,Unknown,Unknown,5-022.11,Kaweah,Tulare,NA,Unknown,Single Well,NA,1961-10-02 00:00:00 - 2011-02-16 07:15:00,80,other,NA,NA,NA,NA,1994,18030012,Above Normal,Above Normal,1993-10-01T00:00:00Z,1994-10-01T00:00:00Z,-119.322,36.24
362400N1193223W001,922938,1993-10-07T00:00:00Z,306.21,304.71,0,118,188.21,118,116.5,NA,Unknown,Water level accuracy is unknown,1,Department of Water Resources,NA,5030,Tulare Irrigation District,NA,NA,17300,19S24E36C001M,19S24E36C001M,Unknown,Unknown,5-022.11,Kaweah,Tulare,NA,Unknown,Single Well,NA,1961-10-02 00:00:00 - 2011-02-16 07:15:00,80,fall,50.5,134,NA,NA,1994,18030012,Above Normal,Above Normal,1993-10-01T00:00:00Z,1994-10-01T00:00:00Z,-119.322,36.24
362400N1193223W001,922937,1993-01-26T00:00:00Z,306.21,304.71,0,112,194.21,112,110.5,NA,Unknown,Water level accuracy is unknown,1,Department of Water Resources,NA,5030,Tulare Irrigation District,NA,NA,17300,19S24E36C001M,19S24E36C001M,Unknown,Unknown,5-022.11,Kaweah,Tulare,NA,Unknown,Single Well,NA,1961-10-02 00:00:00 - 2011-02-16 07:15:00,80,other,NA,NA,NA,NA,1993,18030012,Wet,Wet,1992-10-01T00:00:00Z,1993-10-01T00:00:00Z,-119.322,36.24
362400N1193223W001,922936,1992-10-08T00:00:00Z,306.21,304.71,0,119,187.21,119,117.5,NA,Unknown,Water level accuracy is unknown,1,Department of Water Resources,NA,5030,Tulare Irrigation District,NA,NA,17300,19S24E36C001M,19S24E36C001M,Unknown,Unknown,5-022.11,Kaweah,Tulare,NA,Unknown,Single Well,NA,1961-10-02 00:00:00 - 2011-02-16 07:15:00,80,fall,50.5,134,NA,NA,1993,18030012,Wet,Wet,1992-10-01T00:00:00Z,1993-10-01T00:00:00Z,-119.322,36.24
362400N1193223W001,922935,1992-01-22T00:00:00Z,306.21,304.71,0,102,204.21,102,100.5,NA,Unknown,Water level accuracy is unknown,1,Department of Water Resources,NA,5030,Tulare Irrigation District,NA,NA,17300,19S24E36C001M,19S24E36C001M,Unknown,Unknown,5-022.11,Kaweah,Tulare,NA,Unknown,Single Well,NA,1961-10-02 00:00:00 - 2011-02-16 07:15:00,80,other,NA,NA,NA,NA,1992,18030012,Above Normal,Above Normal,1991-10-01T00:00:00Z,1992-10-01T00:00:00Z,-119.322,36.24
362400N1193223W001,922934,1991-10-01T00:00:00Z,306.21,304.71,0,111,195.21,111,109.5,NA,Unknown,Water level accuracy is unknown,1,Department of Water Resources,NA,5030,Tulare Irrigation District,NA,NA,17300,19S24E36C001M,19S24E36C001M,Unknown,Unknown,5-022.11,Kaweah,Tulare,NA,Unknown,Single Well,NA,1961-10-02 00:00:00 - 2011-02-16 07:15:00,80,fall,50.5,134,NA,NA,1992,18030012,Above Normal,Above Normal,1991-10-01T00:00:00Z,1992-10-01T00:00:00Z,-119.322,36.24
362400N1193223W001,922933,1991-01-28T00:00:00Z,306.21,304.71,NA,NA,NA,NA,NA,Pumping,NA,NA,1,Department of Water Resources,NA,5030,Tulare Irrigation District,NA,NA,17300,19S24E36C001M,19S24E36C001M,Unknown,Unknown,5-022.11,Kaweah,Tulare,NA,Unknown,Single Well,NA,1961-10-02 00:00:00 - 2011-02-16 07:15:00,80,other,NA,NA,NA,NA,1991,18030012,Dry,Dry,1990-10-01T00:00:00Z,1991-10-01T00:00:00Z,-119.322,36.24
362400N1193223W001,922932,1990-10-03T00:00:00Z,306.21,304.71,0,100,206.21,100,98.5,Acoustical sounder,Unknown,Water level accuracy is unknown,1,Department of Water Resources,NA,5030,Tulare Irrigation District,NA,NA,17300,19S24E36C001M,19S24E36C001M,Unknown,Unknown,5-022.11,Kaweah,Tulare,NA,Unknown,Single Well,NA,1961-10-02 00:00:00 - 2011-02-16 07:15:00,80,fall,50.5,134,NA,NA,1991,18030012,Dry,Dry,1990-10-01T00:00:00Z,1991-10-01T00:00:00Z,-119.322,36.24
362400N1193223W001,922931,1990-01-24T00:00:00Z,306.21,304.71,0,81.5,224.71,81.5,80,Oil or foreign substance in casing,Unknown,Water level accuracy is unknown,1,Department of Water Resources,NA,5030,Tulare Irrigation District,NA,NA,17300,19S24E36C001M,19S24E36C001M,Unknown,Unknown,5-022.11,Kaweah,Tulare,NA,Unknown,Single Well,NA,1961-10-02 00:00:00 - 2011-02-16 07:15:00,80,other,NA,NA,NA,NA,1990,18030012,Critical,Critical,1989-10-01T00:00:00Z,1990-10-01T00:00:00Z,-119.322,36.24
362400N1193223W001,922930,1989-10-10T00:00:00Z,306.21,304.71,0,83.5,222.71,83.5,82,NA,Unknown,Water level accuracy is unknown,1,Department of Water Resources,NA,5030,Tulare Irrigation District,NA,NA,17300,19S24E36C001M,19S24E36C001M,Unknown,Unknown,5-022.11,Kaweah,Tulare,NA,Unknown,Single Well,NA,1961-10-02 00:00:00 - 2011-02-16 07:15:00,80,fall,50.5,134,NA,NA,1990,18030012,Critical,Critical,1989-10-01T00:00:00Z,1990-10-01T00:00:00Z,-119.322,36.24
362400N1193223W001,922929,1989-01-25T00:00:00Z,306.21,304.71,0,70,236.21,70,68.5,NA,Unknown,Water level accuracy is unknown,1,Department of Water Resources,NA,5030,Tulare Irrigation District,NA,NA,17300,19S24E36C001M,19S24E36C001M,Unknown,Unknown,5-022.11,Kaweah,Tulare,NA,Unknown,Single Well,NA,1961-10-02 00:00:00 - 2011-02-16 07:15:00,80,other,NA,NA,NA,NA,1989,18030012,Dry,Dry,1988-10-01T00:00:00Z,1989-10-01T00:00:00Z,-119.322,36.24
362400N1193223W001,922928,1988-10-07T00:00:00Z,306.21,304.71,0,75,231.21,75,73.5,NA,Unknown,Water level accuracy is unknown,1,Department of Water Resources,NA,5030,Tulare Irrigation District,NA,NA,17300,19S24E36C001M,19S24E36C001M,Unknown,Unknown,5-022.11,Kaweah,Tulare,NA,Unknown,Single Well,NA,1961-10-02 00:00:00 - 2011-02-16 07:15:00,80,fall,50.5,134,NA,NA,1989,18030012,Dry,Dry,1988-10-01T00:00:00Z,1989-10-01T00:00:00Z,-119.322,36.24
362400N1193223W001,922927,1988-01-22T00:00:00Z,306.21,304.71,0,57,249.21,57,55.5,NA,Unknown,Water level accuracy is unknown,1,Department of Water Resources,NA,5030,Tulare Irrigation District,NA,NA,17300,19S24E36C001M,19S24E36C001M,Unknown,Unknown,5-022.11,Kaweah,Tulare,NA,Unknown,Single Well,NA,1961-10-02 00:00:00 - 2011-02-16 07:15:00,80,other,NA,NA,NA,NA,1988,18030012,Below Normal,Below Normal,1987-10-01T00:00:00Z,1988-10-01T00:00:00Z,-119.322,36.24
362400N1193223W001,922926,1987-10-12T00:00:00Z,306.21,304.71,0,66,240.21,66,64.5,NA,Unknown,Water level accuracy is unknown,1,Department of Water Resources,NA,5030,Tulare Irrigation District,NA,NA,17300,19S24E36C001M,19S24E36C001M,Unknown,Unknown,5-022.11,Kaweah,Tulare,NA,Unknown,Single Well,NA,1961-10-02 00:00:00 - 2011-02-16 07:15:00,80,fall,50.5,134,NA,NA,1988,18030012,Below Normal,Below Normal,1987-10-01T00:00:00Z,1988-10-01T00:00:00Z,-119.322,36.24
362400N1193223W001,922925,1987-02-05T00:00:00Z,306.21,304.71,0,47,259.21,47,45.5,NA,Unknown,Water level accuracy is unknown,1,Department of Water Resources,NA,5030,Tulare Irrigation District,NA,NA,17300,19S24E36C001M,19S24E36C001M,Unknown,Unknown,5-022.11,Kaweah,Tulare,NA,Unknown,Single Well,NA,1961-10-02 00:00:00 - 2011-02-16 07:15:00,80,other,NA,NA,NA,NA,1987,18030012,Below Normal,Below Normal,1986-10-01T00:00:00Z,1987-10-01T00:00:00Z,-119.322,36.24
362400N1193223W001,922924,1986-10-03T00:00:00Z,306.21,304.71,0,52,254.21,52,50.5,NA,Unknown,Water level accuracy is unknown,1,Department of Water Resources,NA,624,Bureau of Reclamation,NA,NA,17300,19S24E36C001M,19S24E36C001M,Unknown,Unknown,5-022.11,Kaweah,Tulare,NA,Unknown,Single Well,NA,1961-10-02 00:00:00 - 2011-02-16 07:15:00,80,fall,50.5,134,NA,NA,1987,18030012,Below Normal,Below Normal,1986-10-01T00:00:00Z,1987-10-01T00:00:00Z,-119.322,36.24
362400N1193223W001,922923,1986-02-10T00:00:00Z,306.21,304.71,0,55,251.21,55,53.5,NA,Unknown,Water level accuracy is unknown,1,Department of Water Resources,NA,624,Bureau of Reclamation,NA,NA,17300,19S24E36C001M,19S24E36C001M,Unknown,Unknown,5-022.11,Kaweah,Tulare,NA,Unknown,Single Well,NA,1961-10-02 00:00:00 - 2011-02-16 07:15:00,80,other,NA,NA,NA,NA,1986,18030012,Above Normal,Above Normal,1985-10-01T00:00:00Z,1986-10-01T00:00:00Z,-119.322,36.24
362400N1193223W001,922922,1985-10-01T00:00:00Z,306.21,304.71,0,60,246.21,60,58.5,NA,Unknown,Water level accuracy is unknown,1,Department of Water Resources,NA,624,Bureau of Reclamation,NA,NA,17300,19S24E36C001M,19S24E36C001M,Unknown,Unknown,5-022.11,Kaweah,Tulare,NA,Unknown,Single Well,NA,1961-10-02 00:00:00 - 2011-02-16 07:15:00,80,fall,50.5,134,NA,NA,1986,18030012,Above Normal,Above Normal,1985-10-01T00:00:00Z,1986-10-01T00:00:00Z,-119.322,36.24
362400N1193223W001,922921,1985-02-07T00:00:00Z,306.21,304.71,0,47.5,258.71,47.5,46,NA,Unknown,Water level accuracy is unknown,1,Department of Water Resources,NA,624,Bureau of Reclamation,NA,NA,17300,19S24E36C001M,19S24E36C001M,Unknown,Unknown,5-022.11,Kaweah,Tulare,NA,Unknown,Single Well,NA,1961-10-02 00:00:00 - 2011-02-16 07:15:00,80,other,NA,NA,NA,NA,1985,18030012,Dry,Dry,1984-10-01T00:00:00Z,1985-10-01T00:00:00Z,-119.322,36.24
362400N1193223W001,922920,1984-10-16T00:00:00Z,306.21,304.71,0,52.5,253.71,52.5,51,NA,Unknown,Water level accuracy is unknown,1,Department of Water Resources,NA,624,Bureau of Reclamation,NA,NA,17300,19S24E36C001M,19S24E36C001M,Unknown,Unknown,5-022.11,Kaweah,Tulare,NA,Unknown,Single Well,NA,1961-10-02 00:00:00 - 2011-02-16 07:15:00,80,fall,50.5,134,NA,NA,1985,18030012,Dry,Dry,1984-10-01T00:00:00Z,1985-10-01T00:00:00Z,-119.322,36.24
362400N1193223W001,922919,1984-02-24T00:00:00Z,306.21,304.71,0,50,256.21,50,48.5,NA,Unknown,Water level accuracy is unknown,1,Department of Water Resources,NA,624,Bureau of Reclamation,NA,NA,17300,19S24E36C001M,19S24E36C001M,Unknown,Unknown,5-022.11,Kaweah,Tulare,NA,Unknown,Single Well,NA,1961-10-02 00:00:00 - 2011-02-16 07:15:00,80,other,NA,NA,NA,NA,1984,18030012,Above Normal,Above Normal,1983-10-01T00:00:00Z,1984-10-01T00:00:00Z,-119.322,36.24
362400N1193223W001,922918,1983-10-09T00:00:00Z,306.21,304.71,0,52.5,253.71,52.5,51,NA,Unknown,Water level accuracy is unknown,1,Department of Water Resources,NA,624,Bureau of Reclamation,NA,NA,17300,19S24E36C001M,19S24E36C001M,Unknown,Unknown,5-022.11,Kaweah,Tulare,NA,Unknown,Single Well,NA,1961-10-02 00:00:00 - 2011-02-16 07:15:00,80,fall,50.5,134,NA,NA,1984,18030012,Above Normal,Above Normal,1983-10-01T00:00:00Z,1984-10-01T00:00:00Z,-119.322,36.24
362400N1193223W001,922917,1983-02-02T00:00:00Z,306.21,304.71,0,58,248.21,58,56.5,NA,Unknown,Water level accuracy is unknown,1,Department of Water Resources,NA,5030,Tulare Irrigation District,NA,NA,17300,19S24E36C001M,19S24E36C001M,Unknown,Unknown,5-022.11,Kaweah,Tulare,NA,Unknown,Single Well,NA,1961-10-02 00:00:00 - 2011-02-16 07:15:00,80,other,NA,NA,NA,NA,1983,18030012,Wet,Wet,1982-10-01T00:00:00Z,1983-10-01T00:00:00Z,-119.322,36.24
362400N1193223W001,922916,1982-10-01T00:00:00Z,306.21,304.71,0,73.5,232.71,73.5,72,NA,Unknown,Water level accuracy is unknown,1,Department of Water Resources,NA,5030,Tulare Irrigation District,NA,NA,17300,19S24E36C001M,19S24E36C001M,Unknown,Unknown,5-022.11,Kaweah,Tulare,NA,Unknown,Single Well,NA,1961-10-02 00:00:00 - 2011-02-16 07:15:00,80,fall,50.5,134,NA,NA,1983,18030012,Wet,Wet,1982-10-01T00:00:00Z,1983-10-01T00:00:00Z,-119.322,36.24
362400N1193223W001,922915,1982-02-04T00:00:00Z,306.21,304.71,0,69.5,236.71,69.5,68,NA,Unknown,Water level accuracy is unknown,1,Department of Water Resources,NA,624,Bureau of Reclamation,NA,NA,17300,19S24E36C001M,19S24E36C001M,Unknown,Unknown,5-022.11,Kaweah,Tulare,NA,Unknown,Single Well,NA,1961-10-02 00:00:00 - 2011-02-16 07:15:00,80,other,NA,NA,NA,NA,1982,18030012,Wet,Wet,1981-10-01T00:00:00Z,1982-10-01T00:00:00Z,-119.322,36.24
362400N1193223W001,922914,1981-09-25T00:00:00Z,306.21,304.71,NA,NA,NA,NA,NA,Can't get tape in casing,NA,NA,1,Department of Water Resources,NA,624,Bureau of Reclamation,NA,NA,17300,19S24E36C001M,19S24E36C001M,Unknown,Unknown,5-022.11,Kaweah,Tulare,NA,Unknown,Single Well,NA,1961-10-02 00:00:00 - 2011-02-16 07:15:00,80,fall,50.5,134,NA,NA,1981,18030012,Below Normal,Below Normal,1980-10-01T00:00:00Z,1981-10-01T00:00:00Z,-119.322,36.24
362400N1193223W001,922913,1981-01-26T00:00:00Z,306.21,304.71,0,68,238.21,68,66.5,NA,Unknown,Water level accuracy is unknown,1,Department of Water Resources,NA,5030,Tulare Irrigation District,NA,NA,17300,19S24E36C001M,19S24E36C001M,Unknown,Unknown,5-022.11,Kaweah,Tulare,NA,Unknown,Single Well,NA,1961-10-02 00:00:00 - 2011-02-16 07:15:00,80,other,NA,NA,NA,NA,1981,18030012,Below Normal,Below Normal,1980-10-01T00:00:00Z,1981-10-01T00:00:00Z,-119.322,36.24
362400N1193223W001,922912,1980-09-24T00:00:00Z,306.21,304.71,0,69,237.21,69,67.5,NA,Unknown,Water level accuracy is unknown,1,Department of Water Resources,NA,5030,Tulare Irrigation District,NA,NA,17300,19S24E36C001M,19S24E36C001M,Unknown,Unknown,5-022.11,Kaweah,Tulare,NA,Unknown,Single Well,NA,1961-10-02 00:00:00 - 2011-02-16 07:15:00,80,fall,50.5,134,NA,NA,1980,18030012,Wet,Wet,1979-10-01T00:00:00Z,1980-10-01T00:00:00Z,-119.322,36.24
362400N1193223W001,922911,1980-01-29T00:00:00Z,306.21,304.71,0,83,223.21,83,81.5,NA,Unknown,Water level accuracy is unknown,1,Department of Water Resources,NA,5030,Tulare Irrigation District,NA,NA,17300,19S24E36C001M,19S24E36C001M,Unknown,Unknown,5-022.11,Kaweah,Tulare,NA,Unknown,Single Well,NA,1961-10-02 00:00:00 - 2011-02-16 07:15:00,80,other,NA,NA,NA,NA,1980,18030012,Wet,Wet,1979-10-01T00:00:00Z,1980-10-01T00:00:00Z,-119.322,36.24
362400N1193223W001,922910,1979-09-25T00:00:00Z,306.21,304.71,NA,NA,NA,NA,NA,Pumping,NA,NA,1,Department of Water Resources,NA,5030,Tulare Irrigation District,NA,NA,17300,19S24E36C001M,19S24E36C001M,Unknown,Unknown,5-022.11,Kaweah,Tulare,NA,Unknown,Single Well,NA,1961-10-02 00:00:00 - 2011-02-16 07:15:00,80,fall,50.5,134,NA,NA,1979,18030012,Wet,Wet,1978-10-01T00:00:00Z,1979-10-01T00:00:00Z,-119.322,36.24
362400N1193223W001,922909,1979-01-22T00:00:00Z,306.21,304.71,0,79,227.21,79,77.5,NA,Unknown,Water level accuracy is unknown,1,Department of Water Resources,NA,5030,Tulare Irrigation District,NA,NA,17300,19S24E36C001M,19S24E36C001M,Unknown,Unknown,5-022.11,Kaweah,Tulare,NA,Unknown,Single Well,NA,1961-10-02 00:00:00 - 2011-02-16 07:15:00,80,other,NA,NA,NA,NA,1979,18030012,Wet,Wet,1978-10-01T00:00:00Z,1979-10-01T00:00:00Z,-119.322,36.24
362400N1193223W001,922908,1978-10-03T00:00:00Z,306.21,304.71,0,88,218.21,88,86.5,NA,Unknown,Water level accuracy is unknown,1,Department of Water Resources,NA,5030,Tulare Irrigation District,NA,NA,17300,19S24E36C001M,19S24E36C001M,Unknown,Unknown,5-022.11,Kaweah,Tulare,NA,Unknown,Single Well,NA,1961-10-02 00:00:00 - 2011-02-16 07:15:00,80,fall,50.5,134,NA,NA,1979,18030012,Wet,Wet,1978-10-01T00:00:00Z,1979-10-01T00:00:00Z,-119.322,36.24
362400N1193223W001,922907,1978-01-31T00:00:00Z,306.21,304.71,NA,NA,NA,NA,NA,Can't get tape in casing,NA,NA,1,Department of Water Resources,NA,5030,Tulare Irrigation District,NA,NA,17300,19S24E36C001M,19S24E36C001M,Unknown,Unknown,5-022.11,Kaweah,Tulare,NA,Unknown,Single Well,NA,1961-10-02 00:00:00 - 2011-02-16 07:15:00,80,other,NA,NA,NA,NA,1978,18030012,Wet,Wet,1977-10-01T00:00:00Z,1978-10-01T00:00:00Z,-119.322,36.24
362400N1193223W001,922906,1977-10-04T00:00:00Z,306.21,304.71,0,104,202.21,104,102.5,NA,Unknown,Water level accuracy is unknown,1,Department of Water Resources,NA,5030,Tulare Irrigation District,NA,NA,17300,19S24E36C001M,19S24E36C001M,Unknown,Unknown,5-022.11,Kaweah,Tulare,NA,Unknown,Single Well,NA,1961-10-02 00:00:00 - 2011-02-16 07:15:00,80,fall,50.5,134,NA,NA,1978,18030012,Wet,Wet,1977-10-01T00:00:00Z,1978-10-01T00:00:00Z,-119.322,36.24
362400N1193223W001,922905,1977-01-24T00:00:00Z,306.21,304.71,NA,NA,NA,NA,NA,Pumping,NA,NA,1,Department of Water Resources,NA,5030,Tulare Irrigation District,NA,NA,17300,19S24E36C001M,19S24E36C001M,Unknown,Unknown,5-022.11,Kaweah,Tulare,NA,Unknown,Single Well,NA,1961-10-02 00:00:00 - 2011-02-16 07:15:00,80,other,NA,NA,NA,NA,1977,18030012,Dry,Dry,1976-10-01T00:00:00Z,1977-10-01T00:00:00Z,-119.322,36.24
362400N1193223W001,922904,1976-10-06T00:00:00Z,306.21,304.71,0,92,214.21,92,90.5,NA,Unknown,Water level accuracy is unknown,1,Department of Water Resources,NA,5030,Tulare Irrigation District,NA,NA,17300,19S24E36C001M,19S24E36C001M,Unknown,Unknown,5-022.11,Kaweah,Tulare,NA,Unknown,Single Well,NA,1961-10-02 00:00:00 - 2011-02-16 07:15:00,80,fall,50.5,134,NA,NA,1977,18030012,Dry,Dry,1976-10-01T00:00:00Z,1977-10-01T00:00:00Z,-119.322,36.24
362400N1193223W001,922903,1976-01-26T00:00:00Z,306.21,304.71,0,49,257.21,49,47.5,NA,Unknown,Water level accuracy is unknown,1,Department of Water Resources,NA,5030,Tulare Irrigation District,NA,NA,17300,19S24E36C001M,19S24E36C001M,Unknown,Unknown,5-022.11,Kaweah,Tulare,NA,Unknown,Single Well,NA,1961-10-02 00:00:00 - 2011-02-16 07:15:00,80,other,NA,NA,NA,NA,1976,18030012,Above Normal,Above Normal,1975-10-01T00:00:00Z,1976-10-01T00:00:00Z,-119.322,36.24
362400N1193223W001,922902,1975-09-29T00:00:00Z,306.21,304.71,0,68,238.21,68,66.5,NA,Unknown,Water level accuracy is unknown,1,Department of Water Resources,NA,5030,Tulare Irrigation District,NA,NA,17300,19S24E36C001M,19S24E36C001M,Unknown,Unknown,5-022.11,Kaweah,Tulare,NA,Unknown,Single Well,NA,1961-10-02 00:00:00 - 2011-02-16 07:15:00,80,fall,50.5,134,NA,NA,1975,18030012,Above Normal,Above Normal,1974-10-01T00:00:00Z,1975-10-01T00:00:00Z,-119.322,36.24
362400N1193223W001,922901,1975-02-06T00:00:00Z,306.21,304.71,NA,NA,NA,NA,NA,Pumping,NA,NA,1,Department of Water Resources,NA,5030,Tulare Irrigation District,NA,NA,17300,19S24E36C001M,19S24E36C001M,Unknown,Unknown,5-022.11,Kaweah,Tulare,NA,Unknown,Single Well,NA,1961-10-02 00:00:00 - 2011-02-16 07:15:00,80,other,NA,NA,NA,NA,1975,18030012,Above Normal,Above Normal,1974-10-01T00:00:00Z,1975-10-01T00:00:00Z,-119.322,36.24
362400N1193223W001,922900,1974-10-01T00:00:00Z,306.21,304.71,0,73,233.21,73,71.5,NA,Unknown,Water level accuracy is unknown,1,Department of Water Resources,NA,5030,Tulare Irrigation District,NA,NA,17300,19S24E36C001M,19S24E36C001M,Unknown,Unknown,5-022.11,Kaweah,Tulare,NA,Unknown,Single Well,NA,1961-10-02 00:00:00 - 2011-02-16 07:15:00,80,fall,50.5,134,NA,NA,1975,18030012,Above Normal,Above Normal,1974-10-01T00:00:00Z,1975-10-01T00:00:00Z,-119.322,36.24
362400N1193223W001,922899,1974-01-23T00:00:00Z,306.21,304.71,0,73,233.21,73,71.5,NA,Unknown,Water level accuracy is unknown,1,Department of Water Resources,NA,5030,Tulare Irrigation District,NA,NA,17300,19S24E36C001M,19S24E36C001M,Unknown,Unknown,5-022.11,Kaweah,Tulare,NA,Unknown,Single Well,NA,1961-10-02 00:00:00 - 2011-02-16 07:15:00,80,other,NA,NA,NA,NA,1974,18030012,Wet,Wet,1973-10-01T00:00:00Z,1974-10-01T00:00:00Z,-119.322,36.24
362400N1193223W001,922898,1973-10-01T00:00:00Z,306.21,304.71,0,81,225.21,81,79.5,NA,Unknown,Water level accuracy is unknown,1,Department of Water Resources,NA,5030,Tulare Irrigation District,NA,NA,17300,19S24E36C001M,19S24E36C001M,Unknown,Unknown,5-022.11,Kaweah,Tulare,NA,Unknown,Single Well,NA,1961-10-02 00:00:00 - 2011-02-16 07:15:00,80,fall,50.5,134,NA,NA,1974,18030012,Wet,Wet,1973-10-01T00:00:00Z,1974-10-01T00:00:00Z,-119.322,36.24
362400N1193223W001,922897,1973-02-12T00:00:00Z,306.21,304.71,0,83.8,222.41,83.8,82.3,NA,Unknown,Water level accuracy is unknown,1,Department of Water Resources,NA,5030,Tulare Irrigation District,NA,NA,17300,19S24E36C001M,19S24E36C001M,Unknown,Unknown,5-022.11,Kaweah,Tulare,NA,Unknown,Single Well,NA,1961-10-02 00:00:00 - 2011-02-16 07:15:00,80,other,NA,NA,NA,NA,1973,18030012,Wet,Wet,1972-10-01T00:00:00Z,1973-10-01T00:00:00Z,-119.322,36.24
362400N1193223W001,922896,1972-10-10T00:00:00Z,306.21,304.71,0,85,221.21,85,83.5,NA,Unknown,Water level accuracy is unknown,1,Department of Water Resources,NA,5030,Tulare Irrigation District,NA,NA,17300,19S24E36C001M,19S24E36C001M,Unknown,Unknown,5-022.11,Kaweah,Tulare,NA,Unknown,Single Well,NA,1961-10-02 00:00:00 - 2011-02-16 07:15:00,80,fall,50.5,134,NA,NA,1973,18030012,Wet,Wet,1972-10-01T00:00:00Z,1973-10-01T00:00:00Z,-119.322,36.24
362400N1193223W001,922895,1972-02-17T00:00:00Z,306.21,304.71,NA,NA,NA,NA,NA,Pumping,NA,NA,1,Department of Water Resources,NA,5030,Tulare Irrigation District,NA,NA,17300,19S24E36C001M,19S24E36C001M,Unknown,Unknown,5-022.11,Kaweah,Tulare,NA,Unknown,Single Well,NA,1961-10-02 00:00:00 - 2011-02-16 07:15:00,80,other,NA,NA,NA,NA,1972,18030012,Critical,Critical,1971-10-01T00:00:00Z,1972-10-01T00:00:00Z,-119.322,36.24
362400N1193223W001,922894,1971-10-11T00:00:00Z,306.21,304.71,0,87,219.21,87,85.5,NA,Unknown,Water level accuracy is unknown,1,Department of Water Resources,NA,5030,Tulare Irrigation District,NA,NA,17300,19S24E36C001M,19S24E36C001M,Unknown,Unknown,5-022.11,Kaweah,Tulare,NA,Unknown,Single Well,NA,1961-10-02 00:00:00 - 2011-02-16 07:15:00,80,fall,50.5,134,NA,NA,1972,18030012,Critical,Critical,1971-10-01T00:00:00Z,1972-10-01T00:00:00Z,-119.322,36.24
362400N1193223W001,922893,1971-02-13T00:00:00Z,306.21,304.71,0,65,241.21,65,63.5,NA,Unknown,Water level accuracy is unknown,1,Department of Water Resources,NA,5030,Tulare Irrigation District,NA,NA,17300,19S24E36C001M,19S24E36C001M,Unknown,Unknown,5-022.11,Kaweah,Tulare,NA,Unknown,Single Well,NA,1961-10-02 00:00:00 - 2011-02-16 07:15:00,80,other,NA,NA,NA,NA,1971,18030012,Dry,Dry,1970-10-01T00:00:00Z,1971-10-01T00:00:00Z,-119.322,36.24
362400N1193223W001,922892,1970-10-02T00:00:00Z,306.21,304.71,0,78.4,227.81,78.4,76.9,NA,Unknown,Water level accuracy is unknown,1,Department of Water Resources,NA,5030,Tulare Irrigation District,NA,NA,17300,19S24E36C001M,19S24E36C001M,Unknown,Unknown,5-022.11,Kaweah,Tulare,NA,Unknown,Single Well,NA,1961-10-02 00:00:00 - 2011-02-16 07:15:00,80,fall,50.5,134,NA,NA,1971,18030012,Dry,Dry,1970-10-01T00:00:00Z,1971-10-01T00:00:00Z,-119.322,36.24
362400N1193223W001,922891,1969-09-26T00:00:00Z,306.21,304.71,0,72.6,233.61,72.6,71.1,NA,Unknown,Water level accuracy is unknown,1,Department of Water Resources,NA,624,Bureau of Reclamation,NA,NA,17300,19S24E36C001M,19S24E36C001M,Unknown,Unknown,5-022.11,Kaweah,Tulare,NA,Unknown,Single Well,NA,1961-10-02 00:00:00 - 2011-02-16 07:15:00,80,fall,50.5,134,NA,NA,1969,18030012,Wet,Wet,1968-10-01T00:00:00Z,1969-10-01T00:00:00Z,-119.322,36.24
362400N1193223W001,922890,1969-02-04T00:00:00Z,306.21,304.71,0,80.4,225.81,80.4,78.9,NA,Unknown,Water level accuracy is unknown,1,Department of Water Resources,NA,5030,Tulare Irrigation District,NA,NA,17300,19S24E36C001M,19S24E36C001M,Unknown,Unknown,5-022.11,Kaweah,Tulare,NA,Unknown,Single Well,NA,1961-10-02 00:00:00 - 2011-02-16 07:15:00,80,other,NA,NA,NA,NA,1969,18030012,Wet,Wet,1968-10-01T00:00:00Z,1969-10-01T00:00:00Z,-119.322,36.24
362400N1193223W001,922889,1968-02-01T00:00:00Z,306.21,304.71,0,74,232.21,74,72.5,NA,Unknown,Water level accuracy is unknown,1,Department of Water Resources,NA,5030,Tulare Irrigation District,NA,NA,17300,19S24E36C001M,19S24E36C001M,Unknown,Unknown,5-022.11,Kaweah,Tulare,NA,Unknown,Single Well,NA,1961-10-02 00:00:00 - 2011-02-16 07:15:00,80,other,NA,NA,NA,NA,1968,18030012,Below Normal,Below Normal,1967-10-01T00:00:00Z,1968-10-01T00:00:00Z,-119.322,36.24
362400N1193223W001,922888,1967-02-08T00:00:00Z,306.21,304.71,0,88.5,217.71,88.5,87,NA,Unknown,Water level accuracy is unknown,1,Department of Water Resources,NA,5030,Tulare Irrigation District,NA,NA,17300,19S24E36C001M,19S24E36C001M,Unknown,Unknown,5-022.11,Kaweah,Tulare,NA,Unknown,Single Well,NA,1961-10-02 00:00:00 - 2011-02-16 07:15:00,80,other,NA,NA,NA,NA,1967,18030012,Wet,Wet,1966-10-01T00:00:00Z,1967-10-01T00:00:00Z,-119.322,36.24
362400N1193223W001,922887,1966-02-01T00:00:00Z,306.21,304.71,0,80.2,226.01,80.2,78.7,NA,Unknown,Water level accuracy is unknown,1,Department of Water Resources,NA,5030,Tulare Irrigation District,NA,NA,17300,19S24E36C001M,19S24E36C001M,Unknown,Unknown,5-022.11,Kaweah,Tulare,NA,Unknown,Single Well,NA,1961-10-02 00:00:00 - 2011-02-16 07:15:00,80,other,NA,NA,NA,NA,1966,18030012,Below Normal,Below Normal,1965-10-01T00:00:00Z,1966-10-01T00:00:00Z,-119.322,36.24
362400N1193223W001,922886,1965-02-01T00:00:00Z,306.21,304.71,0,90,216.21,90,88.5,NA,Unknown,Water level accuracy is unknown,1,Department of Water Resources,NA,5030,Tulare Irrigation District,NA,NA,17300,19S24E36C001M,19S24E36C001M,Unknown,Unknown,5-022.11,Kaweah,Tulare,NA,Unknown,Single Well,NA,1961-10-02 00:00:00 - 2011-02-16 07:15:00,80,other,NA,NA,NA,NA,1965,18030012,Below Normal,Below Normal,1964-10-01T00:00:00Z,1965-10-01T00:00:00Z,-119.322,36.24
362400N1193223W001,922885,1964-09-28T00:00:00Z,306.21,304.71,0,95,211.21,95,93.5,NA,Unknown,Water level accuracy is unknown,1,Department of Water Resources,NA,5030,Tulare Irrigation District,NA,NA,17300,19S24E36C001M,19S24E36C001M,Unknown,Unknown,5-022.11,Kaweah,Tulare,NA,Unknown,Single Well,NA,1961-10-02 00:00:00 - 2011-02-16 07:15:00,80,fall,50.5,134,NA,NA,1964,18030012,Dry,Dry,1963-10-01T00:00:00Z,1964-10-01T00:00:00Z,-119.322,36.24
362400N1193223W001,922884,1964-02-11T00:00:00Z,306.21,304.71,0,79.2,227.01,79.2,77.7,NA,Unknown,Water level accuracy is unknown,1,Department of Water Resources,NA,5030,Tulare Irrigation District,NA,NA,17300,19S24E36C001M,19S24E36C001M,Unknown,Unknown,5-022.11,Kaweah,Tulare,NA,Unknown,Single Well,NA,1961-10-02 00:00:00 - 2011-02-16 07:15:00,80,other,NA,NA,NA,NA,1964,18030012,Dry,Dry,1963-10-01T00:00:00Z,1964-10-01T00:00:00Z,-119.322,36.24
362400N1193223W001,922883,1963-02-06T00:00:00Z,306.21,304.71,0,84,222.21,84,82.5,NA,Unknown,Water level accuracy is unknown,1,Department of Water Resources,NA,5030,Tulare Irrigation District,NA,NA,17300,19S24E36C001M,19S24E36C001M,Unknown,Unknown,5-022.11,Kaweah,Tulare,NA,Unknown,Single Well,NA,1961-10-02 00:00:00 - 2011-02-16 07:15:00,80,other,NA,NA,NA,NA,1963,18030012,Above Normal,Above Normal,1962-10-01T00:00:00Z,1963-10-01T00:00:00Z,-119.322,36.24
362400N1193223W001,922882,1962-02-09T00:00:00Z,306.21,304.71,0,100,206.21,100,98.5,NA,Unknown,Water level accuracy is unknown,1,Department of Water Resources,NA,5030,Tulare Irrigation District,NA,NA,17300,19S24E36C001M,19S24E36C001M,Unknown,Unknown,5-022.11,Kaweah,Tulare,NA,Unknown,Single Well,NA,1961-10-02 00:00:00 - 2011-02-16 07:15:00,80,other,NA,NA,NA,NA,1962,18030012,Above Normal,Above Normal,1961-10-01T00:00:00Z,1962-10-01T00:00:00Z,-119.322,36.24
362400N1193223W001,922881,1961-10-02T00:00:00Z,306.21,304.71,0,98.5,207.71,98.5,97,NA,Unknown,Water level accuracy is unknown,1,Department of Water Resources,NA,5030,Tulare Irrigation District,NA,NA,17300,19S24E36C001M,19S24E36C001M,Unknown,Unknown,5-022.11,Kaweah,Tulare,NA,Unknown,Single Well,NA,1961-10-02 00:00:00 - 2011-02-16 07:15:00,80,fall,50.5,134,NA,NA,1962,18030012,Above Normal,Above Normal,1961-10-01T00:00:00Z,1962-10-01T00:00:00Z,-119.322,36.24
