SITE_CODE,WLM_ID,MSMT_DATE,WLM_RPE,WLM_GSE,RDNG_WS,RDNG_RP,WSE,RPE_WSE,GSE_WSE,WLM_QA_DESC,WLM_DESC,WLM_ACC_DESC,WLM_ORG_ID,WLM_ORG_NAME,MSMT_CMT,COOP_AGENCY_ORG_ID,COOP_ORG_NAME,TOP_PRF,BOT_PRF,STN_ID,SWN,WELL_NAME,WLM_METHOD,WLM_ACC,BASIN_CODE,BASIN_NAME,COUNTY_NAME,WELL_DEPTH,WELL_USE,WELL_TYPE,WCR_NO,t_range,n_samples,season,fall_high,fall_low,spring_high,spring_low,water_year,HUC8,WYT,water_year_type,water_year_start,water_year_end,X,Y
362401N1192882W001,2512862,2018-02-15T00:00:00Z,302,302,0,182,120,182,182,NA,Unknown,Water level accuracy to nearest tenth of a foot,5317,Mid-Kaweah GSA,NA,5317,Mid-Kaweah GSA,320,620,54648,19S24E36C002M,KSB-1903,Unknown,Unknown,5-022.11,Kaweah,Tulare,620,Unknown,Single Well,NA,2004-10-15 - 2018-02-15,27,other,NA,NA,NA,NA,2018,18030012,Below Normal,Below Normal,2017-10-01T00:00:00Z,2018-10-01T00:00:00Z,-119.288,36.2401
362401N1192882W001,2512861,2017-10-15T00:00:00Z,302,302,0,187,115,187,187,NA,Unknown,Water level accuracy to nearest tenth of a foot,5317,Mid-Kaweah GSA,NA,5317,Mid-Kaweah GSA,320,620,54648,19S24E36C002M,KSB-1903,Unknown,Unknown,5-022.11,Kaweah,Tulare,620,Unknown,Single Well,NA,2004-10-15 - 2018-02-15,27,fall,143.6,265.1,NA,NA,2018,18030012,Below Normal,Below Normal,2017-10-01T00:00:00Z,2018-10-01T00:00:00Z,-119.288,36.2401
362401N1192882W001,2512860,2017-02-15T00:00:00Z,302,302,0,186,116,186,186,NA,Unknown,Water level accuracy to nearest tenth of a foot,5317,Mid-Kaweah GSA,NA,5317,Mid-Kaweah GSA,320,620,54648,19S24E36C002M,KSB-1903,Unknown,Unknown,5-022.11,Kaweah,Tulare,620,Unknown,Single Well,NA,2004-10-15 - 2018-02-15,27,other,NA,NA,NA,NA,2017,18030012,Wet,Wet,2016-10-01T00:00:00Z,2017-10-01T00:00:00Z,-119.288,36.2401
362401N1192882W001,2512859,2016-10-15T00:00:00Z,302,302,0,200,102,200,200,NA,Unknown,Water level accuracy to nearest tenth of a foot,5317,Mid-Kaweah GSA,NA,5317,Mid-Kaweah GSA,320,620,54648,19S24E36C002M,KSB-1903,Unknown,Unknown,5-022.11,Kaweah,Tulare,620,Unknown,Single Well,NA,2004-10-15 - 2018-02-15,27,fall,143.6,265.1,NA,NA,2017,18030012,Wet,Wet,2016-10-01T00:00:00Z,2017-10-01T00:00:00Z,-119.288,36.2401
362401N1192882W001,2512858,2016-02-15T00:00:00Z,302,302,0,183,119,183,183,NA,Unknown,Water level accuracy to nearest tenth of a foot,5317,Mid-Kaweah GSA,NA,5317,Mid-Kaweah GSA,320,620,54648,19S24E36C002M,KSB-1903,Unknown,Unknown,5-022.11,Kaweah,Tulare,620,Unknown,Single Well,NA,2004-10-15 - 2018-02-15,27,other,NA,NA,NA,NA,2016,18030012,Below Normal,Below Normal,2015-10-01T00:00:00Z,2016-10-01T00:00:00Z,-119.288,36.2401
362401N1192882W001,2512857,2015-10-15T00:00:00Z,302,302,0,198,104,198,198,NA,Unknown,Water level accuracy to nearest tenth of a foot,5317,Mid-Kaweah GSA,NA,5317,Mid-Kaweah GSA,320,620,54648,19S24E36C002M,KSB-1903,Unknown,Unknown,5-022.11,Kaweah,Tulare,620,Unknown,Single Well,NA,2004-10-15 - 2018-02-15,27,fall,143.6,265.1,NA,NA,2016,18030012,Below Normal,Below Normal,2015-10-01T00:00:00Z,2016-10-01T00:00:00Z,-119.288,36.2401
362401N1192882W001,2512856,2015-02-15T00:00:00Z,302,302,0,167,135,167,167,NA,Unknown,Water level accuracy to nearest tenth of a foot,5317,Mid-Kaweah GSA,NA,5317,Mid-Kaweah GSA,320,620,54648,19S24E36C002M,KSB-1903,Unknown,Unknown,5-022.11,Kaweah,Tulare,620,Unknown,Single Well,NA,2004-10-15 - 2018-02-15,27,other,NA,NA,NA,NA,2015,18030012,Critical,Critical,2014-10-01T00:00:00Z,2015-10-01T00:00:00Z,-119.288,36.2401
362401N1192882W001,2512855,2014-10-15T00:00:00Z,302,302,0,198.8,103.2,198.8,198.8,NA,Unknown,Water level accuracy to nearest tenth of a foot,5317,Mid-Kaweah GSA,NA,5317,Mid-Kaweah GSA,320,620,54648,19S24E36C002M,KSB-1903,Unknown,Unknown,5-022.11,Kaweah,Tulare,620,Unknown,Single Well,NA,2004-10-15 - 2018-02-15,27,fall,143.6,265.1,NA,NA,2015,18030012,Critical,Critical,2014-10-01T00:00:00Z,2015-10-01T00:00:00Z,-119.288,36.2401
362401N1192882W001,2512854,2014-02-15T00:00:00Z,302,302,0,169.5,132.5,169.5,169.5,NA,Unknown,Water level accuracy to nearest tenth of a foot,5317,Mid-Kaweah GSA,NA,5317,Mid-Kaweah GSA,320,620,54648,19S24E36C002M,KSB-1903,Unknown,Unknown,5-022.11,Kaweah,Tulare,620,Unknown,Single Well,NA,2004-10-15 - 2018-02-15,27,other,NA,NA,NA,NA,2014,18030012,Critical,Critical,2013-10-01T00:00:00Z,2014-10-01T00:00:00Z,-119.288,36.2401
362401N1192882W001,2512853,2013-10-15T00:00:00Z,302,302,0,265.1,36.9,265.1,265.1,NA,Unknown,Water level accuracy to nearest tenth of a foot,5317,Mid-Kaweah GSA,NA,5317,Mid-Kaweah GSA,320,620,54648,19S24E36C002M,KSB-1903,Unknown,Unknown,5-022.11,Kaweah,Tulare,620,Unknown,Single Well,NA,2004-10-15 - 2018-02-15,27,fall,143.6,265.1,NA,NA,2014,18030012,Critical,Critical,2013-10-01T00:00:00Z,2014-10-01T00:00:00Z,-119.288,36.2401
362401N1192882W001,2512852,2013-02-15T00:00:00Z,302,302,0,159.9,142.1,159.9,159.9,NA,Unknown,Water level accuracy to nearest tenth of a foot,5317,Mid-Kaweah GSA,NA,5317,Mid-Kaweah GSA,320,620,54648,19S24E36C002M,KSB-1903,Unknown,Unknown,5-022.11,Kaweah,Tulare,620,Unknown,Single Well,NA,2004-10-15 - 2018-02-15,27,other,NA,NA,NA,NA,2013,18030012,Critical,Critical,2012-10-01T00:00:00Z,2013-10-01T00:00:00Z,-119.288,36.2401
362401N1192882W001,2512851,2012-10-15T00:00:00Z,302,302,0,164.7,137.3,164.7,164.7,NA,Unknown,Water level accuracy to nearest tenth of a foot,5317,Mid-Kaweah GSA,NA,5317,Mid-Kaweah GSA,320,620,54648,19S24E36C002M,KSB-1903,Unknown,Unknown,5-022.11,Kaweah,Tulare,620,Unknown,Single Well,NA,2004-10-15 - 2018-02-15,27,fall,143.6,265.1,NA,NA,2013,18030012,Critical,Critical,2012-10-01T00:00:00Z,2013-10-01T00:00:00Z,-119.288,36.2401
362401N1192882W001,2512850,2012-02-15T00:00:00Z,302,302,0,157.6,144.4,157.6,157.6,NA,Unknown,Water level accuracy to nearest tenth of a foot,5317,Mid-Kaweah GSA,NA,5317,Mid-Kaweah GSA,320,620,54648,19S24E36C002M,KSB-1903,Unknown,Unknown,5-022.11,Kaweah,Tulare,620,Unknown,Single Well,NA,2004-10-15 - 2018-02-15,27,other,NA,NA,NA,NA,2012,18030012,Below Normal,Below Normal,2011-10-01T00:00:00Z,2012-10-01T00:00:00Z,-119.288,36.2401
362401N1192882W001,2512849,2011-10-15T00:00:00Z,302,302,0,162.5,139.5,162.5,162.5,NA,Unknown,Water level accuracy to nearest tenth of a foot,5317,Mid-Kaweah GSA,NA,5317,Mid-Kaweah GSA,320,620,54648,19S24E36C002M,KSB-1903,Unknown,Unknown,5-022.11,Kaweah,Tulare,620,Unknown,Single Well,NA,2004-10-15 - 2018-02-15,27,fall,143.6,265.1,NA,NA,2012,18030012,Below Normal,Below Normal,2011-10-01T00:00:00Z,2012-10-01T00:00:00Z,-119.288,36.2401
362401N1192882W001,2512848,2011-02-15T00:00:00Z,302,302,0,145.7,156.3,145.7,145.7,NA,Unknown,Water level accuracy to nearest tenth of a foot,5317,Mid-Kaweah GSA,NA,5317,Mid-Kaweah GSA,320,620,54648,19S24E36C002M,KSB-1903,Unknown,Unknown,5-022.11,Kaweah,Tulare,620,Unknown,Single Well,NA,2004-10-15 - 2018-02-15,27,other,NA,NA,NA,NA,2011,18030012,Wet,Wet,2010-10-01T00:00:00Z,2011-10-01T00:00:00Z,-119.288,36.2401
362401N1192882W001,2512847,2010-10-15T00:00:00Z,302,302,0,167.4,134.6,167.4,167.4,NA,Unknown,Water level accuracy to nearest tenth of a foot,5317,Mid-Kaweah GSA,NA,5317,Mid-Kaweah GSA,320,620,54648,19S24E36C002M,KSB-1903,Unknown,Unknown,5-022.11,Kaweah,Tulare,620,Unknown,Single Well,NA,2004-10-15 - 2018-02-15,27,fall,143.6,265.1,NA,NA,2011,18030012,Wet,Wet,2010-10-01T00:00:00Z,2011-10-01T00:00:00Z,-119.288,36.2401
362401N1192882W001,2512846,2010-02-15T00:00:00Z,302,302,0,147.4,154.6,147.4,147.4,NA,Unknown,Water level accuracy to nearest tenth of a foot,5317,Mid-Kaweah GSA,NA,5317,Mid-Kaweah GSA,320,620,54648,19S24E36C002M,KSB-1903,Unknown,Unknown,5-022.11,Kaweah,Tulare,620,Unknown,Single Well,NA,2004-10-15 - 2018-02-15,27,other,NA,NA,NA,NA,2010,18030012,Above Normal,Above Normal,2009-10-01T00:00:00Z,2010-10-01T00:00:00Z,-119.288,36.2401
362401N1192882W001,2512845,2009-10-15T00:00:00Z,302,302,0,149.9,152.1,149.9,149.9,NA,Unknown,Water level accuracy to nearest tenth of a foot,5317,Mid-Kaweah GSA,NA,5317,Mid-Kaweah GSA,320,620,54648,19S24E36C002M,KSB-1903,Unknown,Unknown,5-022.11,Kaweah,Tulare,620,Unknown,Single Well,NA,2004-10-15 - 2018-02-15,27,fall,143.6,265.1,NA,NA,2010,18030012,Above Normal,Above Normal,2009-10-01T00:00:00Z,2010-10-01T00:00:00Z,-119.288,36.2401
362401N1192882W001,2512844,2009-02-15T00:00:00Z,302,302,0,151.7,150.3,151.7,151.7,NA,Unknown,Water level accuracy to nearest tenth of a foot,5317,Mid-Kaweah GSA,NA,5317,Mid-Kaweah GSA,320,620,54648,19S24E36C002M,KSB-1903,Unknown,Unknown,5-022.11,Kaweah,Tulare,620,Unknown,Single Well,NA,2004-10-15 - 2018-02-15,27,other,NA,NA,NA,NA,2009,18030012,Critical,Critical,2008-10-01T00:00:00Z,2009-10-01T00:00:00Z,-119.288,36.2401
362401N1192882W001,2512843,2008-10-15T00:00:00Z,302,302,0,162.7,139.3,162.7,162.7,NA,Unknown,Water level accuracy to nearest tenth of a foot,5317,Mid-Kaweah GSA,NA,5317,Mid-Kaweah GSA,320,620,54648,19S24E36C002M,KSB-1903,Unknown,Unknown,5-022.11,Kaweah,Tulare,620,Unknown,Single Well,NA,2004-10-15 - 2018-02-15,27,fall,143.6,265.1,NA,NA,2009,18030012,Critical,Critical,2008-10-01T00:00:00Z,2009-10-01T00:00:00Z,-119.288,36.2401
362401N1192882W001,2512842,2008-02-15T00:00:00Z,302,302,0,144.6,157.4,144.6,144.6,NA,Unknown,Water level accuracy to nearest tenth of a foot,5317,Mid-Kaweah GSA,NA,5317,Mid-Kaweah GSA,320,620,54648,19S24E36C002M,KSB-1903,Unknown,Unknown,5-022.11,Kaweah,Tulare,620,Unknown,Single Well,NA,2004-10-15 - 2018-02-15,27,other,NA,NA,NA,NA,2008,18030012,Critical,Critical,2007-10-01T00:00:00Z,2008-10-01T00:00:00Z,-119.288,36.2401
362401N1192882W001,2512841,2007-10-15T00:00:00Z,302,302,0,143.6,158.4,143.6,143.6,NA,Unknown,Water level accuracy to nearest tenth of a foot,5317,Mid-Kaweah GSA,NA,5317,Mid-Kaweah GSA,320,620,54648,19S24E36C002M,KSB-1903,Unknown,Unknown,5-022.11,Kaweah,Tulare,620,Unknown,Single Well,NA,2004-10-15 - 2018-02-15,27,fall,143.6,265.1,NA,NA,2008,18030012,Critical,Critical,2007-10-01T00:00:00Z,2008-10-01T00:00:00Z,-119.288,36.2401
362401N1192882W001,2512840,2007-02-15T00:00:00Z,302,302,0,116.1,185.9,116.1,116.1,NA,Unknown,Water level accuracy to nearest tenth of a foot,5317,Mid-Kaweah GSA,NA,5317,Mid-Kaweah GSA,320,620,54648,19S24E36C002M,KSB-1903,Unknown,Unknown,5-022.11,Kaweah,Tulare,620,Unknown,Single Well,NA,2004-10-15 - 2018-02-15,27,other,NA,NA,NA,NA,2007,18030012,Critical,Critical,2006-10-01T00:00:00Z,2007-10-01T00:00:00Z,-119.288,36.2401
362401N1192882W001,2512839,2006-10-15T00:00:00Z,302,302,0,150.3,151.7,150.3,150.3,NA,Unknown,Water level accuracy to nearest tenth of a foot,5317,Mid-Kaweah GSA,NA,5317,Mid-Kaweah GSA,320,620,54648,19S24E36C002M,KSB-1903,Unknown,Unknown,5-022.11,Kaweah,Tulare,620,Unknown,Single Well,NA,2004-10-15 - 2018-02-15,27,fall,143.6,265.1,NA,NA,2007,18030012,Critical,Critical,2006-10-01T00:00:00Z,2007-10-01T00:00:00Z,-119.288,36.2401
362401N1192882W001,2512838,2006-02-15T00:00:00Z,302,302,0,127.2,174.8,127.2,127.2,NA,Unknown,Water level accuracy to nearest tenth of a foot,5317,Mid-Kaweah GSA,NA,5317,Mid-Kaweah GSA,320,620,54648,19S24E36C002M,KSB-1903,Unknown,Unknown,5-022.11,Kaweah,Tulare,620,Unknown,Single Well,NA,2004-10-15 - 2018-02-15,27,other,NA,NA,NA,NA,2006,18030012,Wet,Wet,2005-10-01T00:00:00Z,2006-10-01T00:00:00Z,-119.288,36.2401
362401N1192882W001,2512837,2005-10-15T00:00:00Z,302,302,0,161.2,140.8,161.2,161.2,NA,Unknown,Water level accuracy to nearest tenth of a foot,5317,Mid-Kaweah GSA,NA,5317,Mid-Kaweah GSA,320,620,54648,19S24E36C002M,KSB-1903,Unknown,Unknown,5-022.11,Kaweah,Tulare,620,Unknown,Single Well,NA,2004-10-15 - 2018-02-15,27,fall,143.6,265.1,NA,NA,2006,18030012,Wet,Wet,2005-10-01T00:00:00Z,2006-10-01T00:00:00Z,-119.288,36.2401
362401N1192882W001,2512836,2004-10-15T00:00:00Z,302,302,0,171.8,130.2,171.8,171.8,NA,Unknown,Water level accuracy to nearest tenth of a foot,5317,Mid-Kaweah GSA,NA,5317,Mid-Kaweah GSA,320,620,54648,19S24E36C002M,KSB-1903,Unknown,Unknown,5-022.11,Kaweah,Tulare,620,Unknown,Single Well,NA,2004-10-15 - 2018-02-15,27,fall,143.6,265.1,NA,NA,2005,18030012,Wet,Wet,2004-10-01T00:00:00Z,2005-10-01T00:00:00Z,-119.288,36.2401
