SITE_CODE,WLM_ID,MSMT_DATE,WLM_RPE,WLM_GSE,RDNG_WS,RDNG_RP,WSE,RPE_WSE,GSE_WSE,WLM_QA_DESC,WLM_DESC,WLM_ACC_DESC,WLM_ORG_ID,WLM_ORG_NAME,MSMT_CMT,COOP_AGENCY_ORG_ID,COOP_ORG_NAME,TOP_PRF,BOT_PRF,STN_ID,SWN,WELL_NAME,WLM_METHOD,WLM_ACC,BASIN_CODE,BASIN_NAME,COUNTY_NAME,WELL_DEPTH,WELL_USE,WELL_TYPE,WCR_NO,t_range,n_samples,season,fall_high,fall_low,spring_high,spring_low,water_year,HUC8,WYT,water_year_type,water_year_start,water_year_end,X,Y
362506N1193495W001,1988956,2013-03-07T12:45:00Z,298.713,298.213,NA,NA,NA,NA,NA,Tape hung up,NA,NA,1,Department of Water Resources,NA,1,Department of Water Resources,NA,NA,17292,19S24E27H001M,19S24E27H001M,Unknown,Unknown,5-022.11,Kaweah,Tulare,NA,Unknown,Single Well,NA,1961-10-02 00:00:00 - 2013-03-07 12:45:00,90,spring,NA,NA,133.5,133.5,2013,18030012,Critical,Critical,2012-10-01T00:00:00Z,2013-10-01T00:00:00Z,-119.35,36.2506
362506N1193495W001,93878,2011-02-17T09:15:00Z,298.713,298.213,7,135,170.713,128,127.5,NA,Unknown,Water level accuracy to nearest tenth of a foot,1,Department of Water Resources,NA,1,Department of Water Resources,NA,NA,17292,19S24E27H001M,19S24E27H001M,Unknown,Unknown,5-022.11,Kaweah,Tulare,NA,Unknown,Single Well,NA,1961-10-02 00:00:00 - 2013-03-07 12:45:00,90,other,NA,NA,NA,NA,2011,18030012,Wet,Wet,2010-10-01T00:00:00Z,2011-10-01T00:00:00Z,-119.35,36.2506
362506N1193495W001,922016,2010-01-22T00:00:00Z,298.71,298.21,0,142,156.71,142,141.5,NA,Unknown,Water level accuracy is unknown,1,Department of Water Resources,NA,5030,Tulare Irrigation District,NA,NA,17292,19S24E27H001M,19S24E27H001M,Unknown,Unknown,5-022.11,Kaweah,Tulare,NA,Unknown,Single Well,NA,1961-10-02 00:00:00 - 2013-03-07 12:45:00,90,other,NA,NA,NA,NA,2010,18030012,Above Normal,Above Normal,2009-10-01T00:00:00Z,2010-10-01T00:00:00Z,-119.35,36.2506
362506N1193495W001,922015,2009-03-04T00:00:00Z,298.71,298.21,0,134,164.71,134,133.5,NA,Unknown,Water level accuracy is unknown,1,Department of Water Resources,TAPE-134',5030,Tulare Irrigation District,NA,NA,17292,19S24E27H001M,19S24E27H001M,Unknown,Unknown,5-022.11,Kaweah,Tulare,NA,Unknown,Single Well,NA,1961-10-02 00:00:00 - 2013-03-07 12:45:00,90,spring,NA,NA,133.5,133.5,2009,18030012,Critical,Critical,2008-10-01T00:00:00Z,2009-10-01T00:00:00Z,-119.35,36.2506
362506N1193495W001,922013,2007-10-16T00:00:00Z,298.71,298.21,0,122,176.71,122,121.5,NA,Unknown,Water level accuracy is unknown,1,Department of Water Resources,NA,5030,Tulare Irrigation District,NA,NA,17292,19S24E27H001M,19S24E27H001M,Unknown,Unknown,5-022.11,Kaweah,Tulare,NA,Unknown,Single Well,NA,1961-10-02 00:00:00 - 2013-03-07 12:45:00,90,fall,45,122.5,NA,NA,2008,18030012,Critical,Critical,2007-10-01T00:00:00Z,2008-10-01T00:00:00Z,-119.35,36.2506
362506N1193495W001,922012,2007-01-26T00:00:00Z,298.71,298.21,0,107,191.71,107,106.5,NA,Unknown,Water level accuracy is unknown,1,Department of Water Resources,NO OIL,5030,Tulare Irrigation District,NA,NA,17292,19S24E27H001M,19S24E27H001M,Unknown,Unknown,5-022.11,Kaweah,Tulare,NA,Unknown,Single Well,NA,1961-10-02 00:00:00 - 2013-03-07 12:45:00,90,other,NA,NA,NA,NA,2007,18030012,Critical,Critical,2006-10-01T00:00:00Z,2007-10-01T00:00:00Z,-119.35,36.2506
362506N1193495W001,922014,2006-10-06T00:00:00Z,298.71,298.21,0,102.5,196.21,102.5,102,NA,Unknown,Water level accuracy is unknown,1,Department of Water Resources,TAPE-102.5 FEET,5030,Tulare Irrigation District,NA,NA,17292,19S24E27H001M,19S24E27H001M,Unknown,Unknown,5-022.11,Kaweah,Tulare,NA,Unknown,Single Well,NA,1961-10-02 00:00:00 - 2013-03-07 12:45:00,90,fall,45,122.5,NA,NA,2007,18030012,Critical,Critical,2006-10-01T00:00:00Z,2007-10-01T00:00:00Z,-119.35,36.2506
362506N1193495W001,922011,2006-01-27T00:00:00Z,298.71,298.21,0,110,188.71,110,109.5,NA,Unknown,Water level accuracy is unknown,1,Department of Water Resources,NA,5030,Tulare Irrigation District,NA,NA,17292,19S24E27H001M,19S24E27H001M,Unknown,Unknown,5-022.11,Kaweah,Tulare,NA,Unknown,Single Well,NA,1961-10-02 00:00:00 - 2013-03-07 12:45:00,90,other,NA,NA,NA,NA,2006,18030012,Wet,Wet,2005-10-01T00:00:00Z,2006-10-01T00:00:00Z,-119.35,36.2506
362506N1193495W001,922010,2005-01-28T00:00:00Z,298.71,298.21,NA,NA,NA,NA,NA,Unable to locate well,NA,NA,1,Department of Water Resources,NA,5030,Tulare Irrigation District,NA,NA,17292,19S24E27H001M,19S24E27H001M,Unknown,Unknown,5-022.11,Kaweah,Tulare,NA,Unknown,Single Well,NA,1961-10-02 00:00:00 - 2013-03-07 12:45:00,90,other,NA,NA,NA,NA,2005,18030012,Wet,Wet,2004-10-01T00:00:00Z,2005-10-01T00:00:00Z,-119.35,36.2506
362506N1193495W001,922008,2004-02-06T00:00:00Z,298.71,298.21,0,113,185.71,113,112.5,NA,Unknown,Water level accuracy is unknown,1,Department of Water Resources,113'/NO OIL,5030,Tulare Irrigation District,NA,NA,17292,19S24E27H001M,19S24E27H001M,Unknown,Unknown,5-022.11,Kaweah,Tulare,NA,Unknown,Single Well,NA,1961-10-02 00:00:00 - 2013-03-07 12:45:00,90,other,NA,NA,NA,NA,2004,18030012,Dry,Dry,2003-10-01T00:00:00Z,2004-10-01T00:00:00Z,-119.35,36.2506
362506N1193495W001,922009,2003-09-25T00:00:00Z,298.71,298.21,0,123,175.71,123,122.5,NA,Unknown,Water level accuracy is unknown,1,Department of Water Resources,TAPE-123'/NO OIL,5030,Tulare Irrigation District,NA,NA,17292,19S24E27H001M,19S24E27H001M,Unknown,Unknown,5-022.11,Kaweah,Tulare,NA,Unknown,Single Well,NA,1961-10-02 00:00:00 - 2013-03-07 12:45:00,90,fall,45,122.5,NA,NA,2003,18030012,Dry,Dry,2002-10-01T00:00:00Z,2003-10-01T00:00:00Z,-119.35,36.2506
362506N1193495W001,922005,2003-01-24T00:00:00Z,298.71,298.21,0,109,189.71,109,108.5,NA,Unknown,Water level accuracy is unknown,1,Department of Water Resources,NA,5030,Tulare Irrigation District,NA,NA,17292,19S24E27H001M,19S24E27H001M,Unknown,Unknown,5-022.11,Kaweah,Tulare,NA,Unknown,Single Well,NA,1961-10-02 00:00:00 - 2013-03-07 12:45:00,90,other,NA,NA,NA,NA,2003,18030012,Dry,Dry,2002-10-01T00:00:00Z,2003-10-01T00:00:00Z,-119.35,36.2506
362506N1193495W001,922007,2002-09-19T00:00:00Z,298.71,298.21,0,109,189.71,109,108.5,NA,Unknown,Water level accuracy is unknown,1,Department of Water Resources,NA,624,Bureau of Reclamation,NA,NA,17292,19S24E27H001M,19S24E27H001M,Unknown,Unknown,5-022.11,Kaweah,Tulare,NA,Unknown,Single Well,NA,1961-10-02 00:00:00 - 2013-03-07 12:45:00,90,fall,45,122.5,NA,NA,2002,18030012,Critical,Critical,2001-10-01T00:00:00Z,2002-10-01T00:00:00Z,-119.35,36.2506
362506N1193495W001,922006,2002-01-21T00:00:00Z,298.71,298.21,0,108,190.71,108,107.5,NA,Unknown,Water level accuracy is unknown,1,Department of Water Resources,NA,624,Bureau of Reclamation,NA,NA,17292,19S24E27H001M,19S24E27H001M,Unknown,Unknown,5-022.11,Kaweah,Tulare,NA,Unknown,Single Well,NA,1961-10-02 00:00:00 - 2013-03-07 12:45:00,90,other,NA,NA,NA,NA,2002,18030012,Critical,Critical,2001-10-01T00:00:00Z,2002-10-01T00:00:00Z,-119.35,36.2506
362506N1193495W001,922004,2001-01-23T00:00:00Z,298.71,298.21,0,96,202.71,96,95.5,NA,Unknown,Water level accuracy is unknown,1,Department of Water Resources,NA,5030,Tulare Irrigation District,NA,NA,17292,19S24E27H001M,19S24E27H001M,Unknown,Unknown,5-022.11,Kaweah,Tulare,NA,Unknown,Single Well,NA,1961-10-02 00:00:00 - 2013-03-07 12:45:00,90,other,NA,NA,NA,NA,2001,18030012,Below Normal,Below Normal,2000-10-01T00:00:00Z,2001-10-01T00:00:00Z,-119.35,36.2506
362506N1193495W001,922003,2000-01-25T00:00:00Z,298.71,298.21,0,94,204.71,94,93.5,NA,Unknown,Water level accuracy is unknown,1,Department of Water Resources,NA,5030,Tulare Irrigation District,NA,NA,17292,19S24E27H001M,19S24E27H001M,Unknown,Unknown,5-022.11,Kaweah,Tulare,NA,Unknown,Single Well,NA,1961-10-02 00:00:00 - 2013-03-07 12:45:00,90,other,NA,NA,NA,NA,2000,18030012,Below Normal,Below Normal,1999-10-01T00:00:00Z,2000-10-01T00:00:00Z,-119.35,36.2506
362506N1193495W001,922002,1999-10-07T00:00:00Z,298.71,298.21,0,100,198.71,100,99.5,NA,Unknown,Water level accuracy is unknown,1,Department of Water Resources,NA,5030,Tulare Irrigation District,NA,NA,17292,19S24E27H001M,19S24E27H001M,Unknown,Unknown,5-022.11,Kaweah,Tulare,NA,Unknown,Single Well,NA,1961-10-02 00:00:00 - 2013-03-07 12:45:00,90,fall,45,122.5,NA,NA,2000,18030012,Below Normal,Below Normal,1999-10-01T00:00:00Z,2000-10-01T00:00:00Z,-119.35,36.2506
362506N1193495W001,922001,1999-01-22T00:00:00Z,298.71,298.21,0,85,213.71,85,84.5,Other,Unknown,Water level accuracy is unknown,1,Department of Water Resources,NA,5030,Tulare Irrigation District,NA,NA,17292,19S24E27H001M,19S24E27H001M,Unknown,Unknown,5-022.11,Kaweah,Tulare,NA,Unknown,Single Well,NA,1961-10-02 00:00:00 - 2013-03-07 12:45:00,90,other,NA,NA,NA,NA,1999,18030012,Wet,Wet,1998-10-01T00:00:00Z,1999-10-01T00:00:00Z,-119.35,36.2506
362506N1193495W001,922000,1998-10-09T00:00:00Z,298.71,298.21,NA,NA,NA,NA,NA,Can't get tape in casing,NA,NA,1,Department of Water Resources,NA,5030,Tulare Irrigation District,NA,NA,17292,19S24E27H001M,19S24E27H001M,Unknown,Unknown,5-022.11,Kaweah,Tulare,NA,Unknown,Single Well,NA,1961-10-02 00:00:00 - 2013-03-07 12:45:00,90,fall,45,122.5,NA,NA,1999,18030012,Wet,Wet,1998-10-01T00:00:00Z,1999-10-01T00:00:00Z,-119.35,36.2506
362506N1193495W001,921999,1998-01-20T00:00:00Z,298.71,298.21,0,97,201.71,97,96.5,NA,Unknown,Water level accuracy is unknown,1,Department of Water Resources,NA,5030,Tulare Irrigation District,NA,NA,17292,19S24E27H001M,19S24E27H001M,Unknown,Unknown,5-022.11,Kaweah,Tulare,NA,Unknown,Single Well,NA,1961-10-02 00:00:00 - 2013-03-07 12:45:00,90,other,NA,NA,NA,NA,1998,18030012,Wet,Wet,1997-10-01T00:00:00Z,1998-10-01T00:00:00Z,-119.35,36.2506
362506N1193495W001,921998,1997-10-09T00:00:00Z,298.71,298.21,NA,NA,NA,NA,NA,Special/Other,NA,NA,1,Department of Water Resources,NA,5030,Tulare Irrigation District,NA,NA,17292,19S24E27H001M,19S24E27H001M,Unknown,Unknown,5-022.11,Kaweah,Tulare,NA,Unknown,Single Well,NA,1961-10-02 00:00:00 - 2013-03-07 12:45:00,90,fall,45,122.5,NA,NA,1998,18030012,Wet,Wet,1997-10-01T00:00:00Z,1998-10-01T00:00:00Z,-119.35,36.2506
362506N1193495W001,921997,1997-01-17T00:00:00Z,298.71,298.21,0,146,152.71,146,145.5,NA,Unknown,Water level accuracy is unknown,1,Department of Water Resources,NA,5030,Tulare Irrigation District,NA,NA,17292,19S24E27H001M,19S24E27H001M,Unknown,Unknown,5-022.11,Kaweah,Tulare,NA,Unknown,Single Well,NA,1961-10-02 00:00:00 - 2013-03-07 12:45:00,90,other,NA,NA,NA,NA,1997,18030012,Above Normal,Above Normal,1996-10-01T00:00:00Z,1997-10-01T00:00:00Z,-119.35,36.2506
362506N1193495W001,921996,1996-10-04T00:00:00Z,298.71,298.21,0,100,198.71,100,99.5,NA,Unknown,Water level accuracy is unknown,1,Department of Water Resources,NA,5030,Tulare Irrigation District,NA,NA,17292,19S24E27H001M,19S24E27H001M,Unknown,Unknown,5-022.11,Kaweah,Tulare,NA,Unknown,Single Well,NA,1961-10-02 00:00:00 - 2013-03-07 12:45:00,90,fall,45,122.5,NA,NA,1997,18030012,Above Normal,Above Normal,1996-10-01T00:00:00Z,1997-10-01T00:00:00Z,-119.35,36.2506
362506N1193495W001,921995,1996-01-17T00:00:00Z,298.71,298.21,0,104,194.71,104,103.5,NA,Unknown,Water level accuracy is unknown,1,Department of Water Resources,NA,5030,Tulare Irrigation District,NA,NA,17292,19S24E27H001M,19S24E27H001M,Unknown,Unknown,5-022.11,Kaweah,Tulare,NA,Unknown,Single Well,NA,1961-10-02 00:00:00 - 2013-03-07 12:45:00,90,other,NA,NA,NA,NA,1996,18030012,Wet,Wet,1995-10-01T00:00:00Z,1996-10-01T00:00:00Z,-119.35,36.2506
362506N1193495W001,921994,1995-10-09T00:00:00Z,298.71,298.21,0,108,190.71,108,107.5,NA,Unknown,Water level accuracy is unknown,1,Department of Water Resources,NA,5030,Tulare Irrigation District,NA,NA,17292,19S24E27H001M,19S24E27H001M,Unknown,Unknown,5-022.11,Kaweah,Tulare,NA,Unknown,Single Well,NA,1961-10-02 00:00:00 - 2013-03-07 12:45:00,90,fall,45,122.5,NA,NA,1996,18030012,Wet,Wet,1995-10-01T00:00:00Z,1996-10-01T00:00:00Z,-119.35,36.2506
362506N1193495W001,921993,1995-02-03T00:00:00Z,298.71,298.21,0,114,184.71,114,113.5,NA,Unknown,Water level accuracy is unknown,1,Department of Water Resources,NA,5030,Tulare Irrigation District,NA,NA,17292,19S24E27H001M,19S24E27H001M,Unknown,Unknown,5-022.11,Kaweah,Tulare,NA,Unknown,Single Well,NA,1961-10-02 00:00:00 - 2013-03-07 12:45:00,90,other,NA,NA,NA,NA,1995,18030012,Wet,Wet,1994-10-01T00:00:00Z,1995-10-01T00:00:00Z,-119.35,36.2506
362506N1193495W001,921992,1994-10-03T00:00:00Z,298.71,298.21,0,116.5,182.21,116.5,116,NA,Unknown,Water level accuracy is unknown,1,Department of Water Resources,NA,5030,Tulare Irrigation District,NA,NA,17292,19S24E27H001M,19S24E27H001M,Unknown,Unknown,5-022.11,Kaweah,Tulare,NA,Unknown,Single Well,NA,1961-10-02 00:00:00 - 2013-03-07 12:45:00,90,fall,45,122.5,NA,NA,1995,18030012,Wet,Wet,1994-10-01T00:00:00Z,1995-10-01T00:00:00Z,-119.35,36.2506
362506N1193495W001,921991,1994-01-20T00:00:00Z,298.71,298.21,0,105,193.71,105,104.5,NA,Unknown,Water level accuracy is unknown,1,Department of Water Resources,NA,5030,Tulare Irrigation District,NA,NA,17292,19S24E27H001M,19S24E27H001M,Unknown,Unknown,5-022.11,Kaweah,Tulare,NA,Unknown,Single Well,NA,1961-10-02 00:00:00 - 2013-03-07 12:45:00,90,other,NA,NA,NA,NA,1994,18030012,Above Normal,Above Normal,1993-10-01T00:00:00Z,1994-10-01T00:00:00Z,-119.35,36.2506
362506N1193495W001,921990,1993-10-05T00:00:00Z,298.71,298.21,0,110,188.71,110,109.5,NA,Unknown,Water level accuracy is unknown,1,Department of Water Resources,NA,5030,Tulare Irrigation District,NA,NA,17292,19S24E27H001M,19S24E27H001M,Unknown,Unknown,5-022.11,Kaweah,Tulare,NA,Unknown,Single Well,NA,1961-10-02 00:00:00 - 2013-03-07 12:45:00,90,fall,45,122.5,NA,NA,1994,18030012,Above Normal,Above Normal,1993-10-01T00:00:00Z,1994-10-01T00:00:00Z,-119.35,36.2506
362506N1193495W001,921989,1993-01-27T00:00:00Z,298.71,298.21,0,111,187.71,111,110.5,NA,Unknown,Water level accuracy is unknown,1,Department of Water Resources,NA,5030,Tulare Irrigation District,NA,NA,17292,19S24E27H001M,19S24E27H001M,Unknown,Unknown,5-022.11,Kaweah,Tulare,NA,Unknown,Single Well,NA,1961-10-02 00:00:00 - 2013-03-07 12:45:00,90,other,NA,NA,NA,NA,1993,18030012,Wet,Wet,1992-10-01T00:00:00Z,1993-10-01T00:00:00Z,-119.35,36.2506
362506N1193495W001,921988,1992-10-08T00:00:00Z,298.71,298.21,0,113.5,185.21,113.5,113,NA,Unknown,Water level accuracy is unknown,1,Department of Water Resources,NA,5030,Tulare Irrigation District,NA,NA,17292,19S24E27H001M,19S24E27H001M,Unknown,Unknown,5-022.11,Kaweah,Tulare,NA,Unknown,Single Well,NA,1961-10-02 00:00:00 - 2013-03-07 12:45:00,90,fall,45,122.5,NA,NA,1993,18030012,Wet,Wet,1992-10-01T00:00:00Z,1993-10-01T00:00:00Z,-119.35,36.2506
362506N1193495W001,921987,1992-01-21T00:00:00Z,298.71,298.21,0,100,198.71,100,99.5,NA,Unknown,Water level accuracy is unknown,1,Department of Water Resources,NA,5030,Tulare Irrigation District,NA,NA,17292,19S24E27H001M,19S24E27H001M,Unknown,Unknown,5-022.11,Kaweah,Tulare,NA,Unknown,Single Well,NA,1961-10-02 00:00:00 - 2013-03-07 12:45:00,90,other,NA,NA,NA,NA,1992,18030012,Above Normal,Above Normal,1991-10-01T00:00:00Z,1992-10-01T00:00:00Z,-119.35,36.2506
362506N1193495W001,921986,1991-10-01T00:00:00Z,298.71,298.21,0,102,196.71,102,101.5,NA,Unknown,Water level accuracy is unknown,1,Department of Water Resources,NA,5030,Tulare Irrigation District,NA,NA,17292,19S24E27H001M,19S24E27H001M,Unknown,Unknown,5-022.11,Kaweah,Tulare,NA,Unknown,Single Well,NA,1961-10-02 00:00:00 - 2013-03-07 12:45:00,90,fall,45,122.5,NA,NA,1992,18030012,Above Normal,Above Normal,1991-10-01T00:00:00Z,1992-10-01T00:00:00Z,-119.35,36.2506
362506N1193495W001,921985,1991-01-22T00:00:00Z,298.71,298.21,0,94,204.71,94,93.5,NA,Unknown,Water level accuracy is unknown,1,Department of Water Resources,NA,5030,Tulare Irrigation District,NA,NA,17292,19S24E27H001M,19S24E27H001M,Unknown,Unknown,5-022.11,Kaweah,Tulare,NA,Unknown,Single Well,NA,1961-10-02 00:00:00 - 2013-03-07 12:45:00,90,other,NA,NA,NA,NA,1991,18030012,Dry,Dry,1990-10-01T00:00:00Z,1991-10-01T00:00:00Z,-119.35,36.2506
362506N1193495W001,921984,1990-10-03T00:00:00Z,298.71,298.21,0,95.5,203.21,95.5,95,Acoustical sounder,Unknown,Water level accuracy is unknown,1,Department of Water Resources,NA,5030,Tulare Irrigation District,NA,NA,17292,19S24E27H001M,19S24E27H001M,Unknown,Unknown,5-022.11,Kaweah,Tulare,NA,Unknown,Single Well,NA,1961-10-02 00:00:00 - 2013-03-07 12:45:00,90,fall,45,122.5,NA,NA,1991,18030012,Dry,Dry,1990-10-01T00:00:00Z,1991-10-01T00:00:00Z,-119.35,36.2506
362506N1193495W001,921983,1990-01-24T00:00:00Z,298.71,298.21,0,78,220.71,78,77.5,NA,Unknown,Water level accuracy is unknown,1,Department of Water Resources,NA,5030,Tulare Irrigation District,NA,NA,17292,19S24E27H001M,19S24E27H001M,Unknown,Unknown,5-022.11,Kaweah,Tulare,NA,Unknown,Single Well,NA,1961-10-02 00:00:00 - 2013-03-07 12:45:00,90,other,NA,NA,NA,NA,1990,18030012,Critical,Critical,1989-10-01T00:00:00Z,1990-10-01T00:00:00Z,-119.35,36.2506
362506N1193495W001,921982,1989-10-10T00:00:00Z,298.71,298.21,0,79,219.71,79,78.5,NA,Unknown,Water level accuracy is unknown,1,Department of Water Resources,NA,5030,Tulare Irrigation District,NA,NA,17292,19S24E27H001M,19S24E27H001M,Unknown,Unknown,5-022.11,Kaweah,Tulare,NA,Unknown,Single Well,NA,1961-10-02 00:00:00 - 2013-03-07 12:45:00,90,fall,45,122.5,NA,NA,1990,18030012,Critical,Critical,1989-10-01T00:00:00Z,1990-10-01T00:00:00Z,-119.35,36.2506
362506N1193495W001,921981,1989-01-31T00:00:00Z,298.71,298.21,0,69,229.71,69,68.5,NA,Unknown,Water level accuracy is unknown,1,Department of Water Resources,NA,5030,Tulare Irrigation District,NA,NA,17292,19S24E27H001M,19S24E27H001M,Unknown,Unknown,5-022.11,Kaweah,Tulare,NA,Unknown,Single Well,NA,1961-10-02 00:00:00 - 2013-03-07 12:45:00,90,other,NA,NA,NA,NA,1989,18030012,Dry,Dry,1988-10-01T00:00:00Z,1989-10-01T00:00:00Z,-119.35,36.2506
362506N1193495W001,921980,1988-10-07T00:00:00Z,298.71,298.21,0,70.5,228.21,70.5,70,NA,Unknown,Water level accuracy is unknown,1,Department of Water Resources,NA,5030,Tulare Irrigation District,NA,NA,17292,19S24E27H001M,19S24E27H001M,Unknown,Unknown,5-022.11,Kaweah,Tulare,NA,Unknown,Single Well,NA,1961-10-02 00:00:00 - 2013-03-07 12:45:00,90,fall,45,122.5,NA,NA,1989,18030012,Dry,Dry,1988-10-01T00:00:00Z,1989-10-01T00:00:00Z,-119.35,36.2506
362506N1193495W001,921979,1988-01-22T00:00:00Z,298.71,298.21,0,58,240.71,58,57.5,NA,Unknown,Water level accuracy is unknown,1,Department of Water Resources,NA,5030,Tulare Irrigation District,NA,NA,17292,19S24E27H001M,19S24E27H001M,Unknown,Unknown,5-022.11,Kaweah,Tulare,NA,Unknown,Single Well,NA,1961-10-02 00:00:00 - 2013-03-07 12:45:00,90,other,NA,NA,NA,NA,1988,18030012,Below Normal,Below Normal,1987-10-01T00:00:00Z,1988-10-01T00:00:00Z,-119.35,36.2506
362506N1193495W001,921978,1987-10-06T00:00:00Z,298.71,298.21,0,59,239.71,59,58.5,NA,Unknown,Water level accuracy is unknown,1,Department of Water Resources,NA,5030,Tulare Irrigation District,NA,NA,17292,19S24E27H001M,19S24E27H001M,Unknown,Unknown,5-022.11,Kaweah,Tulare,NA,Unknown,Single Well,NA,1961-10-02 00:00:00 - 2013-03-07 12:45:00,90,fall,45,122.5,NA,NA,1988,18030012,Below Normal,Below Normal,1987-10-01T00:00:00Z,1988-10-01T00:00:00Z,-119.35,36.2506
362506N1193495W001,921977,1987-02-05T00:00:00Z,298.71,298.21,0,46,252.71,46,45.5,NA,Unknown,Water level accuracy is unknown,1,Department of Water Resources,NA,5030,Tulare Irrigation District,NA,NA,17292,19S24E27H001M,19S24E27H001M,Unknown,Unknown,5-022.11,Kaweah,Tulare,NA,Unknown,Single Well,NA,1961-10-02 00:00:00 - 2013-03-07 12:45:00,90,other,NA,NA,NA,NA,1987,18030012,Below Normal,Below Normal,1986-10-01T00:00:00Z,1987-10-01T00:00:00Z,-119.35,36.2506
362506N1193495W001,921976,1986-10-01T00:00:00Z,298.71,298.21,0,45.5,253.21,45.5,45,NA,Unknown,Water level accuracy is unknown,1,Department of Water Resources,NA,624,Bureau of Reclamation,NA,NA,17292,19S24E27H001M,19S24E27H001M,Unknown,Unknown,5-022.11,Kaweah,Tulare,NA,Unknown,Single Well,NA,1961-10-02 00:00:00 - 2013-03-07 12:45:00,90,fall,45,122.5,NA,NA,1987,18030012,Below Normal,Below Normal,1986-10-01T00:00:00Z,1987-10-01T00:00:00Z,-119.35,36.2506
362506N1193495W001,921975,1986-02-10T00:00:00Z,298.71,298.21,0,55,243.71,55,54.5,NA,Unknown,Water level accuracy is unknown,1,Department of Water Resources,NA,624,Bureau of Reclamation,NA,NA,17292,19S24E27H001M,19S24E27H001M,Unknown,Unknown,5-022.11,Kaweah,Tulare,NA,Unknown,Single Well,NA,1961-10-02 00:00:00 - 2013-03-07 12:45:00,90,other,NA,NA,NA,NA,1986,18030012,Above Normal,Above Normal,1985-10-01T00:00:00Z,1986-10-01T00:00:00Z,-119.35,36.2506
362506N1193495W001,921974,1985-09-30T00:00:00Z,298.71,298.21,0,55,243.71,55,54.5,NA,Unknown,Water level accuracy is unknown,1,Department of Water Resources,NA,624,Bureau of Reclamation,NA,NA,17292,19S24E27H001M,19S24E27H001M,Unknown,Unknown,5-022.11,Kaweah,Tulare,NA,Unknown,Single Well,NA,1961-10-02 00:00:00 - 2013-03-07 12:45:00,90,fall,45,122.5,NA,NA,1985,18030012,Dry,Dry,1984-10-01T00:00:00Z,1985-10-01T00:00:00Z,-119.35,36.2506
362506N1193495W001,921973,1985-02-07T00:00:00Z,298.71,298.21,0,50.5,248.21,50.5,50,NA,Unknown,Water level accuracy is unknown,1,Department of Water Resources,NA,624,Bureau of Reclamation,NA,NA,17292,19S24E27H001M,19S24E27H001M,Unknown,Unknown,5-022.11,Kaweah,Tulare,NA,Unknown,Single Well,NA,1961-10-02 00:00:00 - 2013-03-07 12:45:00,90,other,NA,NA,NA,NA,1985,18030012,Dry,Dry,1984-10-01T00:00:00Z,1985-10-01T00:00:00Z,-119.35,36.2506
362506N1193495W001,921972,1984-10-17T00:00:00Z,298.71,298.21,0,51,247.71,51,50.5,NA,Unknown,Water level accuracy is unknown,1,Department of Water Resources,NA,624,Bureau of Reclamation,NA,NA,17292,19S24E27H001M,19S24E27H001M,Unknown,Unknown,5-022.11,Kaweah,Tulare,NA,Unknown,Single Well,NA,1961-10-02 00:00:00 - 2013-03-07 12:45:00,90,fall,45,122.5,NA,NA,1985,18030012,Dry,Dry,1984-10-01T00:00:00Z,1985-10-01T00:00:00Z,-119.35,36.2506
362506N1193495W001,921971,1984-02-24T00:00:00Z,298.71,298.21,0,50,248.71,50,49.5,NA,Unknown,Water level accuracy is unknown,1,Department of Water Resources,NA,624,Bureau of Reclamation,NA,NA,17292,19S24E27H001M,19S24E27H001M,Unknown,Unknown,5-022.11,Kaweah,Tulare,NA,Unknown,Single Well,NA,1961-10-02 00:00:00 - 2013-03-07 12:45:00,90,other,NA,NA,NA,NA,1984,18030012,Above Normal,Above Normal,1983-10-01T00:00:00Z,1984-10-01T00:00:00Z,-119.35,36.2506
362506N1193495W001,921970,1983-10-18T00:00:00Z,298.71,298.21,0,52,246.71,52,51.5,NA,Unknown,Water level accuracy is unknown,1,Department of Water Resources,NA,624,Bureau of Reclamation,NA,NA,17292,19S24E27H001M,19S24E27H001M,Unknown,Unknown,5-022.11,Kaweah,Tulare,NA,Unknown,Single Well,NA,1961-10-02 00:00:00 - 2013-03-07 12:45:00,90,fall,45,122.5,NA,NA,1984,18030012,Above Normal,Above Normal,1983-10-01T00:00:00Z,1984-10-01T00:00:00Z,-119.35,36.2506
362506N1193495W001,921969,1983-02-02T00:00:00Z,298.71,298.21,0,69.5,229.21,69.5,69,NA,Unknown,Water level accuracy is unknown,1,Department of Water Resources,NA,5030,Tulare Irrigation District,NA,NA,17292,19S24E27H001M,19S24E27H001M,Unknown,Unknown,5-022.11,Kaweah,Tulare,NA,Unknown,Single Well,NA,1961-10-02 00:00:00 - 2013-03-07 12:45:00,90,other,NA,NA,NA,NA,1983,18030012,Wet,Wet,1982-10-01T00:00:00Z,1983-10-01T00:00:00Z,-119.35,36.2506
362506N1193495W001,921968,1982-10-06T00:00:00Z,298.71,298.21,0,64,234.71,64,63.5,NA,Unknown,Water level accuracy is unknown,1,Department of Water Resources,NA,5030,Tulare Irrigation District,NA,NA,17292,19S24E27H001M,19S24E27H001M,Unknown,Unknown,5-022.11,Kaweah,Tulare,NA,Unknown,Single Well,NA,1961-10-02 00:00:00 - 2013-03-07 12:45:00,90,fall,45,122.5,NA,NA,1983,18030012,Wet,Wet,1982-10-01T00:00:00Z,1983-10-01T00:00:00Z,-119.35,36.2506
362506N1193495W001,921967,1982-02-11T00:00:00Z,298.71,298.21,0,72.5,226.21,72.5,72,NA,Unknown,Water level accuracy is unknown,1,Department of Water Resources,NA,624,Bureau of Reclamation,NA,NA,17292,19S24E27H001M,19S24E27H001M,Unknown,Unknown,5-022.11,Kaweah,Tulare,NA,Unknown,Single Well,NA,1961-10-02 00:00:00 - 2013-03-07 12:45:00,90,other,NA,NA,NA,NA,1982,18030012,Wet,Wet,1981-10-01T00:00:00Z,1982-10-01T00:00:00Z,-119.35,36.2506
362506N1193495W001,921966,1981-09-25T00:00:00Z,298.71,298.21,0,82,216.71,82,81.5,NA,Unknown,Water level accuracy is unknown,1,Department of Water Resources,NA,624,Bureau of Reclamation,NA,NA,17292,19S24E27H001M,19S24E27H001M,Unknown,Unknown,5-022.11,Kaweah,Tulare,NA,Unknown,Single Well,NA,1961-10-02 00:00:00 - 2013-03-07 12:45:00,90,fall,45,122.5,NA,NA,1981,18030012,Below Normal,Below Normal,1980-10-01T00:00:00Z,1981-10-01T00:00:00Z,-119.35,36.2506
362506N1193495W001,921965,1981-01-26T00:00:00Z,298.71,298.21,0,73,225.71,73,72.5,NA,Unknown,Water level accuracy is unknown,1,Department of Water Resources,NA,5030,Tulare Irrigation District,NA,NA,17292,19S24E27H001M,19S24E27H001M,Unknown,Unknown,5-022.11,Kaweah,Tulare,NA,Unknown,Single Well,NA,1961-10-02 00:00:00 - 2013-03-07 12:45:00,90,other,NA,NA,NA,NA,1981,18030012,Below Normal,Below Normal,1980-10-01T00:00:00Z,1981-10-01T00:00:00Z,-119.35,36.2506
362506N1193495W001,921964,1980-09-22T00:00:00Z,298.71,298.21,0,67.9,230.81,67.9,67.4,NA,Unknown,Water level accuracy is unknown,1,Department of Water Resources,NA,5030,Tulare Irrigation District,NA,NA,17292,19S24E27H001M,19S24E27H001M,Unknown,Unknown,5-022.11,Kaweah,Tulare,NA,Unknown,Single Well,NA,1961-10-02 00:00:00 - 2013-03-07 12:45:00,90,fall,45,122.5,NA,NA,1980,18030012,Wet,Wet,1979-10-01T00:00:00Z,1980-10-01T00:00:00Z,-119.35,36.2506
362506N1193495W001,921963,1980-01-31T00:00:00Z,298.71,298.21,0,82,216.71,82,81.5,NA,Unknown,Water level accuracy is unknown,1,Department of Water Resources,NA,5030,Tulare Irrigation District,NA,NA,17292,19S24E27H001M,19S24E27H001M,Unknown,Unknown,5-022.11,Kaweah,Tulare,NA,Unknown,Single Well,NA,1961-10-02 00:00:00 - 2013-03-07 12:45:00,90,other,NA,NA,NA,NA,1980,18030012,Wet,Wet,1979-10-01T00:00:00Z,1980-10-01T00:00:00Z,-119.35,36.2506
362506N1193495W001,921962,1979-09-27T00:00:00Z,298.71,298.21,0,90,208.71,90,89.5,NA,Unknown,Water level accuracy is unknown,1,Department of Water Resources,NA,5030,Tulare Irrigation District,NA,NA,17292,19S24E27H001M,19S24E27H001M,Unknown,Unknown,5-022.11,Kaweah,Tulare,NA,Unknown,Single Well,NA,1961-10-02 00:00:00 - 2013-03-07 12:45:00,90,fall,45,122.5,NA,NA,1979,18030012,Wet,Wet,1978-10-01T00:00:00Z,1979-10-01T00:00:00Z,-119.35,36.2506
362506N1193495W001,921961,1979-01-22T00:00:00Z,298.71,298.21,0,86,212.71,86,85.5,NA,Unknown,Water level accuracy is unknown,1,Department of Water Resources,NA,5030,Tulare Irrigation District,NA,NA,17292,19S24E27H001M,19S24E27H001M,Unknown,Unknown,5-022.11,Kaweah,Tulare,NA,Unknown,Single Well,NA,1961-10-02 00:00:00 - 2013-03-07 12:45:00,90,other,NA,NA,NA,NA,1979,18030012,Wet,Wet,1978-10-01T00:00:00Z,1979-10-01T00:00:00Z,-119.35,36.2506
362506N1193495W001,921960,1978-10-02T00:00:00Z,298.71,298.21,0,88,210.71,88,87.5,NA,Unknown,Water level accuracy is unknown,1,Department of Water Resources,NA,5030,Tulare Irrigation District,NA,NA,17292,19S24E27H001M,19S24E27H001M,Unknown,Unknown,5-022.11,Kaweah,Tulare,NA,Unknown,Single Well,NA,1961-10-02 00:00:00 - 2013-03-07 12:45:00,90,fall,45,122.5,NA,NA,1979,18030012,Wet,Wet,1978-10-01T00:00:00Z,1979-10-01T00:00:00Z,-119.35,36.2506
362506N1193495W001,921959,1978-01-31T00:00:00Z,298.71,298.21,0,102,196.71,102,101.5,NA,Unknown,Water level accuracy is unknown,1,Department of Water Resources,NA,5030,Tulare Irrigation District,NA,NA,17292,19S24E27H001M,19S24E27H001M,Unknown,Unknown,5-022.11,Kaweah,Tulare,NA,Unknown,Single Well,NA,1961-10-02 00:00:00 - 2013-03-07 12:45:00,90,other,NA,NA,NA,NA,1978,18030012,Wet,Wet,1977-10-01T00:00:00Z,1978-10-01T00:00:00Z,-119.35,36.2506
362506N1193495W001,921958,1977-10-04T00:00:00Z,298.71,298.21,0,106.5,192.21,106.5,106,NA,Unknown,Water level accuracy is unknown,1,Department of Water Resources,NA,5030,Tulare Irrigation District,NA,NA,17292,19S24E27H001M,19S24E27H001M,Unknown,Unknown,5-022.11,Kaweah,Tulare,NA,Unknown,Single Well,NA,1961-10-02 00:00:00 - 2013-03-07 12:45:00,90,fall,45,122.5,NA,NA,1978,18030012,Wet,Wet,1977-10-01T00:00:00Z,1978-10-01T00:00:00Z,-119.35,36.2506
362506N1193495W001,921957,1977-08-08T00:00:00Z,298.71,298.21,0,101,197.71,101,100.5,NA,Unknown,Water level accuracy is unknown,1,Department of Water Resources,NA,5030,Tulare Irrigation District,NA,NA,17292,19S24E27H001M,19S24E27H001M,Unknown,Unknown,5-022.11,Kaweah,Tulare,NA,Unknown,Single Well,NA,1961-10-02 00:00:00 - 2013-03-07 12:45:00,90,fall,45,122.5,NA,NA,1977,18030012,Dry,Dry,1976-10-01T00:00:00Z,1977-10-01T00:00:00Z,-119.35,36.2506
362506N1193495W001,921956,1977-06-13T00:00:00Z,298.71,298.21,0,92.5,206.21,92.5,92,NA,Unknown,Water level accuracy is unknown,1,Department of Water Resources,NA,5030,Tulare Irrigation District,NA,NA,17292,19S24E27H001M,19S24E27H001M,Unknown,Unknown,5-022.11,Kaweah,Tulare,NA,Unknown,Single Well,NA,1961-10-02 00:00:00 - 2013-03-07 12:45:00,90,other,NA,NA,NA,NA,1977,18030012,Dry,Dry,1976-10-01T00:00:00Z,1977-10-01T00:00:00Z,-119.35,36.2506
362506N1193495W001,921955,1977-01-24T00:00:00Z,298.71,298.21,0,98,200.71,98,97.5,NA,Unknown,Water level accuracy is unknown,1,Department of Water Resources,NA,5030,Tulare Irrigation District,NA,NA,17292,19S24E27H001M,19S24E27H001M,Unknown,Unknown,5-022.11,Kaweah,Tulare,NA,Unknown,Single Well,NA,1961-10-02 00:00:00 - 2013-03-07 12:45:00,90,other,NA,NA,NA,NA,1977,18030012,Dry,Dry,1976-10-01T00:00:00Z,1977-10-01T00:00:00Z,-119.35,36.2506
362506N1193495W001,921954,1976-10-06T00:00:00Z,298.71,298.21,0,91,207.71,91,90.5,NA,Unknown,Water level accuracy is unknown,1,Department of Water Resources,NA,5030,Tulare Irrigation District,NA,NA,17292,19S24E27H001M,19S24E27H001M,Unknown,Unknown,5-022.11,Kaweah,Tulare,NA,Unknown,Single Well,NA,1961-10-02 00:00:00 - 2013-03-07 12:45:00,90,fall,45,122.5,NA,NA,1977,18030012,Dry,Dry,1976-10-01T00:00:00Z,1977-10-01T00:00:00Z,-119.35,36.2506
362506N1193495W001,921953,1976-07-29T00:00:00Z,298.71,298.21,0,91,207.71,91,90.5,NA,Unknown,Water level accuracy is unknown,1,Department of Water Resources,NA,5030,Tulare Irrigation District,NA,NA,17292,19S24E27H001M,19S24E27H001M,Unknown,Unknown,5-022.11,Kaweah,Tulare,NA,Unknown,Single Well,NA,1961-10-02 00:00:00 - 2013-03-07 12:45:00,90,other,NA,NA,NA,NA,1976,18030012,Above Normal,Above Normal,1975-10-01T00:00:00Z,1976-10-01T00:00:00Z,-119.35,36.2506
362506N1193495W001,921952,1976-01-26T00:00:00Z,298.71,298.21,0,78,220.71,78,77.5,NA,Unknown,Water level accuracy is unknown,1,Department of Water Resources,NA,5030,Tulare Irrigation District,NA,NA,17292,19S24E27H001M,19S24E27H001M,Unknown,Unknown,5-022.11,Kaweah,Tulare,NA,Unknown,Single Well,NA,1961-10-02 00:00:00 - 2013-03-07 12:45:00,90,other,NA,NA,NA,NA,1976,18030012,Above Normal,Above Normal,1975-10-01T00:00:00Z,1976-10-01T00:00:00Z,-119.35,36.2506
362506N1193495W001,921951,1975-09-30T00:00:00Z,298.71,298.21,0,73,225.71,73,72.5,NA,Unknown,Water level accuracy is unknown,1,Department of Water Resources,NA,5030,Tulare Irrigation District,NA,NA,17292,19S24E27H001M,19S24E27H001M,Unknown,Unknown,5-022.11,Kaweah,Tulare,NA,Unknown,Single Well,NA,1961-10-02 00:00:00 - 2013-03-07 12:45:00,90,fall,45,122.5,NA,NA,1975,18030012,Above Normal,Above Normal,1974-10-01T00:00:00Z,1975-10-01T00:00:00Z,-119.35,36.2506
362506N1193495W001,921950,1975-02-12T00:00:00Z,298.71,298.21,0,87,211.71,87,86.5,NA,Unknown,Water level accuracy is unknown,1,Department of Water Resources,NA,5030,Tulare Irrigation District,NA,NA,17292,19S24E27H001M,19S24E27H001M,Unknown,Unknown,5-022.11,Kaweah,Tulare,NA,Unknown,Single Well,NA,1961-10-02 00:00:00 - 2013-03-07 12:45:00,90,other,NA,NA,NA,NA,1975,18030012,Above Normal,Above Normal,1974-10-01T00:00:00Z,1975-10-01T00:00:00Z,-119.35,36.2506
362506N1193495W001,921949,1974-10-01T00:00:00Z,298.71,298.21,0,71,227.71,71,70.5,NA,Unknown,Water level accuracy is unknown,1,Department of Water Resources,NA,5030,Tulare Irrigation District,NA,NA,17292,19S24E27H001M,19S24E27H001M,Unknown,Unknown,5-022.11,Kaweah,Tulare,NA,Unknown,Single Well,NA,1961-10-02 00:00:00 - 2013-03-07 12:45:00,90,fall,45,122.5,NA,NA,1975,18030012,Above Normal,Above Normal,1974-10-01T00:00:00Z,1975-10-01T00:00:00Z,-119.35,36.2506
362506N1193495W001,921948,1974-01-23T00:00:00Z,298.71,298.21,0,73.5,225.21,73.5,73,NA,Unknown,Water level accuracy is unknown,1,Department of Water Resources,NA,5030,Tulare Irrigation District,NA,NA,17292,19S24E27H001M,19S24E27H001M,Unknown,Unknown,5-022.11,Kaweah,Tulare,NA,Unknown,Single Well,NA,1961-10-02 00:00:00 - 2013-03-07 12:45:00,90,other,NA,NA,NA,NA,1974,18030012,Wet,Wet,1973-10-01T00:00:00Z,1974-10-01T00:00:00Z,-119.35,36.2506
362506N1193495W001,921947,1973-10-02T00:00:00Z,298.71,298.21,0,78,220.71,78,77.5,NA,Unknown,Water level accuracy is unknown,1,Department of Water Resources,NA,5030,Tulare Irrigation District,NA,NA,17292,19S24E27H001M,19S24E27H001M,Unknown,Unknown,5-022.11,Kaweah,Tulare,NA,Unknown,Single Well,NA,1961-10-02 00:00:00 - 2013-03-07 12:45:00,90,fall,45,122.5,NA,NA,1974,18030012,Wet,Wet,1973-10-01T00:00:00Z,1974-10-01T00:00:00Z,-119.35,36.2506
362506N1193495W001,921946,1973-02-12T00:00:00Z,298.71,298.21,0,80.4,218.31,80.4,79.9,NA,Unknown,Water level accuracy is unknown,1,Department of Water Resources,NA,5030,Tulare Irrigation District,NA,NA,17292,19S24E27H001M,19S24E27H001M,Unknown,Unknown,5-022.11,Kaweah,Tulare,NA,Unknown,Single Well,NA,1961-10-02 00:00:00 - 2013-03-07 12:45:00,90,other,NA,NA,NA,NA,1973,18030012,Wet,Wet,1972-10-01T00:00:00Z,1973-10-01T00:00:00Z,-119.35,36.2506
362506N1193495W001,921945,1972-10-10T00:00:00Z,298.71,298.21,0,81.2,217.51,81.2,80.7,NA,Unknown,Water level accuracy is unknown,1,Department of Water Resources,NA,5030,Tulare Irrigation District,NA,NA,17292,19S24E27H001M,19S24E27H001M,Unknown,Unknown,5-022.11,Kaweah,Tulare,NA,Unknown,Single Well,NA,1961-10-02 00:00:00 - 2013-03-07 12:45:00,90,fall,45,122.5,NA,NA,1973,18030012,Wet,Wet,1972-10-01T00:00:00Z,1973-10-01T00:00:00Z,-119.35,36.2506
362506N1193495W001,921944,1972-02-17T00:00:00Z,298.71,298.21,0,83.1,215.61,83.1,82.6,NA,Unknown,Water level accuracy is unknown,1,Department of Water Resources,NA,5030,Tulare Irrigation District,NA,NA,17292,19S24E27H001M,19S24E27H001M,Unknown,Unknown,5-022.11,Kaweah,Tulare,NA,Unknown,Single Well,NA,1961-10-02 00:00:00 - 2013-03-07 12:45:00,90,other,NA,NA,NA,NA,1972,18030012,Critical,Critical,1971-10-01T00:00:00Z,1972-10-01T00:00:00Z,-119.35,36.2506
362506N1193495W001,921943,1971-10-11T00:00:00Z,298.71,298.21,0,78.2,220.51,78.2,77.7,NA,Unknown,Water level accuracy is unknown,1,Department of Water Resources,NA,5030,Tulare Irrigation District,NA,NA,17292,19S24E27H001M,19S24E27H001M,Unknown,Unknown,5-022.11,Kaweah,Tulare,NA,Unknown,Single Well,NA,1961-10-02 00:00:00 - 2013-03-07 12:45:00,90,fall,45,122.5,NA,NA,1972,18030012,Critical,Critical,1971-10-01T00:00:00Z,1972-10-01T00:00:00Z,-119.35,36.2506
362506N1193495W001,921942,1971-02-13T00:00:00Z,298.71,298.21,0,65.4,233.31,65.4,64.9,NA,Unknown,Water level accuracy is unknown,1,Department of Water Resources,NA,5030,Tulare Irrigation District,NA,NA,17292,19S24E27H001M,19S24E27H001M,Unknown,Unknown,5-022.11,Kaweah,Tulare,NA,Unknown,Single Well,NA,1961-10-02 00:00:00 - 2013-03-07 12:45:00,90,other,NA,NA,NA,NA,1971,18030012,Dry,Dry,1970-10-01T00:00:00Z,1971-10-01T00:00:00Z,-119.35,36.2506
362506N1193495W001,921941,1970-10-02T00:00:00Z,298.71,298.21,0,68.1,230.61,68.1,67.6,NA,Unknown,Water level accuracy is unknown,1,Department of Water Resources,NA,5030,Tulare Irrigation District,NA,NA,17292,19S24E27H001M,19S24E27H001M,Unknown,Unknown,5-022.11,Kaweah,Tulare,NA,Unknown,Single Well,NA,1961-10-02 00:00:00 - 2013-03-07 12:45:00,90,fall,45,122.5,NA,NA,1971,18030012,Dry,Dry,1970-10-01T00:00:00Z,1971-10-01T00:00:00Z,-119.35,36.2506
362506N1193495W001,921940,1970-02-02T00:00:00Z,298.71,298.21,0,64.8,233.91,64.8,64.3,NA,Unknown,Water level accuracy is unknown,1,Department of Water Resources,NA,5030,Tulare Irrigation District,NA,NA,17292,19S24E27H001M,19S24E27H001M,Unknown,Unknown,5-022.11,Kaweah,Tulare,NA,Unknown,Single Well,NA,1961-10-02 00:00:00 - 2013-03-07 12:45:00,90,other,NA,NA,NA,NA,1970,18030012,Wet,Wet,1969-10-01T00:00:00Z,1970-10-01T00:00:00Z,-119.35,36.2506
362506N1193495W001,921939,1969-09-25T00:00:00Z,298.71,298.21,0,71.4,227.31,71.4,70.9,NA,Unknown,Water level accuracy is unknown,1,Department of Water Resources,NA,624,Bureau of Reclamation,NA,NA,17292,19S24E27H001M,19S24E27H001M,Unknown,Unknown,5-022.11,Kaweah,Tulare,NA,Unknown,Single Well,NA,1961-10-02 00:00:00 - 2013-03-07 12:45:00,90,fall,45,122.5,NA,NA,1969,18030012,Wet,Wet,1968-10-01T00:00:00Z,1969-10-01T00:00:00Z,-119.35,36.2506
362506N1193495W001,921938,1969-02-04T00:00:00Z,298.71,298.21,0,79.6,219.11,79.6,79.1,NA,Unknown,Water level accuracy is unknown,1,Department of Water Resources,NA,5030,Tulare Irrigation District,NA,NA,17292,19S24E27H001M,19S24E27H001M,Unknown,Unknown,5-022.11,Kaweah,Tulare,NA,Unknown,Single Well,NA,1961-10-02 00:00:00 - 2013-03-07 12:45:00,90,other,NA,NA,NA,NA,1969,18030012,Wet,Wet,1968-10-01T00:00:00Z,1969-10-01T00:00:00Z,-119.35,36.2506
362506N1193495W001,921937,1968-02-01T00:00:00Z,298.71,298.21,0,72.7,226.01,72.7,72.2,NA,Unknown,Water level accuracy is unknown,1,Department of Water Resources,NA,5030,Tulare Irrigation District,NA,NA,17292,19S24E27H001M,19S24E27H001M,Unknown,Unknown,5-022.11,Kaweah,Tulare,NA,Unknown,Single Well,NA,1961-10-02 00:00:00 - 2013-03-07 12:45:00,90,other,NA,NA,NA,NA,1968,18030012,Below Normal,Below Normal,1967-10-01T00:00:00Z,1968-10-01T00:00:00Z,-119.35,36.2506
362506N1193495W001,921936,1967-02-08T00:00:00Z,298.71,298.21,0,89,209.71,89,88.5,NA,Unknown,Water level accuracy is unknown,1,Department of Water Resources,NA,5030,Tulare Irrigation District,NA,NA,17292,19S24E27H001M,19S24E27H001M,Unknown,Unknown,5-022.11,Kaweah,Tulare,NA,Unknown,Single Well,NA,1961-10-02 00:00:00 - 2013-03-07 12:45:00,90,other,NA,NA,NA,NA,1967,18030012,Wet,Wet,1966-10-01T00:00:00Z,1967-10-01T00:00:00Z,-119.35,36.2506
362506N1193495W001,921935,1966-02-01T00:00:00Z,298.71,298.21,0,79,219.71,79,78.5,NA,Unknown,Water level accuracy is unknown,1,Department of Water Resources,NA,5030,Tulare Irrigation District,NA,NA,17292,19S24E27H001M,19S24E27H001M,Unknown,Unknown,5-022.11,Kaweah,Tulare,NA,Unknown,Single Well,NA,1961-10-02 00:00:00 - 2013-03-07 12:45:00,90,other,NA,NA,NA,NA,1966,18030012,Below Normal,Below Normal,1965-10-01T00:00:00Z,1966-10-01T00:00:00Z,-119.35,36.2506
362506N1193495W001,921934,1965-02-01T00:00:00Z,298.71,298.21,0,81.6,217.11,81.6,81.1,NA,Unknown,Water level accuracy is unknown,1,Department of Water Resources,NA,5030,Tulare Irrigation District,NA,NA,17292,19S24E27H001M,19S24E27H001M,Unknown,Unknown,5-022.11,Kaweah,Tulare,NA,Unknown,Single Well,NA,1961-10-02 00:00:00 - 2013-03-07 12:45:00,90,other,NA,NA,NA,NA,1965,18030012,Below Normal,Below Normal,1964-10-01T00:00:00Z,1965-10-01T00:00:00Z,-119.35,36.2506
362506N1193495W001,921933,1964-09-28T00:00:00Z,298.71,298.21,0,83,215.71,83,82.5,NA,Unknown,Water level accuracy is unknown,1,Department of Water Resources,NA,5030,Tulare Irrigation District,NA,NA,17292,19S24E27H001M,19S24E27H001M,Unknown,Unknown,5-022.11,Kaweah,Tulare,NA,Unknown,Single Well,NA,1961-10-02 00:00:00 - 2013-03-07 12:45:00,90,fall,45,122.5,NA,NA,1964,18030012,Dry,Dry,1963-10-01T00:00:00Z,1964-10-01T00:00:00Z,-119.35,36.2506
362506N1193495W001,921932,1964-02-12T00:00:00Z,298.71,298.21,NA,NA,NA,NA,NA,Pumping,NA,NA,1,Department of Water Resources,NA,5030,Tulare Irrigation District,NA,NA,17292,19S24E27H001M,19S24E27H001M,Unknown,Unknown,5-022.11,Kaweah,Tulare,NA,Unknown,Single Well,NA,1961-10-02 00:00:00 - 2013-03-07 12:45:00,90,other,NA,NA,NA,NA,1964,18030012,Dry,Dry,1963-10-01T00:00:00Z,1964-10-01T00:00:00Z,-119.35,36.2506
362506N1193495W001,921931,1963-02-05T00:00:00Z,298.71,298.21,0,80.1,218.61,80.1,79.6,NA,Unknown,Water level accuracy is unknown,1,Department of Water Resources,NA,5030,Tulare Irrigation District,NA,NA,17292,19S24E27H001M,19S24E27H001M,Unknown,Unknown,5-022.11,Kaweah,Tulare,NA,Unknown,Single Well,NA,1961-10-02 00:00:00 - 2013-03-07 12:45:00,90,other,NA,NA,NA,NA,1963,18030012,Above Normal,Above Normal,1962-10-01T00:00:00Z,1963-10-01T00:00:00Z,-119.35,36.2506
362506N1193495W001,921930,1962-02-07T00:00:00Z,298.71,298.21,0,87.4,211.31,87.4,86.9,NA,Unknown,Water level accuracy is unknown,1,Department of Water Resources,NA,5030,Tulare Irrigation District,NA,NA,17292,19S24E27H001M,19S24E27H001M,Unknown,Unknown,5-022.11,Kaweah,Tulare,NA,Unknown,Single Well,NA,1961-10-02 00:00:00 - 2013-03-07 12:45:00,90,other,NA,NA,NA,NA,1962,18030012,Above Normal,Above Normal,1961-10-01T00:00:00Z,1962-10-01T00:00:00Z,-119.35,36.2506
362506N1193495W001,921929,1961-10-02T00:00:00Z,298.71,298.21,0,90.5,208.21,90.5,90,NA,Unknown,Water level accuracy is unknown,1,Department of Water Resources,NA,5030,Tulare Irrigation District,NA,NA,17292,19S24E27H001M,19S24E27H001M,Unknown,Unknown,5-022.11,Kaweah,Tulare,NA,Unknown,Single Well,NA,1961-10-02 00:00:00 - 2013-03-07 12:45:00,90,fall,45,122.5,NA,NA,1962,18030012,Above Normal,Above Normal,1961-10-01T00:00:00Z,1962-10-01T00:00:00Z,-119.35,36.2506
