SITE_CODE,WLM_ID,MSMT_DATE,WLM_RPE,WLM_GSE,RDNG_WS,RDNG_RP,WSE,RPE_WSE,GSE_WSE,WLM_QA_DESC,WLM_DESC,WLM_ACC_DESC,WLM_ORG_ID,WLM_ORG_NAME,MSMT_CMT,COOP_AGENCY_ORG_ID,COOP_ORG_NAME,TOP_PRF,BOT_PRF,STN_ID,SWN,WELL_NAME,WLM_METHOD,WLM_ACC,BASIN_CODE,BASIN_NAME,COUNTY_NAME,WELL_DEPTH,WELL_USE,WELL_TYPE,WCR_NO,t_range,n_samples,season,fall_high,fall_low,spring_high,spring_low,water_year,HUC8,WYT,water_year_type,water_year_start,water_year_end,X,Y
362542N1194302W001,1988936,2013-03-07T07:45:00Z,273.717,273.217,23,150,146.717,127,126.5,Oil or foreign substance in casing,Unknown,Water level accuracy to nearest tenth of a foot,1,Department of Water Resources,tape=127,1,Department of Water Resources,NA,NA,16613,19S23E25C001M,19S23E25C001M,Unknown,Unknown,5-022.11,Kaweah,Tulare,NA,Unknown,Single Well,NA,1961-10-04 00:00:00 - 2013-03-07 07:45:00,86,spring,NA,NA,93,126.5,2013,18030012,Critical,Critical,2012-10-01T00:00:00Z,2013-10-01T00:00:00Z,-119.43,36.2542
362542N1194302W001,93856,2011-02-15T08:15:00Z,273.717,273.217,0,107,166.717,107,106.5,NA,Unknown,Water level accuracy to nearest tenth of a foot,1,Department of Water Resources,NA,1,Department of Water Resources,NA,NA,16613,19S23E25C001M,19S23E25C001M,Unknown,Unknown,5-022.11,Kaweah,Tulare,NA,Unknown,Single Well,NA,1961-10-04 00:00:00 - 2013-03-07 07:45:00,86,other,NA,NA,NA,NA,2011,18030012,Wet,Wet,2010-10-01T00:00:00Z,2011-10-01T00:00:00Z,-119.43,36.2542
362542N1194302W001,919717,2010-01-23T00:00:00Z,273.72,273.22,NA,NA,NA,NA,NA,Special/Other,NA,NA,1,Department of Water Resources,NA,5030,Tulare Irrigation District,NA,NA,16613,19S23E25C001M,19S23E25C001M,Unknown,Unknown,5-022.11,Kaweah,Tulare,NA,Unknown,Single Well,NA,1961-10-04 00:00:00 - 2013-03-07 07:45:00,86,other,NA,NA,NA,NA,2010,18030012,Above Normal,Above Normal,2009-10-01T00:00:00Z,2010-10-01T00:00:00Z,-119.43,36.2542
362542N1194302W001,919716,2009-02-25T00:00:00Z,273.72,273.22,NA,NA,NA,NA,NA,Pumping,NA,NA,1,Department of Water Resources,NA,5030,Tulare Irrigation District,NA,NA,16613,19S23E25C001M,19S23E25C001M,Unknown,Unknown,5-022.11,Kaweah,Tulare,NA,Unknown,Single Well,NA,1961-10-04 00:00:00 - 2013-03-07 07:45:00,86,other,NA,NA,NA,NA,2009,18030012,Critical,Critical,2008-10-01T00:00:00Z,2009-10-01T00:00:00Z,-119.43,36.2542
362542N1194302W001,919714,2007-10-11T00:00:00Z,273.72,273.22,0,98,175.72,98,97.5,Oil or foreign substance in casing,Unknown,Water level accuracy is unknown,1,Department of Water Resources,OIL IN CASING,5030,Tulare Irrigation District,NA,NA,16613,19S23E25C001M,19S23E25C001M,Unknown,Unknown,5-022.11,Kaweah,Tulare,NA,Unknown,Single Well,NA,1961-10-04 00:00:00 - 2013-03-07 07:45:00,86,fall,40.5,108,NA,NA,2008,18030012,Critical,Critical,2007-10-01T00:00:00Z,2008-10-01T00:00:00Z,-119.43,36.2542
362542N1194302W001,919713,2007-01-26T00:00:00Z,273.72,273.22,0,89,184.72,89,88.5,NA,Unknown,Water level accuracy is unknown,1,Department of Water Resources,NO OIL,5030,Tulare Irrigation District,NA,NA,16613,19S23E25C001M,19S23E25C001M,Unknown,Unknown,5-022.11,Kaweah,Tulare,NA,Unknown,Single Well,NA,1961-10-04 00:00:00 - 2013-03-07 07:45:00,86,other,NA,NA,NA,NA,2007,18030012,Critical,Critical,2006-10-01T00:00:00Z,2007-10-01T00:00:00Z,-119.43,36.2542
362542N1194302W001,919715,2006-10-02T00:00:00Z,273.72,273.22,0,82,191.72,82,81.5,NA,Unknown,Water level accuracy is unknown,1,Department of Water Resources,TAPE-92 FEET,5030,Tulare Irrigation District,NA,NA,16613,19S23E25C001M,19S23E25C001M,Unknown,Unknown,5-022.11,Kaweah,Tulare,NA,Unknown,Single Well,NA,1961-10-04 00:00:00 - 2013-03-07 07:45:00,86,fall,40.5,108,NA,NA,2007,18030012,Critical,Critical,2006-10-01T00:00:00Z,2007-10-01T00:00:00Z,-119.43,36.2542
362542N1194302W001,919712,2006-01-27T00:00:00Z,273.72,273.22,0,93,180.72,93,92.5,NA,Unknown,Water level accuracy is unknown,1,Department of Water Resources,NA,5030,Tulare Irrigation District,NA,NA,16613,19S23E25C001M,19S23E25C001M,Unknown,Unknown,5-022.11,Kaweah,Tulare,NA,Unknown,Single Well,NA,1961-10-04 00:00:00 - 2013-03-07 07:45:00,86,other,NA,NA,NA,NA,2006,18030012,Wet,Wet,2005-10-01T00:00:00Z,2006-10-01T00:00:00Z,-119.43,36.2542
362542N1194302W001,919711,2005-01-27T00:00:00Z,273.72,273.22,0,110,163.72,110,109.5,Oil or foreign substance in casing,Unknown,Water level accuracy is unknown,1,Department of Water Resources,NA,5030,Tulare Irrigation District,NA,NA,16613,19S23E25C001M,19S23E25C001M,Unknown,Unknown,5-022.11,Kaweah,Tulare,NA,Unknown,Single Well,NA,1961-10-04 00:00:00 - 2013-03-07 07:45:00,86,other,NA,NA,NA,NA,2005,18030012,Wet,Wet,2004-10-01T00:00:00Z,2005-10-01T00:00:00Z,-119.43,36.2542
362542N1194302W001,919709,2004-02-03T00:00:00Z,273.72,273.22,0,97,176.72,97,96.5,Oil or foreign substance in casing,Unknown,Water level accuracy is unknown,1,Department of Water Resources,NA,5030,Tulare Irrigation District,NA,NA,16613,19S23E25C001M,19S23E25C001M,Unknown,Unknown,5-022.11,Kaweah,Tulare,NA,Unknown,Single Well,NA,1961-10-04 00:00:00 - 2013-03-07 07:45:00,86,other,NA,NA,NA,NA,2004,18030012,Dry,Dry,2003-10-01T00:00:00Z,2004-10-01T00:00:00Z,-119.43,36.2542
362542N1194302W001,919710,2003-09-22T00:00:00Z,273.72,273.22,0,97,176.72,97,96.5,Oil or foreign substance in casing,Unknown,Water level accuracy is unknown,1,Department of Water Resources,OIL IN CASING,5030,Tulare Irrigation District,NA,NA,16613,19S23E25C001M,19S23E25C001M,Unknown,Unknown,5-022.11,Kaweah,Tulare,NA,Unknown,Single Well,NA,1961-10-04 00:00:00 - 2013-03-07 07:45:00,86,fall,40.5,108,NA,NA,2003,18030012,Dry,Dry,2002-10-01T00:00:00Z,2003-10-01T00:00:00Z,-119.43,36.2542
362542N1194302W001,919706,2003-01-21T00:00:00Z,273.72,273.22,0,94,179.72,94,93.5,Oil or foreign substance in casing,Unknown,Water level accuracy is unknown,1,Department of Water Resources,NA,5030,Tulare Irrigation District,NA,NA,16613,19S23E25C001M,19S23E25C001M,Unknown,Unknown,5-022.11,Kaweah,Tulare,NA,Unknown,Single Well,NA,1961-10-04 00:00:00 - 2013-03-07 07:45:00,86,other,NA,NA,NA,NA,2003,18030012,Dry,Dry,2002-10-01T00:00:00Z,2003-10-01T00:00:00Z,-119.43,36.2542
362542N1194302W001,919708,2002-09-17T00:00:00Z,273.72,273.22,0,94,179.72,94,93.5,Oil or foreign substance in casing,Unknown,Water level accuracy is unknown,1,Department of Water Resources,NA,624,Bureau of Reclamation,NA,NA,16613,19S23E25C001M,19S23E25C001M,Unknown,Unknown,5-022.11,Kaweah,Tulare,NA,Unknown,Single Well,NA,1961-10-04 00:00:00 - 2013-03-07 07:45:00,86,fall,40.5,108,NA,NA,2002,18030012,Critical,Critical,2001-10-01T00:00:00Z,2002-10-01T00:00:00Z,-119.43,36.2542
362542N1194302W001,919707,2002-01-15T00:00:00Z,273.72,273.22,0,83,190.72,83,82.5,Oil or foreign substance in casing,Unknown,Water level accuracy is unknown,1,Department of Water Resources,NA,624,Bureau of Reclamation,NA,NA,16613,19S23E25C001M,19S23E25C001M,Unknown,Unknown,5-022.11,Kaweah,Tulare,NA,Unknown,Single Well,NA,1961-10-04 00:00:00 - 2013-03-07 07:45:00,86,other,NA,NA,NA,NA,2002,18030012,Critical,Critical,2001-10-01T00:00:00Z,2002-10-01T00:00:00Z,-119.43,36.2542
362542N1194302W001,919705,2001-01-24T00:00:00Z,273.72,273.22,0,72,201.72,72,71.5,NA,Unknown,Water level accuracy is unknown,1,Department of Water Resources,NA,5030,Tulare Irrigation District,NA,NA,16613,19S23E25C001M,19S23E25C001M,Unknown,Unknown,5-022.11,Kaweah,Tulare,NA,Unknown,Single Well,NA,1961-10-04 00:00:00 - 2013-03-07 07:45:00,86,other,NA,NA,NA,NA,2001,18030012,Below Normal,Below Normal,2000-10-01T00:00:00Z,2001-10-01T00:00:00Z,-119.43,36.2542
362542N1194302W001,919704,2000-01-19T00:00:00Z,273.72,273.22,0,70,203.72,70,69.5,NA,Unknown,Water level accuracy is unknown,1,Department of Water Resources,NA,5030,Tulare Irrigation District,NA,NA,16613,19S23E25C001M,19S23E25C001M,Unknown,Unknown,5-022.11,Kaweah,Tulare,NA,Unknown,Single Well,NA,1961-10-04 00:00:00 - 2013-03-07 07:45:00,86,other,NA,NA,NA,NA,2000,18030012,Below Normal,Below Normal,1999-10-01T00:00:00Z,2000-10-01T00:00:00Z,-119.43,36.2542
362542N1194302W001,919703,1999-10-05T00:00:00Z,273.72,273.22,0,70,203.72,70,69.5,NA,Unknown,Water level accuracy is unknown,1,Department of Water Resources,NA,5030,Tulare Irrigation District,NA,NA,16613,19S23E25C001M,19S23E25C001M,Unknown,Unknown,5-022.11,Kaweah,Tulare,NA,Unknown,Single Well,NA,1961-10-04 00:00:00 - 2013-03-07 07:45:00,86,fall,40.5,108,NA,NA,2000,18030012,Below Normal,Below Normal,1999-10-01T00:00:00Z,2000-10-01T00:00:00Z,-119.43,36.2542
362542N1194302W001,919702,1999-01-18T00:00:00Z,273.72,273.22,NA,NA,NA,NA,NA,Pump house locked,NA,NA,1,Department of Water Resources,NA,5030,Tulare Irrigation District,NA,NA,16613,19S23E25C001M,19S23E25C001M,Unknown,Unknown,5-022.11,Kaweah,Tulare,NA,Unknown,Single Well,NA,1961-10-04 00:00:00 - 2013-03-07 07:45:00,86,other,NA,NA,NA,NA,1999,18030012,Wet,Wet,1998-10-01T00:00:00Z,1999-10-01T00:00:00Z,-119.43,36.2542
362542N1194302W001,919701,1998-10-05T00:00:00Z,273.72,273.22,0,70,203.72,70,69.5,NA,Unknown,Water level accuracy is unknown,1,Department of Water Resources,NA,5030,Tulare Irrigation District,NA,NA,16613,19S23E25C001M,19S23E25C001M,Unknown,Unknown,5-022.11,Kaweah,Tulare,NA,Unknown,Single Well,NA,1961-10-04 00:00:00 - 2013-03-07 07:45:00,86,fall,40.5,108,NA,NA,1999,18030012,Wet,Wet,1998-10-01T00:00:00Z,1999-10-01T00:00:00Z,-119.43,36.2542
362542N1194302W001,919700,1998-01-14T00:00:00Z,273.72,273.22,0,79,194.72,79,78.5,NA,Unknown,Water level accuracy is unknown,1,Department of Water Resources,NA,5030,Tulare Irrigation District,NA,NA,16613,19S23E25C001M,19S23E25C001M,Unknown,Unknown,5-022.11,Kaweah,Tulare,NA,Unknown,Single Well,NA,1961-10-04 00:00:00 - 2013-03-07 07:45:00,86,other,NA,NA,NA,NA,1998,18030012,Wet,Wet,1997-10-01T00:00:00Z,1998-10-01T00:00:00Z,-119.43,36.2542
362542N1194302W001,919699,1997-10-06T00:00:00Z,273.72,273.22,0,84,189.72,84,83.5,NA,Unknown,Water level accuracy is unknown,1,Department of Water Resources,NA,5030,Tulare Irrigation District,NA,NA,16613,19S23E25C001M,19S23E25C001M,Unknown,Unknown,5-022.11,Kaweah,Tulare,NA,Unknown,Single Well,NA,1961-10-04 00:00:00 - 2013-03-07 07:45:00,86,fall,40.5,108,NA,NA,1998,18030012,Wet,Wet,1997-10-01T00:00:00Z,1998-10-01T00:00:00Z,-119.43,36.2542
362542N1194302W001,919698,1997-01-14T00:00:00Z,273.72,273.22,0,84,189.72,84,83.5,NA,Unknown,Water level accuracy is unknown,1,Department of Water Resources,NA,5030,Tulare Irrigation District,NA,NA,16613,19S23E25C001M,19S23E25C001M,Unknown,Unknown,5-022.11,Kaweah,Tulare,NA,Unknown,Single Well,NA,1961-10-04 00:00:00 - 2013-03-07 07:45:00,86,other,NA,NA,NA,NA,1997,18030012,Above Normal,Above Normal,1996-10-01T00:00:00Z,1997-10-01T00:00:00Z,-119.43,36.2542
362542N1194302W001,919697,1996-10-02T00:00:00Z,273.72,273.22,0,92,181.72,92,91.5,Oil or foreign substance in casing,Unknown,Water level accuracy is unknown,1,Department of Water Resources,NA,5030,Tulare Irrigation District,NA,NA,16613,19S23E25C001M,19S23E25C001M,Unknown,Unknown,5-022.11,Kaweah,Tulare,NA,Unknown,Single Well,NA,1961-10-04 00:00:00 - 2013-03-07 07:45:00,86,fall,40.5,108,NA,NA,1997,18030012,Above Normal,Above Normal,1996-10-01T00:00:00Z,1997-10-01T00:00:00Z,-119.43,36.2542
362542N1194302W001,919696,1996-01-12T00:00:00Z,273.72,273.22,0,90,183.72,90,89.5,NA,Unknown,Water level accuracy is unknown,1,Department of Water Resources,NA,5030,Tulare Irrigation District,NA,NA,16613,19S23E25C001M,19S23E25C001M,Unknown,Unknown,5-022.11,Kaweah,Tulare,NA,Unknown,Single Well,NA,1961-10-04 00:00:00 - 2013-03-07 07:45:00,86,other,NA,NA,NA,NA,1996,18030012,Wet,Wet,1995-10-01T00:00:00Z,1996-10-01T00:00:00Z,-119.43,36.2542
362542N1194302W001,919695,1995-10-04T00:00:00Z,273.72,273.22,0,95,178.72,95,94.5,NA,Unknown,Water level accuracy is unknown,1,Department of Water Resources,NA,5030,Tulare Irrigation District,NA,NA,16613,19S23E25C001M,19S23E25C001M,Unknown,Unknown,5-022.11,Kaweah,Tulare,NA,Unknown,Single Well,NA,1961-10-04 00:00:00 - 2013-03-07 07:45:00,86,fall,40.5,108,NA,NA,1996,18030012,Wet,Wet,1995-10-01T00:00:00Z,1996-10-01T00:00:00Z,-119.43,36.2542
362542N1194302W001,919694,1995-02-01T00:00:00Z,273.72,273.22,0,105,168.72,105,104.5,NA,Unknown,Water level accuracy is unknown,1,Department of Water Resources,NA,5030,Tulare Irrigation District,NA,NA,16613,19S23E25C001M,19S23E25C001M,Unknown,Unknown,5-022.11,Kaweah,Tulare,NA,Unknown,Single Well,NA,1961-10-04 00:00:00 - 2013-03-07 07:45:00,86,other,NA,NA,NA,NA,1995,18030012,Wet,Wet,1994-10-01T00:00:00Z,1995-10-01T00:00:00Z,-119.43,36.2542
362542N1194302W001,919693,1994-10-04T00:00:00Z,273.72,273.22,0,107.5,166.22,107.5,107,NA,Unknown,Water level accuracy is unknown,1,Department of Water Resources,NA,5030,Tulare Irrigation District,NA,NA,16613,19S23E25C001M,19S23E25C001M,Unknown,Unknown,5-022.11,Kaweah,Tulare,NA,Unknown,Single Well,NA,1961-10-04 00:00:00 - 2013-03-07 07:45:00,86,fall,40.5,108,NA,NA,1995,18030012,Wet,Wet,1994-10-01T00:00:00Z,1995-10-01T00:00:00Z,-119.43,36.2542
362542N1194302W001,919692,1994-04-18T00:00:00Z,273.72,273.22,0,93.5,180.22,93.5,93,NA,Unknown,Water level accuracy is unknown,1,Department of Water Resources,NA,5030,Tulare Irrigation District,NA,NA,16613,19S23E25C001M,19S23E25C001M,Unknown,Unknown,5-022.11,Kaweah,Tulare,NA,Unknown,Single Well,NA,1961-10-04 00:00:00 - 2013-03-07 07:45:00,86,spring,NA,NA,93,126.5,1994,18030012,Above Normal,Above Normal,1993-10-01T00:00:00Z,1994-10-01T00:00:00Z,-119.43,36.2542
362542N1194302W001,919691,1993-10-08T00:00:00Z,273.72,273.22,0,97,176.72,97,96.5,NA,Unknown,Water level accuracy is unknown,1,Department of Water Resources,NA,5030,Tulare Irrigation District,NA,NA,16613,19S23E25C001M,19S23E25C001M,Unknown,Unknown,5-022.11,Kaweah,Tulare,NA,Unknown,Single Well,NA,1961-10-04 00:00:00 - 2013-03-07 07:45:00,86,fall,40.5,108,NA,NA,1994,18030012,Above Normal,Above Normal,1993-10-01T00:00:00Z,1994-10-01T00:00:00Z,-119.43,36.2542
362542N1194302W001,919690,1993-01-27T00:00:00Z,273.72,273.22,0,107,166.72,107,106.5,NA,Unknown,Water level accuracy is unknown,1,Department of Water Resources,NA,5030,Tulare Irrigation District,NA,NA,16613,19S23E25C001M,19S23E25C001M,Unknown,Unknown,5-022.11,Kaweah,Tulare,NA,Unknown,Single Well,NA,1961-10-04 00:00:00 - 2013-03-07 07:45:00,86,other,NA,NA,NA,NA,1993,18030012,Wet,Wet,1992-10-01T00:00:00Z,1993-10-01T00:00:00Z,-119.43,36.2542
362542N1194302W001,919689,1992-10-05T00:00:00Z,273.72,273.22,0,108.5,165.22,108.5,108,NA,Unknown,Water level accuracy is unknown,1,Department of Water Resources,NA,5030,Tulare Irrigation District,NA,NA,16613,19S23E25C001M,19S23E25C001M,Unknown,Unknown,5-022.11,Kaweah,Tulare,NA,Unknown,Single Well,NA,1961-10-04 00:00:00 - 2013-03-07 07:45:00,86,fall,40.5,108,NA,NA,1993,18030012,Wet,Wet,1992-10-01T00:00:00Z,1993-10-01T00:00:00Z,-119.43,36.2542
362542N1194302W001,919688,1992-01-20T00:00:00Z,273.72,273.22,0,98,175.72,98,97.5,NA,Unknown,Water level accuracy is unknown,1,Department of Water Resources,NA,5030,Tulare Irrigation District,NA,NA,16613,19S23E25C001M,19S23E25C001M,Unknown,Unknown,5-022.11,Kaweah,Tulare,NA,Unknown,Single Well,NA,1961-10-04 00:00:00 - 2013-03-07 07:45:00,86,other,NA,NA,NA,NA,1992,18030012,Above Normal,Above Normal,1991-10-01T00:00:00Z,1992-10-01T00:00:00Z,-119.43,36.2542
362542N1194302W001,919687,1991-09-30T00:00:00Z,273.72,273.22,0,100,173.72,100,99.5,NA,Unknown,Water level accuracy is unknown,1,Department of Water Resources,NA,5030,Tulare Irrigation District,NA,NA,16613,19S23E25C001M,19S23E25C001M,Unknown,Unknown,5-022.11,Kaweah,Tulare,NA,Unknown,Single Well,NA,1961-10-04 00:00:00 - 2013-03-07 07:45:00,86,fall,40.5,108,NA,NA,1991,18030012,Dry,Dry,1990-10-01T00:00:00Z,1991-10-01T00:00:00Z,-119.43,36.2542
362542N1194302W001,919686,1991-01-21T00:00:00Z,273.72,273.22,0,92,181.72,92,91.5,NA,Unknown,Water level accuracy is unknown,1,Department of Water Resources,NA,5030,Tulare Irrigation District,NA,NA,16613,19S23E25C001M,19S23E25C001M,Unknown,Unknown,5-022.11,Kaweah,Tulare,NA,Unknown,Single Well,NA,1961-10-04 00:00:00 - 2013-03-07 07:45:00,86,other,NA,NA,NA,NA,1991,18030012,Dry,Dry,1990-10-01T00:00:00Z,1991-10-01T00:00:00Z,-119.43,36.2542
362542N1194302W001,919685,1990-10-02T00:00:00Z,273.72,273.22,0,93.5,180.22,93.5,93,Acoustical sounder,Unknown,Water level accuracy is unknown,1,Department of Water Resources,NA,5030,Tulare Irrigation District,NA,NA,16613,19S23E25C001M,19S23E25C001M,Unknown,Unknown,5-022.11,Kaweah,Tulare,NA,Unknown,Single Well,NA,1961-10-04 00:00:00 - 2013-03-07 07:45:00,86,fall,40.5,108,NA,NA,1991,18030012,Dry,Dry,1990-10-01T00:00:00Z,1991-10-01T00:00:00Z,-119.43,36.2542
362542N1194302W001,919684,1990-01-19T00:00:00Z,273.72,273.22,0,76,197.72,76,75.5,NA,Unknown,Water level accuracy is unknown,1,Department of Water Resources,NA,5030,Tulare Irrigation District,NA,NA,16613,19S23E25C001M,19S23E25C001M,Unknown,Unknown,5-022.11,Kaweah,Tulare,NA,Unknown,Single Well,NA,1961-10-04 00:00:00 - 2013-03-07 07:45:00,86,other,NA,NA,NA,NA,1990,18030012,Critical,Critical,1989-10-01T00:00:00Z,1990-10-01T00:00:00Z,-119.43,36.2542
362542N1194302W001,919683,1989-10-02T00:00:00Z,273.72,273.22,0,78.5,195.22,78.5,78,NA,Unknown,Water level accuracy is unknown,1,Department of Water Resources,NA,5030,Tulare Irrigation District,NA,NA,16613,19S23E25C001M,19S23E25C001M,Unknown,Unknown,5-022.11,Kaweah,Tulare,NA,Unknown,Single Well,NA,1961-10-04 00:00:00 - 2013-03-07 07:45:00,86,fall,40.5,108,NA,NA,1990,18030012,Critical,Critical,1989-10-01T00:00:00Z,1990-10-01T00:00:00Z,-119.43,36.2542
362542N1194302W001,919682,1989-01-25T00:00:00Z,273.72,273.22,0,65,208.72,65,64.5,NA,Unknown,Water level accuracy is unknown,1,Department of Water Resources,NA,5030,Tulare Irrigation District,NA,NA,16613,19S23E25C001M,19S23E25C001M,Unknown,Unknown,5-022.11,Kaweah,Tulare,NA,Unknown,Single Well,NA,1961-10-04 00:00:00 - 2013-03-07 07:45:00,86,other,NA,NA,NA,NA,1989,18030012,Dry,Dry,1988-10-01T00:00:00Z,1989-10-01T00:00:00Z,-119.43,36.2542
362542N1194302W001,919681,1988-10-03T00:00:00Z,273.72,273.22,0,65,208.72,65,64.5,NA,Unknown,Water level accuracy is unknown,1,Department of Water Resources,NA,5030,Tulare Irrigation District,NA,NA,16613,19S23E25C001M,19S23E25C001M,Unknown,Unknown,5-022.11,Kaweah,Tulare,NA,Unknown,Single Well,NA,1961-10-04 00:00:00 - 2013-03-07 07:45:00,86,fall,40.5,108,NA,NA,1989,18030012,Dry,Dry,1988-10-01T00:00:00Z,1989-10-01T00:00:00Z,-119.43,36.2542
362542N1194302W001,919680,1988-01-22T00:00:00Z,273.72,273.22,0,54,219.72,54,53.5,NA,Unknown,Water level accuracy is unknown,1,Department of Water Resources,NA,5030,Tulare Irrigation District,NA,NA,16613,19S23E25C001M,19S23E25C001M,Unknown,Unknown,5-022.11,Kaweah,Tulare,NA,Unknown,Single Well,NA,1961-10-04 00:00:00 - 2013-03-07 07:45:00,86,other,NA,NA,NA,NA,1988,18030012,Below Normal,Below Normal,1987-10-01T00:00:00Z,1988-10-01T00:00:00Z,-119.43,36.2542
362542N1194302W001,919679,1987-10-12T00:00:00Z,273.72,273.22,NA,NA,NA,NA,NA,Pumping,NA,NA,1,Department of Water Resources,NA,5030,Tulare Irrigation District,NA,NA,16613,19S23E25C001M,19S23E25C001M,Unknown,Unknown,5-022.11,Kaweah,Tulare,NA,Unknown,Single Well,NA,1961-10-04 00:00:00 - 2013-03-07 07:45:00,86,fall,40.5,108,NA,NA,1988,18030012,Below Normal,Below Normal,1987-10-01T00:00:00Z,1988-10-01T00:00:00Z,-119.43,36.2542
362542N1194302W001,919678,1987-02-02T00:00:00Z,273.72,273.22,0,38,235.72,38,37.5,NA,Unknown,Water level accuracy is unknown,1,Department of Water Resources,NA,5030,Tulare Irrigation District,NA,NA,16613,19S23E25C001M,19S23E25C001M,Unknown,Unknown,5-022.11,Kaweah,Tulare,NA,Unknown,Single Well,NA,1961-10-04 00:00:00 - 2013-03-07 07:45:00,86,other,NA,NA,NA,NA,1987,18030012,Below Normal,Below Normal,1986-10-01T00:00:00Z,1987-10-01T00:00:00Z,-119.43,36.2542
362542N1194302W001,919677,1986-10-01T00:00:00Z,273.72,273.22,0,47.5,226.22,47.5,47,NA,Unknown,Water level accuracy is unknown,1,Department of Water Resources,NA,624,Bureau of Reclamation,NA,NA,16613,19S23E25C001M,19S23E25C001M,Unknown,Unknown,5-022.11,Kaweah,Tulare,NA,Unknown,Single Well,NA,1961-10-04 00:00:00 - 2013-03-07 07:45:00,86,fall,40.5,108,NA,NA,1987,18030012,Below Normal,Below Normal,1986-10-01T00:00:00Z,1987-10-01T00:00:00Z,-119.43,36.2542
362542N1194302W001,919676,1986-02-19T00:00:00Z,273.72,273.22,0,54,219.72,54,53.5,NA,Unknown,Water level accuracy is unknown,1,Department of Water Resources,NA,624,Bureau of Reclamation,NA,NA,16613,19S23E25C001M,19S23E25C001M,Unknown,Unknown,5-022.11,Kaweah,Tulare,NA,Unknown,Single Well,NA,1961-10-04 00:00:00 - 2013-03-07 07:45:00,86,other,NA,NA,NA,NA,1986,18030012,Above Normal,Above Normal,1985-10-01T00:00:00Z,1986-10-01T00:00:00Z,-119.43,36.2542
362542N1194302W001,919675,1985-09-30T00:00:00Z,273.72,273.22,0,50,223.72,50,49.5,NA,Unknown,Water level accuracy is unknown,1,Department of Water Resources,NA,624,Bureau of Reclamation,NA,NA,16613,19S23E25C001M,19S23E25C001M,Unknown,Unknown,5-022.11,Kaweah,Tulare,NA,Unknown,Single Well,NA,1961-10-04 00:00:00 - 2013-03-07 07:45:00,86,fall,40.5,108,NA,NA,1985,18030012,Dry,Dry,1984-10-01T00:00:00Z,1985-10-01T00:00:00Z,-119.43,36.2542
362542N1194302W001,919674,1985-02-06T00:00:00Z,273.72,273.22,0,42.5,231.22,42.5,42,NA,Unknown,Water level accuracy is unknown,1,Department of Water Resources,NA,624,Bureau of Reclamation,NA,NA,16613,19S23E25C001M,19S23E25C001M,Unknown,Unknown,5-022.11,Kaweah,Tulare,NA,Unknown,Single Well,NA,1961-10-04 00:00:00 - 2013-03-07 07:45:00,86,other,NA,NA,NA,NA,1985,18030012,Dry,Dry,1984-10-01T00:00:00Z,1985-10-01T00:00:00Z,-119.43,36.2542
362542N1194302W001,919673,1984-10-17T00:00:00Z,273.72,273.22,0,42,231.72,42,41.5,NA,Unknown,Water level accuracy is unknown,1,Department of Water Resources,NA,624,Bureau of Reclamation,NA,NA,16613,19S23E25C001M,19S23E25C001M,Unknown,Unknown,5-022.11,Kaweah,Tulare,NA,Unknown,Single Well,NA,1961-10-04 00:00:00 - 2013-03-07 07:45:00,86,fall,40.5,108,NA,NA,1985,18030012,Dry,Dry,1984-10-01T00:00:00Z,1985-10-01T00:00:00Z,-119.43,36.2542
362542N1194302W001,919672,1984-02-27T00:00:00Z,273.72,273.22,0,39,234.72,39,38.5,NA,Unknown,Water level accuracy is unknown,1,Department of Water Resources,NA,624,Bureau of Reclamation,NA,NA,16613,19S23E25C001M,19S23E25C001M,Unknown,Unknown,5-022.11,Kaweah,Tulare,NA,Unknown,Single Well,NA,1961-10-04 00:00:00 - 2013-03-07 07:45:00,86,other,NA,NA,NA,NA,1984,18030012,Above Normal,Above Normal,1983-10-01T00:00:00Z,1984-10-01T00:00:00Z,-119.43,36.2542
362542N1194302W001,919671,1983-10-17T00:00:00Z,273.72,273.22,0,41,232.72,41,40.5,NA,Unknown,Water level accuracy is unknown,1,Department of Water Resources,NA,624,Bureau of Reclamation,NA,NA,16613,19S23E25C001M,19S23E25C001M,Unknown,Unknown,5-022.11,Kaweah,Tulare,NA,Unknown,Single Well,NA,1961-10-04 00:00:00 - 2013-03-07 07:45:00,86,fall,40.5,108,NA,NA,1984,18030012,Above Normal,Above Normal,1983-10-01T00:00:00Z,1984-10-01T00:00:00Z,-119.43,36.2542
362542N1194302W001,919670,1983-02-07T00:00:00Z,273.72,273.22,0,50,223.72,50,49.5,NA,Unknown,Water level accuracy is unknown,1,Department of Water Resources,NA,5030,Tulare Irrigation District,NA,NA,16613,19S23E25C001M,19S23E25C001M,Unknown,Unknown,5-022.11,Kaweah,Tulare,NA,Unknown,Single Well,NA,1961-10-04 00:00:00 - 2013-03-07 07:45:00,86,other,NA,NA,NA,NA,1983,18030012,Wet,Wet,1982-10-01T00:00:00Z,1983-10-01T00:00:00Z,-119.43,36.2542
362542N1194302W001,919669,1982-10-06T00:00:00Z,273.72,273.22,0,55,218.72,55,54.5,NA,Unknown,Water level accuracy is unknown,1,Department of Water Resources,NA,5030,Tulare Irrigation District,NA,NA,16613,19S23E25C001M,19S23E25C001M,Unknown,Unknown,5-022.11,Kaweah,Tulare,NA,Unknown,Single Well,NA,1961-10-04 00:00:00 - 2013-03-07 07:45:00,86,fall,40.5,108,NA,NA,1983,18030012,Wet,Wet,1982-10-01T00:00:00Z,1983-10-01T00:00:00Z,-119.43,36.2542
362542N1194302W001,919668,1982-01-26T00:00:00Z,273.72,273.22,0,67,206.72,67,66.5,NA,Unknown,Water level accuracy is unknown,1,Department of Water Resources,NA,624,Bureau of Reclamation,NA,NA,16613,19S23E25C001M,19S23E25C001M,Unknown,Unknown,5-022.11,Kaweah,Tulare,NA,Unknown,Single Well,NA,1961-10-04 00:00:00 - 2013-03-07 07:45:00,86,other,NA,NA,NA,NA,1982,18030012,Wet,Wet,1981-10-01T00:00:00Z,1982-10-01T00:00:00Z,-119.43,36.2542
362542N1194302W001,919667,1981-09-21T00:00:00Z,273.72,273.22,0,77,196.72,77,76.5,NA,Unknown,Water level accuracy is unknown,1,Department of Water Resources,NA,624,Bureau of Reclamation,NA,NA,16613,19S23E25C001M,19S23E25C001M,Unknown,Unknown,5-022.11,Kaweah,Tulare,NA,Unknown,Single Well,NA,1961-10-04 00:00:00 - 2013-03-07 07:45:00,86,fall,40.5,108,NA,NA,1981,18030012,Below Normal,Below Normal,1980-10-01T00:00:00Z,1981-10-01T00:00:00Z,-119.43,36.2542
362542N1194302W001,919666,1981-01-29T00:00:00Z,273.72,273.22,0,55,218.72,55,54.5,NA,Unknown,Water level accuracy is unknown,1,Department of Water Resources,NA,5030,Tulare Irrigation District,NA,NA,16613,19S23E25C001M,19S23E25C001M,Unknown,Unknown,5-022.11,Kaweah,Tulare,NA,Unknown,Single Well,NA,1961-10-04 00:00:00 - 2013-03-07 07:45:00,86,other,NA,NA,NA,NA,1981,18030012,Below Normal,Below Normal,1980-10-01T00:00:00Z,1981-10-01T00:00:00Z,-119.43,36.2542
362542N1194302W001,919665,1980-09-24T00:00:00Z,273.72,273.22,0,64,209.72,64,63.5,NA,Unknown,Water level accuracy is unknown,1,Department of Water Resources,NA,5030,Tulare Irrigation District,NA,NA,16613,19S23E25C001M,19S23E25C001M,Unknown,Unknown,5-022.11,Kaweah,Tulare,NA,Unknown,Single Well,NA,1961-10-04 00:00:00 - 2013-03-07 07:45:00,86,fall,40.5,108,NA,NA,1980,18030012,Wet,Wet,1979-10-01T00:00:00Z,1980-10-01T00:00:00Z,-119.43,36.2542
362542N1194302W001,919664,1980-01-31T00:00:00Z,273.72,273.22,0,69,204.72,69,68.5,NA,Unknown,Water level accuracy is unknown,1,Department of Water Resources,NA,5030,Tulare Irrigation District,NA,NA,16613,19S23E25C001M,19S23E25C001M,Unknown,Unknown,5-022.11,Kaweah,Tulare,NA,Unknown,Single Well,NA,1961-10-04 00:00:00 - 2013-03-07 07:45:00,86,other,NA,NA,NA,NA,1980,18030012,Wet,Wet,1979-10-01T00:00:00Z,1980-10-01T00:00:00Z,-119.43,36.2542
362542N1194302W001,919663,1979-09-24T00:00:00Z,273.72,273.22,0,71,202.72,71,70.5,NA,Unknown,Water level accuracy is unknown,1,Department of Water Resources,NA,5030,Tulare Irrigation District,NA,NA,16613,19S23E25C001M,19S23E25C001M,Unknown,Unknown,5-022.11,Kaweah,Tulare,NA,Unknown,Single Well,NA,1961-10-04 00:00:00 - 2013-03-07 07:45:00,86,fall,40.5,108,NA,NA,1979,18030012,Wet,Wet,1978-10-01T00:00:00Z,1979-10-01T00:00:00Z,-119.43,36.2542
362542N1194302W001,919662,1979-01-23T00:00:00Z,273.72,273.22,0,76,197.72,76,75.5,NA,Unknown,Water level accuracy is unknown,1,Department of Water Resources,NA,5030,Tulare Irrigation District,NA,NA,16613,19S23E25C001M,19S23E25C001M,Unknown,Unknown,5-022.11,Kaweah,Tulare,NA,Unknown,Single Well,NA,1961-10-04 00:00:00 - 2013-03-07 07:45:00,86,other,NA,NA,NA,NA,1979,18030012,Wet,Wet,1978-10-01T00:00:00Z,1979-10-01T00:00:00Z,-119.43,36.2542
362542N1194302W001,919661,1978-10-03T00:00:00Z,273.72,273.22,0,87,186.72,87,86.5,NA,Unknown,Water level accuracy is unknown,1,Department of Water Resources,NA,5030,Tulare Irrigation District,NA,NA,16613,19S23E25C001M,19S23E25C001M,Unknown,Unknown,5-022.11,Kaweah,Tulare,NA,Unknown,Single Well,NA,1961-10-04 00:00:00 - 2013-03-07 07:45:00,86,fall,40.5,108,NA,NA,1979,18030012,Wet,Wet,1978-10-01T00:00:00Z,1979-10-01T00:00:00Z,-119.43,36.2542
362542N1194302W001,919660,1978-02-01T00:00:00Z,273.72,273.22,0,102,171.72,102,101.5,NA,Unknown,Water level accuracy is unknown,1,Department of Water Resources,NA,5030,Tulare Irrigation District,NA,NA,16613,19S23E25C001M,19S23E25C001M,Unknown,Unknown,5-022.11,Kaweah,Tulare,NA,Unknown,Single Well,NA,1961-10-04 00:00:00 - 2013-03-07 07:45:00,86,other,NA,NA,NA,NA,1978,18030012,Wet,Wet,1977-10-01T00:00:00Z,1978-10-01T00:00:00Z,-119.43,36.2542
362542N1194302W001,919659,1977-10-04T00:00:00Z,273.72,273.22,NA,NA,NA,NA,NA,Pumping,NA,NA,1,Department of Water Resources,NA,5030,Tulare Irrigation District,NA,NA,16613,19S23E25C001M,19S23E25C001M,Unknown,Unknown,5-022.11,Kaweah,Tulare,NA,Unknown,Single Well,NA,1961-10-04 00:00:00 - 2013-03-07 07:45:00,86,fall,40.5,108,NA,NA,1978,18030012,Wet,Wet,1977-10-01T00:00:00Z,1978-10-01T00:00:00Z,-119.43,36.2542
362542N1194302W001,919658,1977-01-25T00:00:00Z,273.72,273.22,0,81,192.72,81,80.5,NA,Unknown,Water level accuracy is unknown,1,Department of Water Resources,NA,5030,Tulare Irrigation District,NA,NA,16613,19S23E25C001M,19S23E25C001M,Unknown,Unknown,5-022.11,Kaweah,Tulare,NA,Unknown,Single Well,NA,1961-10-04 00:00:00 - 2013-03-07 07:45:00,86,other,NA,NA,NA,NA,1977,18030012,Dry,Dry,1976-10-01T00:00:00Z,1977-10-01T00:00:00Z,-119.43,36.2542
362542N1194302W001,919657,1976-10-07T00:00:00Z,273.72,273.22,0,89,184.72,89,88.5,NA,Unknown,Water level accuracy is unknown,1,Department of Water Resources,NA,5030,Tulare Irrigation District,NA,NA,16613,19S23E25C001M,19S23E25C001M,Unknown,Unknown,5-022.11,Kaweah,Tulare,NA,Unknown,Single Well,NA,1961-10-04 00:00:00 - 2013-03-07 07:45:00,86,fall,40.5,108,NA,NA,1977,18030012,Dry,Dry,1976-10-01T00:00:00Z,1977-10-01T00:00:00Z,-119.43,36.2542
362542N1194302W001,919656,1976-01-28T00:00:00Z,273.72,273.22,0,63,210.72,63,62.5,NA,Unknown,Water level accuracy is unknown,1,Department of Water Resources,NA,5030,Tulare Irrigation District,NA,NA,16613,19S23E25C001M,19S23E25C001M,Unknown,Unknown,5-022.11,Kaweah,Tulare,NA,Unknown,Single Well,NA,1961-10-04 00:00:00 - 2013-03-07 07:45:00,86,other,NA,NA,NA,NA,1976,18030012,Above Normal,Above Normal,1975-10-01T00:00:00Z,1976-10-01T00:00:00Z,-119.43,36.2542
362542N1194302W001,919655,1975-10-01T00:00:00Z,273.72,273.22,0,92,181.72,92,91.5,NA,Unknown,Water level accuracy is unknown,1,Department of Water Resources,NA,5030,Tulare Irrigation District,NA,NA,16613,19S23E25C001M,19S23E25C001M,Unknown,Unknown,5-022.11,Kaweah,Tulare,NA,Unknown,Single Well,NA,1961-10-04 00:00:00 - 2013-03-07 07:45:00,86,fall,40.5,108,NA,NA,1976,18030012,Above Normal,Above Normal,1975-10-01T00:00:00Z,1976-10-01T00:00:00Z,-119.43,36.2542
362542N1194302W001,919654,1975-02-11T00:00:00Z,273.72,273.22,0,70,203.72,70,69.5,NA,Unknown,Water level accuracy is unknown,1,Department of Water Resources,NA,5030,Tulare Irrigation District,NA,NA,16613,19S23E25C001M,19S23E25C001M,Unknown,Unknown,5-022.11,Kaweah,Tulare,NA,Unknown,Single Well,NA,1961-10-04 00:00:00 - 2013-03-07 07:45:00,86,other,NA,NA,NA,NA,1975,18030012,Above Normal,Above Normal,1974-10-01T00:00:00Z,1975-10-01T00:00:00Z,-119.43,36.2542
362542N1194302W001,919653,1974-10-03T00:00:00Z,273.72,273.22,0,66,207.72,66,65.5,NA,Unknown,Water level accuracy is unknown,1,Department of Water Resources,NA,5030,Tulare Irrigation District,NA,NA,16613,19S23E25C001M,19S23E25C001M,Unknown,Unknown,5-022.11,Kaweah,Tulare,NA,Unknown,Single Well,NA,1961-10-04 00:00:00 - 2013-03-07 07:45:00,86,fall,40.5,108,NA,NA,1975,18030012,Above Normal,Above Normal,1974-10-01T00:00:00Z,1975-10-01T00:00:00Z,-119.43,36.2542
362542N1194302W001,919652,1974-01-23T00:00:00Z,273.72,273.22,0,72,201.72,72,71.5,NA,Unknown,Water level accuracy is unknown,1,Department of Water Resources,NA,5030,Tulare Irrigation District,NA,NA,16613,19S23E25C001M,19S23E25C001M,Unknown,Unknown,5-022.11,Kaweah,Tulare,NA,Unknown,Single Well,NA,1961-10-04 00:00:00 - 2013-03-07 07:45:00,86,other,NA,NA,NA,NA,1974,18030012,Wet,Wet,1973-10-01T00:00:00Z,1974-10-01T00:00:00Z,-119.43,36.2542
362542N1194302W001,919651,1973-02-12T00:00:00Z,273.72,273.22,0,83.5,190.22,83.5,83,NA,Unknown,Water level accuracy is unknown,1,Department of Water Resources,NA,5030,Tulare Irrigation District,NA,NA,16613,19S23E25C001M,19S23E25C001M,Unknown,Unknown,5-022.11,Kaweah,Tulare,NA,Unknown,Single Well,NA,1961-10-04 00:00:00 - 2013-03-07 07:45:00,86,other,NA,NA,NA,NA,1973,18030012,Wet,Wet,1972-10-01T00:00:00Z,1973-10-01T00:00:00Z,-119.43,36.2542
362542N1194302W001,919650,1972-10-11T00:00:00Z,273.72,273.22,NA,NA,NA,NA,NA,Pumping,NA,NA,1,Department of Water Resources,NA,5030,Tulare Irrigation District,NA,NA,16613,19S23E25C001M,19S23E25C001M,Unknown,Unknown,5-022.11,Kaweah,Tulare,NA,Unknown,Single Well,NA,1961-10-04 00:00:00 - 2013-03-07 07:45:00,86,fall,40.5,108,NA,NA,1973,18030012,Wet,Wet,1972-10-01T00:00:00Z,1973-10-01T00:00:00Z,-119.43,36.2542
362542N1194302W001,919649,1972-02-22T00:00:00Z,273.72,273.22,NA,NA,NA,NA,NA,Pumping,NA,NA,1,Department of Water Resources,NA,5030,Tulare Irrigation District,NA,NA,16613,19S23E25C001M,19S23E25C001M,Unknown,Unknown,5-022.11,Kaweah,Tulare,NA,Unknown,Single Well,NA,1961-10-04 00:00:00 - 2013-03-07 07:45:00,86,other,NA,NA,NA,NA,1972,18030012,Critical,Critical,1971-10-01T00:00:00Z,1972-10-01T00:00:00Z,-119.43,36.2542
362542N1194302W001,919648,1971-10-07T00:00:00Z,273.72,273.22,NA,NA,NA,NA,NA,Pumping,NA,NA,1,Department of Water Resources,NA,5030,Tulare Irrigation District,NA,NA,16613,19S23E25C001M,19S23E25C001M,Unknown,Unknown,5-022.11,Kaweah,Tulare,NA,Unknown,Single Well,NA,1961-10-04 00:00:00 - 2013-03-07 07:45:00,86,fall,40.5,108,NA,NA,1972,18030012,Critical,Critical,1971-10-01T00:00:00Z,1972-10-01T00:00:00Z,-119.43,36.2542
362542N1194302W001,919647,1971-02-12T00:00:00Z,273.72,273.22,0,63.2,210.52,63.2,62.7,NA,Unknown,Water level accuracy is unknown,1,Department of Water Resources,NA,5030,Tulare Irrigation District,NA,NA,16613,19S23E25C001M,19S23E25C001M,Unknown,Unknown,5-022.11,Kaweah,Tulare,NA,Unknown,Single Well,NA,1961-10-04 00:00:00 - 2013-03-07 07:45:00,86,other,NA,NA,NA,NA,1971,18030012,Dry,Dry,1970-10-01T00:00:00Z,1971-10-01T00:00:00Z,-119.43,36.2542
362542N1194302W001,919646,1970-09-30T00:00:00Z,273.72,273.22,0,70,203.72,70,69.5,NA,Unknown,Water level accuracy is unknown,1,Department of Water Resources,NA,5030,Tulare Irrigation District,NA,NA,16613,19S23E25C001M,19S23E25C001M,Unknown,Unknown,5-022.11,Kaweah,Tulare,NA,Unknown,Single Well,NA,1961-10-04 00:00:00 - 2013-03-07 07:45:00,86,fall,40.5,108,NA,NA,1970,18030012,Wet,Wet,1969-10-01T00:00:00Z,1970-10-01T00:00:00Z,-119.43,36.2542
362542N1194302W001,919645,1970-01-30T00:00:00Z,273.72,273.22,0,60,213.72,60,59.5,NA,Unknown,Water level accuracy is unknown,1,Department of Water Resources,NA,5030,Tulare Irrigation District,NA,NA,16613,19S23E25C001M,19S23E25C001M,Unknown,Unknown,5-022.11,Kaweah,Tulare,NA,Unknown,Single Well,NA,1961-10-04 00:00:00 - 2013-03-07 07:45:00,86,other,NA,NA,NA,NA,1970,18030012,Wet,Wet,1969-10-01T00:00:00Z,1970-10-01T00:00:00Z,-119.43,36.2542
362542N1194302W001,919644,1969-09-22T00:00:00Z,273.72,273.22,0,67.1,206.62,67.1,66.6,NA,Unknown,Water level accuracy is unknown,1,Department of Water Resources,NA,624,Bureau of Reclamation,NA,NA,16613,19S23E25C001M,19S23E25C001M,Unknown,Unknown,5-022.11,Kaweah,Tulare,NA,Unknown,Single Well,NA,1961-10-04 00:00:00 - 2013-03-07 07:45:00,86,fall,40.5,108,NA,NA,1969,18030012,Wet,Wet,1968-10-01T00:00:00Z,1969-10-01T00:00:00Z,-119.43,36.2542
362542N1194302W001,919643,1969-02-03T00:00:00Z,273.72,273.22,0,76.4,197.32,76.4,75.9,NA,Unknown,Water level accuracy is unknown,1,Department of Water Resources,NA,5030,Tulare Irrigation District,NA,NA,16613,19S23E25C001M,19S23E25C001M,Unknown,Unknown,5-022.11,Kaweah,Tulare,NA,Unknown,Single Well,NA,1961-10-04 00:00:00 - 2013-03-07 07:45:00,86,other,NA,NA,NA,NA,1969,18030012,Wet,Wet,1968-10-01T00:00:00Z,1969-10-01T00:00:00Z,-119.43,36.2542
362542N1194302W001,919642,1968-02-01T00:00:00Z,273.72,273.22,0,67,206.72,67,66.5,NA,Unknown,Water level accuracy is unknown,1,Department of Water Resources,NA,5030,Tulare Irrigation District,NA,NA,16613,19S23E25C001M,19S23E25C001M,Unknown,Unknown,5-022.11,Kaweah,Tulare,NA,Unknown,Single Well,NA,1961-10-04 00:00:00 - 2013-03-07 07:45:00,86,other,NA,NA,NA,NA,1968,18030012,Below Normal,Below Normal,1967-10-01T00:00:00Z,1968-10-01T00:00:00Z,-119.43,36.2542
362542N1194302W001,919641,1967-02-13T00:00:00Z,273.72,273.22,0,84.8,188.92,84.8,84.3,NA,Unknown,Water level accuracy is unknown,1,Department of Water Resources,NA,5030,Tulare Irrigation District,NA,NA,16613,19S23E25C001M,19S23E25C001M,Unknown,Unknown,5-022.11,Kaweah,Tulare,NA,Unknown,Single Well,NA,1961-10-04 00:00:00 - 2013-03-07 07:45:00,86,other,NA,NA,NA,NA,1967,18030012,Wet,Wet,1966-10-01T00:00:00Z,1967-10-01T00:00:00Z,-119.43,36.2542
362542N1194302W001,919640,1966-02-03T00:00:00Z,273.72,273.22,0,78.7,195.02,78.7,78.2,NA,Unknown,Water level accuracy is unknown,1,Department of Water Resources,NA,5030,Tulare Irrigation District,NA,NA,16613,19S23E25C001M,19S23E25C001M,Unknown,Unknown,5-022.11,Kaweah,Tulare,NA,Unknown,Single Well,NA,1961-10-04 00:00:00 - 2013-03-07 07:45:00,86,other,NA,NA,NA,NA,1966,18030012,Below Normal,Below Normal,1965-10-01T00:00:00Z,1966-10-01T00:00:00Z,-119.43,36.2542
362542N1194302W001,919639,1965-02-02T00:00:00Z,273.72,273.22,0,89.2,184.52,89.2,88.7,NA,Unknown,Water level accuracy is unknown,1,Department of Water Resources,NA,5030,Tulare Irrigation District,NA,NA,16613,19S23E25C001M,19S23E25C001M,Unknown,Unknown,5-022.11,Kaweah,Tulare,NA,Unknown,Single Well,NA,1961-10-04 00:00:00 - 2013-03-07 07:45:00,86,other,NA,NA,NA,NA,1965,18030012,Below Normal,Below Normal,1964-10-01T00:00:00Z,1965-10-01T00:00:00Z,-119.43,36.2542
362542N1194302W001,919638,1964-10-01T00:00:00Z,273.72,273.22,0,91.7,182.02,91.7,91.2,NA,Unknown,Water level accuracy is unknown,1,Department of Water Resources,NA,5030,Tulare Irrigation District,NA,NA,16613,19S23E25C001M,19S23E25C001M,Unknown,Unknown,5-022.11,Kaweah,Tulare,NA,Unknown,Single Well,NA,1961-10-04 00:00:00 - 2013-03-07 07:45:00,86,fall,40.5,108,NA,NA,1965,18030012,Below Normal,Below Normal,1964-10-01T00:00:00Z,1965-10-01T00:00:00Z,-119.43,36.2542
362542N1194302W001,919637,1964-02-11T00:00:00Z,273.72,273.22,0,82.3,191.42,82.3,81.8,NA,Unknown,Water level accuracy is unknown,1,Department of Water Resources,NA,5030,Tulare Irrigation District,NA,NA,16613,19S23E25C001M,19S23E25C001M,Unknown,Unknown,5-022.11,Kaweah,Tulare,NA,Unknown,Single Well,NA,1961-10-04 00:00:00 - 2013-03-07 07:45:00,86,other,NA,NA,NA,NA,1964,18030012,Dry,Dry,1963-10-01T00:00:00Z,1964-10-01T00:00:00Z,-119.43,36.2542
362542N1194302W001,919636,1963-02-20T00:00:00Z,273.72,273.22,0,91,182.72,91,90.5,NA,Unknown,Water level accuracy is unknown,1,Department of Water Resources,NA,5030,Tulare Irrigation District,NA,NA,16613,19S23E25C001M,19S23E25C001M,Unknown,Unknown,5-022.11,Kaweah,Tulare,NA,Unknown,Single Well,NA,1961-10-04 00:00:00 - 2013-03-07 07:45:00,86,other,NA,NA,NA,NA,1963,18030012,Above Normal,Above Normal,1962-10-01T00:00:00Z,1963-10-01T00:00:00Z,-119.43,36.2542
362542N1194302W001,919635,1962-02-08T00:00:00Z,273.72,273.22,0,97.1,176.62,97.1,96.6,NA,Unknown,Water level accuracy is unknown,1,Department of Water Resources,NA,5030,Tulare Irrigation District,NA,NA,16613,19S23E25C001M,19S23E25C001M,Unknown,Unknown,5-022.11,Kaweah,Tulare,NA,Unknown,Single Well,NA,1961-10-04 00:00:00 - 2013-03-07 07:45:00,86,other,NA,NA,NA,NA,1962,18030012,Above Normal,Above Normal,1961-10-01T00:00:00Z,1962-10-01T00:00:00Z,-119.43,36.2542
362542N1194302W001,919634,1961-10-04T00:00:00Z,273.72,273.22,0,104.9,168.82,104.9,104.4,NA,Unknown,Water level accuracy is unknown,1,Department of Water Resources,NA,5030,Tulare Irrigation District,NA,NA,16613,19S23E25C001M,19S23E25C001M,Unknown,Unknown,5-022.11,Kaweah,Tulare,NA,Unknown,Single Well,NA,1961-10-04 00:00:00 - 2013-03-07 07:45:00,86,fall,40.5,108,NA,NA,1962,18030012,Above Normal,Above Normal,1961-10-01T00:00:00Z,1962-10-01T00:00:00Z,-119.43,36.2542
