SITE_CODE,WLM_ID,MSMT_DATE,WLM_RPE,WLM_GSE,RDNG_WS,RDNG_RP,WSE,RPE_WSE,GSE_WSE,WLM_QA_DESC,WLM_DESC,WLM_ACC_DESC,WLM_ORG_ID,WLM_ORG_NAME,MSMT_CMT,COOP_AGENCY_ORG_ID,COOP_ORG_NAME,TOP_PRF,BOT_PRF,STN_ID,SWN,WELL_NAME,WLM_METHOD,WLM_ACC,BASIN_CODE,BASIN_NAME,COUNTY_NAME,WELL_DEPTH,WELL_USE,WELL_TYPE,WCR_NO,t_range,n_samples,season,fall_high,fall_low,spring_high,spring_low,water_year,HUC8,WYT,water_year_type,water_year_start,water_year_end,X,Y
362539N1194571W001,1988939,2013-03-07T08:30:00Z,265.723,264.723,4,138,131.723,134,133,NA,Unknown,Water level accuracy to nearest tenth of a foot,1,Department of Water Resources,tape=134,1,Department of Water Resources,NA,NA,32176,19S23E27A001M,19S23E27A001M,Unknown,Unknown,5-022.11,Kaweah,Tulare,NA,Unknown,Single Well,NA,1954-02-25 00:00:00 - 2013-03-07 08:30:00,114,spring,NA,NA,79,133,2013,18030012,Critical,Critical,2012-10-01T00:00:00Z,2013-10-01T00:00:00Z,-119.457,36.2539
362539N1194571W001,93859,2011-02-15T09:00:00Z,265.723,264.723,0,80,185.723,80,79,NA,Unknown,Water level accuracy to nearest tenth of a foot,1,Department of Water Resources,NA,1,Department of Water Resources,NA,NA,32176,19S23E27A001M,19S23E27A001M,Unknown,Unknown,5-022.11,Kaweah,Tulare,NA,Unknown,Single Well,NA,1954-02-25 00:00:00 - 2013-03-07 08:30:00,114,other,NA,NA,NA,NA,2011,18030012,Wet,Wet,2010-10-01T00:00:00Z,2011-10-01T00:00:00Z,-119.457,36.2539
362539N1194571W001,919995,2010-01-19T00:00:00Z,265.72,264.72,NA,NA,NA,NA,NA,Special/Other,NA,NA,1,Department of Water Resources,NA,5030,Tulare Irrigation District,NA,NA,32176,19S23E27A001M,19S23E27A001M,Unknown,Unknown,5-022.11,Kaweah,Tulare,NA,Unknown,Single Well,NA,1954-02-25 00:00:00 - 2013-03-07 08:30:00,114,other,NA,NA,NA,NA,2010,18030012,Above Normal,Above Normal,2009-10-01T00:00:00Z,2010-10-01T00:00:00Z,-119.457,36.2539
362539N1194571W001,919994,2009-02-25T00:00:00Z,265.72,264.72,0,110,155.72,110,109,NA,Unknown,Water level accuracy is unknown,1,Department of Water Resources,NO OIL,5030,Tulare Irrigation District,NA,NA,32176,19S23E27A001M,19S23E27A001M,Unknown,Unknown,5-022.11,Kaweah,Tulare,NA,Unknown,Single Well,NA,1954-02-25 00:00:00 - 2013-03-07 08:30:00,114,other,NA,NA,NA,NA,2009,18030012,Critical,Critical,2008-10-01T00:00:00Z,2009-10-01T00:00:00Z,-119.457,36.2539
362539N1194571W001,919992,2007-10-11T00:00:00Z,265.72,264.72,0,91,174.72,91,90,NA,Unknown,Water level accuracy is unknown,1,Department of Water Resources,NO OIL,5030,Tulare Irrigation District,NA,NA,32176,19S23E27A001M,19S23E27A001M,Unknown,Unknown,5-022.11,Kaweah,Tulare,NA,Unknown,Single Well,NA,1954-02-25 00:00:00 - 2013-03-07 08:30:00,114,fall,23.5,118,NA,NA,2008,18030012,Critical,Critical,2007-10-01T00:00:00Z,2008-10-01T00:00:00Z,-119.457,36.2539
362539N1194571W001,919991,2007-01-23T00:00:00Z,265.72,264.72,0,66,199.72,66,65,NA,Unknown,Water level accuracy is unknown,1,Department of Water Resources,NO OIL,5030,Tulare Irrigation District,NA,NA,32176,19S23E27A001M,19S23E27A001M,Unknown,Unknown,5-022.11,Kaweah,Tulare,NA,Unknown,Single Well,NA,1954-02-25 00:00:00 - 2013-03-07 08:30:00,114,other,NA,NA,NA,NA,2007,18030012,Critical,Critical,2006-10-01T00:00:00Z,2007-10-01T00:00:00Z,-119.457,36.2539
362539N1194571W001,919993,2006-09-29T00:00:00Z,265.72,264.72,0,90,175.72,90,89,NA,Unknown,Water level accuracy is unknown,1,Department of Water Resources,NO OIL,5030,Tulare Irrigation District,NA,NA,32176,19S23E27A001M,19S23E27A001M,Unknown,Unknown,5-022.11,Kaweah,Tulare,NA,Unknown,Single Well,NA,1954-02-25 00:00:00 - 2013-03-07 08:30:00,114,fall,23.5,118,NA,NA,2006,18030012,Wet,Wet,2005-10-01T00:00:00Z,2006-10-01T00:00:00Z,-119.457,36.2539
362539N1194571W001,919990,2006-01-27T00:00:00Z,265.72,264.72,0,71,194.72,71,70,NA,Unknown,Water level accuracy is unknown,1,Department of Water Resources,NA,5030,Tulare Irrigation District,NA,NA,32176,19S23E27A001M,19S23E27A001M,Unknown,Unknown,5-022.11,Kaweah,Tulare,NA,Unknown,Single Well,NA,1954-02-25 00:00:00 - 2013-03-07 08:30:00,114,other,NA,NA,NA,NA,2006,18030012,Wet,Wet,2005-10-01T00:00:00Z,2006-10-01T00:00:00Z,-119.457,36.2539
362539N1194571W001,919989,2005-01-26T00:00:00Z,265.72,264.72,0,106,159.72,106,105,NA,Unknown,Water level accuracy is unknown,1,Department of Water Resources,NA,5030,Tulare Irrigation District,NA,NA,32176,19S23E27A001M,19S23E27A001M,Unknown,Unknown,5-022.11,Kaweah,Tulare,NA,Unknown,Single Well,NA,1954-02-25 00:00:00 - 2013-03-07 08:30:00,114,other,NA,NA,NA,NA,2005,18030012,Wet,Wet,2004-10-01T00:00:00Z,2005-10-01T00:00:00Z,-119.457,36.2539
362539N1194571W001,919988,2003-09-19T00:00:00Z,265.72,264.72,0,85,180.72,85,84,NA,Unknown,Water level accuracy is unknown,1,Department of Water Resources,NO OIL,5030,Tulare Irrigation District,NA,NA,32176,19S23E27A001M,19S23E27A001M,Unknown,Unknown,5-022.11,Kaweah,Tulare,NA,Unknown,Single Well,NA,1954-02-25 00:00:00 - 2013-03-07 08:30:00,114,fall,23.5,118,NA,NA,2003,18030012,Dry,Dry,2002-10-01T00:00:00Z,2003-10-01T00:00:00Z,-119.457,36.2539
362539N1194571W001,919987,2002-09-17T00:00:00Z,265.72,264.72,0,100,165.72,100,99,Oil or foreign substance in casing,Unknown,Water level accuracy is unknown,1,Department of Water Resources,NA,624,Bureau of Reclamation,NA,NA,32176,19S23E27A001M,19S23E27A001M,Unknown,Unknown,5-022.11,Kaweah,Tulare,NA,Unknown,Single Well,NA,1954-02-25 00:00:00 - 2013-03-07 08:30:00,114,fall,23.5,118,NA,NA,2002,18030012,Critical,Critical,2001-10-01T00:00:00Z,2002-10-01T00:00:00Z,-119.457,36.2539
362539N1194571W001,919986,2002-01-15T00:00:00Z,265.72,264.72,0,74,191.72,74,73,Nearby pump operating,Unknown,Water level accuracy is unknown,1,Department of Water Resources,NA,624,Bureau of Reclamation,NA,NA,32176,19S23E27A001M,19S23E27A001M,Unknown,Unknown,5-022.11,Kaweah,Tulare,NA,Unknown,Single Well,NA,1954-02-25 00:00:00 - 2013-03-07 08:30:00,114,other,NA,NA,NA,NA,2002,18030012,Critical,Critical,2001-10-01T00:00:00Z,2002-10-01T00:00:00Z,-119.457,36.2539
362539N1194571W001,919985,2001-01-26T00:00:00Z,265.72,264.72,NA,NA,NA,NA,NA,Pumping,NA,NA,1,Department of Water Resources,NA,5030,Tulare Irrigation District,NA,NA,32176,19S23E27A001M,19S23E27A001M,Unknown,Unknown,5-022.11,Kaweah,Tulare,NA,Unknown,Single Well,NA,1954-02-25 00:00:00 - 2013-03-07 08:30:00,114,other,NA,NA,NA,NA,2001,18030012,Below Normal,Below Normal,2000-10-01T00:00:00Z,2001-10-01T00:00:00Z,-119.457,36.2539
362539N1194571W001,919984,2000-01-19T00:00:00Z,265.72,264.72,0,59,206.72,59,58,NA,Unknown,Water level accuracy is unknown,1,Department of Water Resources,NA,5030,Tulare Irrigation District,NA,NA,32176,19S23E27A001M,19S23E27A001M,Unknown,Unknown,5-022.11,Kaweah,Tulare,NA,Unknown,Single Well,NA,1954-02-25 00:00:00 - 2013-03-07 08:30:00,114,other,NA,NA,NA,NA,2000,18030012,Below Normal,Below Normal,1999-10-01T00:00:00Z,2000-10-01T00:00:00Z,-119.457,36.2539
362539N1194571W001,919983,1999-10-05T00:00:00Z,265.72,264.72,0,55,210.72,55,54,NA,Unknown,Water level accuracy is unknown,1,Department of Water Resources,NA,5030,Tulare Irrigation District,NA,NA,32176,19S23E27A001M,19S23E27A001M,Unknown,Unknown,5-022.11,Kaweah,Tulare,NA,Unknown,Single Well,NA,1954-02-25 00:00:00 - 2013-03-07 08:30:00,114,fall,23.5,118,NA,NA,2000,18030012,Below Normal,Below Normal,1999-10-01T00:00:00Z,2000-10-01T00:00:00Z,-119.457,36.2539
362539N1194571W001,919982,1999-01-18T00:00:00Z,265.72,264.72,0,44,221.72,44,43,Oil or foreign substance in casing,Unknown,Water level accuracy is unknown,1,Department of Water Resources,NA,5030,Tulare Irrigation District,NA,NA,32176,19S23E27A001M,19S23E27A001M,Unknown,Unknown,5-022.11,Kaweah,Tulare,NA,Unknown,Single Well,NA,1954-02-25 00:00:00 - 2013-03-07 08:30:00,114,other,NA,NA,NA,NA,1999,18030012,Wet,Wet,1998-10-01T00:00:00Z,1999-10-01T00:00:00Z,-119.457,36.2539
362539N1194571W001,919981,1998-10-05T00:00:00Z,265.72,264.72,0,44,221.72,44,43,NA,Unknown,Water level accuracy is unknown,1,Department of Water Resources,NA,5030,Tulare Irrigation District,NA,NA,32176,19S23E27A001M,19S23E27A001M,Unknown,Unknown,5-022.11,Kaweah,Tulare,NA,Unknown,Single Well,NA,1954-02-25 00:00:00 - 2013-03-07 08:30:00,114,fall,23.5,118,NA,NA,1999,18030012,Wet,Wet,1998-10-01T00:00:00Z,1999-10-01T00:00:00Z,-119.457,36.2539
362539N1194571W001,919980,1998-01-14T00:00:00Z,265.72,264.72,0,65.5,200.22,65.5,64.5,NA,Unknown,Water level accuracy is unknown,1,Department of Water Resources,NA,5030,Tulare Irrigation District,NA,NA,32176,19S23E27A001M,19S23E27A001M,Unknown,Unknown,5-022.11,Kaweah,Tulare,NA,Unknown,Single Well,NA,1954-02-25 00:00:00 - 2013-03-07 08:30:00,114,other,NA,NA,NA,NA,1998,18030012,Wet,Wet,1997-10-01T00:00:00Z,1998-10-01T00:00:00Z,-119.457,36.2539
362539N1194571W001,919979,1997-10-06T00:00:00Z,265.72,264.72,0,63.5,202.22,63.5,62.5,NA,Unknown,Water level accuracy is unknown,1,Department of Water Resources,NA,5030,Tulare Irrigation District,NA,NA,32176,19S23E27A001M,19S23E27A001M,Unknown,Unknown,5-022.11,Kaweah,Tulare,NA,Unknown,Single Well,NA,1954-02-25 00:00:00 - 2013-03-07 08:30:00,114,fall,23.5,118,NA,NA,1998,18030012,Wet,Wet,1997-10-01T00:00:00Z,1998-10-01T00:00:00Z,-119.457,36.2539
362539N1194571W001,919978,1997-01-14T00:00:00Z,265.72,264.72,0,60,205.72,60,59,NA,Unknown,Water level accuracy is unknown,1,Department of Water Resources,NA,5030,Tulare Irrigation District,NA,NA,32176,19S23E27A001M,19S23E27A001M,Unknown,Unknown,5-022.11,Kaweah,Tulare,NA,Unknown,Single Well,NA,1954-02-25 00:00:00 - 2013-03-07 08:30:00,114,other,NA,NA,NA,NA,1997,18030012,Above Normal,Above Normal,1996-10-01T00:00:00Z,1997-10-01T00:00:00Z,-119.457,36.2539
362539N1194571W001,919977,1996-10-07T00:00:00Z,265.72,264.72,0,67,198.72,67,66,Pumped recently,Unknown,Water level accuracy is unknown,1,Department of Water Resources,NA,5030,Tulare Irrigation District,NA,NA,32176,19S23E27A001M,19S23E27A001M,Unknown,Unknown,5-022.11,Kaweah,Tulare,NA,Unknown,Single Well,NA,1954-02-25 00:00:00 - 2013-03-07 08:30:00,114,fall,23.5,118,NA,NA,1997,18030012,Above Normal,Above Normal,1996-10-01T00:00:00Z,1997-10-01T00:00:00Z,-119.457,36.2539
362539N1194571W001,919976,1996-01-12T00:00:00Z,265.72,264.72,0,72,193.72,72,71,NA,Unknown,Water level accuracy is unknown,1,Department of Water Resources,NA,5030,Tulare Irrigation District,NA,NA,32176,19S23E27A001M,19S23E27A001M,Unknown,Unknown,5-022.11,Kaweah,Tulare,NA,Unknown,Single Well,NA,1954-02-25 00:00:00 - 2013-03-07 08:30:00,114,other,NA,NA,NA,NA,1996,18030012,Wet,Wet,1995-10-01T00:00:00Z,1996-10-01T00:00:00Z,-119.457,36.2539
362539N1194571W001,919975,1995-10-04T00:00:00Z,265.72,264.72,0,66.5,199.22,66.5,65.5,NA,Unknown,Water level accuracy is unknown,1,Department of Water Resources,NA,5030,Tulare Irrigation District,NA,NA,32176,19S23E27A001M,19S23E27A001M,Unknown,Unknown,5-022.11,Kaweah,Tulare,NA,Unknown,Single Well,NA,1954-02-25 00:00:00 - 2013-03-07 08:30:00,114,fall,23.5,118,NA,NA,1996,18030012,Wet,Wet,1995-10-01T00:00:00Z,1996-10-01T00:00:00Z,-119.457,36.2539
362539N1194571W001,919974,1995-02-01T00:00:00Z,265.72,264.72,0,99,166.72,99,98,Oil or foreign substance in casing,Unknown,Water level accuracy is unknown,1,Department of Water Resources,NA,5030,Tulare Irrigation District,NA,NA,32176,19S23E27A001M,19S23E27A001M,Unknown,Unknown,5-022.11,Kaweah,Tulare,NA,Unknown,Single Well,NA,1954-02-25 00:00:00 - 2013-03-07 08:30:00,114,other,NA,NA,NA,NA,1995,18030012,Wet,Wet,1994-10-01T00:00:00Z,1995-10-01T00:00:00Z,-119.457,36.2539
362539N1194571W001,919973,1994-10-04T00:00:00Z,265.72,264.72,0,100,165.72,100,99,Oil or foreign substance in casing,Unknown,Water level accuracy is unknown,1,Department of Water Resources,NA,5030,Tulare Irrigation District,NA,NA,32176,19S23E27A001M,19S23E27A001M,Unknown,Unknown,5-022.11,Kaweah,Tulare,NA,Unknown,Single Well,NA,1954-02-25 00:00:00 - 2013-03-07 08:30:00,114,fall,23.5,118,NA,NA,1995,18030012,Wet,Wet,1994-10-01T00:00:00Z,1995-10-01T00:00:00Z,-119.457,36.2539
362539N1194571W001,919972,1994-04-18T00:00:00Z,265.72,264.72,0,80,185.72,80,79,NA,Unknown,Water level accuracy is unknown,1,Department of Water Resources,NA,5030,Tulare Irrigation District,NA,NA,32176,19S23E27A001M,19S23E27A001M,Unknown,Unknown,5-022.11,Kaweah,Tulare,NA,Unknown,Single Well,NA,1954-02-25 00:00:00 - 2013-03-07 08:30:00,114,spring,NA,NA,79,133,1994,18030012,Above Normal,Above Normal,1993-10-01T00:00:00Z,1994-10-01T00:00:00Z,-119.457,36.2539
362539N1194571W001,919971,1993-10-08T00:00:00Z,265.72,264.72,0,74,191.72,74,73,NA,Unknown,Water level accuracy is unknown,1,Department of Water Resources,NA,5030,Tulare Irrigation District,NA,NA,32176,19S23E27A001M,19S23E27A001M,Unknown,Unknown,5-022.11,Kaweah,Tulare,NA,Unknown,Single Well,NA,1954-02-25 00:00:00 - 2013-03-07 08:30:00,114,fall,23.5,118,NA,NA,1994,18030012,Above Normal,Above Normal,1993-10-01T00:00:00Z,1994-10-01T00:00:00Z,-119.457,36.2539
362539N1194571W001,919970,1993-01-27T00:00:00Z,265.72,264.72,0,104.5,161.22,104.5,103.5,NA,Unknown,Water level accuracy is unknown,1,Department of Water Resources,NA,5030,Tulare Irrigation District,NA,NA,32176,19S23E27A001M,19S23E27A001M,Unknown,Unknown,5-022.11,Kaweah,Tulare,NA,Unknown,Single Well,NA,1954-02-25 00:00:00 - 2013-03-07 08:30:00,114,other,NA,NA,NA,NA,1993,18030012,Wet,Wet,1992-10-01T00:00:00Z,1993-10-01T00:00:00Z,-119.457,36.2539
362539N1194571W001,919969,1992-10-05T00:00:00Z,265.72,264.72,0,119,146.72,119,118,NA,Unknown,Water level accuracy is unknown,1,Department of Water Resources,NA,5030,Tulare Irrigation District,NA,NA,32176,19S23E27A001M,19S23E27A001M,Unknown,Unknown,5-022.11,Kaweah,Tulare,NA,Unknown,Single Well,NA,1954-02-25 00:00:00 - 2013-03-07 08:30:00,114,fall,23.5,118,NA,NA,1993,18030012,Wet,Wet,1992-10-01T00:00:00Z,1993-10-01T00:00:00Z,-119.457,36.2539
362539N1194571W001,919968,1992-01-20T00:00:00Z,265.72,264.72,0,96,169.72,96,95,NA,Unknown,Water level accuracy is unknown,1,Department of Water Resources,NA,5030,Tulare Irrigation District,NA,NA,32176,19S23E27A001M,19S23E27A001M,Unknown,Unknown,5-022.11,Kaweah,Tulare,NA,Unknown,Single Well,NA,1954-02-25 00:00:00 - 2013-03-07 08:30:00,114,other,NA,NA,NA,NA,1992,18030012,Above Normal,Above Normal,1991-10-01T00:00:00Z,1992-10-01T00:00:00Z,-119.457,36.2539
362539N1194571W001,919967,1991-09-30T00:00:00Z,265.72,264.72,0,97,168.72,97,96,NA,Unknown,Water level accuracy is unknown,1,Department of Water Resources,NA,5030,Tulare Irrigation District,NA,NA,32176,19S23E27A001M,19S23E27A001M,Unknown,Unknown,5-022.11,Kaweah,Tulare,NA,Unknown,Single Well,NA,1954-02-25 00:00:00 - 2013-03-07 08:30:00,114,fall,23.5,118,NA,NA,1991,18030012,Dry,Dry,1990-10-01T00:00:00Z,1991-10-01T00:00:00Z,-119.457,36.2539
362539N1194571W001,919966,1991-01-28T00:00:00Z,265.72,264.72,0,92,173.72,92,91,NA,Unknown,Water level accuracy is unknown,1,Department of Water Resources,NA,5030,Tulare Irrigation District,NA,NA,32176,19S23E27A001M,19S23E27A001M,Unknown,Unknown,5-022.11,Kaweah,Tulare,NA,Unknown,Single Well,NA,1954-02-25 00:00:00 - 2013-03-07 08:30:00,114,other,NA,NA,NA,NA,1991,18030012,Dry,Dry,1990-10-01T00:00:00Z,1991-10-01T00:00:00Z,-119.457,36.2539
362539N1194571W001,919965,1990-10-02T00:00:00Z,265.72,264.72,0,93,172.72,93,92,Acoustical sounder,Unknown,Water level accuracy is unknown,1,Department of Water Resources,NA,5030,Tulare Irrigation District,NA,NA,32176,19S23E27A001M,19S23E27A001M,Unknown,Unknown,5-022.11,Kaweah,Tulare,NA,Unknown,Single Well,NA,1954-02-25 00:00:00 - 2013-03-07 08:30:00,114,fall,23.5,118,NA,NA,1991,18030012,Dry,Dry,1990-10-01T00:00:00Z,1991-10-01T00:00:00Z,-119.457,36.2539
362539N1194571W001,919964,1990-01-19T00:00:00Z,265.72,264.72,0,72.5,193.22,72.5,71.5,NA,Unknown,Water level accuracy is unknown,1,Department of Water Resources,NA,5030,Tulare Irrigation District,NA,NA,32176,19S23E27A001M,19S23E27A001M,Unknown,Unknown,5-022.11,Kaweah,Tulare,NA,Unknown,Single Well,NA,1954-02-25 00:00:00 - 2013-03-07 08:30:00,114,other,NA,NA,NA,NA,1990,18030012,Critical,Critical,1989-10-01T00:00:00Z,1990-10-01T00:00:00Z,-119.457,36.2539
362539N1194571W001,919963,1989-10-02T00:00:00Z,265.72,264.72,0,74,191.72,74,73,NA,Unknown,Water level accuracy is unknown,1,Department of Water Resources,NA,5030,Tulare Irrigation District,NA,NA,32176,19S23E27A001M,19S23E27A001M,Unknown,Unknown,5-022.11,Kaweah,Tulare,NA,Unknown,Single Well,NA,1954-02-25 00:00:00 - 2013-03-07 08:30:00,114,fall,23.5,118,NA,NA,1990,18030012,Critical,Critical,1989-10-01T00:00:00Z,1990-10-01T00:00:00Z,-119.457,36.2539
362539N1194571W001,919962,1989-01-25T00:00:00Z,265.72,264.72,0,60,205.72,60,59,NA,Unknown,Water level accuracy is unknown,1,Department of Water Resources,NA,5030,Tulare Irrigation District,NA,NA,32176,19S23E27A001M,19S23E27A001M,Unknown,Unknown,5-022.11,Kaweah,Tulare,NA,Unknown,Single Well,NA,1954-02-25 00:00:00 - 2013-03-07 08:30:00,114,other,NA,NA,NA,NA,1989,18030012,Dry,Dry,1988-10-01T00:00:00Z,1989-10-01T00:00:00Z,-119.457,36.2539
362539N1194571W001,919961,1988-10-03T00:00:00Z,265.72,264.72,0,61,204.72,61,60,NA,Unknown,Water level accuracy is unknown,1,Department of Water Resources,NA,5030,Tulare Irrigation District,NA,NA,32176,19S23E27A001M,19S23E27A001M,Unknown,Unknown,5-022.11,Kaweah,Tulare,NA,Unknown,Single Well,NA,1954-02-25 00:00:00 - 2013-03-07 08:30:00,114,fall,23.5,118,NA,NA,1989,18030012,Dry,Dry,1988-10-01T00:00:00Z,1989-10-01T00:00:00Z,-119.457,36.2539
362539N1194571W001,919960,1988-01-22T00:00:00Z,265.72,264.72,0,50,215.72,50,49,NA,Unknown,Water level accuracy is unknown,1,Department of Water Resources,NA,5030,Tulare Irrigation District,NA,NA,32176,19S23E27A001M,19S23E27A001M,Unknown,Unknown,5-022.11,Kaweah,Tulare,NA,Unknown,Single Well,NA,1954-02-25 00:00:00 - 2013-03-07 08:30:00,114,other,NA,NA,NA,NA,1988,18030012,Below Normal,Below Normal,1987-10-01T00:00:00Z,1988-10-01T00:00:00Z,-119.457,36.2539
362539N1194571W001,919959,1987-10-05T00:00:00Z,265.72,264.72,0,52,213.72,52,51,NA,Unknown,Water level accuracy is unknown,1,Department of Water Resources,NA,5030,Tulare Irrigation District,NA,NA,32176,19S23E27A001M,19S23E27A001M,Unknown,Unknown,5-022.11,Kaweah,Tulare,NA,Unknown,Single Well,NA,1954-02-25 00:00:00 - 2013-03-07 08:30:00,114,fall,23.5,118,NA,NA,1988,18030012,Below Normal,Below Normal,1987-10-01T00:00:00Z,1988-10-01T00:00:00Z,-119.457,36.2539
362539N1194571W001,919958,1987-02-02T00:00:00Z,265.72,264.72,0,28,237.72,28,27,NA,Unknown,Water level accuracy is unknown,1,Department of Water Resources,NA,5030,Tulare Irrigation District,NA,NA,32176,19S23E27A001M,19S23E27A001M,Unknown,Unknown,5-022.11,Kaweah,Tulare,NA,Unknown,Single Well,NA,1954-02-25 00:00:00 - 2013-03-07 08:30:00,114,other,NA,NA,NA,NA,1987,18030012,Below Normal,Below Normal,1986-10-01T00:00:00Z,1987-10-01T00:00:00Z,-119.457,36.2539
362539N1194571W001,919957,1986-10-01T00:00:00Z,265.72,264.72,0,25,240.72,25,24,NA,Unknown,Water level accuracy is unknown,1,Department of Water Resources,NA,624,Bureau of Reclamation,NA,NA,32176,19S23E27A001M,19S23E27A001M,Unknown,Unknown,5-022.11,Kaweah,Tulare,NA,Unknown,Single Well,NA,1954-02-25 00:00:00 - 2013-03-07 08:30:00,114,fall,23.5,118,NA,NA,1987,18030012,Below Normal,Below Normal,1986-10-01T00:00:00Z,1987-10-01T00:00:00Z,-119.457,36.2539
362539N1194571W001,919956,1986-02-20T00:00:00Z,265.72,264.72,0,40,225.72,40,39,NA,Unknown,Water level accuracy is unknown,1,Department of Water Resources,NA,624,Bureau of Reclamation,NA,NA,32176,19S23E27A001M,19S23E27A001M,Unknown,Unknown,5-022.11,Kaweah,Tulare,NA,Unknown,Single Well,NA,1954-02-25 00:00:00 - 2013-03-07 08:30:00,114,other,NA,NA,NA,NA,1986,18030012,Above Normal,Above Normal,1985-10-01T00:00:00Z,1986-10-01T00:00:00Z,-119.457,36.2539
362539N1194571W001,919955,1985-09-30T00:00:00Z,265.72,264.72,0,46.5,219.22,46.5,45.5,NA,Unknown,Water level accuracy is unknown,1,Department of Water Resources,NA,624,Bureau of Reclamation,NA,NA,32176,19S23E27A001M,19S23E27A001M,Unknown,Unknown,5-022.11,Kaweah,Tulare,NA,Unknown,Single Well,NA,1954-02-25 00:00:00 - 2013-03-07 08:30:00,114,fall,23.5,118,NA,NA,1985,18030012,Dry,Dry,1984-10-01T00:00:00Z,1985-10-01T00:00:00Z,-119.457,36.2539
362539N1194571W001,919954,1985-02-06T00:00:00Z,265.72,264.72,0,33,232.72,33,32,NA,Unknown,Water level accuracy is unknown,1,Department of Water Resources,NA,624,Bureau of Reclamation,NA,NA,32176,19S23E27A001M,19S23E27A001M,Unknown,Unknown,5-022.11,Kaweah,Tulare,NA,Unknown,Single Well,NA,1954-02-25 00:00:00 - 2013-03-07 08:30:00,114,other,NA,NA,NA,NA,1985,18030012,Dry,Dry,1984-10-01T00:00:00Z,1985-10-01T00:00:00Z,-119.457,36.2539
362539N1194571W001,919953,1984-10-17T00:00:00Z,265.72,264.72,0,32.5,233.22,32.5,31.5,NA,Unknown,Water level accuracy is unknown,1,Department of Water Resources,NA,624,Bureau of Reclamation,NA,NA,32176,19S23E27A001M,19S23E27A001M,Unknown,Unknown,5-022.11,Kaweah,Tulare,NA,Unknown,Single Well,NA,1954-02-25 00:00:00 - 2013-03-07 08:30:00,114,fall,23.5,118,NA,NA,1985,18030012,Dry,Dry,1984-10-01T00:00:00Z,1985-10-01T00:00:00Z,-119.457,36.2539
362539N1194571W001,919952,1984-02-27T00:00:00Z,265.72,264.72,0,26,239.72,26,25,NA,Unknown,Water level accuracy is unknown,1,Department of Water Resources,NA,624,Bureau of Reclamation,NA,NA,32176,19S23E27A001M,19S23E27A001M,Unknown,Unknown,5-022.11,Kaweah,Tulare,NA,Unknown,Single Well,NA,1954-02-25 00:00:00 - 2013-03-07 08:30:00,114,other,NA,NA,NA,NA,1984,18030012,Above Normal,Above Normal,1983-10-01T00:00:00Z,1984-10-01T00:00:00Z,-119.457,36.2539
362539N1194571W001,919951,1983-10-17T00:00:00Z,265.72,264.72,0,24.5,241.22,24.5,23.5,NA,Unknown,Water level accuracy is unknown,1,Department of Water Resources,NA,624,Bureau of Reclamation,NA,NA,32176,19S23E27A001M,19S23E27A001M,Unknown,Unknown,5-022.11,Kaweah,Tulare,NA,Unknown,Single Well,NA,1954-02-25 00:00:00 - 2013-03-07 08:30:00,114,fall,23.5,118,NA,NA,1984,18030012,Above Normal,Above Normal,1983-10-01T00:00:00Z,1984-10-01T00:00:00Z,-119.457,36.2539
362539N1194571W001,919950,1983-02-04T00:00:00Z,265.72,264.72,0,30,235.72,30,29,NA,Unknown,Water level accuracy is unknown,1,Department of Water Resources,NA,5030,Tulare Irrigation District,NA,NA,32176,19S23E27A001M,19S23E27A001M,Unknown,Unknown,5-022.11,Kaweah,Tulare,NA,Unknown,Single Well,NA,1954-02-25 00:00:00 - 2013-03-07 08:30:00,114,other,NA,NA,NA,NA,1983,18030012,Wet,Wet,1982-10-01T00:00:00Z,1983-10-01T00:00:00Z,-119.457,36.2539
362539N1194571W001,919949,1982-10-07T00:00:00Z,265.72,264.72,0,34,231.72,34,33,NA,Unknown,Water level accuracy is unknown,1,Department of Water Resources,NA,5030,Tulare Irrigation District,NA,NA,32176,19S23E27A001M,19S23E27A001M,Unknown,Unknown,5-022.11,Kaweah,Tulare,NA,Unknown,Single Well,NA,1954-02-25 00:00:00 - 2013-03-07 08:30:00,114,fall,23.5,118,NA,NA,1983,18030012,Wet,Wet,1982-10-01T00:00:00Z,1983-10-01T00:00:00Z,-119.457,36.2539
362539N1194571W001,919948,1982-01-26T00:00:00Z,265.72,264.72,0,59,206.72,59,58,NA,Unknown,Water level accuracy is unknown,1,Department of Water Resources,NA,624,Bureau of Reclamation,NA,NA,32176,19S23E27A001M,19S23E27A001M,Unknown,Unknown,5-022.11,Kaweah,Tulare,NA,Unknown,Single Well,NA,1954-02-25 00:00:00 - 2013-03-07 08:30:00,114,other,NA,NA,NA,NA,1982,18030012,Wet,Wet,1981-10-01T00:00:00Z,1982-10-01T00:00:00Z,-119.457,36.2539
362539N1194571W001,919947,1981-09-28T00:00:00Z,265.72,264.72,NA,NA,NA,NA,NA,Pumping,NA,NA,1,Department of Water Resources,NA,624,Bureau of Reclamation,NA,NA,32176,19S23E27A001M,19S23E27A001M,Unknown,Unknown,5-022.11,Kaweah,Tulare,NA,Unknown,Single Well,NA,1954-02-25 00:00:00 - 2013-03-07 08:30:00,114,fall,23.5,118,NA,NA,1981,18030012,Below Normal,Below Normal,1980-10-01T00:00:00Z,1981-10-01T00:00:00Z,-119.457,36.2539
362539N1194571W001,919946,1981-01-29T00:00:00Z,265.72,264.72,0,67,198.72,67,66,NA,Unknown,Water level accuracy is unknown,1,Department of Water Resources,NA,5030,Tulare Irrigation District,NA,NA,32176,19S23E27A001M,19S23E27A001M,Unknown,Unknown,5-022.11,Kaweah,Tulare,NA,Unknown,Single Well,NA,1954-02-25 00:00:00 - 2013-03-07 08:30:00,114,other,NA,NA,NA,NA,1981,18030012,Below Normal,Below Normal,1980-10-01T00:00:00Z,1981-10-01T00:00:00Z,-119.457,36.2539
362539N1194571W001,919945,1980-09-24T00:00:00Z,265.72,264.72,0,41,224.72,41,40,NA,Unknown,Water level accuracy is unknown,1,Department of Water Resources,NA,5030,Tulare Irrigation District,NA,NA,32176,19S23E27A001M,19S23E27A001M,Unknown,Unknown,5-022.11,Kaweah,Tulare,NA,Unknown,Single Well,NA,1954-02-25 00:00:00 - 2013-03-07 08:30:00,114,fall,23.5,118,NA,NA,1980,18030012,Wet,Wet,1979-10-01T00:00:00Z,1980-10-01T00:00:00Z,-119.457,36.2539
362539N1194571W001,919944,1980-01-31T00:00:00Z,265.72,264.72,0,64,201.72,64,63,NA,Unknown,Water level accuracy is unknown,1,Department of Water Resources,NA,5030,Tulare Irrigation District,NA,NA,32176,19S23E27A001M,19S23E27A001M,Unknown,Unknown,5-022.11,Kaweah,Tulare,NA,Unknown,Single Well,NA,1954-02-25 00:00:00 - 2013-03-07 08:30:00,114,other,NA,NA,NA,NA,1980,18030012,Wet,Wet,1979-10-01T00:00:00Z,1980-10-01T00:00:00Z,-119.457,36.2539
362539N1194571W001,919943,1979-09-24T00:00:00Z,265.72,264.72,0,55,210.72,55,54,NA,Unknown,Water level accuracy is unknown,1,Department of Water Resources,NA,5030,Tulare Irrigation District,NA,NA,32176,19S23E27A001M,19S23E27A001M,Unknown,Unknown,5-022.11,Kaweah,Tulare,NA,Unknown,Single Well,NA,1954-02-25 00:00:00 - 2013-03-07 08:30:00,114,fall,23.5,118,NA,NA,1979,18030012,Wet,Wet,1978-10-01T00:00:00Z,1979-10-01T00:00:00Z,-119.457,36.2539
362539N1194571W001,919942,1979-01-23T00:00:00Z,265.72,264.72,0,58,207.72,58,57,NA,Unknown,Water level accuracy is unknown,1,Department of Water Resources,NA,5030,Tulare Irrigation District,NA,NA,32176,19S23E27A001M,19S23E27A001M,Unknown,Unknown,5-022.11,Kaweah,Tulare,NA,Unknown,Single Well,NA,1954-02-25 00:00:00 - 2013-03-07 08:30:00,114,other,NA,NA,NA,NA,1979,18030012,Wet,Wet,1978-10-01T00:00:00Z,1979-10-01T00:00:00Z,-119.457,36.2539
362539N1194571W001,919941,1978-10-03T00:00:00Z,265.72,264.72,0,69,196.72,69,68,NA,Unknown,Water level accuracy is unknown,1,Department of Water Resources,NA,5030,Tulare Irrigation District,NA,NA,32176,19S23E27A001M,19S23E27A001M,Unknown,Unknown,5-022.11,Kaweah,Tulare,NA,Unknown,Single Well,NA,1954-02-25 00:00:00 - 2013-03-07 08:30:00,114,fall,23.5,118,NA,NA,1979,18030012,Wet,Wet,1978-10-01T00:00:00Z,1979-10-01T00:00:00Z,-119.457,36.2539
362539N1194571W001,919940,1978-02-01T00:00:00Z,265.72,264.72,0,100,165.72,100,99,NA,Unknown,Water level accuracy is unknown,1,Department of Water Resources,NA,5030,Tulare Irrigation District,NA,NA,32176,19S23E27A001M,19S23E27A001M,Unknown,Unknown,5-022.11,Kaweah,Tulare,NA,Unknown,Single Well,NA,1954-02-25 00:00:00 - 2013-03-07 08:30:00,114,other,NA,NA,NA,NA,1978,18030012,Wet,Wet,1977-10-01T00:00:00Z,1978-10-01T00:00:00Z,-119.457,36.2539
362539N1194571W001,919939,1977-10-04T00:00:00Z,265.72,264.72,0,99,166.72,99,98,NA,Unknown,Water level accuracy is unknown,1,Department of Water Resources,NA,5030,Tulare Irrigation District,NA,NA,32176,19S23E27A001M,19S23E27A001M,Unknown,Unknown,5-022.11,Kaweah,Tulare,NA,Unknown,Single Well,NA,1954-02-25 00:00:00 - 2013-03-07 08:30:00,114,fall,23.5,118,NA,NA,1978,18030012,Wet,Wet,1977-10-01T00:00:00Z,1978-10-01T00:00:00Z,-119.457,36.2539
362539N1194571W001,919938,1977-01-25T00:00:00Z,265.72,264.72,0,81,184.72,81,80,NA,Unknown,Water level accuracy is unknown,1,Department of Water Resources,NA,5030,Tulare Irrigation District,NA,NA,32176,19S23E27A001M,19S23E27A001M,Unknown,Unknown,5-022.11,Kaweah,Tulare,NA,Unknown,Single Well,NA,1954-02-25 00:00:00 - 2013-03-07 08:30:00,114,other,NA,NA,NA,NA,1977,18030012,Dry,Dry,1976-10-01T00:00:00Z,1977-10-01T00:00:00Z,-119.457,36.2539
362539N1194571W001,919937,1976-10-07T00:00:00Z,265.72,264.72,0,77,188.72,77,76,NA,Unknown,Water level accuracy is unknown,1,Department of Water Resources,NA,5030,Tulare Irrigation District,NA,NA,32176,19S23E27A001M,19S23E27A001M,Unknown,Unknown,5-022.11,Kaweah,Tulare,NA,Unknown,Single Well,NA,1954-02-25 00:00:00 - 2013-03-07 08:30:00,114,fall,23.5,118,NA,NA,1977,18030012,Dry,Dry,1976-10-01T00:00:00Z,1977-10-01T00:00:00Z,-119.457,36.2539
362539N1194571W001,919936,1976-01-28T00:00:00Z,265.72,264.72,0,71,194.72,71,70,NA,Unknown,Water level accuracy is unknown,1,Department of Water Resources,NA,5030,Tulare Irrigation District,NA,NA,32176,19S23E27A001M,19S23E27A001M,Unknown,Unknown,5-022.11,Kaweah,Tulare,NA,Unknown,Single Well,NA,1954-02-25 00:00:00 - 2013-03-07 08:30:00,114,other,NA,NA,NA,NA,1976,18030012,Above Normal,Above Normal,1975-10-01T00:00:00Z,1976-10-01T00:00:00Z,-119.457,36.2539
362539N1194571W001,919935,1975-10-01T00:00:00Z,265.72,264.72,0,62,203.72,62,61,NA,Unknown,Water level accuracy is unknown,1,Department of Water Resources,NA,5030,Tulare Irrigation District,NA,NA,32176,19S23E27A001M,19S23E27A001M,Unknown,Unknown,5-022.11,Kaweah,Tulare,NA,Unknown,Single Well,NA,1954-02-25 00:00:00 - 2013-03-07 08:30:00,114,fall,23.5,118,NA,NA,1976,18030012,Above Normal,Above Normal,1975-10-01T00:00:00Z,1976-10-01T00:00:00Z,-119.457,36.2539
362539N1194571W001,919934,1975-02-11T00:00:00Z,265.72,264.72,0,60,205.72,60,59,NA,Unknown,Water level accuracy is unknown,1,Department of Water Resources,NA,5030,Tulare Irrigation District,NA,NA,32176,19S23E27A001M,19S23E27A001M,Unknown,Unknown,5-022.11,Kaweah,Tulare,NA,Unknown,Single Well,NA,1954-02-25 00:00:00 - 2013-03-07 08:30:00,114,other,NA,NA,NA,NA,1975,18030012,Above Normal,Above Normal,1974-10-01T00:00:00Z,1975-10-01T00:00:00Z,-119.457,36.2539
362539N1194571W001,919933,1974-10-03T00:00:00Z,265.72,264.72,0,48.5,217.22,48.5,47.5,NA,Unknown,Water level accuracy is unknown,1,Department of Water Resources,NA,5030,Tulare Irrigation District,NA,NA,32176,19S23E27A001M,19S23E27A001M,Unknown,Unknown,5-022.11,Kaweah,Tulare,NA,Unknown,Single Well,NA,1954-02-25 00:00:00 - 2013-03-07 08:30:00,114,fall,23.5,118,NA,NA,1975,18030012,Above Normal,Above Normal,1974-10-01T00:00:00Z,1975-10-01T00:00:00Z,-119.457,36.2539
362539N1194571W001,919932,1974-01-23T00:00:00Z,265.72,264.72,0,57.5,208.22,57.5,56.5,NA,Unknown,Water level accuracy is unknown,1,Department of Water Resources,NA,5030,Tulare Irrigation District,NA,NA,32176,19S23E27A001M,19S23E27A001M,Unknown,Unknown,5-022.11,Kaweah,Tulare,NA,Unknown,Single Well,NA,1954-02-25 00:00:00 - 2013-03-07 08:30:00,114,other,NA,NA,NA,NA,1974,18030012,Wet,Wet,1973-10-01T00:00:00Z,1974-10-01T00:00:00Z,-119.457,36.2539
362539N1194571W001,919931,1973-10-02T00:00:00Z,265.72,264.72,0,58.5,207.22,58.5,57.5,NA,Unknown,Water level accuracy is unknown,1,Department of Water Resources,NA,5030,Tulare Irrigation District,NA,NA,32176,19S23E27A001M,19S23E27A001M,Unknown,Unknown,5-022.11,Kaweah,Tulare,NA,Unknown,Single Well,NA,1954-02-25 00:00:00 - 2013-03-07 08:30:00,114,fall,23.5,118,NA,NA,1974,18030012,Wet,Wet,1973-10-01T00:00:00Z,1974-10-01T00:00:00Z,-119.457,36.2539
362539N1194571W001,919930,1973-02-12T00:00:00Z,265.72,264.72,0,80.2,185.52,80.2,79.2,NA,Unknown,Water level accuracy is unknown,1,Department of Water Resources,NA,5030,Tulare Irrigation District,NA,NA,32176,19S23E27A001M,19S23E27A001M,Unknown,Unknown,5-022.11,Kaweah,Tulare,NA,Unknown,Single Well,NA,1954-02-25 00:00:00 - 2013-03-07 08:30:00,114,other,NA,NA,NA,NA,1973,18030012,Wet,Wet,1972-10-01T00:00:00Z,1973-10-01T00:00:00Z,-119.457,36.2539
362539N1194571W001,919929,1972-10-11T00:00:00Z,265.72,264.72,0,87.5,178.22,87.5,86.5,NA,Unknown,Water level accuracy is unknown,1,Department of Water Resources,NA,5030,Tulare Irrigation District,NA,NA,32176,19S23E27A001M,19S23E27A001M,Unknown,Unknown,5-022.11,Kaweah,Tulare,NA,Unknown,Single Well,NA,1954-02-25 00:00:00 - 2013-03-07 08:30:00,114,fall,23.5,118,NA,NA,1973,18030012,Wet,Wet,1972-10-01T00:00:00Z,1973-10-01T00:00:00Z,-119.457,36.2539
362539N1194571W001,919928,1972-02-22T00:00:00Z,265.72,264.72,NA,NA,NA,NA,NA,Pumping,NA,NA,1,Department of Water Resources,NA,5030,Tulare Irrigation District,NA,NA,32176,19S23E27A001M,19S23E27A001M,Unknown,Unknown,5-022.11,Kaweah,Tulare,NA,Unknown,Single Well,NA,1954-02-25 00:00:00 - 2013-03-07 08:30:00,114,other,NA,NA,NA,NA,1972,18030012,Critical,Critical,1971-10-01T00:00:00Z,1972-10-01T00:00:00Z,-119.457,36.2539
362539N1194571W001,919927,1971-10-07T00:00:00Z,265.72,264.72,0,60.3,205.42,60.3,59.3,NA,Unknown,Water level accuracy is unknown,1,Department of Water Resources,NA,5030,Tulare Irrigation District,NA,NA,32176,19S23E27A001M,19S23E27A001M,Unknown,Unknown,5-022.11,Kaweah,Tulare,NA,Unknown,Single Well,NA,1954-02-25 00:00:00 - 2013-03-07 08:30:00,114,fall,23.5,118,NA,NA,1972,18030012,Critical,Critical,1971-10-01T00:00:00Z,1972-10-01T00:00:00Z,-119.457,36.2539
362539N1194571W001,919926,1971-02-12T00:00:00Z,265.72,264.72,0,50.5,215.22,50.5,49.5,NA,Unknown,Water level accuracy is unknown,1,Department of Water Resources,NA,5030,Tulare Irrigation District,NA,NA,32176,19S23E27A001M,19S23E27A001M,Unknown,Unknown,5-022.11,Kaweah,Tulare,NA,Unknown,Single Well,NA,1954-02-25 00:00:00 - 2013-03-07 08:30:00,114,other,NA,NA,NA,NA,1971,18030012,Dry,Dry,1970-10-01T00:00:00Z,1971-10-01T00:00:00Z,-119.457,36.2539
362539N1194571W001,919925,1970-11-03T00:00:00Z,265.72,264.72,0,98.1,167.62,98.1,97.1,NA,Unknown,Water level accuracy is unknown,1,Department of Water Resources,NA,1083,KINGS COUNTY WATER DISTRICT,NA,NA,32176,19S23E27A001M,19S23E27A001M,Unknown,Unknown,5-022.11,Kaweah,Tulare,NA,Unknown,Single Well,NA,1954-02-25 00:00:00 - 2013-03-07 08:30:00,114,fall,23.5,118,NA,NA,1971,18030012,Dry,Dry,1970-10-01T00:00:00Z,1971-10-01T00:00:00Z,-119.457,36.2539
362539N1194571W001,919924,1970-09-30T00:00:00Z,265.72,264.72,0,60.5,205.22,60.5,59.5,NA,Unknown,Water level accuracy is unknown,1,Department of Water Resources,NA,5030,Tulare Irrigation District,NA,NA,32176,19S23E27A001M,19S23E27A001M,Unknown,Unknown,5-022.11,Kaweah,Tulare,NA,Unknown,Single Well,NA,1954-02-25 00:00:00 - 2013-03-07 08:30:00,114,fall,23.5,118,NA,NA,1970,18030012,Wet,Wet,1969-10-01T00:00:00Z,1970-10-01T00:00:00Z,-119.457,36.2539
362539N1194571W001,919923,1970-02-23T00:00:00Z,265.72,264.72,0,50,215.72,50,49,NA,Unknown,Water level accuracy is unknown,1,Department of Water Resources,NA,1083,KINGS COUNTY WATER DISTRICT,NA,NA,32176,19S23E27A001M,19S23E27A001M,Unknown,Unknown,5-022.11,Kaweah,Tulare,NA,Unknown,Single Well,NA,1954-02-25 00:00:00 - 2013-03-07 08:30:00,114,other,NA,NA,NA,NA,1970,18030012,Wet,Wet,1969-10-01T00:00:00Z,1970-10-01T00:00:00Z,-119.457,36.2539
362539N1194571W001,919922,1970-01-30T00:00:00Z,265.72,264.72,0,41.3,224.42,41.3,40.3,NA,Unknown,Water level accuracy is unknown,1,Department of Water Resources,NA,5030,Tulare Irrigation District,NA,NA,32176,19S23E27A001M,19S23E27A001M,Unknown,Unknown,5-022.11,Kaweah,Tulare,NA,Unknown,Single Well,NA,1954-02-25 00:00:00 - 2013-03-07 08:30:00,114,other,NA,NA,NA,NA,1970,18030012,Wet,Wet,1969-10-01T00:00:00Z,1970-10-01T00:00:00Z,-119.457,36.2539
362539N1194571W001,919921,1969-09-28T00:00:00Z,265.72,264.72,0,54.5,211.22,54.5,53.5,NA,Unknown,Water level accuracy is unknown,1,Department of Water Resources,NA,1083,KINGS COUNTY WATER DISTRICT,NA,NA,32176,19S23E27A001M,19S23E27A001M,Unknown,Unknown,5-022.11,Kaweah,Tulare,NA,Unknown,Single Well,NA,1954-02-25 00:00:00 - 2013-03-07 08:30:00,114,fall,23.5,118,NA,NA,1969,18030012,Wet,Wet,1968-10-01T00:00:00Z,1969-10-01T00:00:00Z,-119.457,36.2539
362539N1194571W001,919920,1969-09-22T00:00:00Z,265.72,264.72,0,46.7,219.02,46.7,45.7,NA,Unknown,Water level accuracy is unknown,1,Department of Water Resources,NA,624,Bureau of Reclamation,NA,NA,32176,19S23E27A001M,19S23E27A001M,Unknown,Unknown,5-022.11,Kaweah,Tulare,NA,Unknown,Single Well,NA,1954-02-25 00:00:00 - 2013-03-07 08:30:00,114,fall,23.5,118,NA,NA,1969,18030012,Wet,Wet,1968-10-01T00:00:00Z,1969-10-01T00:00:00Z,-119.457,36.2539
362539N1194571W001,919919,1969-02-27T00:00:00Z,265.72,264.72,0,62,203.72,62,61,NA,Unknown,Water level accuracy is unknown,1,Department of Water Resources,NA,1083,KINGS COUNTY WATER DISTRICT,NA,NA,32176,19S23E27A001M,19S23E27A001M,Unknown,Unknown,5-022.11,Kaweah,Tulare,NA,Unknown,Single Well,NA,1954-02-25 00:00:00 - 2013-03-07 08:30:00,114,other,NA,NA,NA,NA,1969,18030012,Wet,Wet,1968-10-01T00:00:00Z,1969-10-01T00:00:00Z,-119.457,36.2539
362539N1194571W001,919918,1969-02-03T00:00:00Z,265.72,264.72,0,67.5,198.22,67.5,66.5,NA,Unknown,Water level accuracy is unknown,1,Department of Water Resources,NA,5030,Tulare Irrigation District,NA,NA,32176,19S23E27A001M,19S23E27A001M,Unknown,Unknown,5-022.11,Kaweah,Tulare,NA,Unknown,Single Well,NA,1954-02-25 00:00:00 - 2013-03-07 08:30:00,114,other,NA,NA,NA,NA,1969,18030012,Wet,Wet,1968-10-01T00:00:00Z,1969-10-01T00:00:00Z,-119.457,36.2539
362539N1194571W001,919917,1968-10-09T00:00:00Z,265.72,264.72,0,87.7,178.02,87.7,86.7,NA,Unknown,Water level accuracy is unknown,1,Department of Water Resources,NA,1083,KINGS COUNTY WATER DISTRICT,NA,NA,32176,19S23E27A001M,19S23E27A001M,Unknown,Unknown,5-022.11,Kaweah,Tulare,NA,Unknown,Single Well,NA,1954-02-25 00:00:00 - 2013-03-07 08:30:00,114,fall,23.5,118,NA,NA,1969,18030012,Wet,Wet,1968-10-01T00:00:00Z,1969-10-01T00:00:00Z,-119.457,36.2539
362539N1194571W001,919916,1968-02-05T00:00:00Z,265.72,264.72,0,54.4,211.32,54.4,53.4,NA,Unknown,Water level accuracy is unknown,1,Department of Water Resources,NA,1083,KINGS COUNTY WATER DISTRICT,NA,NA,32176,19S23E27A001M,19S23E27A001M,Unknown,Unknown,5-022.11,Kaweah,Tulare,NA,Unknown,Single Well,NA,1954-02-25 00:00:00 - 2013-03-07 08:30:00,114,other,NA,NA,NA,NA,1968,18030012,Below Normal,Below Normal,1967-10-01T00:00:00Z,1968-10-01T00:00:00Z,-119.457,36.2539
362539N1194571W001,919915,1968-02-01T00:00:00Z,265.72,264.72,0,46,219.72,46,45,NA,Unknown,Water level accuracy is unknown,1,Department of Water Resources,NA,5030,Tulare Irrigation District,NA,NA,32176,19S23E27A001M,19S23E27A001M,Unknown,Unknown,5-022.11,Kaweah,Tulare,NA,Unknown,Single Well,NA,1954-02-25 00:00:00 - 2013-03-07 08:30:00,114,other,NA,NA,NA,NA,1968,18030012,Below Normal,Below Normal,1967-10-01T00:00:00Z,1968-10-01T00:00:00Z,-119.457,36.2539
362539N1194571W001,919914,1967-09-27T00:00:00Z,265.72,264.72,0,62.3,203.42,62.3,61.3,NA,Unknown,Water level accuracy is unknown,1,Department of Water Resources,NA,1083,KINGS COUNTY WATER DISTRICT,NA,NA,32176,19S23E27A001M,19S23E27A001M,Unknown,Unknown,5-022.11,Kaweah,Tulare,NA,Unknown,Single Well,NA,1954-02-25 00:00:00 - 2013-03-07 08:30:00,114,fall,23.5,118,NA,NA,1967,18030012,Wet,Wet,1966-10-01T00:00:00Z,1967-10-01T00:00:00Z,-119.457,36.2539
362539N1194571W001,919913,1967-02-15T00:00:00Z,265.72,264.72,0,79.3,186.42,79.3,78.3,NA,Unknown,Water level accuracy is unknown,1,Department of Water Resources,NA,1083,KINGS COUNTY WATER DISTRICT,NA,NA,32176,19S23E27A001M,19S23E27A001M,Unknown,Unknown,5-022.11,Kaweah,Tulare,NA,Unknown,Single Well,NA,1954-02-25 00:00:00 - 2013-03-07 08:30:00,114,other,NA,NA,NA,NA,1967,18030012,Wet,Wet,1966-10-01T00:00:00Z,1967-10-01T00:00:00Z,-119.457,36.2539
362539N1194571W001,919912,1967-02-13T00:00:00Z,265.72,264.72,0,87.2,178.52,87.2,86.2,NA,Unknown,Water level accuracy is unknown,1,Department of Water Resources,NA,5030,Tulare Irrigation District,NA,NA,32176,19S23E27A001M,19S23E27A001M,Unknown,Unknown,5-022.11,Kaweah,Tulare,NA,Unknown,Single Well,NA,1954-02-25 00:00:00 - 2013-03-07 08:30:00,114,other,NA,NA,NA,NA,1967,18030012,Wet,Wet,1966-10-01T00:00:00Z,1967-10-01T00:00:00Z,-119.457,36.2539
362539N1194571W001,919911,1966-10-02T00:00:00Z,265.72,264.72,0,92.6,173.12,92.6,91.6,NA,Unknown,Water level accuracy is unknown,1,Department of Water Resources,NA,1083,KINGS COUNTY WATER DISTRICT,NA,NA,32176,19S23E27A001M,19S23E27A001M,Unknown,Unknown,5-022.11,Kaweah,Tulare,NA,Unknown,Single Well,NA,1954-02-25 00:00:00 - 2013-03-07 08:30:00,114,fall,23.5,118,NA,NA,1967,18030012,Wet,Wet,1966-10-01T00:00:00Z,1967-10-01T00:00:00Z,-119.457,36.2539
362539N1194571W001,919910,1966-02-23T00:00:00Z,265.72,264.72,0,68.7,197.02,68.7,67.7,NA,Unknown,Water level accuracy is unknown,1,Department of Water Resources,NA,1083,KINGS COUNTY WATER DISTRICT,NA,NA,32176,19S23E27A001M,19S23E27A001M,Unknown,Unknown,5-022.11,Kaweah,Tulare,NA,Unknown,Single Well,NA,1954-02-25 00:00:00 - 2013-03-07 08:30:00,114,other,NA,NA,NA,NA,1966,18030012,Below Normal,Below Normal,1965-10-01T00:00:00Z,1966-10-01T00:00:00Z,-119.457,36.2539
362539N1194571W001,919909,1966-02-03T00:00:00Z,265.72,264.72,0,68,197.72,68,67,NA,Unknown,Water level accuracy is unknown,1,Department of Water Resources,NA,5030,Tulare Irrigation District,NA,NA,32176,19S23E27A001M,19S23E27A001M,Unknown,Unknown,5-022.11,Kaweah,Tulare,NA,Unknown,Single Well,NA,1954-02-25 00:00:00 - 2013-03-07 08:30:00,114,other,NA,NA,NA,NA,1966,18030012,Below Normal,Below Normal,1965-10-01T00:00:00Z,1966-10-01T00:00:00Z,-119.457,36.2539
362539N1194571W001,919908,1965-10-13T00:00:00Z,265.72,264.72,0,65.2,200.52,65.2,64.2,NA,Unknown,Water level accuracy is unknown,1,Department of Water Resources,NA,1083,KINGS COUNTY WATER DISTRICT,NA,NA,32176,19S23E27A001M,19S23E27A001M,Unknown,Unknown,5-022.11,Kaweah,Tulare,NA,Unknown,Single Well,NA,1954-02-25 00:00:00 - 2013-03-07 08:30:00,114,fall,23.5,118,NA,NA,1966,18030012,Below Normal,Below Normal,1965-10-01T00:00:00Z,1966-10-01T00:00:00Z,-119.457,36.2539
362539N1194571W001,919907,1965-02-05T00:00:00Z,265.72,264.72,0,75.5,190.22,75.5,74.5,NA,Unknown,Water level accuracy is unknown,1,Department of Water Resources,NA,1083,KINGS COUNTY WATER DISTRICT,NA,NA,32176,19S23E27A001M,19S23E27A001M,Unknown,Unknown,5-022.11,Kaweah,Tulare,NA,Unknown,Single Well,NA,1954-02-25 00:00:00 - 2013-03-07 08:30:00,114,other,NA,NA,NA,NA,1965,18030012,Below Normal,Below Normal,1964-10-01T00:00:00Z,1965-10-01T00:00:00Z,-119.457,36.2539
362539N1194571W001,919906,1965-02-02T00:00:00Z,265.72,264.72,0,79.6,186.12,79.6,78.6,NA,Unknown,Water level accuracy is unknown,1,Department of Water Resources,NA,5030,Tulare Irrigation District,NA,NA,32176,19S23E27A001M,19S23E27A001M,Unknown,Unknown,5-022.11,Kaweah,Tulare,NA,Unknown,Single Well,NA,1954-02-25 00:00:00 - 2013-03-07 08:30:00,114,other,NA,NA,NA,NA,1965,18030012,Below Normal,Below Normal,1964-10-01T00:00:00Z,1965-10-01T00:00:00Z,-119.457,36.2539
362539N1194571W001,919905,1964-10-01T00:00:00Z,265.72,264.72,NA,NA,NA,NA,NA,Pumping,NA,NA,1,Department of Water Resources,NA,5030,Tulare Irrigation District,NA,NA,32176,19S23E27A001M,19S23E27A001M,Unknown,Unknown,5-022.11,Kaweah,Tulare,NA,Unknown,Single Well,NA,1954-02-25 00:00:00 - 2013-03-07 08:30:00,114,fall,23.5,118,NA,NA,1965,18030012,Below Normal,Below Normal,1964-10-01T00:00:00Z,1965-10-01T00:00:00Z,-119.457,36.2539
362539N1194571W001,919904,1964-09-27T00:00:00Z,265.72,264.72,0,84.1,181.62,84.1,83.1,NA,Unknown,Water level accuracy is unknown,1,Department of Water Resources,NA,1083,KINGS COUNTY WATER DISTRICT,NA,NA,32176,19S23E27A001M,19S23E27A001M,Unknown,Unknown,5-022.11,Kaweah,Tulare,NA,Unknown,Single Well,NA,1954-02-25 00:00:00 - 2013-03-07 08:30:00,114,fall,23.5,118,NA,NA,1964,18030012,Dry,Dry,1963-10-01T00:00:00Z,1964-10-01T00:00:00Z,-119.457,36.2539
362539N1194571W001,919903,1964-02-10T00:00:00Z,265.72,264.72,0,70.2,195.52,70.2,69.2,NA,Unknown,Water level accuracy is unknown,1,Department of Water Resources,NA,5030,Tulare Irrigation District,NA,NA,32176,19S23E27A001M,19S23E27A001M,Unknown,Unknown,5-022.11,Kaweah,Tulare,NA,Unknown,Single Well,NA,1954-02-25 00:00:00 - 2013-03-07 08:30:00,114,other,NA,NA,NA,NA,1964,18030012,Dry,Dry,1963-10-01T00:00:00Z,1964-10-01T00:00:00Z,-119.457,36.2539
362539N1194571W001,919902,1964-02-01T00:00:00Z,265.72,264.72,0,70.2,195.52,70.2,69.2,NA,Unknown,Water level accuracy is unknown,1,Department of Water Resources,NA,1083,KINGS COUNTY WATER DISTRICT,NA,NA,32176,19S23E27A001M,19S23E27A001M,Unknown,Unknown,5-022.11,Kaweah,Tulare,NA,Unknown,Single Well,NA,1954-02-25 00:00:00 - 2013-03-07 08:30:00,114,other,NA,NA,NA,NA,1964,18030012,Dry,Dry,1963-10-01T00:00:00Z,1964-10-01T00:00:00Z,-119.457,36.2539
362539N1194571W001,919901,1963-02-20T00:00:00Z,265.72,264.72,0,84.2,181.52,84.2,83.2,NA,Unknown,Water level accuracy is unknown,1,Department of Water Resources,NA,5030,Tulare Irrigation District,NA,NA,32176,19S23E27A001M,19S23E27A001M,Unknown,Unknown,5-022.11,Kaweah,Tulare,NA,Unknown,Single Well,NA,1954-02-25 00:00:00 - 2013-03-07 08:30:00,114,other,NA,NA,NA,NA,1963,18030012,Above Normal,Above Normal,1962-10-01T00:00:00Z,1963-10-01T00:00:00Z,-119.457,36.2539
362539N1194571W001,919900,1962-02-08T00:00:00Z,265.72,264.72,0,97.9,167.82,97.9,96.9,NA,Unknown,Water level accuracy is unknown,1,Department of Water Resources,NA,5030,Tulare Irrigation District,NA,NA,32176,19S23E27A001M,19S23E27A001M,Unknown,Unknown,5-022.11,Kaweah,Tulare,NA,Unknown,Single Well,NA,1954-02-25 00:00:00 - 2013-03-07 08:30:00,114,other,NA,NA,NA,NA,1962,18030012,Above Normal,Above Normal,1961-10-01T00:00:00Z,1962-10-01T00:00:00Z,-119.457,36.2539
362539N1194571W001,919899,1961-10-04T00:00:00Z,265.72,264.72,0,103.8,161.92,103.8,102.8,NA,Unknown,Water level accuracy is unknown,1,Department of Water Resources,NA,5030,Tulare Irrigation District,NA,NA,32176,19S23E27A001M,19S23E27A001M,Unknown,Unknown,5-022.11,Kaweah,Tulare,NA,Unknown,Single Well,NA,1954-02-25 00:00:00 - 2013-03-07 08:30:00,114,fall,23.5,118,NA,NA,1962,18030012,Above Normal,Above Normal,1961-10-01T00:00:00Z,1962-10-01T00:00:00Z,-119.457,36.2539
362539N1194571W001,919898,1961-02-17T00:00:00Z,265.72,264.72,0,89.8,175.92,89.8,88.8,NA,Unknown,Water level accuracy is unknown,1,Department of Water Resources,NA,5030,Tulare Irrigation District,NA,NA,32176,19S23E27A001M,19S23E27A001M,Unknown,Unknown,5-022.11,Kaweah,Tulare,NA,Unknown,Single Well,NA,1954-02-25 00:00:00 - 2013-03-07 08:30:00,114,other,NA,NA,NA,NA,1961,18030012,Critical,Critical,1960-10-01T00:00:00Z,1961-10-01T00:00:00Z,-119.457,36.2539
362539N1194571W001,919897,1960-09-28T00:00:00Z,265.72,264.72,0,88,177.72,88,87,NA,Unknown,Water level accuracy is unknown,1,Department of Water Resources,NA,5030,Tulare Irrigation District,NA,NA,32176,19S23E27A001M,19S23E27A001M,Unknown,Unknown,5-022.11,Kaweah,Tulare,NA,Unknown,Single Well,NA,1954-02-25 00:00:00 - 2013-03-07 08:30:00,114,fall,23.5,118,NA,NA,1960,18030012,Critical,Critical,1959-10-01T00:00:00Z,1960-10-01T00:00:00Z,-119.457,36.2539
362539N1194571W001,919896,1960-02-11T00:00:00Z,265.72,264.72,0,72.3,193.42,72.3,71.3,NA,Unknown,Water level accuracy is unknown,1,Department of Water Resources,NA,5030,Tulare Irrigation District,NA,NA,32176,19S23E27A001M,19S23E27A001M,Unknown,Unknown,5-022.11,Kaweah,Tulare,NA,Unknown,Single Well,NA,1954-02-25 00:00:00 - 2013-03-07 08:30:00,114,other,NA,NA,NA,NA,1960,18030012,Critical,Critical,1959-10-01T00:00:00Z,1960-10-01T00:00:00Z,-119.457,36.2539
362539N1194571W001,919895,1959-09-28T00:00:00Z,265.72,264.72,0,77,188.72,77,76,NA,Unknown,Water level accuracy is unknown,1,Department of Water Resources,NA,5030,Tulare Irrigation District,NA,NA,32176,19S23E27A001M,19S23E27A001M,Unknown,Unknown,5-022.11,Kaweah,Tulare,NA,Unknown,Single Well,NA,1954-02-25 00:00:00 - 2013-03-07 08:30:00,114,fall,23.5,118,NA,NA,1959,18030012,Below Normal,Below Normal,1958-10-01T00:00:00Z,1959-10-01T00:00:00Z,-119.457,36.2539
362539N1194571W001,919894,1959-02-07T00:00:00Z,265.72,264.72,0,58.1,207.62,58.1,57.1,NA,Unknown,Water level accuracy is unknown,1,Department of Water Resources,NA,5030,Tulare Irrigation District,NA,NA,32176,19S23E27A001M,19S23E27A001M,Unknown,Unknown,5-022.11,Kaweah,Tulare,NA,Unknown,Single Well,NA,1954-02-25 00:00:00 - 2013-03-07 08:30:00,114,other,NA,NA,NA,NA,1959,18030012,Below Normal,Below Normal,1958-10-01T00:00:00Z,1959-10-01T00:00:00Z,-119.457,36.2539
362539N1194571W001,919893,1958-10-09T00:00:00Z,265.72,264.72,0,57.6,208.12,57.6,56.6,NA,Unknown,Water level accuracy is unknown,1,Department of Water Resources,NA,5030,Tulare Irrigation District,NA,NA,32176,19S23E27A001M,19S23E27A001M,Unknown,Unknown,5-022.11,Kaweah,Tulare,NA,Unknown,Single Well,NA,1954-02-25 00:00:00 - 2013-03-07 08:30:00,114,fall,23.5,118,NA,NA,1959,18030012,Below Normal,Below Normal,1958-10-01T00:00:00Z,1959-10-01T00:00:00Z,-119.457,36.2539
362539N1194571W001,919892,1958-02-18T00:00:00Z,265.72,264.72,0,69.2,196.52,69.2,68.2,NA,Unknown,Water level accuracy is unknown,1,Department of Water Resources,NA,5030,Tulare Irrigation District,NA,NA,32176,19S23E27A001M,19S23E27A001M,Unknown,Unknown,5-022.11,Kaweah,Tulare,NA,Unknown,Single Well,NA,1954-02-25 00:00:00 - 2013-03-07 08:30:00,114,other,NA,NA,NA,NA,1958,18030012,Wet,Wet,1957-10-01T00:00:00Z,1958-10-01T00:00:00Z,-119.457,36.2539
362539N1194571W001,919891,1957-10-04T00:00:00Z,265.72,264.72,0,71.6,194.12,71.6,70.6,NA,Unknown,Water level accuracy is unknown,1,Department of Water Resources,NA,5030,Tulare Irrigation District,NA,NA,32176,19S23E27A001M,19S23E27A001M,Unknown,Unknown,5-022.11,Kaweah,Tulare,NA,Unknown,Single Well,NA,1954-02-25 00:00:00 - 2013-03-07 08:30:00,114,fall,23.5,118,NA,NA,1958,18030012,Wet,Wet,1957-10-01T00:00:00Z,1958-10-01T00:00:00Z,-119.457,36.2539
362539N1194571W001,919890,1957-02-18T00:00:00Z,265.72,264.72,0,63.4,202.32,63.4,62.4,NA,Unknown,Water level accuracy is unknown,1,Department of Water Resources,NA,5030,Tulare Irrigation District,NA,NA,32176,19S23E27A001M,19S23E27A001M,Unknown,Unknown,5-022.11,Kaweah,Tulare,NA,Unknown,Single Well,NA,1954-02-25 00:00:00 - 2013-03-07 08:30:00,114,other,NA,NA,NA,NA,1957,18030012,Below Normal,Below Normal,1956-10-01T00:00:00Z,1957-10-01T00:00:00Z,-119.457,36.2539
362539N1194571W001,919889,1956-10-20T00:00:00Z,265.72,264.72,0,60,205.72,60,59,NA,Unknown,Water level accuracy is unknown,1,Department of Water Resources,NA,5030,Tulare Irrigation District,NA,NA,32176,19S23E27A001M,19S23E27A001M,Unknown,Unknown,5-022.11,Kaweah,Tulare,NA,Unknown,Single Well,NA,1954-02-25 00:00:00 - 2013-03-07 08:30:00,114,fall,23.5,118,NA,NA,1957,18030012,Below Normal,Below Normal,1956-10-01T00:00:00Z,1957-10-01T00:00:00Z,-119.457,36.2539
362539N1194571W001,919888,1956-02-15T00:00:00Z,265.72,264.72,0,74.6,191.12,74.6,73.6,NA,Unknown,Water level accuracy is unknown,1,Department of Water Resources,NA,5030,Tulare Irrigation District,NA,NA,32176,19S23E27A001M,19S23E27A001M,Unknown,Unknown,5-022.11,Kaweah,Tulare,NA,Unknown,Single Well,NA,1954-02-25 00:00:00 - 2013-03-07 08:30:00,114,other,NA,NA,NA,NA,1956,18030012,Above Normal,Above Normal,1955-10-01T00:00:00Z,1956-10-01T00:00:00Z,-119.457,36.2539
362539N1194571W001,919887,1955-09-03T00:00:00Z,265.72,264.72,0,85.1,180.62,85.1,84.1,NA,Unknown,Water level accuracy is unknown,1,Department of Water Resources,NA,5030,Tulare Irrigation District,NA,NA,32176,19S23E27A001M,19S23E27A001M,Unknown,Unknown,5-022.11,Kaweah,Tulare,NA,Unknown,Single Well,NA,1954-02-25 00:00:00 - 2013-03-07 08:30:00,114,fall,23.5,118,NA,NA,1955,18030012,Below Normal,Below Normal,1954-10-01T00:00:00Z,1955-10-01T00:00:00Z,-119.457,36.2539
362539N1194571W001,919886,1955-02-14T00:00:00Z,265.72,264.72,0,79,186.72,79,78,NA,Unknown,Water level accuracy is unknown,1,Department of Water Resources,NA,5030,Tulare Irrigation District,NA,NA,32176,19S23E27A001M,19S23E27A001M,Unknown,Unknown,5-022.11,Kaweah,Tulare,NA,Unknown,Single Well,NA,1954-02-25 00:00:00 - 2013-03-07 08:30:00,114,other,NA,NA,NA,NA,1955,18030012,Below Normal,Below Normal,1954-10-01T00:00:00Z,1955-10-01T00:00:00Z,-119.457,36.2539
362539N1194571W001,919885,1954-10-01T00:00:00Z,265.72,264.72,0,81.6,184.12,81.6,80.6,NA,Unknown,Water level accuracy is unknown,1,Department of Water Resources,NA,5030,Tulare Irrigation District,NA,NA,32176,19S23E27A001M,19S23E27A001M,Unknown,Unknown,5-022.11,Kaweah,Tulare,NA,Unknown,Single Well,NA,1954-02-25 00:00:00 - 2013-03-07 08:30:00,114,fall,23.5,118,NA,NA,1955,18030012,Below Normal,Below Normal,1954-10-01T00:00:00Z,1955-10-01T00:00:00Z,-119.457,36.2539
362539N1194571W001,919884,1954-02-25T00:00:00Z,265.72,264.72,0,74.5,191.22,74.5,73.5,NA,Unknown,Water level accuracy is unknown,1,Department of Water Resources,NA,5030,Tulare Irrigation District,NA,NA,32176,19S23E27A001M,19S23E27A001M,Unknown,Unknown,5-022.11,Kaweah,Tulare,NA,Unknown,Single Well,NA,1954-02-25 00:00:00 - 2013-03-07 08:30:00,114,other,NA,NA,NA,NA,1954,18030012,Below Normal,Below Normal,1953-10-01T00:00:00Z,1954-10-01T00:00:00Z,-119.457,36.2539
