SITE_CODE,WLM_ID,MSMT_DATE,WLM_RPE,WLM_GSE,RDNG_WS,RDNG_RP,WSE,RPE_WSE,GSE_WSE,WLM_QA_DESC,WLM_DESC,WLM_ACC_DESC,WLM_ORG_ID,WLM_ORG_NAME,MSMT_CMT,COOP_AGENCY_ORG_ID,COOP_ORG_NAME,TOP_PRF,BOT_PRF,STN_ID,SWN,WELL_NAME,WLM_METHOD,WLM_ACC,BASIN_CODE,BASIN_NAME,COUNTY_NAME,WELL_DEPTH,WELL_USE,WELL_TYPE,WCR_NO,t_range,n_samples,season,fall_high,fall_low,spring_high,spring_low,water_year,HUC8,WYT,water_year_type,water_year_start,water_year_end,X,Y
362544N1194477W001,1988938,2013-03-07T08:15:00Z,268.22,267.72,NA,NA,NA,NA,NA,Tape hung up,NA,NA,1,Department of Water Resources,NA,1,Department of Water Resources,NA,NA,16614,19S23E26B001M,19S23E26B001M,Unknown,Unknown,5-022.11,Kaweah,Tulare,NA,Unknown,Single Well,NA,1961-10-04 00:00:00 - 2013-03-07 08:15:00,87,spring,NA,NA,72.5,72.5,2013,18030012,Critical,Critical,2012-10-01T00:00:00Z,2013-10-01T00:00:00Z,-119.448,36.2544
362544N1194477W001,93858,2011-02-15T08:45:00Z,268.22,267.72,0,83,185.22,83,82.5,Nearby pump operating,Unknown,Water level accuracy to nearest tenth of a foot,1,Department of Water Resources,NA,1,Department of Water Resources,NA,NA,16614,19S23E26B001M,19S23E26B001M,Unknown,Unknown,5-022.11,Kaweah,Tulare,NA,Unknown,Single Well,NA,1961-10-04 00:00:00 - 2013-03-07 08:15:00,87,other,NA,NA,NA,NA,2011,18030012,Wet,Wet,2010-10-01T00:00:00Z,2011-10-01T00:00:00Z,-119.448,36.2544
362544N1194477W001,919883,2010-01-19T00:00:00Z,268.22,267.72,0,99,169.22,99,98.5,Nearby pump operating,Unknown,Water level accuracy is unknown,1,Department of Water Resources,NA,5030,Tulare Irrigation District,NA,NA,16614,19S23E26B001M,19S23E26B001M,Unknown,Unknown,5-022.11,Kaweah,Tulare,NA,Unknown,Single Well,NA,1961-10-04 00:00:00 - 2013-03-07 08:15:00,87,other,NA,NA,NA,NA,2010,18030012,Above Normal,Above Normal,2009-10-01T00:00:00Z,2010-10-01T00:00:00Z,-119.448,36.2544
362544N1194477W001,919882,2009-02-25T00:00:00Z,268.22,267.72,0,103,165.22,103,102.5,Nearby pump operating,Unknown,Water level accuracy is unknown,1,Department of Water Resources,NO OIL,5030,Tulare Irrigation District,NA,NA,16614,19S23E26B001M,19S23E26B001M,Unknown,Unknown,5-022.11,Kaweah,Tulare,NA,Unknown,Single Well,NA,1961-10-04 00:00:00 - 2013-03-07 08:15:00,87,other,NA,NA,NA,NA,2009,18030012,Critical,Critical,2008-10-01T00:00:00Z,2009-10-01T00:00:00Z,-119.448,36.2544
362544N1194477W001,919880,2007-10-11T00:00:00Z,268.22,267.72,0,88,180.22,88,87.5,Nearby pump operating,Unknown,Water level accuracy is unknown,1,Department of Water Resources,NO OIL,5030,Tulare Irrigation District,NA,NA,16614,19S23E26B001M,19S23E26B001M,Unknown,Unknown,5-022.11,Kaweah,Tulare,NA,Unknown,Single Well,NA,1961-10-04 00:00:00 - 2013-03-07 08:15:00,87,fall,20,102,NA,NA,2008,18030012,Critical,Critical,2007-10-01T00:00:00Z,2008-10-01T00:00:00Z,-119.448,36.2544
362544N1194477W001,919879,2007-01-23T00:00:00Z,268.22,267.72,0,62,206.22,62,61.5,Nearby pump operating,Unknown,Water level accuracy is unknown,1,Department of Water Resources,NO OIL,5030,Tulare Irrigation District,NA,NA,16614,19S23E26B001M,19S23E26B001M,Unknown,Unknown,5-022.11,Kaweah,Tulare,NA,Unknown,Single Well,NA,1961-10-04 00:00:00 - 2013-03-07 08:15:00,87,other,NA,NA,NA,NA,2007,18030012,Critical,Critical,2006-10-01T00:00:00Z,2007-10-01T00:00:00Z,-119.448,36.2544
362544N1194477W001,919881,2006-09-29T00:00:00Z,268.22,267.72,0,56,212.22,56,55.5,NA,Unknown,Water level accuracy is unknown,1,Department of Water Resources,NO OIL,5030,Tulare Irrigation District,NA,NA,16614,19S23E26B001M,19S23E26B001M,Unknown,Unknown,5-022.11,Kaweah,Tulare,NA,Unknown,Single Well,NA,1961-10-04 00:00:00 - 2013-03-07 08:15:00,87,fall,20,102,NA,NA,2006,18030012,Wet,Wet,2005-10-01T00:00:00Z,2006-10-01T00:00:00Z,-119.448,36.2544
362544N1194477W001,919878,2006-01-27T00:00:00Z,268.22,267.72,0,69,199.22,69,68.5,Nearby pump operating,Unknown,Water level accuracy is unknown,1,Department of Water Resources,NA,5030,Tulare Irrigation District,NA,NA,16614,19S23E26B001M,19S23E26B001M,Unknown,Unknown,5-022.11,Kaweah,Tulare,NA,Unknown,Single Well,NA,1961-10-04 00:00:00 - 2013-03-07 08:15:00,87,other,NA,NA,NA,NA,2006,18030012,Wet,Wet,2005-10-01T00:00:00Z,2006-10-01T00:00:00Z,-119.448,36.2544
362544N1194477W001,919876,2005-01-27T00:00:00Z,268.22,267.72,0,99,169.22,99,98.5,Oil or foreign substance in casing,Unknown,Water level accuracy is unknown,1,Department of Water Resources,NA,5030,Tulare Irrigation District,NA,NA,16614,19S23E26B001M,19S23E26B001M,Unknown,Unknown,5-022.11,Kaweah,Tulare,NA,Unknown,Single Well,NA,1961-10-04 00:00:00 - 2013-03-07 08:15:00,87,other,NA,NA,NA,NA,2005,18030012,Wet,Wet,2004-10-01T00:00:00Z,2005-10-01T00:00:00Z,-119.448,36.2544
362544N1194477W001,919877,2005-01-26T00:00:00Z,268.22,267.72,0,99,169.22,99,98.5,Oil or foreign substance in casing,Unknown,Water level accuracy is unknown,1,Department of Water Resources,NA,5030,Tulare Irrigation District,NA,NA,16614,19S23E26B001M,19S23E26B001M,Unknown,Unknown,5-022.11,Kaweah,Tulare,NA,Unknown,Single Well,NA,1961-10-04 00:00:00 - 2013-03-07 08:15:00,87,other,NA,NA,NA,NA,2005,18030012,Wet,Wet,2004-10-01T00:00:00Z,2005-10-01T00:00:00Z,-119.448,36.2544
362544N1194477W001,919874,2004-02-03T00:00:00Z,268.22,267.72,0,82,186.22,82,81.5,Nearby pump operating,Unknown,Water level accuracy is unknown,1,Department of Water Resources,NO OIL,5030,Tulare Irrigation District,NA,NA,16614,19S23E26B001M,19S23E26B001M,Unknown,Unknown,5-022.11,Kaweah,Tulare,NA,Unknown,Single Well,NA,1961-10-04 00:00:00 - 2013-03-07 08:15:00,87,other,NA,NA,NA,NA,2004,18030012,Dry,Dry,2003-10-01T00:00:00Z,2004-10-01T00:00:00Z,-119.448,36.2544
362544N1194477W001,919875,2003-09-19T00:00:00Z,268.22,267.72,0,82,186.22,82,81.5,Nearby pump operating,Unknown,Water level accuracy is unknown,1,Department of Water Resources,NO OIL,5030,Tulare Irrigation District,NA,NA,16614,19S23E26B001M,19S23E26B001M,Unknown,Unknown,5-022.11,Kaweah,Tulare,NA,Unknown,Single Well,NA,1961-10-04 00:00:00 - 2013-03-07 08:15:00,87,fall,20,102,NA,NA,2003,18030012,Dry,Dry,2002-10-01T00:00:00Z,2003-10-01T00:00:00Z,-119.448,36.2544
362544N1194477W001,919871,2003-01-21T00:00:00Z,268.22,267.72,0,84,184.22,84,83.5,Nearby pump operating,Unknown,Water level accuracy is unknown,1,Department of Water Resources,NA,5030,Tulare Irrigation District,NA,NA,16614,19S23E26B001M,19S23E26B001M,Unknown,Unknown,5-022.11,Kaweah,Tulare,NA,Unknown,Single Well,NA,1961-10-04 00:00:00 - 2013-03-07 08:15:00,87,other,NA,NA,NA,NA,2003,18030012,Dry,Dry,2002-10-01T00:00:00Z,2003-10-01T00:00:00Z,-119.448,36.2544
362544N1194477W001,919873,2002-09-17T00:00:00Z,268.22,267.72,0,87,181.22,87,86.5,Other,Unknown,Water level accuracy is unknown,1,Department of Water Resources,MP CHANGE,624,Bureau of Reclamation,NA,NA,16614,19S23E26B001M,19S23E26B001M,Unknown,Unknown,5-022.11,Kaweah,Tulare,NA,Unknown,Single Well,NA,1961-10-04 00:00:00 - 2013-03-07 08:15:00,87,fall,20,102,NA,NA,2002,18030012,Critical,Critical,2001-10-01T00:00:00Z,2002-10-01T00:00:00Z,-119.448,36.2544
362544N1194477W001,919872,2002-01-15T00:00:00Z,268.22,267.72,0,74,194.22,74,73.5,Nearby pump operating,Unknown,Water level accuracy is unknown,1,Department of Water Resources,NA,624,Bureau of Reclamation,NA,NA,16614,19S23E26B001M,19S23E26B001M,Unknown,Unknown,5-022.11,Kaweah,Tulare,NA,Unknown,Single Well,NA,1961-10-04 00:00:00 - 2013-03-07 08:15:00,87,other,NA,NA,NA,NA,2002,18030012,Critical,Critical,2001-10-01T00:00:00Z,2002-10-01T00:00:00Z,-119.448,36.2544
362544N1194477W001,919870,2001-01-24T00:00:00Z,268.22,267.72,0,57,211.22,57,56.5,NA,Unknown,Water level accuracy is unknown,1,Department of Water Resources,NA,5030,Tulare Irrigation District,NA,NA,16614,19S23E26B001M,19S23E26B001M,Unknown,Unknown,5-022.11,Kaweah,Tulare,NA,Unknown,Single Well,NA,1961-10-04 00:00:00 - 2013-03-07 08:15:00,87,other,NA,NA,NA,NA,2001,18030012,Below Normal,Below Normal,2000-10-01T00:00:00Z,2001-10-01T00:00:00Z,-119.448,36.2544
362544N1194477W001,919869,2000-01-19T00:00:00Z,268.22,267.72,0,55,213.22,55,54.5,Nearby pump operating,Unknown,Water level accuracy is unknown,1,Department of Water Resources,NA,5030,Tulare Irrigation District,NA,NA,16614,19S23E26B001M,19S23E26B001M,Unknown,Unknown,5-022.11,Kaweah,Tulare,NA,Unknown,Single Well,NA,1961-10-04 00:00:00 - 2013-03-07 08:15:00,87,other,NA,NA,NA,NA,2000,18030012,Below Normal,Below Normal,1999-10-01T00:00:00Z,2000-10-01T00:00:00Z,-119.448,36.2544
362544N1194477W001,919868,1999-10-05T00:00:00Z,268.22,267.72,0,50,218.22,50,49.5,Nearby pump operating,Unknown,Water level accuracy is unknown,1,Department of Water Resources,NA,5030,Tulare Irrigation District,NA,NA,16614,19S23E26B001M,19S23E26B001M,Unknown,Unknown,5-022.11,Kaweah,Tulare,NA,Unknown,Single Well,NA,1961-10-04 00:00:00 - 2013-03-07 08:15:00,87,fall,20,102,NA,NA,2000,18030012,Below Normal,Below Normal,1999-10-01T00:00:00Z,2000-10-01T00:00:00Z,-119.448,36.2544
362544N1194477W001,919867,1999-01-18T00:00:00Z,268.22,267.72,0,45,223.22,45,44.5,Other,Unknown,Water level accuracy is unknown,1,Department of Water Resources,NA,5030,Tulare Irrigation District,NA,NA,16614,19S23E26B001M,19S23E26B001M,Unknown,Unknown,5-022.11,Kaweah,Tulare,NA,Unknown,Single Well,NA,1961-10-04 00:00:00 - 2013-03-07 08:15:00,87,other,NA,NA,NA,NA,1999,18030012,Wet,Wet,1998-10-01T00:00:00Z,1999-10-01T00:00:00Z,-119.448,36.2544
362544N1194477W001,919866,1998-10-09T00:00:00Z,268.22,267.72,0,44,224.22,44,43.5,Pumped recently,Unknown,Water level accuracy is unknown,1,Department of Water Resources,NA,5030,Tulare Irrigation District,NA,NA,16614,19S23E26B001M,19S23E26B001M,Unknown,Unknown,5-022.11,Kaweah,Tulare,NA,Unknown,Single Well,NA,1961-10-04 00:00:00 - 2013-03-07 08:15:00,87,fall,20,102,NA,NA,1999,18030012,Wet,Wet,1998-10-01T00:00:00Z,1999-10-01T00:00:00Z,-119.448,36.2544
362544N1194477W001,919865,1998-01-14T00:00:00Z,268.22,267.72,0,52,216.22,52,51.5,NA,Unknown,Water level accuracy is unknown,1,Department of Water Resources,NA,5030,Tulare Irrigation District,NA,NA,16614,19S23E26B001M,19S23E26B001M,Unknown,Unknown,5-022.11,Kaweah,Tulare,NA,Unknown,Single Well,NA,1961-10-04 00:00:00 - 2013-03-07 08:15:00,87,other,NA,NA,NA,NA,1998,18030012,Wet,Wet,1997-10-01T00:00:00Z,1998-10-01T00:00:00Z,-119.448,36.2544
362544N1194477W001,919864,1997-10-06T00:00:00Z,268.22,267.72,0,59.5,208.72,59.5,59,Oil or foreign substance in casing,Unknown,Water level accuracy is unknown,1,Department of Water Resources,NA,5030,Tulare Irrigation District,NA,NA,16614,19S23E26B001M,19S23E26B001M,Unknown,Unknown,5-022.11,Kaweah,Tulare,NA,Unknown,Single Well,NA,1961-10-04 00:00:00 - 2013-03-07 08:15:00,87,fall,20,102,NA,NA,1998,18030012,Wet,Wet,1997-10-01T00:00:00Z,1998-10-01T00:00:00Z,-119.448,36.2544
362544N1194477W001,919863,1997-01-14T00:00:00Z,268.22,267.72,0,62.5,205.72,62.5,62,NA,Unknown,Water level accuracy is unknown,1,Department of Water Resources,NA,5030,Tulare Irrigation District,NA,NA,16614,19S23E26B001M,19S23E26B001M,Unknown,Unknown,5-022.11,Kaweah,Tulare,NA,Unknown,Single Well,NA,1961-10-04 00:00:00 - 2013-03-07 08:15:00,87,other,NA,NA,NA,NA,1997,18030012,Above Normal,Above Normal,1996-10-01T00:00:00Z,1997-10-01T00:00:00Z,-119.448,36.2544
362544N1194477W001,919862,1996-10-02T00:00:00Z,268.22,267.72,0,62,206.22,62,61.5,NA,Unknown,Water level accuracy is unknown,1,Department of Water Resources,NA,5030,Tulare Irrigation District,NA,NA,16614,19S23E26B001M,19S23E26B001M,Unknown,Unknown,5-022.11,Kaweah,Tulare,NA,Unknown,Single Well,NA,1961-10-04 00:00:00 - 2013-03-07 08:15:00,87,fall,20,102,NA,NA,1997,18030012,Above Normal,Above Normal,1996-10-01T00:00:00Z,1997-10-01T00:00:00Z,-119.448,36.2544
362544N1194477W001,919861,1996-01-12T00:00:00Z,268.22,267.72,0,67,201.22,67,66.5,NA,Unknown,Water level accuracy is unknown,1,Department of Water Resources,NA,5030,Tulare Irrigation District,NA,NA,16614,19S23E26B001M,19S23E26B001M,Unknown,Unknown,5-022.11,Kaweah,Tulare,NA,Unknown,Single Well,NA,1961-10-04 00:00:00 - 2013-03-07 08:15:00,87,other,NA,NA,NA,NA,1996,18030012,Wet,Wet,1995-10-01T00:00:00Z,1996-10-01T00:00:00Z,-119.448,36.2544
362544N1194477W001,919860,1995-10-04T00:00:00Z,268.22,267.72,0,64.5,203.72,64.5,64,NA,Unknown,Water level accuracy is unknown,1,Department of Water Resources,NA,5030,Tulare Irrigation District,NA,NA,16614,19S23E26B001M,19S23E26B001M,Unknown,Unknown,5-022.11,Kaweah,Tulare,NA,Unknown,Single Well,NA,1961-10-04 00:00:00 - 2013-03-07 08:15:00,87,fall,20,102,NA,NA,1996,18030012,Wet,Wet,1995-10-01T00:00:00Z,1996-10-01T00:00:00Z,-119.448,36.2544
362544N1194477W001,919859,1995-02-01T00:00:00Z,268.22,267.72,0,95.5,172.72,95.5,95,NA,Unknown,Water level accuracy is unknown,1,Department of Water Resources,NA,5030,Tulare Irrigation District,NA,NA,16614,19S23E26B001M,19S23E26B001M,Unknown,Unknown,5-022.11,Kaweah,Tulare,NA,Unknown,Single Well,NA,1961-10-04 00:00:00 - 2013-03-07 08:15:00,87,other,NA,NA,NA,NA,1995,18030012,Wet,Wet,1994-10-01T00:00:00Z,1995-10-01T00:00:00Z,-119.448,36.2544
362544N1194477W001,919858,1994-10-04T00:00:00Z,268.22,267.72,0,95.5,172.72,95.5,95,NA,Unknown,Water level accuracy is unknown,1,Department of Water Resources,NA,5030,Tulare Irrigation District,NA,NA,16614,19S23E26B001M,19S23E26B001M,Unknown,Unknown,5-022.11,Kaweah,Tulare,NA,Unknown,Single Well,NA,1961-10-04 00:00:00 - 2013-03-07 08:15:00,87,fall,20,102,NA,NA,1995,18030012,Wet,Wet,1994-10-01T00:00:00Z,1995-10-01T00:00:00Z,-119.448,36.2544
362544N1194477W001,919857,1994-04-18T00:00:00Z,268.22,267.72,0,73,195.22,73,72.5,NA,Unknown,Water level accuracy is unknown,1,Department of Water Resources,NA,5030,Tulare Irrigation District,NA,NA,16614,19S23E26B001M,19S23E26B001M,Unknown,Unknown,5-022.11,Kaweah,Tulare,NA,Unknown,Single Well,NA,1961-10-04 00:00:00 - 2013-03-07 08:15:00,87,spring,NA,NA,72.5,72.5,1994,18030012,Above Normal,Above Normal,1993-10-01T00:00:00Z,1994-10-01T00:00:00Z,-119.448,36.2544
362544N1194477W001,919856,1993-10-08T00:00:00Z,268.22,267.72,0,68.5,199.72,68.5,68,NA,Unknown,Water level accuracy is unknown,1,Department of Water Resources,NA,5030,Tulare Irrigation District,NA,NA,16614,19S23E26B001M,19S23E26B001M,Unknown,Unknown,5-022.11,Kaweah,Tulare,NA,Unknown,Single Well,NA,1961-10-04 00:00:00 - 2013-03-07 08:15:00,87,fall,20,102,NA,NA,1994,18030012,Above Normal,Above Normal,1993-10-01T00:00:00Z,1994-10-01T00:00:00Z,-119.448,36.2544
362544N1194477W001,919855,1993-01-27T00:00:00Z,268.22,267.72,0,101.5,166.72,101.5,101,NA,Unknown,Water level accuracy is unknown,1,Department of Water Resources,NA,5030,Tulare Irrigation District,NA,NA,16614,19S23E26B001M,19S23E26B001M,Unknown,Unknown,5-022.11,Kaweah,Tulare,NA,Unknown,Single Well,NA,1961-10-04 00:00:00 - 2013-03-07 08:15:00,87,other,NA,NA,NA,NA,1993,18030012,Wet,Wet,1992-10-01T00:00:00Z,1993-10-01T00:00:00Z,-119.448,36.2544
362544N1194477W001,919854,1992-10-05T00:00:00Z,268.22,267.72,0,102.5,165.72,102.5,102,NA,Unknown,Water level accuracy is unknown,1,Department of Water Resources,NA,5030,Tulare Irrigation District,NA,NA,16614,19S23E26B001M,19S23E26B001M,Unknown,Unknown,5-022.11,Kaweah,Tulare,NA,Unknown,Single Well,NA,1961-10-04 00:00:00 - 2013-03-07 08:15:00,87,fall,20,102,NA,NA,1993,18030012,Wet,Wet,1992-10-01T00:00:00Z,1993-10-01T00:00:00Z,-119.448,36.2544
362544N1194477W001,919853,1992-01-20T00:00:00Z,268.22,267.72,0,93.5,174.72,93.5,93,NA,Unknown,Water level accuracy is unknown,1,Department of Water Resources,NA,5030,Tulare Irrigation District,NA,NA,16614,19S23E26B001M,19S23E26B001M,Unknown,Unknown,5-022.11,Kaweah,Tulare,NA,Unknown,Single Well,NA,1961-10-04 00:00:00 - 2013-03-07 08:15:00,87,other,NA,NA,NA,NA,1992,18030012,Above Normal,Above Normal,1991-10-01T00:00:00Z,1992-10-01T00:00:00Z,-119.448,36.2544
362544N1194477W001,919852,1991-09-30T00:00:00Z,268.22,267.72,0,91,177.22,91,90.5,NA,Unknown,Water level accuracy is unknown,1,Department of Water Resources,NA,5030,Tulare Irrigation District,NA,NA,16614,19S23E26B001M,19S23E26B001M,Unknown,Unknown,5-022.11,Kaweah,Tulare,NA,Unknown,Single Well,NA,1961-10-04 00:00:00 - 2013-03-07 08:15:00,87,fall,20,102,NA,NA,1991,18030012,Dry,Dry,1990-10-01T00:00:00Z,1991-10-01T00:00:00Z,-119.448,36.2544
362544N1194477W001,919851,1991-01-21T00:00:00Z,268.22,267.72,0,88.5,179.72,88.5,88,NA,Unknown,Water level accuracy is unknown,1,Department of Water Resources,NA,5030,Tulare Irrigation District,NA,NA,16614,19S23E26B001M,19S23E26B001M,Unknown,Unknown,5-022.11,Kaweah,Tulare,NA,Unknown,Single Well,NA,1961-10-04 00:00:00 - 2013-03-07 08:15:00,87,other,NA,NA,NA,NA,1991,18030012,Dry,Dry,1990-10-01T00:00:00Z,1991-10-01T00:00:00Z,-119.448,36.2544
362544N1194477W001,919850,1990-10-02T00:00:00Z,268.22,267.72,0,88.5,179.72,88.5,88,Acoustical sounder,Unknown,Water level accuracy is unknown,1,Department of Water Resources,NA,5030,Tulare Irrigation District,NA,NA,16614,19S23E26B001M,19S23E26B001M,Unknown,Unknown,5-022.11,Kaweah,Tulare,NA,Unknown,Single Well,NA,1961-10-04 00:00:00 - 2013-03-07 08:15:00,87,fall,20,102,NA,NA,1991,18030012,Dry,Dry,1990-10-01T00:00:00Z,1991-10-01T00:00:00Z,-119.448,36.2544
362544N1194477W001,919849,1990-01-19T00:00:00Z,268.22,267.72,0,70,198.22,70,69.5,Oil or foreign substance in casing,Unknown,Water level accuracy is unknown,1,Department of Water Resources,NA,5030,Tulare Irrigation District,NA,NA,16614,19S23E26B001M,19S23E26B001M,Unknown,Unknown,5-022.11,Kaweah,Tulare,NA,Unknown,Single Well,NA,1961-10-04 00:00:00 - 2013-03-07 08:15:00,87,other,NA,NA,NA,NA,1990,18030012,Critical,Critical,1989-10-01T00:00:00Z,1990-10-01T00:00:00Z,-119.448,36.2544
362544N1194477W001,919848,1989-10-02T00:00:00Z,268.22,267.72,0,70,198.22,70,69.5,NA,Unknown,Water level accuracy is unknown,1,Department of Water Resources,NA,5030,Tulare Irrigation District,NA,NA,16614,19S23E26B001M,19S23E26B001M,Unknown,Unknown,5-022.11,Kaweah,Tulare,NA,Unknown,Single Well,NA,1961-10-04 00:00:00 - 2013-03-07 08:15:00,87,fall,20,102,NA,NA,1990,18030012,Critical,Critical,1989-10-01T00:00:00Z,1990-10-01T00:00:00Z,-119.448,36.2544
362544N1194477W001,919847,1989-01-25T00:00:00Z,268.22,267.72,0,60,208.22,60,59.5,NA,Unknown,Water level accuracy is unknown,1,Department of Water Resources,NA,5030,Tulare Irrigation District,NA,NA,16614,19S23E26B001M,19S23E26B001M,Unknown,Unknown,5-022.11,Kaweah,Tulare,NA,Unknown,Single Well,NA,1961-10-04 00:00:00 - 2013-03-07 08:15:00,87,other,NA,NA,NA,NA,1989,18030012,Dry,Dry,1988-10-01T00:00:00Z,1989-10-01T00:00:00Z,-119.448,36.2544
362544N1194477W001,919846,1988-10-03T00:00:00Z,268.22,267.72,0,58,210.22,58,57.5,NA,Unknown,Water level accuracy is unknown,1,Department of Water Resources,NA,5030,Tulare Irrigation District,NA,NA,16614,19S23E26B001M,19S23E26B001M,Unknown,Unknown,5-022.11,Kaweah,Tulare,NA,Unknown,Single Well,NA,1961-10-04 00:00:00 - 2013-03-07 08:15:00,87,fall,20,102,NA,NA,1989,18030012,Dry,Dry,1988-10-01T00:00:00Z,1989-10-01T00:00:00Z,-119.448,36.2544
362544N1194477W001,919845,1988-01-22T00:00:00Z,268.22,267.72,0,49,219.22,49,48.5,NA,Unknown,Water level accuracy is unknown,1,Department of Water Resources,NA,5030,Tulare Irrigation District,NA,NA,16614,19S23E26B001M,19S23E26B001M,Unknown,Unknown,5-022.11,Kaweah,Tulare,NA,Unknown,Single Well,NA,1961-10-04 00:00:00 - 2013-03-07 08:15:00,87,other,NA,NA,NA,NA,1988,18030012,Below Normal,Below Normal,1987-10-01T00:00:00Z,1988-10-01T00:00:00Z,-119.448,36.2544
362544N1194477W001,919844,1987-10-05T00:00:00Z,268.22,267.72,0,48,220.22,48,47.5,NA,Unknown,Water level accuracy is unknown,1,Department of Water Resources,NA,5030,Tulare Irrigation District,NA,NA,16614,19S23E26B001M,19S23E26B001M,Unknown,Unknown,5-022.11,Kaweah,Tulare,NA,Unknown,Single Well,NA,1961-10-04 00:00:00 - 2013-03-07 08:15:00,87,fall,20,102,NA,NA,1988,18030012,Below Normal,Below Normal,1987-10-01T00:00:00Z,1988-10-01T00:00:00Z,-119.448,36.2544
362544N1194477W001,919843,1987-02-02T00:00:00Z,268.22,267.72,0,25,243.22,25,24.5,NA,Unknown,Water level accuracy is unknown,1,Department of Water Resources,NA,5030,Tulare Irrigation District,NA,NA,16614,19S23E26B001M,19S23E26B001M,Unknown,Unknown,5-022.11,Kaweah,Tulare,NA,Unknown,Single Well,NA,1961-10-04 00:00:00 - 2013-03-07 08:15:00,87,other,NA,NA,NA,NA,1987,18030012,Below Normal,Below Normal,1986-10-01T00:00:00Z,1987-10-01T00:00:00Z,-119.448,36.2544
362544N1194477W001,919842,1986-10-01T00:00:00Z,268.22,267.72,NA,NA,NA,NA,NA,Pumping,NA,NA,1,Department of Water Resources,NA,624,Bureau of Reclamation,NA,NA,16614,19S23E26B001M,19S23E26B001M,Unknown,Unknown,5-022.11,Kaweah,Tulare,NA,Unknown,Single Well,NA,1961-10-04 00:00:00 - 2013-03-07 08:15:00,87,fall,20,102,NA,NA,1987,18030012,Below Normal,Below Normal,1986-10-01T00:00:00Z,1987-10-01T00:00:00Z,-119.448,36.2544
362544N1194477W001,919841,1986-02-20T00:00:00Z,268.22,267.72,0,39.5,228.72,39.5,39,NA,Unknown,Water level accuracy is unknown,1,Department of Water Resources,NA,624,Bureau of Reclamation,NA,NA,16614,19S23E26B001M,19S23E26B001M,Unknown,Unknown,5-022.11,Kaweah,Tulare,NA,Unknown,Single Well,NA,1961-10-04 00:00:00 - 2013-03-07 08:15:00,87,other,NA,NA,NA,NA,1986,18030012,Above Normal,Above Normal,1985-10-01T00:00:00Z,1986-10-01T00:00:00Z,-119.448,36.2544
362544N1194477W001,919840,1985-09-30T00:00:00Z,268.22,267.72,0,42.5,225.72,42.5,42,NA,Unknown,Water level accuracy is unknown,1,Department of Water Resources,NA,624,Bureau of Reclamation,NA,NA,16614,19S23E26B001M,19S23E26B001M,Unknown,Unknown,5-022.11,Kaweah,Tulare,NA,Unknown,Single Well,NA,1961-10-04 00:00:00 - 2013-03-07 08:15:00,87,fall,20,102,NA,NA,1985,18030012,Dry,Dry,1984-10-01T00:00:00Z,1985-10-01T00:00:00Z,-119.448,36.2544
362544N1194477W001,919839,1985-02-06T00:00:00Z,268.22,267.72,0,32,236.22,32,31.5,NA,Unknown,Water level accuracy is unknown,1,Department of Water Resources,NA,624,Bureau of Reclamation,NA,NA,16614,19S23E26B001M,19S23E26B001M,Unknown,Unknown,5-022.11,Kaweah,Tulare,NA,Unknown,Single Well,NA,1961-10-04 00:00:00 - 2013-03-07 08:15:00,87,other,NA,NA,NA,NA,1985,18030012,Dry,Dry,1984-10-01T00:00:00Z,1985-10-01T00:00:00Z,-119.448,36.2544
362544N1194477W001,919838,1984-10-17T00:00:00Z,268.22,267.72,0,26.5,241.72,26.5,26,NA,Unknown,Water level accuracy is unknown,1,Department of Water Resources,NA,624,Bureau of Reclamation,NA,NA,16614,19S23E26B001M,19S23E26B001M,Unknown,Unknown,5-022.11,Kaweah,Tulare,NA,Unknown,Single Well,NA,1961-10-04 00:00:00 - 2013-03-07 08:15:00,87,fall,20,102,NA,NA,1985,18030012,Dry,Dry,1984-10-01T00:00:00Z,1985-10-01T00:00:00Z,-119.448,36.2544
362544N1194477W001,919837,1984-02-27T00:00:00Z,268.22,267.72,0,21,247.22,21,20.5,NA,Unknown,Water level accuracy is unknown,1,Department of Water Resources,NA,624,Bureau of Reclamation,NA,NA,16614,19S23E26B001M,19S23E26B001M,Unknown,Unknown,5-022.11,Kaweah,Tulare,NA,Unknown,Single Well,NA,1961-10-04 00:00:00 - 2013-03-07 08:15:00,87,other,NA,NA,NA,NA,1984,18030012,Above Normal,Above Normal,1983-10-01T00:00:00Z,1984-10-01T00:00:00Z,-119.448,36.2544
362544N1194477W001,919836,1983-10-17T00:00:00Z,268.22,267.72,0,20.5,247.72,20.5,20,NA,Unknown,Water level accuracy is unknown,1,Department of Water Resources,NA,624,Bureau of Reclamation,NA,NA,16614,19S23E26B001M,19S23E26B001M,Unknown,Unknown,5-022.11,Kaweah,Tulare,NA,Unknown,Single Well,NA,1961-10-04 00:00:00 - 2013-03-07 08:15:00,87,fall,20,102,NA,NA,1984,18030012,Above Normal,Above Normal,1983-10-01T00:00:00Z,1984-10-01T00:00:00Z,-119.448,36.2544
362544N1194477W001,919835,1983-02-07T00:00:00Z,268.22,267.72,0,28,240.22,28,27.5,NA,Unknown,Water level accuracy is unknown,1,Department of Water Resources,NA,5030,Tulare Irrigation District,NA,NA,16614,19S23E26B001M,19S23E26B001M,Unknown,Unknown,5-022.11,Kaweah,Tulare,NA,Unknown,Single Well,NA,1961-10-04 00:00:00 - 2013-03-07 08:15:00,87,other,NA,NA,NA,NA,1983,18030012,Wet,Wet,1982-10-01T00:00:00Z,1983-10-01T00:00:00Z,-119.448,36.2544
362544N1194477W001,919834,1982-10-07T00:00:00Z,268.22,267.72,0,29.5,238.72,29.5,29,NA,Unknown,Water level accuracy is unknown,1,Department of Water Resources,NA,5030,Tulare Irrigation District,NA,NA,16614,19S23E26B001M,19S23E26B001M,Unknown,Unknown,5-022.11,Kaweah,Tulare,NA,Unknown,Single Well,NA,1961-10-04 00:00:00 - 2013-03-07 08:15:00,87,fall,20,102,NA,NA,1983,18030012,Wet,Wet,1982-10-01T00:00:00Z,1983-10-01T00:00:00Z,-119.448,36.2544
362544N1194477W001,919833,1982-01-26T00:00:00Z,268.22,267.72,0,57,211.22,57,56.5,NA,Unknown,Water level accuracy is unknown,1,Department of Water Resources,NA,624,Bureau of Reclamation,NA,NA,16614,19S23E26B001M,19S23E26B001M,Unknown,Unknown,5-022.11,Kaweah,Tulare,NA,Unknown,Single Well,NA,1961-10-04 00:00:00 - 2013-03-07 08:15:00,87,other,NA,NA,NA,NA,1982,18030012,Wet,Wet,1981-10-01T00:00:00Z,1982-10-01T00:00:00Z,-119.448,36.2544
362544N1194477W001,919832,1981-09-21T00:00:00Z,268.22,267.72,0,60,208.22,60,59.5,NA,Unknown,Water level accuracy is unknown,1,Department of Water Resources,NA,624,Bureau of Reclamation,NA,NA,16614,19S23E26B001M,19S23E26B001M,Unknown,Unknown,5-022.11,Kaweah,Tulare,NA,Unknown,Single Well,NA,1961-10-04 00:00:00 - 2013-03-07 08:15:00,87,fall,20,102,NA,NA,1981,18030012,Below Normal,Below Normal,1980-10-01T00:00:00Z,1981-10-01T00:00:00Z,-119.448,36.2544
362544N1194477W001,919831,1981-01-29T00:00:00Z,268.22,267.72,0,40,228.22,40,39.5,NA,Unknown,Water level accuracy is unknown,1,Department of Water Resources,NA,5030,Tulare Irrigation District,NA,NA,16614,19S23E26B001M,19S23E26B001M,Unknown,Unknown,5-022.11,Kaweah,Tulare,NA,Unknown,Single Well,NA,1961-10-04 00:00:00 - 2013-03-07 08:15:00,87,other,NA,NA,NA,NA,1981,18030012,Below Normal,Below Normal,1980-10-01T00:00:00Z,1981-10-01T00:00:00Z,-119.448,36.2544
362544N1194477W001,919830,1980-09-24T00:00:00Z,268.22,267.72,0,38,230.22,38,37.5,NA,Unknown,Water level accuracy is unknown,1,Department of Water Resources,NA,5030,Tulare Irrigation District,NA,NA,16614,19S23E26B001M,19S23E26B001M,Unknown,Unknown,5-022.11,Kaweah,Tulare,NA,Unknown,Single Well,NA,1961-10-04 00:00:00 - 2013-03-07 08:15:00,87,fall,20,102,NA,NA,1980,18030012,Wet,Wet,1979-10-01T00:00:00Z,1980-10-01T00:00:00Z,-119.448,36.2544
362544N1194477W001,919829,1980-01-31T00:00:00Z,268.22,267.72,0,59,209.22,59,58.5,NA,Unknown,Water level accuracy is unknown,1,Department of Water Resources,NA,5030,Tulare Irrigation District,NA,NA,16614,19S23E26B001M,19S23E26B001M,Unknown,Unknown,5-022.11,Kaweah,Tulare,NA,Unknown,Single Well,NA,1961-10-04 00:00:00 - 2013-03-07 08:15:00,87,other,NA,NA,NA,NA,1980,18030012,Wet,Wet,1979-10-01T00:00:00Z,1980-10-01T00:00:00Z,-119.448,36.2544
362544N1194477W001,919828,1979-09-24T00:00:00Z,268.22,267.72,0,47,221.22,47,46.5,Caved or deepened,Unknown,Water level accuracy is unknown,1,Department of Water Resources,NA,5030,Tulare Irrigation District,NA,NA,16614,19S23E26B001M,19S23E26B001M,Unknown,Unknown,5-022.11,Kaweah,Tulare,NA,Unknown,Single Well,NA,1961-10-04 00:00:00 - 2013-03-07 08:15:00,87,fall,20,102,NA,NA,1979,18030012,Wet,Wet,1978-10-01T00:00:00Z,1979-10-01T00:00:00Z,-119.448,36.2544
362544N1194477W001,919827,1979-01-23T00:00:00Z,268.22,267.72,0,54,214.22,54,53.5,NA,Unknown,Water level accuracy is unknown,1,Department of Water Resources,NA,5030,Tulare Irrigation District,NA,NA,16614,19S23E26B001M,19S23E26B001M,Unknown,Unknown,5-022.11,Kaweah,Tulare,NA,Unknown,Single Well,NA,1961-10-04 00:00:00 - 2013-03-07 08:15:00,87,other,NA,NA,NA,NA,1979,18030012,Wet,Wet,1978-10-01T00:00:00Z,1979-10-01T00:00:00Z,-119.448,36.2544
362544N1194477W001,919826,1978-10-03T00:00:00Z,268.22,267.72,0,50,218.22,50,49.5,NA,Unknown,Water level accuracy is unknown,1,Department of Water Resources,NA,5030,Tulare Irrigation District,NA,NA,16614,19S23E26B001M,19S23E26B001M,Unknown,Unknown,5-022.11,Kaweah,Tulare,NA,Unknown,Single Well,NA,1961-10-04 00:00:00 - 2013-03-07 08:15:00,87,fall,20,102,NA,NA,1979,18030012,Wet,Wet,1978-10-01T00:00:00Z,1979-10-01T00:00:00Z,-119.448,36.2544
362544N1194477W001,919825,1978-02-01T00:00:00Z,268.22,267.72,0,100,168.22,100,99.5,NA,Unknown,Water level accuracy is unknown,1,Department of Water Resources,NA,5030,Tulare Irrigation District,NA,NA,16614,19S23E26B001M,19S23E26B001M,Unknown,Unknown,5-022.11,Kaweah,Tulare,NA,Unknown,Single Well,NA,1961-10-04 00:00:00 - 2013-03-07 08:15:00,87,other,NA,NA,NA,NA,1978,18030012,Wet,Wet,1977-10-01T00:00:00Z,1978-10-01T00:00:00Z,-119.448,36.2544
362544N1194477W001,919824,1977-10-04T00:00:00Z,268.22,267.72,0,99,169.22,99,98.5,NA,Unknown,Water level accuracy is unknown,1,Department of Water Resources,NA,5030,Tulare Irrigation District,NA,NA,16614,19S23E26B001M,19S23E26B001M,Unknown,Unknown,5-022.11,Kaweah,Tulare,NA,Unknown,Single Well,NA,1961-10-04 00:00:00 - 2013-03-07 08:15:00,87,fall,20,102,NA,NA,1978,18030012,Wet,Wet,1977-10-01T00:00:00Z,1978-10-01T00:00:00Z,-119.448,36.2544
362544N1194477W001,919823,1977-01-25T00:00:00Z,268.22,267.72,NA,NA,NA,NA,NA,Pumping,NA,NA,1,Department of Water Resources,NA,5030,Tulare Irrigation District,NA,NA,16614,19S23E26B001M,19S23E26B001M,Unknown,Unknown,5-022.11,Kaweah,Tulare,NA,Unknown,Single Well,NA,1961-10-04 00:00:00 - 2013-03-07 08:15:00,87,other,NA,NA,NA,NA,1977,18030012,Dry,Dry,1976-10-01T00:00:00Z,1977-10-01T00:00:00Z,-119.448,36.2544
362544N1194477W001,919822,1976-10-07T00:00:00Z,268.22,267.72,0,76.5,191.72,76.5,76,NA,Unknown,Water level accuracy is unknown,1,Department of Water Resources,NA,5030,Tulare Irrigation District,NA,NA,16614,19S23E26B001M,19S23E26B001M,Unknown,Unknown,5-022.11,Kaweah,Tulare,NA,Unknown,Single Well,NA,1961-10-04 00:00:00 - 2013-03-07 08:15:00,87,fall,20,102,NA,NA,1977,18030012,Dry,Dry,1976-10-01T00:00:00Z,1977-10-01T00:00:00Z,-119.448,36.2544
362544N1194477W001,919821,1976-01-28T00:00:00Z,268.22,267.72,0,54,214.22,54,53.5,NA,Unknown,Water level accuracy is unknown,1,Department of Water Resources,NA,5030,Tulare Irrigation District,NA,NA,16614,19S23E26B001M,19S23E26B001M,Unknown,Unknown,5-022.11,Kaweah,Tulare,NA,Unknown,Single Well,NA,1961-10-04 00:00:00 - 2013-03-07 08:15:00,87,other,NA,NA,NA,NA,1976,18030012,Above Normal,Above Normal,1975-10-01T00:00:00Z,1976-10-01T00:00:00Z,-119.448,36.2544
362544N1194477W001,919820,1975-10-01T00:00:00Z,268.22,267.72,0,51,217.22,51,50.5,NA,Unknown,Water level accuracy is unknown,1,Department of Water Resources,NA,5030,Tulare Irrigation District,NA,NA,16614,19S23E26B001M,19S23E26B001M,Unknown,Unknown,5-022.11,Kaweah,Tulare,NA,Unknown,Single Well,NA,1961-10-04 00:00:00 - 2013-03-07 08:15:00,87,fall,20,102,NA,NA,1976,18030012,Above Normal,Above Normal,1975-10-01T00:00:00Z,1976-10-01T00:00:00Z,-119.448,36.2544
362544N1194477W001,919819,1975-02-11T00:00:00Z,268.22,267.72,0,59,209.22,59,58.5,NA,Unknown,Water level accuracy is unknown,1,Department of Water Resources,NA,5030,Tulare Irrigation District,NA,NA,16614,19S23E26B001M,19S23E26B001M,Unknown,Unknown,5-022.11,Kaweah,Tulare,NA,Unknown,Single Well,NA,1961-10-04 00:00:00 - 2013-03-07 08:15:00,87,other,NA,NA,NA,NA,1975,18030012,Above Normal,Above Normal,1974-10-01T00:00:00Z,1975-10-01T00:00:00Z,-119.448,36.2544
362544N1194477W001,919818,1974-10-03T00:00:00Z,268.22,267.72,0,40,228.22,40,39.5,NA,Unknown,Water level accuracy is unknown,1,Department of Water Resources,NA,5030,Tulare Irrigation District,NA,NA,16614,19S23E26B001M,19S23E26B001M,Unknown,Unknown,5-022.11,Kaweah,Tulare,NA,Unknown,Single Well,NA,1961-10-04 00:00:00 - 2013-03-07 08:15:00,87,fall,20,102,NA,NA,1975,18030012,Above Normal,Above Normal,1974-10-01T00:00:00Z,1975-10-01T00:00:00Z,-119.448,36.2544
362544N1194477W001,919817,1974-01-23T00:00:00Z,268.22,267.72,0,55,213.22,55,54.5,NA,Unknown,Water level accuracy is unknown,1,Department of Water Resources,NA,5030,Tulare Irrigation District,NA,NA,16614,19S23E26B001M,19S23E26B001M,Unknown,Unknown,5-022.11,Kaweah,Tulare,NA,Unknown,Single Well,NA,1961-10-04 00:00:00 - 2013-03-07 08:15:00,87,other,NA,NA,NA,NA,1974,18030012,Wet,Wet,1973-10-01T00:00:00Z,1974-10-01T00:00:00Z,-119.448,36.2544
362544N1194477W001,919816,1973-10-02T00:00:00Z,268.22,267.72,0,56,212.22,56,55.5,NA,Unknown,Water level accuracy is unknown,1,Department of Water Resources,NA,5030,Tulare Irrigation District,NA,NA,16614,19S23E26B001M,19S23E26B001M,Unknown,Unknown,5-022.11,Kaweah,Tulare,NA,Unknown,Single Well,NA,1961-10-04 00:00:00 - 2013-03-07 08:15:00,87,fall,20,102,NA,NA,1974,18030012,Wet,Wet,1973-10-01T00:00:00Z,1974-10-01T00:00:00Z,-119.448,36.2544
362544N1194477W001,919815,1973-02-12T00:00:00Z,268.22,267.72,0,91,177.22,91,90.5,NA,Unknown,Water level accuracy is unknown,1,Department of Water Resources,NA,5030,Tulare Irrigation District,NA,NA,16614,19S23E26B001M,19S23E26B001M,Unknown,Unknown,5-022.11,Kaweah,Tulare,NA,Unknown,Single Well,NA,1961-10-04 00:00:00 - 2013-03-07 08:15:00,87,other,NA,NA,NA,NA,1973,18030012,Wet,Wet,1972-10-01T00:00:00Z,1973-10-01T00:00:00Z,-119.448,36.2544
362544N1194477W001,919814,1972-10-11T00:00:00Z,268.22,267.72,0,79,189.22,79,78.5,NA,Unknown,Water level accuracy is unknown,1,Department of Water Resources,NA,5030,Tulare Irrigation District,NA,NA,16614,19S23E26B001M,19S23E26B001M,Unknown,Unknown,5-022.11,Kaweah,Tulare,NA,Unknown,Single Well,NA,1961-10-04 00:00:00 - 2013-03-07 08:15:00,87,fall,20,102,NA,NA,1973,18030012,Wet,Wet,1972-10-01T00:00:00Z,1973-10-01T00:00:00Z,-119.448,36.2544
362544N1194477W001,919813,1972-02-22T00:00:00Z,268.22,267.72,0,80,188.22,80,79.5,NA,Unknown,Water level accuracy is unknown,1,Department of Water Resources,NA,5030,Tulare Irrigation District,NA,NA,16614,19S23E26B001M,19S23E26B001M,Unknown,Unknown,5-022.11,Kaweah,Tulare,NA,Unknown,Single Well,NA,1961-10-04 00:00:00 - 2013-03-07 08:15:00,87,other,NA,NA,NA,NA,1972,18030012,Critical,Critical,1971-10-01T00:00:00Z,1972-10-01T00:00:00Z,-119.448,36.2544
362544N1194477W001,919812,1971-10-07T00:00:00Z,268.22,267.72,0,59.4,208.82,59.4,58.9,NA,Unknown,Water level accuracy is unknown,1,Department of Water Resources,NA,5030,Tulare Irrigation District,NA,NA,16614,19S23E26B001M,19S23E26B001M,Unknown,Unknown,5-022.11,Kaweah,Tulare,NA,Unknown,Single Well,NA,1961-10-04 00:00:00 - 2013-03-07 08:15:00,87,fall,20,102,NA,NA,1972,18030012,Critical,Critical,1971-10-01T00:00:00Z,1972-10-01T00:00:00Z,-119.448,36.2544
362544N1194477W001,919811,1971-02-12T00:00:00Z,268.22,267.72,0,50.5,217.72,50.5,50,NA,Unknown,Water level accuracy is unknown,1,Department of Water Resources,NA,5030,Tulare Irrigation District,NA,NA,16614,19S23E26B001M,19S23E26B001M,Unknown,Unknown,5-022.11,Kaweah,Tulare,NA,Unknown,Single Well,NA,1961-10-04 00:00:00 - 2013-03-07 08:15:00,87,other,NA,NA,NA,NA,1971,18030012,Dry,Dry,1970-10-01T00:00:00Z,1971-10-01T00:00:00Z,-119.448,36.2544
362544N1194477W001,919810,1970-09-30T00:00:00Z,268.22,267.72,0,49.8,218.42,49.8,49.3,NA,Unknown,Water level accuracy is unknown,1,Department of Water Resources,NA,5030,Tulare Irrigation District,NA,NA,16614,19S23E26B001M,19S23E26B001M,Unknown,Unknown,5-022.11,Kaweah,Tulare,NA,Unknown,Single Well,NA,1961-10-04 00:00:00 - 2013-03-07 08:15:00,87,fall,20,102,NA,NA,1970,18030012,Wet,Wet,1969-10-01T00:00:00Z,1970-10-01T00:00:00Z,-119.448,36.2544
362544N1194477W001,919809,1969-09-22T00:00:00Z,268.22,267.72,0,28.8,239.42,28.8,28.3,NA,Unknown,Water level accuracy is unknown,1,Department of Water Resources,NA,624,Bureau of Reclamation,NA,NA,16614,19S23E26B001M,19S23E26B001M,Unknown,Unknown,5-022.11,Kaweah,Tulare,NA,Unknown,Single Well,NA,1961-10-04 00:00:00 - 2013-03-07 08:15:00,87,fall,20,102,NA,NA,1969,18030012,Wet,Wet,1968-10-01T00:00:00Z,1969-10-01T00:00:00Z,-119.448,36.2544
362544N1194477W001,919808,1969-02-03T00:00:00Z,268.22,267.72,0,65.7,202.52,65.7,65.2,NA,Unknown,Water level accuracy is unknown,1,Department of Water Resources,NA,5030,Tulare Irrigation District,NA,NA,16614,19S23E26B001M,19S23E26B001M,Unknown,Unknown,5-022.11,Kaweah,Tulare,NA,Unknown,Single Well,NA,1961-10-04 00:00:00 - 2013-03-07 08:15:00,87,other,NA,NA,NA,NA,1969,18030012,Wet,Wet,1968-10-01T00:00:00Z,1969-10-01T00:00:00Z,-119.448,36.2544
362544N1194477W001,919807,1968-02-01T00:00:00Z,268.22,267.72,0,43.4,224.82,43.4,42.9,NA,Unknown,Water level accuracy is unknown,1,Department of Water Resources,NA,5030,Tulare Irrigation District,NA,NA,16614,19S23E26B001M,19S23E26B001M,Unknown,Unknown,5-022.11,Kaweah,Tulare,NA,Unknown,Single Well,NA,1961-10-04 00:00:00 - 2013-03-07 08:15:00,87,other,NA,NA,NA,NA,1968,18030012,Below Normal,Below Normal,1967-10-01T00:00:00Z,1968-10-01T00:00:00Z,-119.448,36.2544
362544N1194477W001,919806,1967-02-13T00:00:00Z,268.22,267.72,0,72.3,195.92,72.3,71.8,NA,Unknown,Water level accuracy is unknown,1,Department of Water Resources,NA,5030,Tulare Irrigation District,NA,NA,16614,19S23E26B001M,19S23E26B001M,Unknown,Unknown,5-022.11,Kaweah,Tulare,NA,Unknown,Single Well,NA,1961-10-04 00:00:00 - 2013-03-07 08:15:00,87,other,NA,NA,NA,NA,1967,18030012,Wet,Wet,1966-10-01T00:00:00Z,1967-10-01T00:00:00Z,-119.448,36.2544
362544N1194477W001,919805,1966-02-03T00:00:00Z,268.22,267.72,0,58,210.22,58,57.5,NA,Unknown,Water level accuracy is unknown,1,Department of Water Resources,NA,5030,Tulare Irrigation District,NA,NA,16614,19S23E26B001M,19S23E26B001M,Unknown,Unknown,5-022.11,Kaweah,Tulare,NA,Unknown,Single Well,NA,1961-10-04 00:00:00 - 2013-03-07 08:15:00,87,other,NA,NA,NA,NA,1966,18030012,Below Normal,Below Normal,1965-10-01T00:00:00Z,1966-10-01T00:00:00Z,-119.448,36.2544
362544N1194477W001,919804,1965-02-02T00:00:00Z,268.22,267.72,0,84,184.22,84,83.5,NA,Unknown,Water level accuracy is unknown,1,Department of Water Resources,NA,5030,Tulare Irrigation District,NA,NA,16614,19S23E26B001M,19S23E26B001M,Unknown,Unknown,5-022.11,Kaweah,Tulare,NA,Unknown,Single Well,NA,1961-10-04 00:00:00 - 2013-03-07 08:15:00,87,other,NA,NA,NA,NA,1965,18030012,Below Normal,Below Normal,1964-10-01T00:00:00Z,1965-10-01T00:00:00Z,-119.448,36.2544
362544N1194477W001,919803,1964-10-01T00:00:00Z,268.22,267.72,NA,NA,NA,NA,NA,Pumping,NA,NA,1,Department of Water Resources,NA,5030,Tulare Irrigation District,NA,NA,16614,19S23E26B001M,19S23E26B001M,Unknown,Unknown,5-022.11,Kaweah,Tulare,NA,Unknown,Single Well,NA,1961-10-04 00:00:00 - 2013-03-07 08:15:00,87,fall,20,102,NA,NA,1965,18030012,Below Normal,Below Normal,1964-10-01T00:00:00Z,1965-10-01T00:00:00Z,-119.448,36.2544
362544N1194477W001,919802,1964-02-10T00:00:00Z,268.22,267.72,0,64.6,203.62,64.6,64.1,NA,Unknown,Water level accuracy is unknown,1,Department of Water Resources,NA,5030,Tulare Irrigation District,NA,NA,16614,19S23E26B001M,19S23E26B001M,Unknown,Unknown,5-022.11,Kaweah,Tulare,NA,Unknown,Single Well,NA,1961-10-04 00:00:00 - 2013-03-07 08:15:00,87,other,NA,NA,NA,NA,1964,18030012,Dry,Dry,1963-10-01T00:00:00Z,1964-10-01T00:00:00Z,-119.448,36.2544
362544N1194477W001,919801,1963-02-20T00:00:00Z,268.22,267.72,0,80.2,188.02,80.2,79.7,NA,Unknown,Water level accuracy is unknown,1,Department of Water Resources,NA,5030,Tulare Irrigation District,NA,NA,16614,19S23E26B001M,19S23E26B001M,Unknown,Unknown,5-022.11,Kaweah,Tulare,NA,Unknown,Single Well,NA,1961-10-04 00:00:00 - 2013-03-07 08:15:00,87,other,NA,NA,NA,NA,1963,18030012,Above Normal,Above Normal,1962-10-01T00:00:00Z,1963-10-01T00:00:00Z,-119.448,36.2544
362544N1194477W001,919800,1962-02-08T00:00:00Z,268.22,267.72,0,102.5,165.72,102.5,102,NA,Unknown,Water level accuracy is unknown,1,Department of Water Resources,NA,5030,Tulare Irrigation District,NA,NA,16614,19S23E26B001M,19S23E26B001M,Unknown,Unknown,5-022.11,Kaweah,Tulare,NA,Unknown,Single Well,NA,1961-10-04 00:00:00 - 2013-03-07 08:15:00,87,other,NA,NA,NA,NA,1962,18030012,Above Normal,Above Normal,1961-10-01T00:00:00Z,1962-10-01T00:00:00Z,-119.448,36.2544
362544N1194477W001,919799,1961-10-04T00:00:00Z,268.22,267.72,0,102.4,165.82,102.4,101.9,NA,Unknown,Water level accuracy is unknown,1,Department of Water Resources,NA,5030,Tulare Irrigation District,NA,NA,16614,19S23E26B001M,19S23E26B001M,Unknown,Unknown,5-022.11,Kaweah,Tulare,NA,Unknown,Single Well,NA,1961-10-04 00:00:00 - 2013-03-07 08:15:00,87,fall,20,102,NA,NA,1962,18030012,Above Normal,Above Normal,1961-10-01T00:00:00Z,1962-10-01T00:00:00Z,-119.448,36.2544
