SITE_CODE,WLM_ID,MSMT_DATE,WLM_RPE,WLM_GSE,RDNG_WS,RDNG_RP,WSE,RPE_WSE,GSE_WSE,WLM_QA_DESC,WLM_DESC,WLM_ACC_DESC,WLM_ORG_ID,WLM_ORG_NAME,MSMT_CMT,COOP_AGENCY_ORG_ID,COOP_ORG_NAME,TOP_PRF,BOT_PRF,STN_ID,SWN,WELL_NAME,WLM_METHOD,WLM_ACC,BASIN_CODE,BASIN_NAME,COUNTY_NAME,WELL_DEPTH,WELL_USE,WELL_TYPE,WCR_NO,t_range,n_samples,season,fall_high,fall_low,spring_high,spring_low,water_year,HUC8,WYT,water_year_type,water_year_start,water_year_end,X,Y
362547N1194835W001,2447748,2019-01-29T07:30:00Z,258.74,257.74,7,140,125.74,133,132,NA,Steel tape measurement,Water level accuracy to nearest foot,5030,Tulare Irrigation District,NA,5030,Tulare Irrigation District,NA,NA,16609,19S23E21P001M,192321P1,GPS,Unknown,5-022.11,Kaweah,Tulare,325,Irrigation,Single Well,NA,2011-02-22 07:15:00 - 2019-01-29 07:30:00,19,other,NA,NA,NA,NA,2019,NA,NA,NA,2018-10-01T00:00:00Z,2019-10-01T00:00:00Z,-119.484,36.2547
362547N1194835W001,2415737,2018-10-08T07:30:00Z,258.74,257.74,19,150,127.74,131,130,NA,Steel tape measurement,Water level accuracy to nearest foot,5030,Tulare Irrigation District,NA,5030,Tulare Irrigation District,NA,NA,16609,19S23E21P001M,192321P1,GPS,Unknown,5-022.11,Kaweah,Tulare,325,Irrigation,Single Well,NA,2011-02-22 07:15:00 - 2019-01-29 07:30:00,19,fall,92.37,164,NA,NA,2019,NA,NA,NA,2018-10-01T00:00:00Z,2019-10-01T00:00:00Z,-119.484,36.2547
362547N1194835W001,2282140,2018-01-29T07:30:00Z,258.74,257.74,19,150,127.74,131,130,NA,Steel tape measurement,Water level accuracy to nearest foot,5030,Tulare Irrigation District,NA,5030,Tulare Irrigation District,NA,NA,16609,19S23E21P001M,192321P1,GPS,Unknown,5-022.11,Kaweah,Tulare,325,Irrigation,Single Well,NA,2011-02-22 07:15:00 - 2019-01-29 07:30:00,19,other,NA,NA,NA,NA,2018,18030012,Below Normal,Below Normal,2017-10-01T00:00:00Z,2018-10-01T00:00:00Z,-119.484,36.2547
362547N1194835W001,2262937,2017-09-25T07:30:00Z,258.74,257.74,42,180,120.74,138,137,NA,Steel tape measurement,Water level accuracy to nearest foot,5030,Tulare Irrigation District,NA,5030,Tulare Irrigation District,NA,NA,16609,19S23E21P001M,192321P1,GPS,Unknown,5-022.11,Kaweah,Tulare,325,Irrigation,Single Well,NA,2011-02-22 07:15:00 - 2019-01-29 07:30:00,19,fall,92.37,164,NA,NA,2017,18030012,Wet,Wet,2016-10-01T00:00:00Z,2017-10-01T00:00:00Z,-119.484,36.2547
362547N1194835W001,2250744,2017-01-26T06:30:00Z,258.74,257.74,17,165,110.74,148,147,NA,Steel tape measurement,Water level accuracy to nearest foot,5030,Tulare Irrigation District,NA,5030,Tulare Irrigation District,NA,NA,16609,19S23E21P001M,192321P1,GPS,Unknown,5-022.11,Kaweah,Tulare,325,Irrigation,Single Well,NA,2011-02-22 07:15:00 - 2019-01-29 07:30:00,19,other,NA,NA,NA,NA,2017,18030012,Wet,Wet,2016-10-01T00:00:00Z,2017-10-01T00:00:00Z,-119.484,36.2547
362547N1194835W001,2231677,2016-10-24T00:00:00Z,251.382,251.091,8,160,99.382,152,151.709,NA,Steel tape measurement,Water level accuracy to nearest foot,5030,Tulare Irrigation District,NA,5030,Tulare Irrigation District,NA,NA,16609,19S23E21P001M,192321P1,GPS,Unknown,5-022.11,Kaweah,Tulare,325,Irrigation,Single Well,NA,2011-02-22 07:15:00 - 2019-01-29 07:30:00,19,fall,92.37,164,NA,NA,2017,18030012,Wet,Wet,2016-10-01T00:00:00Z,2017-10-01T00:00:00Z,-119.484,36.2547
362547N1194835W001,2183734,2016-02-02T07:00:00Z,258.74,257.74,40,200,98.74,160,159,NA,Steel tape measurement,Water level accuracy to nearest foot,5030,Tulare Irrigation District,NA,5030,Tulare Irrigation District,NA,NA,16609,19S23E21P001M,192321P1,GPS,Unknown,5-022.11,Kaweah,Tulare,325,Irrigation,Single Well,NA,2011-02-22 07:15:00 - 2019-01-29 07:30:00,19,other,NA,NA,NA,NA,2016,18030012,Below Normal,Below Normal,2015-10-01T00:00:00Z,2016-10-01T00:00:00Z,-119.484,36.2547
362547N1194835W001,2169059,2015-09-29T00:00:00Z,258.74,257.74,5,170,93.74,165,164,NA,Steel tape measurement,Water level accuracy to nearest tenth of a foot,5030,Tulare Irrigation District,NA,5030,Tulare Irrigation District,NA,NA,16609,19S23E21P001M,192321P1,GPS,Unknown,5-022.11,Kaweah,Tulare,325,Irrigation,Single Well,NA,2011-02-22 07:15:00 - 2019-01-29 07:30:00,19,fall,92.37,164,NA,NA,2015,18030012,Critical,Critical,2014-10-01T00:00:00Z,2015-10-01T00:00:00Z,-119.484,36.2547
362547N1194835W001,2137388,2015-03-17T09:00:00Z,258.74,257.74,NA,NA,NA,NA,NA,Pumping,NA,NA,5030,Tulare Irrigation District,NA,5030,Tulare Irrigation District,NA,NA,16609,19S23E21P001M,192321P1,GPS,Unknown,5-022.11,Kaweah,Tulare,325,Irrigation,Single Well,NA,2011-02-22 07:15:00 - 2019-01-29 07:30:00,19,spring,NA,NA,134,134,2015,18030012,Critical,Critical,2014-10-01T00:00:00Z,2015-10-01T00:00:00Z,-119.484,36.2547
362547N1194835W001,2137387,2014-10-10T14:30:00Z,258.74,257.74,10,150,118.74,140,139,Oil or foreign substance in casing,Steel tape measurement,NA,5030,Tulare Irrigation District,NA,5030,Tulare Irrigation District,NA,NA,16609,19S23E21P001M,192321P1,GPS,Unknown,5-022.11,Kaweah,Tulare,325,Irrigation,Single Well,NA,2011-02-22 07:15:00 - 2019-01-29 07:30:00,19,fall,92.37,164,NA,NA,2015,18030012,Critical,Critical,2014-10-01T00:00:00Z,2015-10-01T00:00:00Z,-119.484,36.2547
362547N1194835W001,2137386,2014-02-13T00:00:00Z,258.74,257.74,39,160,137.74,121,120,Oil or foreign substance in casing,Steel tape measurement,NA,5030,Tulare Irrigation District,NA,5030,Tulare Irrigation District,NA,NA,16609,19S23E21P001M,192321P1,GPS,Unknown,5-022.11,Kaweah,Tulare,325,Irrigation,Single Well,NA,2011-02-22 07:15:00 - 2019-01-29 07:30:00,19,other,NA,NA,NA,NA,2014,18030012,Critical,Critical,2013-10-01T00:00:00Z,2014-10-01T00:00:00Z,-119.484,36.2547
362547N1194835W001,2137385,2013-10-10T15:00:00Z,258.74,257.74,NA,NA,NA,NA,NA,Pumping,NA,NA,5030,Tulare Irrigation District,NA,5030,Tulare Irrigation District,NA,NA,16609,19S23E21P001M,192321P1,GPS,Unknown,5-022.11,Kaweah,Tulare,325,Irrigation,Single Well,NA,2011-02-22 07:15:00 - 2019-01-29 07:30:00,19,fall,92.37,164,NA,NA,2014,18030012,Critical,Critical,2013-10-01T00:00:00Z,2014-10-01T00:00:00Z,-119.484,36.2547
362547N1194835W001,2137384,2013-03-07T15:15:00Z,258.74,257.74,10,145,123.74,135,134,Oil or foreign substance in casing,Steel tape measurement,NA,5030,Tulare Irrigation District,NA,5030,Tulare Irrigation District,NA,NA,16609,19S23E21P001M,192321P1,GPS,Unknown,5-022.11,Kaweah,Tulare,325,Irrigation,Single Well,NA,2011-02-22 07:15:00 - 2019-01-29 07:30:00,19,spring,NA,NA,134,134,2013,18030012,Critical,Critical,2012-10-01T00:00:00Z,2013-10-01T00:00:00Z,-119.484,36.2547
362547N1194835W001,1988933,2013-03-07T07:00:00Z,258.736,257.736,NA,NA,NA,NA,NA,Special/Other,NA,NA,1,Department of Water Resources,tape=127,1,Department of Water Resources,NA,NA,16609,19S23E21P001M,192321P1,GPS,Unknown,5-022.11,Kaweah,Tulare,325,Irrigation,Single Well,NA,2011-02-22 07:15:00 - 2019-01-29 07:30:00,19,spring,NA,NA,134,134,2013,18030012,Critical,Critical,2012-10-01T00:00:00Z,2013-10-01T00:00:00Z,-119.484,36.2547
362547N1194835W001,2137383,2012-10-23T15:15:00Z,258.74,257.74,3,130,131.74,127,126,NA,Steel tape measurement,NA,5030,Tulare Irrigation District,NA,5030,Tulare Irrigation District,NA,NA,16609,19S23E21P001M,192321P1,GPS,Unknown,5-022.11,Kaweah,Tulare,325,Irrigation,Single Well,NA,2011-02-22 07:15:00 - 2019-01-29 07:30:00,19,fall,92.37,164,NA,NA,2013,18030012,Critical,Critical,2012-10-01T00:00:00Z,2013-10-01T00:00:00Z,-119.484,36.2547
362547N1194835W001,2137382,2012-02-15T08:45:00Z,258.74,257.74,NA,NA,NA,NA,NA,Pumping,NA,NA,5030,Tulare Irrigation District,NA,5030,Tulare Irrigation District,NA,NA,16609,19S23E21P001M,192321P1,GPS,Unknown,5-022.11,Kaweah,Tulare,325,Irrigation,Single Well,NA,2011-02-22 07:15:00 - 2019-01-29 07:30:00,19,other,NA,NA,NA,NA,2012,18030012,Below Normal,Below Normal,2011-10-01T00:00:00Z,2012-10-01T00:00:00Z,-119.484,36.2547
362547N1194835W001,37353,2011-10-10T10:00:00Z,250.63,250,0,93,157.63,93,92.37,NA,Electric sounder measurement,Water level accuracy to nearest tenth of a foot,5030,Tulare Irrigation District,NA,5030,Tulare Irrigation District,NA,NA,16609,19S23E21P001M,192321P1,GPS,Unknown,5-022.11,Kaweah,Tulare,325,Irrigation,Single Well,NA,2011-02-22 07:15:00 - 2019-01-29 07:30:00,19,fall,92.37,164,NA,NA,2012,18030012,Below Normal,Below Normal,2011-10-01T00:00:00Z,2012-10-01T00:00:00Z,-119.484,36.2547
362547N1194835W001,2137381,2011-02-22T08:20:00Z,258.74,257.74,0,106,152.74,106,105,NA,Electric sounder measurement,Water level accuracy to nearest tenth of a foot,5030,Tulare Irrigation District,NA,5030,Tulare Irrigation District,NA,NA,16609,19S23E21P001M,192321P1,GPS,Unknown,5-022.11,Kaweah,Tulare,325,Irrigation,Single Well,NA,2011-02-22 07:15:00 - 2019-01-29 07:30:00,19,other,NA,NA,NA,NA,2011,18030012,Wet,Wet,2010-10-01T00:00:00Z,2011-10-01T00:00:00Z,-119.484,36.2547
362547N1194835W001,93853,2011-02-22T07:15:00Z,258.736,257.736,0,106,152.736,106,105,NA,Unknown,Water level accuracy to nearest tenth of a foot,1,Department of Water Resources,NA,1,Department of Water Resources,NA,NA,16609,19S23E21P001M,192321P1,GPS,Unknown,5-022.11,Kaweah,Tulare,325,Irrigation,Single Well,NA,2011-02-22 07:15:00 - 2019-01-29 07:30:00,19,other,NA,NA,NA,NA,2011,18030012,Wet,Wet,2010-10-01T00:00:00Z,2011-10-01T00:00:00Z,-119.484,36.2547
