SITE_CODE,WLM_ID,MSMT_DATE,WLM_RPE,WLM_GSE,RDNG_WS,RDNG_RP,WSE,RPE_WSE,GSE_WSE,WLM_QA_DESC,WLM_DESC,WLM_ACC_DESC,WLM_ORG_ID,WLM_ORG_NAME,MSMT_CMT,COOP_AGENCY_ORG_ID,COOP_ORG_NAME,TOP_PRF,BOT_PRF,STN_ID,SWN,WELL_NAME,WLM_METHOD,WLM_ACC,BASIN_CODE,BASIN_NAME,COUNTY_NAME,WELL_DEPTH,WELL_USE,WELL_TYPE,WCR_NO,t_range,n_samples,season,fall_high,fall_low,spring_high,spring_low,water_year,HUC8,WYT,water_year_type,water_year_start,water_year_end,X,Y
362694N1193031W001,2447759,2019-01-30T07:00:00Z,315.15,314.34,12,150,177.15,138,137.19,NA,Steel tape measurement,Water level accuracy to nearest foot,5030,Tulare Irrigation District,NA,5030,Tulare Irrigation District,NA,NA,36183,19S25E19B001M,192519B1,GPS,0.1 ft.,5-022.11,Kaweah,Tulare,NA,Irrigation,Single Well,NA,2011-02-23 07:30:00 - 2019-01-30 07:00:00,8,other,NA,NA,NA,NA,2019,NA,NA,NA,2018-10-01T00:00:00Z,2019-10-01T00:00:00Z,-119.303,36.2694
362694N1193031W001,2415748,2018-10-09T07:00:00Z,315.15,314.34,8,150,173.15,142,141.19,NA,Steel tape measurement,Water level accuracy to nearest foot,5030,Tulare Irrigation District,NA,5030,Tulare Irrigation District,NA,NA,36183,19S25E19B001M,192519B1,GPS,0.1 ft.,5-022.11,Kaweah,Tulare,NA,Irrigation,Single Well,NA,2011-02-23 07:30:00 - 2019-01-30 07:00:00,8,fall,134.19,161.19,NA,NA,2019,NA,NA,NA,2018-10-01T00:00:00Z,2019-10-01T00:00:00Z,-119.303,36.2694
362694N1193031W001,2282151,2018-01-30T07:00:00Z,315.15,314.34,19,150,184.15,131,130.19,NA,Steel tape measurement,Water level accuracy to nearest foot,5030,Tulare Irrigation District,NA,5030,Tulare Irrigation District,NA,NA,36183,19S25E19B001M,192519B1,GPS,0.1 ft.,5-022.11,Kaweah,Tulare,NA,Irrigation,Single Well,NA,2011-02-23 07:30:00 - 2019-01-30 07:00:00,8,other,NA,NA,NA,NA,2018,18030012,Below Normal,Below Normal,2017-10-01T00:00:00Z,2018-10-01T00:00:00Z,-119.303,36.2694
362694N1193031W001,2262948,2017-09-28T07:00:00Z,315.15,314.34,25,160,180.15,135,134.19,NA,Steel tape measurement,Water level accuracy to nearest foot,5030,Tulare Irrigation District,NA,5030,Tulare Irrigation District,NA,NA,36183,19S25E19B001M,192519B1,GPS,0.1 ft.,5-022.11,Kaweah,Tulare,NA,Irrigation,Single Well,NA,2011-02-23 07:30:00 - 2019-01-30 07:00:00,8,fall,134.19,161.19,NA,NA,2017,18030012,Wet,Wet,2016-10-01T00:00:00Z,2017-10-01T00:00:00Z,-119.303,36.2694
362694N1193031W001,2250755,2017-01-26T12:00:00Z,315.15,314.34,18,180,153.15,162,161.19,NA,Steel tape measurement,Water level accuracy to nearest foot,5030,Tulare Irrigation District,NA,5030,Tulare Irrigation District,NA,NA,36183,19S25E19B001M,192519B1,GPS,0.1 ft.,5-022.11,Kaweah,Tulare,NA,Irrigation,Single Well,NA,2011-02-23 07:30:00 - 2019-01-30 07:00:00,8,other,NA,NA,NA,NA,2017,18030012,Wet,Wet,2016-10-01T00:00:00Z,2017-10-01T00:00:00Z,-119.303,36.2694
362694N1193031W001,2231654,2016-10-24T00:00:00Z,315.15,314.34,8,170,153.15,162,161.19,NA,Steel tape measurement,Water level accuracy to nearest foot,5030,Tulare Irrigation District,NA,5030,Tulare Irrigation District,NA,NA,36183,19S25E19B001M,192519B1,GPS,0.1 ft.,5-022.11,Kaweah,Tulare,NA,Irrigation,Single Well,NA,2011-02-23 07:30:00 - 2019-01-30 07:00:00,8,fall,134.19,161.19,NA,NA,2017,18030012,Wet,Wet,2016-10-01T00:00:00Z,2017-10-01T00:00:00Z,-119.303,36.2694
362694N1193031W001,1988965,2013-03-08T15:00:00Z,318.21,317.71,24,145,197.21,121,120.5,Pumped recently,Unknown,Water level accuracy to nearest tenth of a foot,1,Department of Water Resources,tape=121,1,Department of Water Resources,NA,NA,36183,19S25E19B001M,192519B1,GPS,0.1 ft.,5-022.11,Kaweah,Tulare,NA,Irrigation,Single Well,NA,2011-02-23 07:30:00 - 2019-01-30 07:00:00,8,spring,NA,NA,120.5,120.5,2013,18030012,Critical,Critical,2012-10-01T00:00:00Z,2013-10-01T00:00:00Z,-119.303,36.2694
362694N1193031W001,93889,2011-02-23T07:30:00Z,318.21,317.71,0,107,211.21,107,106.5,NA,Unknown,Water level accuracy to nearest tenth of a foot,1,Department of Water Resources,NA,1,Department of Water Resources,NA,NA,36183,19S25E19B001M,192519B1,GPS,0.1 ft.,5-022.11,Kaweah,Tulare,NA,Irrigation,Single Well,NA,2011-02-23 07:30:00 - 2019-01-30 07:00:00,8,other,NA,NA,NA,NA,2011,18030012,Wet,Wet,2010-10-01T00:00:00Z,2011-10-01T00:00:00Z,-119.303,36.2694
