SITE_CODE,WLM_ID,MSMT_DATE,WLM_RPE,WLM_GSE,RDNG_WS,RDNG_RP,WSE,RPE_WSE,GSE_WSE,WLM_QA_DESC,WLM_DESC,WLM_ACC_DESC,WLM_ORG_ID,WLM_ORG_NAME,MSMT_CMT,COOP_AGENCY_ORG_ID,COOP_ORG_NAME,TOP_PRF,BOT_PRF,STN_ID,SWN,WELL_NAME,WLM_METHOD,WLM_ACC,BASIN_CODE,BASIN_NAME,COUNTY_NAME,WELL_DEPTH,WELL_USE,WELL_TYPE,WCR_NO,t_range,n_samples,season,fall_high,fall_low,spring_high,spring_low,water_year,HUC8,WYT,water_year_type,water_year_start,water_year_end,X,Y
362625N1195116W001,1988932,2013-03-07T06:45:00Z,252.243,250.743,23,150,125.243,127,125.5,NA,Unknown,Water level accuracy to nearest tenth of a foot,1,Department of Water Resources,NA,1,Department of Water Resources,NA,NA,16606,19S23E19H001M,19S23E19H001M,Unknown,Unknown,5-022.11,Kaweah,Tulare,NA,Unknown,Single Well,NA,1959-09-28 00:00:00 - 2013-03-07 06:45:00,88,spring,NA,NA,125.5,125.5,2013,18030012,Critical,Critical,2012-10-01T00:00:00Z,2013-10-01T00:00:00Z,-119.512,36.2625
362625N1195116W001,93851,2011-02-15T07:30:00Z,252.243,250.743,24,130,146.243,106,104.5,NA,Unknown,Water level accuracy to nearest tenth of a foot,1,Department of Water Resources,NA,1,Department of Water Resources,NA,NA,16606,19S23E19H001M,19S23E19H001M,Unknown,Unknown,5-022.11,Kaweah,Tulare,NA,Unknown,Single Well,NA,1959-09-28 00:00:00 - 2013-03-07 06:45:00,88,other,NA,NA,NA,NA,2011,18030012,Wet,Wet,2010-10-01T00:00:00Z,2011-10-01T00:00:00Z,-119.512,36.2625
362625N1195116W001,919346,2010-01-19T00:00:00Z,252.24,250.74,0,120,132.24,120,118.5,NA,Unknown,Water level accuracy is unknown,1,Department of Water Resources,NA,5030,Tulare Irrigation District,NA,NA,16606,19S23E19H001M,19S23E19H001M,Unknown,Unknown,5-022.11,Kaweah,Tulare,NA,Unknown,Single Well,NA,1959-09-28 00:00:00 - 2013-03-07 06:45:00,88,other,NA,NA,NA,NA,2010,18030012,Above Normal,Above Normal,2009-10-01T00:00:00Z,2010-10-01T00:00:00Z,-119.512,36.2625
362625N1195116W001,919345,2009-02-25T00:00:00Z,252.24,250.74,0,110,142.24,110,108.5,NA,Unknown,Water level accuracy is unknown,1,Department of Water Resources,TAPE-110',5030,Tulare Irrigation District,NA,NA,16606,19S23E19H001M,19S23E19H001M,Unknown,Unknown,5-022.11,Kaweah,Tulare,NA,Unknown,Single Well,NA,1959-09-28 00:00:00 - 2013-03-07 06:45:00,88,other,NA,NA,NA,NA,2009,18030012,Critical,Critical,2008-10-01T00:00:00Z,2009-10-01T00:00:00Z,-119.512,36.2625
362625N1195116W001,919343,2007-10-11T00:00:00Z,252.24,250.74,0,113,139.24,113,111.5,NA,Unknown,Water level accuracy is unknown,1,Department of Water Resources,NA,5030,Tulare Irrigation District,NA,NA,16606,19S23E19H001M,19S23E19H001M,Unknown,Unknown,5-022.11,Kaweah,Tulare,NA,Unknown,Single Well,NA,1959-09-28 00:00:00 - 2013-03-07 06:45:00,88,fall,46,145.5,NA,NA,2008,18030012,Critical,Critical,2007-10-01T00:00:00Z,2008-10-01T00:00:00Z,-119.512,36.2625
362625N1195116W001,919344,2006-09-29T00:00:00Z,252.24,250.74,0,98,154.24,98,96.5,NA,Unknown,Water level accuracy is unknown,1,Department of Water Resources,TAPE-98 FEET,5030,Tulare Irrigation District,NA,NA,16606,19S23E19H001M,19S23E19H001M,Unknown,Unknown,5-022.11,Kaweah,Tulare,NA,Unknown,Single Well,NA,1959-09-28 00:00:00 - 2013-03-07 06:45:00,88,fall,46,145.5,NA,NA,2006,18030012,Wet,Wet,2005-10-01T00:00:00Z,2006-10-01T00:00:00Z,-119.512,36.2625
362625N1195116W001,919342,2006-01-26T00:00:00Z,252.24,250.74,0,97,155.24,97,95.5,NA,Unknown,Water level accuracy is unknown,1,Department of Water Resources,NA,5030,Tulare Irrigation District,NA,NA,16606,19S23E19H001M,19S23E19H001M,Unknown,Unknown,5-022.11,Kaweah,Tulare,NA,Unknown,Single Well,NA,1959-09-28 00:00:00 - 2013-03-07 06:45:00,88,other,NA,NA,NA,NA,2006,18030012,Wet,Wet,2005-10-01T00:00:00Z,2006-10-01T00:00:00Z,-119.512,36.2625
362625N1195116W001,919341,2005-01-26T00:00:00Z,252.24,250.74,NA,NA,NA,NA,NA,Well has been destroyed,NA,NA,1,Department of Water Resources,NA,5030,Tulare Irrigation District,NA,NA,16606,19S23E19H001M,19S23E19H001M,Unknown,Unknown,5-022.11,Kaweah,Tulare,NA,Unknown,Single Well,NA,1959-09-28 00:00:00 - 2013-03-07 06:45:00,88,other,NA,NA,NA,NA,2005,18030012,Wet,Wet,2004-10-01T00:00:00Z,2005-10-01T00:00:00Z,-119.512,36.2625
362625N1195116W001,919339,2004-02-02T00:00:00Z,252.24,250.74,0,109,143.24,109,107.5,NA,Unknown,Water level accuracy is unknown,1,Department of Water Resources,109',5030,Tulare Irrigation District,NA,NA,16606,19S23E19H001M,19S23E19H001M,Unknown,Unknown,5-022.11,Kaweah,Tulare,NA,Unknown,Single Well,NA,1959-09-28 00:00:00 - 2013-03-07 06:45:00,88,other,NA,NA,NA,NA,2004,18030012,Dry,Dry,2003-10-01T00:00:00Z,2004-10-01T00:00:00Z,-119.512,36.2625
362625N1195116W001,919340,2003-09-19T00:00:00Z,252.24,250.74,0,109,143.24,109,107.5,NA,Unknown,Water level accuracy is unknown,1,Department of Water Resources,TAPE-109',5030,Tulare Irrigation District,NA,NA,16606,19S23E19H001M,19S23E19H001M,Unknown,Unknown,5-022.11,Kaweah,Tulare,NA,Unknown,Single Well,NA,1959-09-28 00:00:00 - 2013-03-07 06:45:00,88,fall,46,145.5,NA,NA,2003,18030012,Dry,Dry,2002-10-01T00:00:00Z,2003-10-01T00:00:00Z,-119.512,36.2625
362625N1195116W001,919336,2003-01-21T00:00:00Z,252.24,250.74,0,96,156.24,96,94.5,NA,Unknown,Water level accuracy is unknown,1,Department of Water Resources,NA,5030,Tulare Irrigation District,NA,NA,16606,19S23E19H001M,19S23E19H001M,Unknown,Unknown,5-022.11,Kaweah,Tulare,NA,Unknown,Single Well,NA,1959-09-28 00:00:00 - 2013-03-07 06:45:00,88,other,NA,NA,NA,NA,2003,18030012,Dry,Dry,2002-10-01T00:00:00Z,2003-10-01T00:00:00Z,-119.512,36.2625
362625N1195116W001,919338,2002-09-17T00:00:00Z,252.24,250.74,0,99,153.24,99,97.5,NA,Unknown,Water level accuracy is unknown,1,Department of Water Resources,NA,624,Bureau of Reclamation,NA,NA,16606,19S23E19H001M,19S23E19H001M,Unknown,Unknown,5-022.11,Kaweah,Tulare,NA,Unknown,Single Well,NA,1959-09-28 00:00:00 - 2013-03-07 06:45:00,88,fall,46,145.5,NA,NA,2002,18030012,Critical,Critical,2001-10-01T00:00:00Z,2002-10-01T00:00:00Z,-119.512,36.2625
362625N1195116W001,919337,2002-01-15T00:00:00Z,252.24,250.74,0,82,170.24,82,80.5,NA,Unknown,Water level accuracy is unknown,1,Department of Water Resources,NA,624,Bureau of Reclamation,NA,NA,16606,19S23E19H001M,19S23E19H001M,Unknown,Unknown,5-022.11,Kaweah,Tulare,NA,Unknown,Single Well,NA,1959-09-28 00:00:00 - 2013-03-07 06:45:00,88,other,NA,NA,NA,NA,2002,18030012,Critical,Critical,2001-10-01T00:00:00Z,2002-10-01T00:00:00Z,-119.512,36.2625
362625N1195116W001,919335,2001-01-22T00:00:00Z,252.24,250.74,0,89,163.24,89,87.5,Pumped recently,Unknown,Water level accuracy is unknown,1,Department of Water Resources,NA,5030,Tulare Irrigation District,NA,NA,16606,19S23E19H001M,19S23E19H001M,Unknown,Unknown,5-022.11,Kaweah,Tulare,NA,Unknown,Single Well,NA,1959-09-28 00:00:00 - 2013-03-07 06:45:00,88,other,NA,NA,NA,NA,2001,18030012,Below Normal,Below Normal,2000-10-01T00:00:00Z,2001-10-01T00:00:00Z,-119.512,36.2625
362625N1195116W001,919334,2000-01-19T00:00:00Z,252.24,250.74,0,75,177.24,75,73.5,NA,Unknown,Water level accuracy is unknown,1,Department of Water Resources,NA,5030,Tulare Irrigation District,NA,NA,16606,19S23E19H001M,19S23E19H001M,Unknown,Unknown,5-022.11,Kaweah,Tulare,NA,Unknown,Single Well,NA,1959-09-28 00:00:00 - 2013-03-07 06:45:00,88,other,NA,NA,NA,NA,2000,18030012,Below Normal,Below Normal,1999-10-01T00:00:00Z,2000-10-01T00:00:00Z,-119.512,36.2625
362625N1195116W001,919333,1999-10-05T00:00:00Z,252.24,250.74,0,75,177.24,75,73.5,NA,Unknown,Water level accuracy is unknown,1,Department of Water Resources,NA,5030,Tulare Irrigation District,NA,NA,16606,19S23E19H001M,19S23E19H001M,Unknown,Unknown,5-022.11,Kaweah,Tulare,NA,Unknown,Single Well,NA,1959-09-28 00:00:00 - 2013-03-07 06:45:00,88,fall,46,145.5,NA,NA,2000,18030012,Below Normal,Below Normal,1999-10-01T00:00:00Z,2000-10-01T00:00:00Z,-119.512,36.2625
362625N1195116W001,919332,1999-01-18T00:00:00Z,252.24,250.74,0,73,179.24,73,71.5,Other,Unknown,Water level accuracy is unknown,1,Department of Water Resources,NA,5030,Tulare Irrigation District,NA,NA,16606,19S23E19H001M,19S23E19H001M,Unknown,Unknown,5-022.11,Kaweah,Tulare,NA,Unknown,Single Well,NA,1959-09-28 00:00:00 - 2013-03-07 06:45:00,88,other,NA,NA,NA,NA,1999,18030012,Wet,Wet,1998-10-01T00:00:00Z,1999-10-01T00:00:00Z,-119.512,36.2625
362625N1195116W001,919331,1998-10-05T00:00:00Z,252.24,250.74,0,79,173.24,79,77.5,NA,Unknown,Water level accuracy is unknown,1,Department of Water Resources,NA,5030,Tulare Irrigation District,NA,NA,16606,19S23E19H001M,19S23E19H001M,Unknown,Unknown,5-022.11,Kaweah,Tulare,NA,Unknown,Single Well,NA,1959-09-28 00:00:00 - 2013-03-07 06:45:00,88,fall,46,145.5,NA,NA,1999,18030012,Wet,Wet,1998-10-01T00:00:00Z,1999-10-01T00:00:00Z,-119.512,36.2625
362625N1195116W001,919330,1998-01-16T00:00:00Z,252.24,250.74,0,99,153.24,99,97.5,NA,Unknown,Water level accuracy is unknown,1,Department of Water Resources,NA,5030,Tulare Irrigation District,NA,NA,16606,19S23E19H001M,19S23E19H001M,Unknown,Unknown,5-022.11,Kaweah,Tulare,NA,Unknown,Single Well,NA,1959-09-28 00:00:00 - 2013-03-07 06:45:00,88,other,NA,NA,NA,NA,1998,18030012,Wet,Wet,1997-10-01T00:00:00Z,1998-10-01T00:00:00Z,-119.512,36.2625
362625N1195116W001,919329,1997-10-06T00:00:00Z,252.24,250.74,0,147,105.24,147,145.5,NA,Unknown,Water level accuracy is unknown,1,Department of Water Resources,NA,5030,Tulare Irrigation District,NA,NA,16606,19S23E19H001M,19S23E19H001M,Unknown,Unknown,5-022.11,Kaweah,Tulare,NA,Unknown,Single Well,NA,1959-09-28 00:00:00 - 2013-03-07 06:45:00,88,fall,46,145.5,NA,NA,1998,18030012,Wet,Wet,1997-10-01T00:00:00Z,1998-10-01T00:00:00Z,-119.512,36.2625
362625N1195116W001,919328,1997-01-14T00:00:00Z,252.24,250.74,0,131,121.24,131,129.5,NA,Unknown,Water level accuracy is unknown,1,Department of Water Resources,NA,5030,Tulare Irrigation District,NA,NA,16606,19S23E19H001M,19S23E19H001M,Unknown,Unknown,5-022.11,Kaweah,Tulare,NA,Unknown,Single Well,NA,1959-09-28 00:00:00 - 2013-03-07 06:45:00,88,other,NA,NA,NA,NA,1997,18030012,Above Normal,Above Normal,1996-10-01T00:00:00Z,1997-10-01T00:00:00Z,-119.512,36.2625
362625N1195116W001,919327,1996-10-02T00:00:00Z,252.24,250.74,0,108,144.24,108,106.5,NA,Unknown,Water level accuracy is unknown,1,Department of Water Resources,NA,5030,Tulare Irrigation District,NA,NA,16606,19S23E19H001M,19S23E19H001M,Unknown,Unknown,5-022.11,Kaweah,Tulare,NA,Unknown,Single Well,NA,1959-09-28 00:00:00 - 2013-03-07 06:45:00,88,fall,46,145.5,NA,NA,1997,18030012,Above Normal,Above Normal,1996-10-01T00:00:00Z,1997-10-01T00:00:00Z,-119.512,36.2625
362625N1195116W001,919326,1996-01-12T00:00:00Z,252.24,250.74,0,100,152.24,100,98.5,NA,Unknown,Water level accuracy is unknown,1,Department of Water Resources,NA,5030,Tulare Irrigation District,NA,NA,16606,19S23E19H001M,19S23E19H001M,Unknown,Unknown,5-022.11,Kaweah,Tulare,NA,Unknown,Single Well,NA,1959-09-28 00:00:00 - 2013-03-07 06:45:00,88,other,NA,NA,NA,NA,1996,18030012,Wet,Wet,1995-10-01T00:00:00Z,1996-10-01T00:00:00Z,-119.512,36.2625
362625N1195116W001,919325,1995-10-04T00:00:00Z,252.24,250.74,0,118,134.24,118,116.5,NA,Unknown,Water level accuracy is unknown,1,Department of Water Resources,NA,5030,Tulare Irrigation District,NA,NA,16606,19S23E19H001M,19S23E19H001M,Unknown,Unknown,5-022.11,Kaweah,Tulare,NA,Unknown,Single Well,NA,1959-09-28 00:00:00 - 2013-03-07 06:45:00,88,fall,46,145.5,NA,NA,1996,18030012,Wet,Wet,1995-10-01T00:00:00Z,1996-10-01T00:00:00Z,-119.512,36.2625
362625N1195116W001,919324,1995-02-01T00:00:00Z,252.24,250.74,0,160,92.24,160,158.5,NA,Unknown,Water level accuracy is unknown,1,Department of Water Resources,NA,5030,Tulare Irrigation District,NA,NA,16606,19S23E19H001M,19S23E19H001M,Unknown,Unknown,5-022.11,Kaweah,Tulare,NA,Unknown,Single Well,NA,1959-09-28 00:00:00 - 2013-03-07 06:45:00,88,other,NA,NA,NA,NA,1995,18030012,Wet,Wet,1994-10-01T00:00:00Z,1995-10-01T00:00:00Z,-119.512,36.2625
362625N1195116W001,919323,1994-10-04T00:00:00Z,252.24,250.74,0,131.5,120.74,131.5,130,NA,Unknown,Water level accuracy is unknown,1,Department of Water Resources,NA,5030,Tulare Irrigation District,NA,NA,16606,19S23E19H001M,19S23E19H001M,Unknown,Unknown,5-022.11,Kaweah,Tulare,NA,Unknown,Single Well,NA,1959-09-28 00:00:00 - 2013-03-07 06:45:00,88,fall,46,145.5,NA,NA,1995,18030012,Wet,Wet,1994-10-01T00:00:00Z,1995-10-01T00:00:00Z,-119.512,36.2625
362625N1195116W001,919322,1994-04-18T00:00:00Z,252.24,250.74,0,127,125.24,127,125.5,NA,Unknown,Water level accuracy is unknown,1,Department of Water Resources,NA,5030,Tulare Irrigation District,NA,NA,16606,19S23E19H001M,19S23E19H001M,Unknown,Unknown,5-022.11,Kaweah,Tulare,NA,Unknown,Single Well,NA,1959-09-28 00:00:00 - 2013-03-07 06:45:00,88,spring,NA,NA,125.5,125.5,1994,18030012,Above Normal,Above Normal,1993-10-01T00:00:00Z,1994-10-01T00:00:00Z,-119.512,36.2625
362625N1195116W001,919321,1993-10-06T00:00:00Z,252.24,250.74,NA,NA,NA,NA,NA,Dry well,NA,NA,1,Department of Water Resources,NA,5030,Tulare Irrigation District,NA,NA,16606,19S23E19H001M,19S23E19H001M,Unknown,Unknown,5-022.11,Kaweah,Tulare,NA,Unknown,Single Well,NA,1959-09-28 00:00:00 - 2013-03-07 06:45:00,88,fall,46,145.5,NA,NA,1994,18030012,Above Normal,Above Normal,1993-10-01T00:00:00Z,1994-10-01T00:00:00Z,-119.512,36.2625
362625N1195116W001,919320,1993-01-27T00:00:00Z,252.24,250.74,0,120,132.24,120,118.5,NA,Unknown,Water level accuracy is unknown,1,Department of Water Resources,NA,5030,Tulare Irrigation District,NA,NA,16606,19S23E19H001M,19S23E19H001M,Unknown,Unknown,5-022.11,Kaweah,Tulare,NA,Unknown,Single Well,NA,1959-09-28 00:00:00 - 2013-03-07 06:45:00,88,other,NA,NA,NA,NA,1993,18030012,Wet,Wet,1992-10-01T00:00:00Z,1993-10-01T00:00:00Z,-119.512,36.2625
362625N1195116W001,919319,1992-10-05T00:00:00Z,252.24,250.74,0,124,128.24,124,122.5,NA,Unknown,Water level accuracy is unknown,1,Department of Water Resources,NA,5030,Tulare Irrigation District,NA,NA,16606,19S23E19H001M,19S23E19H001M,Unknown,Unknown,5-022.11,Kaweah,Tulare,NA,Unknown,Single Well,NA,1959-09-28 00:00:00 - 2013-03-07 06:45:00,88,fall,46,145.5,NA,NA,1993,18030012,Wet,Wet,1992-10-01T00:00:00Z,1993-10-01T00:00:00Z,-119.512,36.2625
362625N1195116W001,919318,1992-01-20T00:00:00Z,252.24,250.74,0,117,135.24,117,115.5,NA,Unknown,Water level accuracy is unknown,1,Department of Water Resources,NA,5030,Tulare Irrigation District,NA,NA,16606,19S23E19H001M,19S23E19H001M,Unknown,Unknown,5-022.11,Kaweah,Tulare,NA,Unknown,Single Well,NA,1959-09-28 00:00:00 - 2013-03-07 06:45:00,88,other,NA,NA,NA,NA,1992,18030012,Above Normal,Above Normal,1991-10-01T00:00:00Z,1992-10-01T00:00:00Z,-119.512,36.2625
362625N1195116W001,919317,1991-09-30T00:00:00Z,252.24,250.74,0,104.5,147.74,104.5,103,NA,Unknown,Water level accuracy is unknown,1,Department of Water Resources,NA,5030,Tulare Irrigation District,NA,NA,16606,19S23E19H001M,19S23E19H001M,Unknown,Unknown,5-022.11,Kaweah,Tulare,NA,Unknown,Single Well,NA,1959-09-28 00:00:00 - 2013-03-07 06:45:00,88,fall,46,145.5,NA,NA,1991,18030012,Dry,Dry,1990-10-01T00:00:00Z,1991-10-01T00:00:00Z,-119.512,36.2625
362625N1195116W001,919316,1991-01-18T00:00:00Z,252.24,250.74,0,95,157.24,95,93.5,NA,Unknown,Water level accuracy is unknown,1,Department of Water Resources,NA,5030,Tulare Irrigation District,NA,NA,16606,19S23E19H001M,19S23E19H001M,Unknown,Unknown,5-022.11,Kaweah,Tulare,NA,Unknown,Single Well,NA,1959-09-28 00:00:00 - 2013-03-07 06:45:00,88,other,NA,NA,NA,NA,1991,18030012,Dry,Dry,1990-10-01T00:00:00Z,1991-10-01T00:00:00Z,-119.512,36.2625
362625N1195116W001,919315,1990-10-02T00:00:00Z,252.24,250.74,0,101,151.24,101,99.5,NA,Unknown,Water level accuracy is unknown,1,Department of Water Resources,NA,5030,Tulare Irrigation District,NA,NA,16606,19S23E19H001M,19S23E19H001M,Unknown,Unknown,5-022.11,Kaweah,Tulare,NA,Unknown,Single Well,NA,1959-09-28 00:00:00 - 2013-03-07 06:45:00,88,fall,46,145.5,NA,NA,1991,18030012,Dry,Dry,1990-10-01T00:00:00Z,1991-10-01T00:00:00Z,-119.512,36.2625
362625N1195116W001,919314,1990-01-19T00:00:00Z,252.24,250.74,0,75,177.24,75,73.5,NA,Unknown,Water level accuracy is unknown,1,Department of Water Resources,NA,5030,Tulare Irrigation District,NA,NA,16606,19S23E19H001M,19S23E19H001M,Unknown,Unknown,5-022.11,Kaweah,Tulare,NA,Unknown,Single Well,NA,1959-09-28 00:00:00 - 2013-03-07 06:45:00,88,other,NA,NA,NA,NA,1990,18030012,Critical,Critical,1989-10-01T00:00:00Z,1990-10-01T00:00:00Z,-119.512,36.2625
362625N1195116W001,919313,1989-10-02T00:00:00Z,252.24,250.74,0,77,175.24,77,75.5,NA,Unknown,Water level accuracy is unknown,1,Department of Water Resources,NA,5030,Tulare Irrigation District,NA,NA,16606,19S23E19H001M,19S23E19H001M,Unknown,Unknown,5-022.11,Kaweah,Tulare,NA,Unknown,Single Well,NA,1959-09-28 00:00:00 - 2013-03-07 06:45:00,88,fall,46,145.5,NA,NA,1990,18030012,Critical,Critical,1989-10-01T00:00:00Z,1990-10-01T00:00:00Z,-119.512,36.2625
362625N1195116W001,919312,1989-01-25T00:00:00Z,252.24,250.74,0,67,185.24,67,65.5,NA,Unknown,Water level accuracy is unknown,1,Department of Water Resources,NA,5030,Tulare Irrigation District,NA,NA,16606,19S23E19H001M,19S23E19H001M,Unknown,Unknown,5-022.11,Kaweah,Tulare,NA,Unknown,Single Well,NA,1959-09-28 00:00:00 - 2013-03-07 06:45:00,88,other,NA,NA,NA,NA,1989,18030012,Dry,Dry,1988-10-01T00:00:00Z,1989-10-01T00:00:00Z,-119.512,36.2625
362625N1195116W001,919311,1988-10-03T00:00:00Z,252.24,250.74,0,63,189.24,63,61.5,NA,Unknown,Water level accuracy is unknown,1,Department of Water Resources,NA,5030,Tulare Irrigation District,NA,NA,16606,19S23E19H001M,19S23E19H001M,Unknown,Unknown,5-022.11,Kaweah,Tulare,NA,Unknown,Single Well,NA,1959-09-28 00:00:00 - 2013-03-07 06:45:00,88,fall,46,145.5,NA,NA,1989,18030012,Dry,Dry,1988-10-01T00:00:00Z,1989-10-01T00:00:00Z,-119.512,36.2625
362625N1195116W001,919310,1988-01-22T00:00:00Z,252.24,250.74,0,51,201.24,51,49.5,NA,Unknown,Water level accuracy is unknown,1,Department of Water Resources,NA,5030,Tulare Irrigation District,NA,NA,16606,19S23E19H001M,19S23E19H001M,Unknown,Unknown,5-022.11,Kaweah,Tulare,NA,Unknown,Single Well,NA,1959-09-28 00:00:00 - 2013-03-07 06:45:00,88,other,NA,NA,NA,NA,1988,18030012,Below Normal,Below Normal,1987-10-01T00:00:00Z,1988-10-01T00:00:00Z,-119.512,36.2625
362625N1195116W001,919309,1987-10-05T00:00:00Z,252.24,250.74,0,53.5,198.74,53.5,52,NA,Unknown,Water level accuracy is unknown,1,Department of Water Resources,NA,5030,Tulare Irrigation District,NA,NA,16606,19S23E19H001M,19S23E19H001M,Unknown,Unknown,5-022.11,Kaweah,Tulare,NA,Unknown,Single Well,NA,1959-09-28 00:00:00 - 2013-03-07 06:45:00,88,fall,46,145.5,NA,NA,1988,18030012,Below Normal,Below Normal,1987-10-01T00:00:00Z,1988-10-01T00:00:00Z,-119.512,36.2625
362625N1195116W001,919308,1987-02-02T00:00:00Z,252.24,250.74,0,38,214.24,38,36.5,NA,Unknown,Water level accuracy is unknown,1,Department of Water Resources,NA,5030,Tulare Irrigation District,NA,NA,16606,19S23E19H001M,19S23E19H001M,Unknown,Unknown,5-022.11,Kaweah,Tulare,NA,Unknown,Single Well,NA,1959-09-28 00:00:00 - 2013-03-07 06:45:00,88,other,NA,NA,NA,NA,1987,18030012,Below Normal,Below Normal,1986-10-01T00:00:00Z,1987-10-01T00:00:00Z,-119.512,36.2625
362625N1195116W001,919307,1986-10-01T00:00:00Z,252.24,250.74,0,48,204.24,48,46.5,NA,Unknown,Water level accuracy is unknown,1,Department of Water Resources,NA,624,Bureau of Reclamation,NA,NA,16606,19S23E19H001M,19S23E19H001M,Unknown,Unknown,5-022.11,Kaweah,Tulare,NA,Unknown,Single Well,NA,1959-09-28 00:00:00 - 2013-03-07 06:45:00,88,fall,46,145.5,NA,NA,1987,18030012,Below Normal,Below Normal,1986-10-01T00:00:00Z,1987-10-01T00:00:00Z,-119.512,36.2625
362625N1195116W001,919306,1986-02-20T00:00:00Z,252.24,250.74,0,52,200.24,52,50.5,NA,Unknown,Water level accuracy is unknown,1,Department of Water Resources,NA,624,Bureau of Reclamation,NA,NA,16606,19S23E19H001M,19S23E19H001M,Unknown,Unknown,5-022.11,Kaweah,Tulare,NA,Unknown,Single Well,NA,1959-09-28 00:00:00 - 2013-03-07 06:45:00,88,other,NA,NA,NA,NA,1986,18030012,Above Normal,Above Normal,1985-10-01T00:00:00Z,1986-10-01T00:00:00Z,-119.512,36.2625
362625N1195116W001,919305,1985-09-30T00:00:00Z,252.24,250.74,0,55,197.24,55,53.5,NA,Unknown,Water level accuracy is unknown,1,Department of Water Resources,NA,624,Bureau of Reclamation,NA,NA,16606,19S23E19H001M,19S23E19H001M,Unknown,Unknown,5-022.11,Kaweah,Tulare,NA,Unknown,Single Well,NA,1959-09-28 00:00:00 - 2013-03-07 06:45:00,88,fall,46,145.5,NA,NA,1985,18030012,Dry,Dry,1984-10-01T00:00:00Z,1985-10-01T00:00:00Z,-119.512,36.2625
362625N1195116W001,919304,1985-02-06T00:00:00Z,252.24,250.74,0,45,207.24,45,43.5,NA,Unknown,Water level accuracy is unknown,1,Department of Water Resources,NA,624,Bureau of Reclamation,NA,NA,16606,19S23E19H001M,19S23E19H001M,Unknown,Unknown,5-022.11,Kaweah,Tulare,NA,Unknown,Single Well,NA,1959-09-28 00:00:00 - 2013-03-07 06:45:00,88,other,NA,NA,NA,NA,1985,18030012,Dry,Dry,1984-10-01T00:00:00Z,1985-10-01T00:00:00Z,-119.512,36.2625
362625N1195116W001,919303,1984-10-17T00:00:00Z,252.24,250.74,0,47.5,204.74,47.5,46,NA,Unknown,Water level accuracy is unknown,1,Department of Water Resources,NA,624,Bureau of Reclamation,NA,NA,16606,19S23E19H001M,19S23E19H001M,Unknown,Unknown,5-022.11,Kaweah,Tulare,NA,Unknown,Single Well,NA,1959-09-28 00:00:00 - 2013-03-07 06:45:00,88,fall,46,145.5,NA,NA,1985,18030012,Dry,Dry,1984-10-01T00:00:00Z,1985-10-01T00:00:00Z,-119.512,36.2625
362625N1195116W001,919302,1984-02-27T00:00:00Z,252.24,250.74,0,49,203.24,49,47.5,NA,Unknown,Water level accuracy is unknown,1,Department of Water Resources,NA,624,Bureau of Reclamation,NA,NA,16606,19S23E19H001M,19S23E19H001M,Unknown,Unknown,5-022.11,Kaweah,Tulare,NA,Unknown,Single Well,NA,1959-09-28 00:00:00 - 2013-03-07 06:45:00,88,other,NA,NA,NA,NA,1984,18030012,Above Normal,Above Normal,1983-10-01T00:00:00Z,1984-10-01T00:00:00Z,-119.512,36.2625
362625N1195116W001,919301,1983-10-17T00:00:00Z,252.24,250.74,0,56,196.24,56,54.5,NA,Unknown,Water level accuracy is unknown,1,Department of Water Resources,NA,624,Bureau of Reclamation,NA,NA,16606,19S23E19H001M,19S23E19H001M,Unknown,Unknown,5-022.11,Kaweah,Tulare,NA,Unknown,Single Well,NA,1959-09-28 00:00:00 - 2013-03-07 06:45:00,88,fall,46,145.5,NA,NA,1984,18030012,Above Normal,Above Normal,1983-10-01T00:00:00Z,1984-10-01T00:00:00Z,-119.512,36.2625
362625N1195116W001,919300,1983-02-04T00:00:00Z,252.24,250.74,0,65,187.24,65,63.5,NA,Unknown,Water level accuracy is unknown,1,Department of Water Resources,NA,5030,Tulare Irrigation District,NA,NA,16606,19S23E19H001M,19S23E19H001M,Unknown,Unknown,5-022.11,Kaweah,Tulare,NA,Unknown,Single Well,NA,1959-09-28 00:00:00 - 2013-03-07 06:45:00,88,other,NA,NA,NA,NA,1983,18030012,Wet,Wet,1982-10-01T00:00:00Z,1983-10-01T00:00:00Z,-119.512,36.2625
362625N1195116W001,919299,1982-10-07T00:00:00Z,252.24,250.74,0,72,180.24,72,70.5,NA,Unknown,Water level accuracy is unknown,1,Department of Water Resources,NA,5030,Tulare Irrigation District,NA,NA,16606,19S23E19H001M,19S23E19H001M,Unknown,Unknown,5-022.11,Kaweah,Tulare,NA,Unknown,Single Well,NA,1959-09-28 00:00:00 - 2013-03-07 06:45:00,88,fall,46,145.5,NA,NA,1983,18030012,Wet,Wet,1982-10-01T00:00:00Z,1983-10-01T00:00:00Z,-119.512,36.2625
362625N1195116W001,919298,1982-02-01T00:00:00Z,252.24,250.74,0,76,176.24,76,74.5,NA,Unknown,Water level accuracy is unknown,1,Department of Water Resources,NA,624,Bureau of Reclamation,NA,NA,16606,19S23E19H001M,19S23E19H001M,Unknown,Unknown,5-022.11,Kaweah,Tulare,NA,Unknown,Single Well,NA,1959-09-28 00:00:00 - 2013-03-07 06:45:00,88,other,NA,NA,NA,NA,1982,18030012,Wet,Wet,1981-10-01T00:00:00Z,1982-10-01T00:00:00Z,-119.512,36.2625
362625N1195116W001,919297,1981-09-28T00:00:00Z,252.24,250.74,0,86.6,165.64,86.6,85.1,NA,Unknown,Water level accuracy is unknown,1,Department of Water Resources,NA,624,Bureau of Reclamation,NA,NA,16606,19S23E19H001M,19S23E19H001M,Unknown,Unknown,5-022.11,Kaweah,Tulare,NA,Unknown,Single Well,NA,1959-09-28 00:00:00 - 2013-03-07 06:45:00,88,fall,46,145.5,NA,NA,1981,18030012,Below Normal,Below Normal,1980-10-01T00:00:00Z,1981-10-01T00:00:00Z,-119.512,36.2625
362625N1195116W001,919296,1981-01-29T00:00:00Z,252.24,250.74,0,80,172.24,80,78.5,NA,Unknown,Water level accuracy is unknown,1,Department of Water Resources,NA,5030,Tulare Irrigation District,NA,NA,16606,19S23E19H001M,19S23E19H001M,Unknown,Unknown,5-022.11,Kaweah,Tulare,NA,Unknown,Single Well,NA,1959-09-28 00:00:00 - 2013-03-07 06:45:00,88,other,NA,NA,NA,NA,1981,18030012,Below Normal,Below Normal,1980-10-01T00:00:00Z,1981-10-01T00:00:00Z,-119.512,36.2625
362625N1195116W001,919295,1980-09-24T00:00:00Z,252.24,250.74,0,76,176.24,76,74.5,NA,Unknown,Water level accuracy is unknown,1,Department of Water Resources,NA,5030,Tulare Irrigation District,NA,NA,16606,19S23E19H001M,19S23E19H001M,Unknown,Unknown,5-022.11,Kaweah,Tulare,NA,Unknown,Single Well,NA,1959-09-28 00:00:00 - 2013-03-07 06:45:00,88,fall,46,145.5,NA,NA,1980,18030012,Wet,Wet,1979-10-01T00:00:00Z,1980-10-01T00:00:00Z,-119.512,36.2625
362625N1195116W001,919294,1980-01-31T00:00:00Z,252.24,250.74,0,96,156.24,96,94.5,NA,Unknown,Water level accuracy is unknown,1,Department of Water Resources,NA,5030,Tulare Irrigation District,NA,NA,16606,19S23E19H001M,19S23E19H001M,Unknown,Unknown,5-022.11,Kaweah,Tulare,NA,Unknown,Single Well,NA,1959-09-28 00:00:00 - 2013-03-07 06:45:00,88,other,NA,NA,NA,NA,1980,18030012,Wet,Wet,1979-10-01T00:00:00Z,1980-10-01T00:00:00Z,-119.512,36.2625
362625N1195116W001,919293,1979-09-24T00:00:00Z,252.24,250.74,0,87,165.24,87,85.5,NA,Unknown,Water level accuracy is unknown,1,Department of Water Resources,NA,5030,Tulare Irrigation District,NA,NA,16606,19S23E19H001M,19S23E19H001M,Unknown,Unknown,5-022.11,Kaweah,Tulare,NA,Unknown,Single Well,NA,1959-09-28 00:00:00 - 2013-03-07 06:45:00,88,fall,46,145.5,NA,NA,1979,18030012,Wet,Wet,1978-10-01T00:00:00Z,1979-10-01T00:00:00Z,-119.512,36.2625
362625N1195116W001,919292,1979-01-23T00:00:00Z,252.24,250.74,0,89,163.24,89,87.5,NA,Unknown,Water level accuracy is unknown,1,Department of Water Resources,NA,5030,Tulare Irrigation District,NA,NA,16606,19S23E19H001M,19S23E19H001M,Unknown,Unknown,5-022.11,Kaweah,Tulare,NA,Unknown,Single Well,NA,1959-09-28 00:00:00 - 2013-03-07 06:45:00,88,other,NA,NA,NA,NA,1979,18030012,Wet,Wet,1978-10-01T00:00:00Z,1979-10-01T00:00:00Z,-119.512,36.2625
362625N1195116W001,919291,1978-10-03T00:00:00Z,252.24,250.74,0,105,147.24,105,103.5,NA,Unknown,Water level accuracy is unknown,1,Department of Water Resources,NA,5030,Tulare Irrigation District,NA,NA,16606,19S23E19H001M,19S23E19H001M,Unknown,Unknown,5-022.11,Kaweah,Tulare,NA,Unknown,Single Well,NA,1959-09-28 00:00:00 - 2013-03-07 06:45:00,88,fall,46,145.5,NA,NA,1979,18030012,Wet,Wet,1978-10-01T00:00:00Z,1979-10-01T00:00:00Z,-119.512,36.2625
362625N1195116W001,919290,1978-02-01T00:00:00Z,252.24,250.74,0,103,149.24,103,101.5,NA,Unknown,Water level accuracy is unknown,1,Department of Water Resources,NA,5030,Tulare Irrigation District,NA,NA,16606,19S23E19H001M,19S23E19H001M,Unknown,Unknown,5-022.11,Kaweah,Tulare,NA,Unknown,Single Well,NA,1959-09-28 00:00:00 - 2013-03-07 06:45:00,88,other,NA,NA,NA,NA,1978,18030012,Wet,Wet,1977-10-01T00:00:00Z,1978-10-01T00:00:00Z,-119.512,36.2625
362625N1195116W001,919289,1977-10-04T00:00:00Z,252.24,250.74,0,117,135.24,117,115.5,NA,Unknown,Water level accuracy is unknown,1,Department of Water Resources,NA,5030,Tulare Irrigation District,NA,NA,16606,19S23E19H001M,19S23E19H001M,Unknown,Unknown,5-022.11,Kaweah,Tulare,NA,Unknown,Single Well,NA,1959-09-28 00:00:00 - 2013-03-07 06:45:00,88,fall,46,145.5,NA,NA,1978,18030012,Wet,Wet,1977-10-01T00:00:00Z,1978-10-01T00:00:00Z,-119.512,36.2625
362625N1195116W001,919288,1977-01-25T00:00:00Z,252.24,250.74,0,93,159.24,93,91.5,NA,Unknown,Water level accuracy is unknown,1,Department of Water Resources,NA,5030,Tulare Irrigation District,NA,NA,16606,19S23E19H001M,19S23E19H001M,Unknown,Unknown,5-022.11,Kaweah,Tulare,NA,Unknown,Single Well,NA,1959-09-28 00:00:00 - 2013-03-07 06:45:00,88,other,NA,NA,NA,NA,1977,18030012,Dry,Dry,1976-10-01T00:00:00Z,1977-10-01T00:00:00Z,-119.512,36.2625
362625N1195116W001,919287,1976-10-07T00:00:00Z,252.24,250.74,0,96,156.24,96,94.5,NA,Unknown,Water level accuracy is unknown,1,Department of Water Resources,NA,5030,Tulare Irrigation District,NA,NA,16606,19S23E19H001M,19S23E19H001M,Unknown,Unknown,5-022.11,Kaweah,Tulare,NA,Unknown,Single Well,NA,1959-09-28 00:00:00 - 2013-03-07 06:45:00,88,fall,46,145.5,NA,NA,1977,18030012,Dry,Dry,1976-10-01T00:00:00Z,1977-10-01T00:00:00Z,-119.512,36.2625
362625N1195116W001,919286,1976-01-27T00:00:00Z,252.24,250.74,0,90,162.24,90,88.5,NA,Unknown,Water level accuracy is unknown,1,Department of Water Resources,NA,5030,Tulare Irrigation District,NA,NA,16606,19S23E19H001M,19S23E19H001M,Unknown,Unknown,5-022.11,Kaweah,Tulare,NA,Unknown,Single Well,NA,1959-09-28 00:00:00 - 2013-03-07 06:45:00,88,other,NA,NA,NA,NA,1976,18030012,Above Normal,Above Normal,1975-10-01T00:00:00Z,1976-10-01T00:00:00Z,-119.512,36.2625
362625N1195116W001,919285,1975-10-01T00:00:00Z,252.24,250.74,0,94,158.24,94,92.5,NA,Unknown,Water level accuracy is unknown,1,Department of Water Resources,NA,5030,Tulare Irrigation District,NA,NA,16606,19S23E19H001M,19S23E19H001M,Unknown,Unknown,5-022.11,Kaweah,Tulare,NA,Unknown,Single Well,NA,1959-09-28 00:00:00 - 2013-03-07 06:45:00,88,fall,46,145.5,NA,NA,1976,18030012,Above Normal,Above Normal,1975-10-01T00:00:00Z,1976-10-01T00:00:00Z,-119.512,36.2625
362625N1195116W001,919284,1975-02-11T00:00:00Z,252.24,250.74,0,82,170.24,82,80.5,NA,Unknown,Water level accuracy is unknown,1,Department of Water Resources,NA,5030,Tulare Irrigation District,NA,NA,16606,19S23E19H001M,19S23E19H001M,Unknown,Unknown,5-022.11,Kaweah,Tulare,NA,Unknown,Single Well,NA,1959-09-28 00:00:00 - 2013-03-07 06:45:00,88,other,NA,NA,NA,NA,1975,18030012,Above Normal,Above Normal,1974-10-01T00:00:00Z,1975-10-01T00:00:00Z,-119.512,36.2625
362625N1195116W001,919283,1974-10-03T00:00:00Z,252.24,250.74,0,81,171.24,81,79.5,NA,Unknown,Water level accuracy is unknown,1,Department of Water Resources,NA,5030,Tulare Irrigation District,NA,NA,16606,19S23E19H001M,19S23E19H001M,Unknown,Unknown,5-022.11,Kaweah,Tulare,NA,Unknown,Single Well,NA,1959-09-28 00:00:00 - 2013-03-07 06:45:00,88,fall,46,145.5,NA,NA,1975,18030012,Above Normal,Above Normal,1974-10-01T00:00:00Z,1975-10-01T00:00:00Z,-119.512,36.2625
362625N1195116W001,919282,1974-01-23T00:00:00Z,252.24,250.74,0,80.5,171.74,80.5,79,NA,Unknown,Water level accuracy is unknown,1,Department of Water Resources,NA,5030,Tulare Irrigation District,NA,NA,16606,19S23E19H001M,19S23E19H001M,Unknown,Unknown,5-022.11,Kaweah,Tulare,NA,Unknown,Single Well,NA,1959-09-28 00:00:00 - 2013-03-07 06:45:00,88,other,NA,NA,NA,NA,1974,18030012,Wet,Wet,1973-10-01T00:00:00Z,1974-10-01T00:00:00Z,-119.512,36.2625
362625N1195116W001,919281,1973-10-02T00:00:00Z,252.24,250.74,0,85.5,166.74,85.5,84,NA,Unknown,Water level accuracy is unknown,1,Department of Water Resources,NA,5030,Tulare Irrigation District,NA,NA,16606,19S23E19H001M,19S23E19H001M,Unknown,Unknown,5-022.11,Kaweah,Tulare,NA,Unknown,Single Well,NA,1959-09-28 00:00:00 - 2013-03-07 06:45:00,88,fall,46,145.5,NA,NA,1974,18030012,Wet,Wet,1973-10-01T00:00:00Z,1974-10-01T00:00:00Z,-119.512,36.2625
362625N1195116W001,919280,1973-02-12T00:00:00Z,252.24,250.74,0,88.2,164.04,88.2,86.7,NA,Unknown,Water level accuracy is unknown,1,Department of Water Resources,NA,5030,Tulare Irrigation District,NA,NA,16606,19S23E19H001M,19S23E19H001M,Unknown,Unknown,5-022.11,Kaweah,Tulare,NA,Unknown,Single Well,NA,1959-09-28 00:00:00 - 2013-03-07 06:45:00,88,other,NA,NA,NA,NA,1973,18030012,Wet,Wet,1972-10-01T00:00:00Z,1973-10-01T00:00:00Z,-119.512,36.2625
362625N1195116W001,919279,1972-10-11T00:00:00Z,252.24,250.74,0,93.2,159.04,93.2,91.7,NA,Unknown,Water level accuracy is unknown,1,Department of Water Resources,NA,5030,Tulare Irrigation District,NA,NA,16606,19S23E19H001M,19S23E19H001M,Unknown,Unknown,5-022.11,Kaweah,Tulare,NA,Unknown,Single Well,NA,1959-09-28 00:00:00 - 2013-03-07 06:45:00,88,fall,46,145.5,NA,NA,1973,18030012,Wet,Wet,1972-10-01T00:00:00Z,1973-10-01T00:00:00Z,-119.512,36.2625
362625N1195116W001,919278,1972-03-09T00:00:00Z,252.24,250.74,NA,NA,NA,NA,NA,Pumping,NA,NA,1,Department of Water Resources,NA,5030,Tulare Irrigation District,NA,NA,16606,19S23E19H001M,19S23E19H001M,Unknown,Unknown,5-022.11,Kaweah,Tulare,NA,Unknown,Single Well,NA,1959-09-28 00:00:00 - 2013-03-07 06:45:00,88,spring,NA,NA,125.5,125.5,1972,18030012,Critical,Critical,1971-10-01T00:00:00Z,1972-10-01T00:00:00Z,-119.512,36.2625
362625N1195116W001,919277,1971-10-07T00:00:00Z,252.24,250.74,0,84.1,168.14,84.1,82.6,NA,Unknown,Water level accuracy is unknown,1,Department of Water Resources,NA,5030,Tulare Irrigation District,NA,NA,16606,19S23E19H001M,19S23E19H001M,Unknown,Unknown,5-022.11,Kaweah,Tulare,NA,Unknown,Single Well,NA,1959-09-28 00:00:00 - 2013-03-07 06:45:00,88,fall,46,145.5,NA,NA,1972,18030012,Critical,Critical,1971-10-01T00:00:00Z,1972-10-01T00:00:00Z,-119.512,36.2625
362625N1195116W001,919276,1971-02-12T00:00:00Z,252.24,250.74,0,73.3,178.94,73.3,71.8,NA,Unknown,Water level accuracy is unknown,1,Department of Water Resources,NA,5030,Tulare Irrigation District,NA,NA,16606,19S23E19H001M,19S23E19H001M,Unknown,Unknown,5-022.11,Kaweah,Tulare,NA,Unknown,Single Well,NA,1959-09-28 00:00:00 - 2013-03-07 06:45:00,88,other,NA,NA,NA,NA,1971,18030012,Dry,Dry,1970-10-01T00:00:00Z,1971-10-01T00:00:00Z,-119.512,36.2625
362625N1195116W001,919275,1970-09-30T00:00:00Z,252.24,250.74,0,82.4,169.84,82.4,80.9,NA,Unknown,Water level accuracy is unknown,1,Department of Water Resources,NA,5030,Tulare Irrigation District,NA,NA,16606,19S23E19H001M,19S23E19H001M,Unknown,Unknown,5-022.11,Kaweah,Tulare,NA,Unknown,Single Well,NA,1959-09-28 00:00:00 - 2013-03-07 06:45:00,88,fall,46,145.5,NA,NA,1970,18030012,Wet,Wet,1969-10-01T00:00:00Z,1970-10-01T00:00:00Z,-119.512,36.2625
362625N1195116W001,919274,1970-01-30T00:00:00Z,252.24,250.74,0,80.7,171.54,80.7,79.2,NA,Unknown,Water level accuracy is unknown,1,Department of Water Resources,NA,5030,Tulare Irrigation District,NA,NA,16606,19S23E19H001M,19S23E19H001M,Unknown,Unknown,5-022.11,Kaweah,Tulare,NA,Unknown,Single Well,NA,1959-09-28 00:00:00 - 2013-03-07 06:45:00,88,other,NA,NA,NA,NA,1970,18030012,Wet,Wet,1969-10-01T00:00:00Z,1970-10-01T00:00:00Z,-119.512,36.2625
362625N1195116W001,919273,1969-09-22T00:00:00Z,252.24,250.74,0,86,166.24,86,84.5,NA,Unknown,Water level accuracy is unknown,1,Department of Water Resources,NA,624,Bureau of Reclamation,NA,NA,16606,19S23E19H001M,19S23E19H001M,Unknown,Unknown,5-022.11,Kaweah,Tulare,NA,Unknown,Single Well,NA,1959-09-28 00:00:00 - 2013-03-07 06:45:00,88,fall,46,145.5,NA,NA,1969,18030012,Wet,Wet,1968-10-01T00:00:00Z,1969-10-01T00:00:00Z,-119.512,36.2625
362625N1195116W001,919272,1969-02-03T00:00:00Z,252.24,250.74,0,94.1,158.14,94.1,92.6,NA,Unknown,Water level accuracy is unknown,1,Department of Water Resources,NA,5030,Tulare Irrigation District,NA,NA,16606,19S23E19H001M,19S23E19H001M,Unknown,Unknown,5-022.11,Kaweah,Tulare,NA,Unknown,Single Well,NA,1959-09-28 00:00:00 - 2013-03-07 06:45:00,88,other,NA,NA,NA,NA,1969,18030012,Wet,Wet,1968-10-01T00:00:00Z,1969-10-01T00:00:00Z,-119.512,36.2625
362625N1195116W001,919271,1968-02-01T00:00:00Z,252.24,250.74,0,88,164.24,88,86.5,NA,Unknown,Water level accuracy is unknown,1,Department of Water Resources,NA,5030,Tulare Irrigation District,NA,NA,16606,19S23E19H001M,19S23E19H001M,Unknown,Unknown,5-022.11,Kaweah,Tulare,NA,Unknown,Single Well,NA,1959-09-28 00:00:00 - 2013-03-07 06:45:00,88,other,NA,NA,NA,NA,1968,18030012,Below Normal,Below Normal,1967-10-01T00:00:00Z,1968-10-01T00:00:00Z,-119.512,36.2625
362625N1195116W001,919270,1967-02-08T00:00:00Z,252.24,250.74,0,105,147.24,105,103.5,NA,Unknown,Water level accuracy is unknown,1,Department of Water Resources,NA,5030,Tulare Irrigation District,NA,NA,16606,19S23E19H001M,19S23E19H001M,Unknown,Unknown,5-022.11,Kaweah,Tulare,NA,Unknown,Single Well,NA,1959-09-28 00:00:00 - 2013-03-07 06:45:00,88,other,NA,NA,NA,NA,1967,18030012,Wet,Wet,1966-10-01T00:00:00Z,1967-10-01T00:00:00Z,-119.512,36.2625
362625N1195116W001,919269,1966-02-03T00:00:00Z,252.24,250.74,0,95.7,156.54,95.7,94.2,NA,Unknown,Water level accuracy is unknown,1,Department of Water Resources,NA,5030,Tulare Irrigation District,NA,NA,16606,19S23E19H001M,19S23E19H001M,Unknown,Unknown,5-022.11,Kaweah,Tulare,NA,Unknown,Single Well,NA,1959-09-28 00:00:00 - 2013-03-07 06:45:00,88,other,NA,NA,NA,NA,1966,18030012,Below Normal,Below Normal,1965-10-01T00:00:00Z,1966-10-01T00:00:00Z,-119.512,36.2625
362625N1195116W001,919268,1965-02-03T00:00:00Z,252.24,250.74,0,100.4,151.84,100.4,98.9,NA,Unknown,Water level accuracy is unknown,1,Department of Water Resources,NA,5030,Tulare Irrigation District,NA,NA,16606,19S23E19H001M,19S23E19H001M,Unknown,Unknown,5-022.11,Kaweah,Tulare,NA,Unknown,Single Well,NA,1959-09-28 00:00:00 - 2013-03-07 06:45:00,88,other,NA,NA,NA,NA,1965,18030012,Below Normal,Below Normal,1964-10-01T00:00:00Z,1965-10-01T00:00:00Z,-119.512,36.2625
362625N1195116W001,919267,1964-10-01T00:00:00Z,252.24,250.74,0,104.5,147.74,104.5,103,NA,Unknown,Water level accuracy is unknown,1,Department of Water Resources,NA,5030,Tulare Irrigation District,NA,NA,16606,19S23E19H001M,19S23E19H001M,Unknown,Unknown,5-022.11,Kaweah,Tulare,NA,Unknown,Single Well,NA,1959-09-28 00:00:00 - 2013-03-07 06:45:00,88,fall,46,145.5,NA,NA,1965,18030012,Below Normal,Below Normal,1964-10-01T00:00:00Z,1965-10-01T00:00:00Z,-119.512,36.2625
362625N1195116W001,919266,1964-02-05T00:00:00Z,252.24,250.74,0,93.6,158.64,93.6,92.1,NA,Unknown,Water level accuracy is unknown,1,Department of Water Resources,NA,5030,Tulare Irrigation District,NA,NA,16606,19S23E19H001M,19S23E19H001M,Unknown,Unknown,5-022.11,Kaweah,Tulare,NA,Unknown,Single Well,NA,1959-09-28 00:00:00 - 2013-03-07 06:45:00,88,other,NA,NA,NA,NA,1964,18030012,Dry,Dry,1963-10-01T00:00:00Z,1964-10-01T00:00:00Z,-119.512,36.2625
362625N1195116W001,919265,1963-02-19T00:00:00Z,252.24,250.74,0,98.3,153.94,98.3,96.8,NA,Unknown,Water level accuracy is unknown,1,Department of Water Resources,NA,5030,Tulare Irrigation District,NA,NA,16606,19S23E19H001M,19S23E19H001M,Unknown,Unknown,5-022.11,Kaweah,Tulare,NA,Unknown,Single Well,NA,1959-09-28 00:00:00 - 2013-03-07 06:45:00,88,other,NA,NA,NA,NA,1963,18030012,Above Normal,Above Normal,1962-10-01T00:00:00Z,1963-10-01T00:00:00Z,-119.512,36.2625
362625N1195116W001,919264,1962-02-08T00:00:00Z,252.24,250.74,0,97.1,155.14,97.1,95.6,NA,Unknown,Water level accuracy is unknown,1,Department of Water Resources,NA,5030,Tulare Irrigation District,NA,NA,16606,19S23E19H001M,19S23E19H001M,Unknown,Unknown,5-022.11,Kaweah,Tulare,NA,Unknown,Single Well,NA,1959-09-28 00:00:00 - 2013-03-07 06:45:00,88,other,NA,NA,NA,NA,1962,18030012,Above Normal,Above Normal,1961-10-01T00:00:00Z,1962-10-01T00:00:00Z,-119.512,36.2625
362625N1195116W001,919263,1960-09-28T00:00:00Z,252.24,250.74,NA,NA,NA,NA,NA,Tape hung up,NA,NA,1,Department of Water Resources,NA,5030,Tulare Irrigation District,NA,NA,16606,19S23E19H001M,19S23E19H001M,Unknown,Unknown,5-022.11,Kaweah,Tulare,NA,Unknown,Single Well,NA,1959-09-28 00:00:00 - 2013-03-07 06:45:00,88,fall,46,145.5,NA,NA,1960,18030012,Critical,Critical,1959-10-01T00:00:00Z,1960-10-01T00:00:00Z,-119.512,36.2625
362625N1195116W001,919262,1960-02-11T00:00:00Z,252.24,250.74,0,79,173.24,79,77.5,NA,Unknown,Water level accuracy is unknown,1,Department of Water Resources,NA,5030,Tulare Irrigation District,NA,NA,16606,19S23E19H001M,19S23E19H001M,Unknown,Unknown,5-022.11,Kaweah,Tulare,NA,Unknown,Single Well,NA,1959-09-28 00:00:00 - 2013-03-07 06:45:00,88,other,NA,NA,NA,NA,1960,18030012,Critical,Critical,1959-10-01T00:00:00Z,1960-10-01T00:00:00Z,-119.512,36.2625
362625N1195116W001,919261,1959-09-28T00:00:00Z,252.24,250.74,0,81.8,170.44,81.8,80.3,NA,Unknown,Water level accuracy is unknown,1,Department of Water Resources,NA,5030,Tulare Irrigation District,NA,NA,16606,19S23E19H001M,19S23E19H001M,Unknown,Unknown,5-022.11,Kaweah,Tulare,NA,Unknown,Single Well,NA,1959-09-28 00:00:00 - 2013-03-07 06:45:00,88,fall,46,145.5,NA,NA,1959,18030012,Below Normal,Below Normal,1958-10-01T00:00:00Z,1959-10-01T00:00:00Z,-119.512,36.2625
