SITE_CODE,WLM_ID,MSMT_DATE,WLM_RPE,WLM_GSE,RDNG_WS,RDNG_RP,WSE,RPE_WSE,GSE_WSE,WLM_QA_DESC,WLM_DESC,WLM_ACC_DESC,WLM_ORG_ID,WLM_ORG_NAME,MSMT_CMT,COOP_AGENCY_ORG_ID,COOP_ORG_NAME,TOP_PRF,BOT_PRF,STN_ID,SWN,WELL_NAME,WLM_METHOD,WLM_ACC,BASIN_CODE,BASIN_NAME,COUNTY_NAME,WELL_DEPTH,WELL_USE,WELL_TYPE,WCR_NO,t_range,n_samples,season,fall_high,fall_low,spring_high,spring_low,water_year,HUC8,WYT,water_year_type,water_year_start,water_year_end,X,Y
362620N1193624W002,2660012,2020-03-15T12:00:00Z,295.35,295.35,0,153,142.35,153,153,NA,Unknown,Water level accuracy is unknown,5317,Mid-Kaweah GSA,NA,5317,Mid-Kaweah GSA,80,255,54652,19S24E22E001M,KSB-1545s,Unknown,Unknown,5-022.11,Kaweah,Tulare,255,Unknown,Part of a nested/multi-completion well,NA,2018-10-15 12:00:00 - 2020-03-15 12:00:00,4,spring,NA,NA,153,167,2020,NA,NA,NA,2019-10-01T00:00:00Z,2020-10-01T00:00:00Z,-119.362,36.262
362620N1193624W002,2660048,2019-10-15T12:00:00Z,295.35,295.35,0,152,143.35,152,152,NA,Unknown,Water level accuracy is unknown,5317,Mid-Kaweah GSA,NA,5317,Mid-Kaweah GSA,80,255,54652,19S24E22E001M,KSB-1545s,Unknown,Unknown,5-022.11,Kaweah,Tulare,255,Unknown,Part of a nested/multi-completion well,NA,2018-10-15 12:00:00 - 2020-03-15 12:00:00,4,fall,152,174,NA,NA,2020,NA,NA,NA,2019-10-01T00:00:00Z,2020-10-01T00:00:00Z,-119.362,36.262
362620N1193624W002,2619957,2019-03-15T12:00:00Z,295.35,295.35,0,167,128.35,167,167,NA,Unknown,Water level accuracy is unknown,5317,Mid-Kaweah GSA,NA,5317,Mid-Kaweah GSA,80,255,54652,19S24E22E001M,KSB-1545s,Unknown,Unknown,5-022.11,Kaweah,Tulare,255,Unknown,Part of a nested/multi-completion well,NA,2018-10-15 12:00:00 - 2020-03-15 12:00:00,4,spring,NA,NA,153,167,2019,NA,NA,NA,2018-10-01T00:00:00Z,2019-10-01T00:00:00Z,-119.362,36.262
362620N1193624W002,2619908,2018-10-15T12:00:00Z,295.35,295.35,0,174,121.35,174,174,NA,Unknown,Water level accuracy is unknown,5317,Mid-Kaweah GSA,NA,5317,Mid-Kaweah GSA,80,255,54652,19S24E22E001M,KSB-1545s,Unknown,Unknown,5-022.11,Kaweah,Tulare,255,Unknown,Part of a nested/multi-completion well,NA,2018-10-15 12:00:00 - 2020-03-15 12:00:00,4,fall,152,174,NA,NA,2019,NA,NA,NA,2018-10-01T00:00:00Z,2019-10-01T00:00:00Z,-119.362,36.262
