SITE_CODE,WLM_ID,MSMT_DATE,WLM_RPE,WLM_GSE,RDNG_WS,RDNG_RP,WSE,RPE_WSE,GSE_WSE,WLM_QA_DESC,WLM_DESC,WLM_ACC_DESC,WLM_ORG_ID,WLM_ORG_NAME,MSMT_CMT,COOP_AGENCY_ORG_ID,COOP_ORG_NAME,TOP_PRF,BOT_PRF,STN_ID,SWN,WELL_NAME,WLM_METHOD,WLM_ACC,BASIN_CODE,BASIN_NAME,COUNTY_NAME,WELL_DEPTH,WELL_USE,WELL_TYPE,WCR_NO,t_range,n_samples,season,fall_high,fall_low,spring_high,spring_low,water_year,HUC8,WYT,water_year_type,water_year_start,water_year_end,X,Y
362689N1195018W001,2447747,2019-01-29T07:00:00Z,247.16,246.82,0,123,124.16,123,122.66,NA,Steel tape measurement,Water level accuracy to nearest foot,5030,Tulare Irrigation District,NA,5030,Tulare Irrigation District,NA,NA,16607,19S23E20C001M,192320C1,GPS,0.1 ft.,5-022.11,Kaweah,Tulare,NA,Irrigation,Single Well,NA,1999-01-17 00:00:00 - 2019-01-29 07:00:00,31,other,NA,NA,NA,NA,2019,NA,NA,NA,2018-10-01T00:00:00Z,2019-10-01T00:00:00Z,-119.502,36.2689
362689N1195018W001,2415736,2018-10-08T07:00:00Z,247.16,246.82,0,131,116.16,131,130.66,NA,Steel tape measurement,Water level accuracy to nearest foot,5030,Tulare Irrigation District,NA,5030,Tulare Irrigation District,NA,NA,16607,19S23E20C001M,192320C1,GPS,0.1 ft.,5-022.11,Kaweah,Tulare,NA,Irrigation,Single Well,NA,1999-01-17 00:00:00 - 2019-01-29 07:00:00,31,fall,78,139.5,NA,NA,2019,NA,NA,NA,2018-10-01T00:00:00Z,2019-10-01T00:00:00Z,-119.502,36.2689
362689N1195018W001,2282139,2018-01-29T07:00:00Z,247.16,246.82,20,150,117.16,130,129.66,NA,Steel tape measurement,Water level accuracy to nearest foot,5030,Tulare Irrigation District,NA,5030,Tulare Irrigation District,NA,NA,16607,19S23E20C001M,192320C1,GPS,0.1 ft.,5-022.11,Kaweah,Tulare,NA,Irrigation,Single Well,NA,1999-01-17 00:00:00 - 2019-01-29 07:00:00,31,other,NA,NA,NA,NA,2018,18030012,Below Normal,Below Normal,2017-10-01T00:00:00Z,2018-10-01T00:00:00Z,-119.502,36.2689
362689N1195018W001,2262936,2017-09-25T07:00:00Z,247.16,246.82,39,175,111.16,136,135.66,NA,Steel tape measurement,Water level accuracy to nearest foot,5030,Tulare Irrigation District,NA,5030,Tulare Irrigation District,NA,NA,16607,19S23E20C001M,192320C1,GPS,0.1 ft.,5-022.11,Kaweah,Tulare,NA,Irrigation,Single Well,NA,1999-01-17 00:00:00 - 2019-01-29 07:00:00,31,fall,78,139.5,NA,NA,2017,18030012,Wet,Wet,2016-10-01T00:00:00Z,2017-10-01T00:00:00Z,-119.502,36.2689
362689N1195018W001,2250331,2017-01-26T06:00:00Z,247.16,246.82,NA,NA,NA,NA,NA,Well has been destroyed,NA,NA,5030,Tulare Irrigation District,Well Destroyed,5030,Tulare Irrigation District,NA,NA,16607,19S23E20C001M,192320C1,GPS,0.1 ft.,5-022.11,Kaweah,Tulare,NA,Irrigation,Single Well,NA,1999-01-17 00:00:00 - 2019-01-29 07:00:00,31,other,NA,NA,NA,NA,2017,18030012,Wet,Wet,2016-10-01T00:00:00Z,2017-10-01T00:00:00Z,-119.502,36.2689
362689N1195018W001,2231663,2016-10-21T00:00:00Z,247.927,247.596,NA,NA,NA,NA,NA,Well has been destroyed,NA,NA,5030,Tulare Irrigation District,NA,5030,Tulare Irrigation District,NA,NA,16607,19S23E20C001M,192320C1,GPS,0.1 ft.,5-022.11,Kaweah,Tulare,NA,Irrigation,Single Well,NA,1999-01-17 00:00:00 - 2019-01-29 07:00:00,31,fall,78,139.5,NA,NA,2017,18030012,Wet,Wet,2016-10-01T00:00:00Z,2017-10-01T00:00:00Z,-119.502,36.2689
362689N1195018W001,2187117,2016-02-16T12:00:00Z,254.739,254.739,0,128.2,126.539,128.2,128.2,NA,Unknown,Water level accuracy to nearest tenth of a foot,1,Department of Water Resources,NA,1,Department of Water Resources,NA,NA,16607,19S23E20C001M,192320C1,GPS,0.1 ft.,5-022.11,Kaweah,Tulare,NA,Irrigation,Single Well,NA,1999-01-17 00:00:00 - 2019-01-29 07:00:00,31,other,NA,NA,NA,NA,2016,18030012,Below Normal,Below Normal,2015-10-01T00:00:00Z,2016-10-01T00:00:00Z,-119.502,36.2689
362689N1195018W001,2183733,2016-02-02T00:00:00Z,247.16,246.82,NA,NA,NA,NA,NA,Well has been destroyed,NA,NA,5030,Tulare Irrigation District,NA,5030,Tulare Irrigation District,NA,NA,16607,19S23E20C001M,192320C1,GPS,0.1 ft.,5-022.11,Kaweah,Tulare,NA,Irrigation,Single Well,NA,1999-01-17 00:00:00 - 2019-01-29 07:00:00,31,other,NA,NA,NA,NA,2016,18030012,Below Normal,Below Normal,2015-10-01T00:00:00Z,2016-10-01T00:00:00Z,-119.502,36.2689
362689N1195018W001,1713729,2013-02-01T12:00:00Z,254.739,254.739,NA,NA,NA,NA,NA,Well has been destroyed,NA,NA,1,Department of Water Resources,NA,1,Department of Water Resources,NA,NA,16607,19S23E20C001M,192320C1,GPS,0.1 ft.,5-022.11,Kaweah,Tulare,NA,Irrigation,Single Well,NA,1999-01-17 00:00:00 - 2019-01-29 07:00:00,31,other,NA,NA,NA,NA,2013,18030012,Critical,Critical,2012-10-01T00:00:00Z,2013-10-01T00:00:00Z,-119.502,36.2689
362689N1195018W001,1713598,2012-02-27T12:00:00Z,254.739,254.739,0,104.2,150.539,104.2,104.2,NA,Unknown,Water level accuracy to nearest tenth of a foot,1,Department of Water Resources,NA,1,Department of Water Resources,NA,NA,16607,19S23E20C001M,192320C1,GPS,0.1 ft.,5-022.11,Kaweah,Tulare,NA,Irrigation,Single Well,NA,1999-01-17 00:00:00 - 2019-01-29 07:00:00,31,other,NA,NA,NA,NA,2012,18030012,Below Normal,Below Normal,2011-10-01T00:00:00Z,2012-10-01T00:00:00Z,-119.502,36.2689
362689N1195018W001,919367,2011-02-17T00:00:00Z,254.74,254.74,0,99.1,155.64,99.1,99.1,NA,Unknown,Water level accuracy is unknown,1,Department of Water Resources,NA,1083,KINGS COUNTY WATER DISTRICT,NA,NA,16607,19S23E20C001M,192320C1,GPS,0.1 ft.,5-022.11,Kaweah,Tulare,NA,Irrigation,Single Well,NA,1999-01-17 00:00:00 - 2019-01-29 07:00:00,31,other,NA,NA,NA,NA,2011,18030012,Wet,Wet,2010-10-01T00:00:00Z,2011-10-01T00:00:00Z,-119.502,36.2689
362689N1195018W001,93852,2011-02-15T07:45:00Z,254.739,254.739,0,116,138.739,116,116,Oil or foreign substance in casing,Unknown,Water level accuracy to nearest tenth of a foot,1,Department of Water Resources,Oil in Casing,1,Department of Water Resources,NA,NA,16607,19S23E20C001M,192320C1,GPS,0.1 ft.,5-022.11,Kaweah,Tulare,NA,Irrigation,Single Well,NA,1999-01-17 00:00:00 - 2019-01-29 07:00:00,31,other,NA,NA,NA,NA,2011,18030012,Wet,Wet,2010-10-01T00:00:00Z,2011-10-01T00:00:00Z,-119.502,36.2689
362689N1195018W001,919365,2010-02-25T00:00:00Z,254.74,254.74,0,118.4,136.34,118.4,118.4,NA,Unknown,Water level accuracy is unknown,1,Department of Water Resources,NA,1083,KINGS COUNTY WATER DISTRICT,NA,NA,16607,19S23E20C001M,192320C1,GPS,0.1 ft.,5-022.11,Kaweah,Tulare,NA,Irrigation,Single Well,NA,1999-01-17 00:00:00 - 2019-01-29 07:00:00,31,other,NA,NA,NA,NA,2010,18030012,Above Normal,Above Normal,2009-10-01T00:00:00Z,2010-10-01T00:00:00Z,-119.502,36.2689
362689N1195018W001,919368,2010-01-19T00:00:00Z,254.74,254.74,NA,NA,NA,NA,NA,Temporarily inaccessible,NA,NA,1,Department of Water Resources,NA,5030,Tulare Irrigation District,NA,NA,16607,19S23E20C001M,192320C1,GPS,0.1 ft.,5-022.11,Kaweah,Tulare,NA,Irrigation,Single Well,NA,1999-01-17 00:00:00 - 2019-01-29 07:00:00,31,other,NA,NA,NA,NA,2010,18030012,Above Normal,Above Normal,2009-10-01T00:00:00Z,2010-10-01T00:00:00Z,-119.502,36.2689
362689N1195018W001,919366,2009-10-23T00:00:00Z,254.74,254.74,0,118,136.74,118,118,NA,Unknown,Water level accuracy is unknown,1,Department of Water Resources,NA,1083,KINGS COUNTY WATER DISTRICT,NA,NA,16607,19S23E20C001M,192320C1,GPS,0.1 ft.,5-022.11,Kaweah,Tulare,NA,Irrigation,Single Well,NA,1999-01-17 00:00:00 - 2019-01-29 07:00:00,31,fall,78,139.5,NA,NA,2010,18030012,Above Normal,Above Normal,2009-10-01T00:00:00Z,2010-10-01T00:00:00Z,-119.502,36.2689
362689N1195018W001,919361,2009-02-11T00:00:00Z,254.74,254.74,0,113.5,141.24,113.5,113.5,NA,Unknown,Water level accuracy is unknown,1,Department of Water Resources,NA,5030,Tulare Irrigation District,NA,NA,16607,19S23E20C001M,192320C1,GPS,0.1 ft.,5-022.11,Kaweah,Tulare,NA,Irrigation,Single Well,NA,1999-01-17 00:00:00 - 2019-01-29 07:00:00,31,other,NA,NA,NA,NA,2009,18030012,Critical,Critical,2008-10-01T00:00:00Z,2009-10-01T00:00:00Z,-119.502,36.2689
362689N1195018W001,919362,2008-10-27T00:00:00Z,254.74,254.74,0,111.1,143.64,111.1,111.1,NA,Unknown,Water level accuracy is unknown,1,Department of Water Resources,NA,5030,Tulare Irrigation District,NA,NA,16607,19S23E20C001M,192320C1,GPS,0.1 ft.,5-022.11,Kaweah,Tulare,NA,Irrigation,Single Well,NA,1999-01-17 00:00:00 - 2019-01-29 07:00:00,31,fall,78,139.5,NA,NA,2009,18030012,Critical,Critical,2008-10-01T00:00:00Z,2009-10-01T00:00:00Z,-119.502,36.2689
362689N1195018W001,919363,2008-02-27T00:00:00Z,254.74,254.74,0,106.1,148.64,106.1,106.1,NA,Unknown,Water level accuracy is unknown,1,Department of Water Resources,NA,5030,Tulare Irrigation District,NA,NA,16607,19S23E20C001M,192320C1,GPS,0.1 ft.,5-022.11,Kaweah,Tulare,NA,Irrigation,Single Well,NA,1999-01-17 00:00:00 - 2019-01-29 07:00:00,31,other,NA,NA,NA,NA,2008,18030012,Critical,Critical,2007-10-01T00:00:00Z,2008-10-01T00:00:00Z,-119.502,36.2689
362689N1195018W001,919364,2007-11-02T00:00:00Z,254.74,254.74,0,102,152.74,102,102,NA,Unknown,Water level accuracy is unknown,1,Department of Water Resources,NA,5030,Tulare Irrigation District,NA,NA,16607,19S23E20C001M,192320C1,GPS,0.1 ft.,5-022.11,Kaweah,Tulare,NA,Irrigation,Single Well,NA,1999-01-17 00:00:00 - 2019-01-29 07:00:00,31,fall,78,139.5,NA,NA,2008,18030012,Critical,Critical,2007-10-01T00:00:00Z,2008-10-01T00:00:00Z,-119.502,36.2689
362689N1195018W001,919359,2007-10-11T00:00:00Z,254.74,254.74,0,101,153.74,101,101,Nearby pump operating,Unknown,Water level accuracy is unknown,1,Department of Water Resources,NO OIL,5030,Tulare Irrigation District,NA,NA,16607,19S23E20C001M,192320C1,GPS,0.1 ft.,5-022.11,Kaweah,Tulare,NA,Irrigation,Single Well,NA,1999-01-17 00:00:00 - 2019-01-29 07:00:00,31,fall,78,139.5,NA,NA,2008,18030012,Critical,Critical,2007-10-01T00:00:00Z,2008-10-01T00:00:00Z,-119.502,36.2689
362689N1195018W001,919358,2007-02-14T00:00:00Z,254.74,254.74,0,80.5,174.24,80.5,80.5,NA,Unknown,Water level accuracy is unknown,1,Department of Water Resources,NA,5030,Tulare Irrigation District,NA,NA,16607,19S23E20C001M,192320C1,GPS,0.1 ft.,5-022.11,Kaweah,Tulare,NA,Irrigation,Single Well,NA,1999-01-17 00:00:00 - 2019-01-29 07:00:00,31,other,NA,NA,NA,NA,2007,18030012,Critical,Critical,2006-10-01T00:00:00Z,2007-10-01T00:00:00Z,-119.502,36.2689
362689N1195018W001,919360,2006-09-29T00:00:00Z,254.74,254.74,0,139.5,115.24,139.5,139.5,Oil or foreign substance in casing,Unknown,Water level accuracy is unknown,1,Department of Water Resources,TAPE-100.5 FEET,5030,Tulare Irrigation District,NA,NA,16607,19S23E20C001M,192320C1,GPS,0.1 ft.,5-022.11,Kaweah,Tulare,NA,Irrigation,Single Well,NA,1999-01-17 00:00:00 - 2019-01-29 07:00:00,31,fall,78,139.5,NA,NA,2006,18030012,Wet,Wet,2005-10-01T00:00:00Z,2006-10-01T00:00:00Z,-119.502,36.2689
362689N1195018W001,919357,2006-01-26T00:00:00Z,254.74,254.74,0,95,159.74,95,95,Nearby pump operating,Unknown,Water level accuracy is unknown,1,Department of Water Resources,NA,5030,Tulare Irrigation District,NA,NA,16607,19S23E20C001M,192320C1,GPS,0.1 ft.,5-022.11,Kaweah,Tulare,NA,Irrigation,Single Well,NA,1999-01-17 00:00:00 - 2019-01-29 07:00:00,31,other,NA,NA,NA,NA,2006,18030012,Wet,Wet,2005-10-01T00:00:00Z,2006-10-01T00:00:00Z,-119.502,36.2689
362689N1195018W001,919356,2005-01-26T00:00:00Z,254.74,254.74,0,110,144.74,110,110,NA,Unknown,Water level accuracy is unknown,1,Department of Water Resources,NA,5030,Tulare Irrigation District,NA,NA,16607,19S23E20C001M,192320C1,GPS,0.1 ft.,5-022.11,Kaweah,Tulare,NA,Irrigation,Single Well,NA,1999-01-17 00:00:00 - 2019-01-29 07:00:00,31,other,NA,NA,NA,NA,2005,18030012,Wet,Wet,2004-10-01T00:00:00Z,2005-10-01T00:00:00Z,-119.502,36.2689
362689N1195018W001,919354,2004-02-02T00:00:00Z,254.74,254.74,0,109,145.74,109,109,Nearby pump operating,Unknown,Water level accuracy is unknown,1,Department of Water Resources,OIL IN CASING,5030,Tulare Irrigation District,NA,NA,16607,19S23E20C001M,192320C1,GPS,0.1 ft.,5-022.11,Kaweah,Tulare,NA,Irrigation,Single Well,NA,1999-01-17 00:00:00 - 2019-01-29 07:00:00,31,other,NA,NA,NA,NA,2004,18030012,Dry,Dry,2003-10-01T00:00:00Z,2004-10-01T00:00:00Z,-119.502,36.2689
362689N1195018W001,919355,2003-09-19T00:00:00Z,254.74,254.74,0,112,142.74,112,112,Oil or foreign substance in casing,Unknown,Water level accuracy is unknown,1,Department of Water Resources,OIL IN CASING,5030,Tulare Irrigation District,NA,NA,16607,19S23E20C001M,192320C1,GPS,0.1 ft.,5-022.11,Kaweah,Tulare,NA,Irrigation,Single Well,NA,1999-01-17 00:00:00 - 2019-01-29 07:00:00,31,fall,78,139.5,NA,NA,2003,18030012,Dry,Dry,2002-10-01T00:00:00Z,2003-10-01T00:00:00Z,-119.502,36.2689
362689N1195018W001,919352,2001-10-14T00:00:00Z,254.74,254.74,0,93,161.74,93,93,Oil or foreign substance in casing,Unknown,Water level accuracy is unknown,1,Department of Water Resources,NA,1083,KINGS COUNTY WATER DISTRICT,NA,NA,16607,19S23E20C001M,192320C1,GPS,0.1 ft.,5-022.11,Kaweah,Tulare,NA,Irrigation,Single Well,NA,1999-01-17 00:00:00 - 2019-01-29 07:00:00,31,fall,78,139.5,NA,NA,2002,18030012,Critical,Critical,2001-10-01T00:00:00Z,2002-10-01T00:00:00Z,-119.502,36.2689
362689N1195018W001,919353,2001-03-03T00:00:00Z,254.74,254.74,0,83,171.74,83,83,NA,Unknown,Water level accuracy is unknown,1,Department of Water Resources,NA,1083,KINGS COUNTY WATER DISTRICT,NA,NA,16607,19S23E20C001M,192320C1,GPS,0.1 ft.,5-022.11,Kaweah,Tulare,NA,Irrigation,Single Well,NA,1999-01-17 00:00:00 - 2019-01-29 07:00:00,31,spring,NA,NA,83,83,2001,18030012,Below Normal,Below Normal,2000-10-01T00:00:00Z,2001-10-01T00:00:00Z,-119.502,36.2689
362689N1195018W001,919351,2000-01-30T00:00:00Z,254.74,254.74,0,81,173.74,81,81,NA,Unknown,Water level accuracy is unknown,1,Department of Water Resources,NA,1083,KINGS COUNTY WATER DISTRICT,NA,NA,16607,19S23E20C001M,192320C1,GPS,0.1 ft.,5-022.11,Kaweah,Tulare,NA,Irrigation,Single Well,NA,1999-01-17 00:00:00 - 2019-01-29 07:00:00,31,other,NA,NA,NA,NA,2000,18030012,Below Normal,Below Normal,1999-10-01T00:00:00Z,2000-10-01T00:00:00Z,-119.502,36.2689
362689N1195018W001,919350,1999-10-23T00:00:00Z,254.74,254.74,0,78,176.74,78,78,NA,Unknown,Water level accuracy is unknown,1,Department of Water Resources,NA,1083,KINGS COUNTY WATER DISTRICT,NA,NA,16607,19S23E20C001M,192320C1,GPS,0.1 ft.,5-022.11,Kaweah,Tulare,NA,Irrigation,Single Well,NA,1999-01-17 00:00:00 - 2019-01-29 07:00:00,31,fall,78,139.5,NA,NA,2000,18030012,Below Normal,Below Normal,1999-10-01T00:00:00Z,2000-10-01T00:00:00Z,-119.502,36.2689
362689N1195018W001,919349,1999-01-17T00:00:00Z,254.74,254.74,0,75,179.74,75,75,NA,Unknown,Water level accuracy is unknown,1,Department of Water Resources,NA,1083,KINGS COUNTY WATER DISTRICT,NA,NA,16607,19S23E20C001M,192320C1,GPS,0.1 ft.,5-022.11,Kaweah,Tulare,NA,Irrigation,Single Well,NA,1999-01-17 00:00:00 - 2019-01-29 07:00:00,31,other,NA,NA,NA,NA,1999,18030012,Wet,Wet,1998-10-01T00:00:00Z,1999-10-01T00:00:00Z,-119.502,36.2689
