SITE_CODE,WLM_ID,MSMT_DATE,WLM_RPE,WLM_GSE,RDNG_WS,RDNG_RP,WSE,RPE_WSE,GSE_WSE,WLM_QA_DESC,WLM_DESC,WLM_ACC_DESC,WLM_ORG_ID,WLM_ORG_NAME,MSMT_CMT,COOP_AGENCY_ORG_ID,COOP_ORG_NAME,TOP_PRF,BOT_PRF,STN_ID,SWN,WELL_NAME,WLM_METHOD,WLM_ACC,BASIN_CODE,BASIN_NAME,COUNTY_NAME,WELL_DEPTH,WELL_USE,WELL_TYPE,WCR_NO,t_range,n_samples,season,fall_high,fall_low,spring_high,spring_low,water_year,HUC8,WYT,water_year_type,water_year_start,water_year_end,X,Y
362686N1194846W001,2660020,2020-03-15T12:00:00Z,257.7,257.1,0,112,145.7,112,111.4,NA,Unknown,Water level accuracy is unknown,5317,Mid-Kaweah GSA,NA,5317,Mid-Kaweah GSA,168,195,16608,19S23E21C001M,X-19S23E21C001M,USGS quad,5 ft.,5-022.11,Kaweah,Tulare,212,Irrigation,Single Well,299 - Tulare,2011-10-12 00:00:00 - 2020-03-15 12:00:00,8,spring,NA,NA,111.4,135.4,2020,NA,NA,NA,2019-10-01T00:00:00Z,2020-10-01T00:00:00Z,-119.485,36.2686
362686N1194846W001,2026150,2014-10-17T00:00:00Z,257.7,257.1,NA,NA,NA,NA,NA,Measurement Discontinued,NA,NA,5155,Kaweah Delta Water Conservation District,NA,5155,Kaweah Delta Water Conservation District,168,195,16608,19S23E21C001M,X-19S23E21C001M,USGS quad,5 ft.,5-022.11,Kaweah,Tulare,212,Irrigation,Single Well,299 - Tulare,2011-10-12 00:00:00 - 2020-03-15 12:00:00,8,fall,121.4,139.4,NA,NA,2015,18030012,Critical,Critical,2014-10-01T00:00:00Z,2015-10-01T00:00:00Z,-119.485,36.2686
362686N1194846W001,1897058,2014-02-21T00:00:00Z,257.7,257.1,NA,NA,NA,NA,NA,Tape hung up,NA,NA,5155,Kaweah Delta Water Conservation District,NA,5155,Kaweah Delta Water Conservation District,168,195,16608,19S23E21C001M,X-19S23E21C001M,USGS quad,5 ft.,5-022.11,Kaweah,Tulare,212,Irrigation,Single Well,299 - Tulare,2011-10-12 00:00:00 - 2020-03-15 12:00:00,8,other,NA,NA,NA,NA,2014,18030012,Critical,Critical,2013-10-01T00:00:00Z,2014-10-01T00:00:00Z,-119.485,36.2686
362686N1194846W001,1835833,2013-10-15T00:00:00Z,257.7,257.1,1,141,117.7,140,139.4,NA,Electric sounder measurement,Water level accuracy to nearest tenth of a foot,5155,Kaweah Delta Water Conservation District,NA,5155,Kaweah Delta Water Conservation District,168,195,16608,19S23E21C001M,X-19S23E21C001M,USGS quad,5 ft.,5-022.11,Kaweah,Tulare,212,Irrigation,Single Well,299 - Tulare,2011-10-12 00:00:00 - 2020-03-15 12:00:00,8,fall,121.4,139.4,NA,NA,2014,18030012,Critical,Critical,2013-10-01T00:00:00Z,2014-10-01T00:00:00Z,-119.485,36.2686
362686N1194846W001,1722390,2013-03-05T00:00:00Z,255,254.4,0,136,119,136,135.4,NA,Electric sounder measurement,Water level accuracy to nearest tenth of a foot,5155,Kaweah Delta Water Conservation District,NA,5155,Kaweah Delta Water Conservation District,168,195,16608,19S23E21C001M,X-19S23E21C001M,USGS quad,5 ft.,5-022.11,Kaweah,Tulare,212,Irrigation,Single Well,299 - Tulare,2011-10-12 00:00:00 - 2020-03-15 12:00:00,8,spring,NA,NA,111.4,135.4,2013,18030012,Critical,Critical,2012-10-01T00:00:00Z,2013-10-01T00:00:00Z,-119.485,36.2686
362686N1194846W001,89642,2012-10-10T00:00:00Z,255,254.4,0,134,121,134,133.4,NA,Electric sounder measurement,Water level accuracy to nearest tenth of a foot,5155,Kaweah Delta Water Conservation District,NA,5155,Kaweah Delta Water Conservation District,168,195,16608,19S23E21C001M,X-19S23E21C001M,USGS quad,5 ft.,5-022.11,Kaweah,Tulare,212,Irrigation,Single Well,299 - Tulare,2011-10-12 00:00:00 - 2020-03-15 12:00:00,8,fall,121.4,139.4,NA,NA,2013,18030012,Critical,Critical,2012-10-01T00:00:00Z,2013-10-01T00:00:00Z,-119.485,36.2686
362686N1194846W001,62134,2012-02-13T00:00:00Z,255,254.4,NA,NA,NA,NA,NA,Pumping,NA,NA,5155,Kaweah Delta Water Conservation District,NA,5155,Kaweah Delta Water Conservation District,168,195,16608,19S23E21C001M,X-19S23E21C001M,USGS quad,5 ft.,5-022.11,Kaweah,Tulare,212,Irrigation,Single Well,299 - Tulare,2011-10-12 00:00:00 - 2020-03-15 12:00:00,8,other,NA,NA,NA,NA,2012,18030012,Below Normal,Below Normal,2011-10-01T00:00:00Z,2012-10-01T00:00:00Z,-119.485,36.2686
362686N1194846W001,39519,2011-10-12T00:00:00Z,255,254.4,1,123,133,122,121.4,NA,Steel tape measurement,Water level accuracy to nearest tenth of a foot,5155,Kaweah Delta Water Conservation District,NA,5155,Kaweah Delta Water Conservation District,168,195,16608,19S23E21C001M,X-19S23E21C001M,USGS quad,5 ft.,5-022.11,Kaweah,Tulare,212,Irrigation,Single Well,299 - Tulare,2011-10-12 00:00:00 - 2020-03-15 12:00:00,8,fall,121.4,139.4,NA,NA,2012,18030012,Below Normal,Below Normal,2011-10-01T00:00:00Z,2012-10-01T00:00:00Z,-119.485,36.2686
