SITE_CODE,WLM_ID,MSMT_DATE,WLM_RPE,WLM_GSE,RDNG_WS,RDNG_RP,WSE,RPE_WSE,GSE_WSE,WLM_QA_DESC,WLM_DESC,WLM_ACC_DESC,WLM_ORG_ID,WLM_ORG_NAME,MSMT_CMT,COOP_AGENCY_ORG_ID,COOP_ORG_NAME,TOP_PRF,BOT_PRF,STN_ID,SWN,WELL_NAME,WLM_METHOD,WLM_ACC,BASIN_CODE,BASIN_NAME,COUNTY_NAME,WELL_DEPTH,WELL_USE,WELL_TYPE,WCR_NO,t_range,n_samples,season,fall_high,fall_low,spring_high,spring_low,water_year,HUC8,WYT,water_year_type,water_year_start,water_year_end,X,Y
362614N1193857W001,1988951,2013-03-07T11:30:00Z,289.71,288.71,33,165,157.71,132,131,NA,Unknown,Water level accuracy to nearest tenth of a foot,1,Department of Water Resources,tape=132,1,Department of Water Resources,NA,NA,16768,19S24E20J001M,19S24E20J001M,Unknown,Unknown,5-022.11,Kaweah,Tulare,NA,Unknown,Single Well,NA,1967-02-13 00:00:00 - 2013-03-07 11:30:00,68,spring,NA,NA,131,145,2013,18030012,Critical,Critical,2012-10-01T00:00:00Z,2013-10-01T00:00:00Z,-119.386,36.2614
362614N1193857W001,93872,2011-02-15T10:30:00Z,289.71,288.71,3,150,142.71,147,146,NA,Unknown,Water level accuracy to nearest tenth of a foot,1,Department of Water Resources,NA,1,Department of Water Resources,NA,NA,16768,19S24E20J001M,19S24E20J001M,Unknown,Unknown,5-022.11,Kaweah,Tulare,NA,Unknown,Single Well,NA,1967-02-13 00:00:00 - 2013-03-07 11:30:00,68,other,NA,NA,NA,NA,2011,18030012,Wet,Wet,2010-10-01T00:00:00Z,2011-10-01T00:00:00Z,-119.386,36.2614
362614N1193857W001,921471,2010-01-19T00:00:00Z,289.71,288.71,0,140,149.71,140,139,Oil or foreign substance in casing,Unknown,Water level accuracy is unknown,1,Department of Water Resources,NA,5030,Tulare Irrigation District,NA,NA,16768,19S24E20J001M,19S24E20J001M,Unknown,Unknown,5-022.11,Kaweah,Tulare,NA,Unknown,Single Well,NA,1967-02-13 00:00:00 - 2013-03-07 11:30:00,68,other,NA,NA,NA,NA,2010,18030012,Above Normal,Above Normal,2009-10-01T00:00:00Z,2010-10-01T00:00:00Z,-119.386,36.2614
362614N1193857W001,921470,2009-03-03T00:00:00Z,289.71,288.71,0,146,143.71,146,145,Oil or foreign substance in casing,Unknown,Water level accuracy is unknown,1,Department of Water Resources,OIL IN CASING,5030,Tulare Irrigation District,NA,NA,16768,19S24E20J001M,19S24E20J001M,Unknown,Unknown,5-022.11,Kaweah,Tulare,NA,Unknown,Single Well,NA,1967-02-13 00:00:00 - 2013-03-07 11:30:00,68,spring,NA,NA,131,145,2009,18030012,Critical,Critical,2008-10-01T00:00:00Z,2009-10-01T00:00:00Z,-119.386,36.2614
362614N1193857W001,921468,2007-10-11T00:00:00Z,289.71,288.71,0,135,154.71,135,134,Nearby pump operating,Unknown,Water level accuracy is unknown,1,Department of Water Resources,OIL IN CASING,5030,Tulare Irrigation District,NA,NA,16768,19S24E20J001M,19S24E20J001M,Unknown,Unknown,5-022.11,Kaweah,Tulare,NA,Unknown,Single Well,NA,1967-02-13 00:00:00 - 2013-03-07 11:30:00,68,fall,54,134,NA,NA,2008,18030012,Critical,Critical,2007-10-01T00:00:00Z,2008-10-01T00:00:00Z,-119.386,36.2614
362614N1193857W001,921467,2007-01-23T00:00:00Z,289.71,288.71,0,108,181.71,108,107,Oil or foreign substance in casing,Unknown,Water level accuracy is unknown,1,Department of Water Resources,2 FEET OF OIL,5030,Tulare Irrigation District,NA,NA,16768,19S24E20J001M,19S24E20J001M,Unknown,Unknown,5-022.11,Kaweah,Tulare,NA,Unknown,Single Well,NA,1967-02-13 00:00:00 - 2013-03-07 11:30:00,68,other,NA,NA,NA,NA,2007,18030012,Critical,Critical,2006-10-01T00:00:00Z,2007-10-01T00:00:00Z,-119.386,36.2614
362614N1193857W001,921469,2006-09-26T00:00:00Z,289.71,288.71,0,114.5,175.21,114.5,113.5,NA,Unknown,Water level accuracy is unknown,1,Department of Water Resources,NO OIL,5030,Tulare Irrigation District,NA,NA,16768,19S24E20J001M,19S24E20J001M,Unknown,Unknown,5-022.11,Kaweah,Tulare,NA,Unknown,Single Well,NA,1967-02-13 00:00:00 - 2013-03-07 11:30:00,68,fall,54,134,NA,NA,2006,18030012,Wet,Wet,2005-10-01T00:00:00Z,2006-10-01T00:00:00Z,-119.386,36.2614
362614N1193857W001,921466,2006-02-23T00:00:00Z,289.71,288.71,0,111.5,178.21,111.5,110.5,NA,Unknown,Water level accuracy is unknown,1,Department of Water Resources,NA,5030,Tulare Irrigation District,NA,NA,16768,19S24E20J001M,19S24E20J001M,Unknown,Unknown,5-022.11,Kaweah,Tulare,NA,Unknown,Single Well,NA,1967-02-13 00:00:00 - 2013-03-07 11:30:00,68,other,NA,NA,NA,NA,2006,18030012,Wet,Wet,2005-10-01T00:00:00Z,2006-10-01T00:00:00Z,-119.386,36.2614
362614N1193857W001,921464,2005-01-28T00:00:00Z,289.71,288.71,0,125,164.71,125,124,Oil or foreign substance in casing,Unknown,Water level accuracy is unknown,1,Department of Water Resources,NA,5030,Tulare Irrigation District,NA,NA,16768,19S24E20J001M,19S24E20J001M,Unknown,Unknown,5-022.11,Kaweah,Tulare,NA,Unknown,Single Well,NA,1967-02-13 00:00:00 - 2013-03-07 11:30:00,68,other,NA,NA,NA,NA,2005,18030012,Wet,Wet,2004-10-01T00:00:00Z,2005-10-01T00:00:00Z,-119.386,36.2614
362614N1193857W001,921465,2005-01-28T00:00:00Z,289.71,288.71,0,125,164.71,125,124,NA,Unknown,Water level accuracy is unknown,1,Department of Water Resources,NA,5030,Tulare Irrigation District,NA,NA,16768,19S24E20J001M,19S24E20J001M,Unknown,Unknown,5-022.11,Kaweah,Tulare,NA,Unknown,Single Well,NA,1967-02-13 00:00:00 - 2013-03-07 11:30:00,68,other,NA,NA,NA,NA,2005,18030012,Wet,Wet,2004-10-01T00:00:00Z,2005-10-01T00:00:00Z,-119.386,36.2614
362614N1193857W001,921463,2003-09-19T00:00:00Z,289.71,288.71,0,131,158.71,131,130,Nearby pump operating,Unknown,Water level accuracy is unknown,1,Department of Water Resources,NO OIL,5030,Tulare Irrigation District,NA,NA,16768,19S24E20J001M,19S24E20J001M,Unknown,Unknown,5-022.11,Kaweah,Tulare,NA,Unknown,Single Well,NA,1967-02-13 00:00:00 - 2013-03-07 11:30:00,68,fall,54,134,NA,NA,2003,18030012,Dry,Dry,2002-10-01T00:00:00Z,2003-10-01T00:00:00Z,-119.386,36.2614
362614N1193857W001,921460,2003-01-21T00:00:00Z,289.71,288.71,0,110,179.71,110,109,Oil or foreign substance in casing,Unknown,Water level accuracy is unknown,1,Department of Water Resources,NA,5030,Tulare Irrigation District,NA,NA,16768,19S24E20J001M,19S24E20J001M,Unknown,Unknown,5-022.11,Kaweah,Tulare,NA,Unknown,Single Well,NA,1967-02-13 00:00:00 - 2013-03-07 11:30:00,68,other,NA,NA,NA,NA,2003,18030012,Dry,Dry,2002-10-01T00:00:00Z,2003-10-01T00:00:00Z,-119.386,36.2614
362614N1193857W001,921462,2002-09-17T00:00:00Z,289.71,288.71,0,125,164.71,125,124,Oil or foreign substance in casing,Unknown,Water level accuracy is unknown,1,Department of Water Resources,NA,624,Bureau of Reclamation,NA,NA,16768,19S24E20J001M,19S24E20J001M,Unknown,Unknown,5-022.11,Kaweah,Tulare,NA,Unknown,Single Well,NA,1967-02-13 00:00:00 - 2013-03-07 11:30:00,68,fall,54,134,NA,NA,2002,18030012,Critical,Critical,2001-10-01T00:00:00Z,2002-10-01T00:00:00Z,-119.386,36.2614
362614N1193857W001,921461,2002-01-18T00:00:00Z,289.71,288.71,0,100,189.71,100,99,Nearby pump operating,Unknown,Water level accuracy is unknown,1,Department of Water Resources,NA,624,Bureau of Reclamation,NA,NA,16768,19S24E20J001M,19S24E20J001M,Unknown,Unknown,5-022.11,Kaweah,Tulare,NA,Unknown,Single Well,NA,1967-02-13 00:00:00 - 2013-03-07 11:30:00,68,other,NA,NA,NA,NA,2002,18030012,Critical,Critical,2001-10-01T00:00:00Z,2002-10-01T00:00:00Z,-119.386,36.2614
362614N1193857W001,921459,2001-01-24T00:00:00Z,289.71,288.71,0,94,195.71,94,93,NA,Unknown,Water level accuracy is unknown,1,Department of Water Resources,NA,5030,Tulare Irrigation District,NA,NA,16768,19S24E20J001M,19S24E20J001M,Unknown,Unknown,5-022.11,Kaweah,Tulare,NA,Unknown,Single Well,NA,1967-02-13 00:00:00 - 2013-03-07 11:30:00,68,other,NA,NA,NA,NA,2001,18030012,Below Normal,Below Normal,2000-10-01T00:00:00Z,2001-10-01T00:00:00Z,-119.386,36.2614
362614N1193857W001,921458,2000-01-19T00:00:00Z,289.71,288.71,0,91,198.71,91,90,Oil or foreign substance in casing,Unknown,Water level accuracy is unknown,1,Department of Water Resources,NA,5030,Tulare Irrigation District,NA,NA,16768,19S24E20J001M,19S24E20J001M,Unknown,Unknown,5-022.11,Kaweah,Tulare,NA,Unknown,Single Well,NA,1967-02-13 00:00:00 - 2013-03-07 11:30:00,68,other,NA,NA,NA,NA,2000,18030012,Below Normal,Below Normal,1999-10-01T00:00:00Z,2000-10-01T00:00:00Z,-119.386,36.2614
362614N1193857W001,921457,1999-10-05T00:00:00Z,289.71,288.71,0,101,188.71,101,100,Oil or foreign substance in casing,Unknown,Water level accuracy is unknown,1,Department of Water Resources,NA,5030,Tulare Irrigation District,NA,NA,16768,19S24E20J001M,19S24E20J001M,Unknown,Unknown,5-022.11,Kaweah,Tulare,NA,Unknown,Single Well,NA,1967-02-13 00:00:00 - 2013-03-07 11:30:00,68,fall,54,134,NA,NA,2000,18030012,Below Normal,Below Normal,1999-10-01T00:00:00Z,2000-10-01T00:00:00Z,-119.386,36.2614
362614N1193857W001,921456,1999-01-18T00:00:00Z,289.71,288.71,0,87,202.71,87,86,Other,Unknown,Water level accuracy is unknown,1,Department of Water Resources,NA,5030,Tulare Irrigation District,NA,NA,16768,19S24E20J001M,19S24E20J001M,Unknown,Unknown,5-022.11,Kaweah,Tulare,NA,Unknown,Single Well,NA,1967-02-13 00:00:00 - 2013-03-07 11:30:00,68,other,NA,NA,NA,NA,1999,18030012,Wet,Wet,1998-10-01T00:00:00Z,1999-10-01T00:00:00Z,-119.386,36.2614
362614N1193857W001,921455,1998-10-05T00:00:00Z,289.71,288.71,0,93,196.71,93,92,NA,Unknown,Water level accuracy is unknown,1,Department of Water Resources,NA,5030,Tulare Irrigation District,NA,NA,16768,19S24E20J001M,19S24E20J001M,Unknown,Unknown,5-022.11,Kaweah,Tulare,NA,Unknown,Single Well,NA,1967-02-13 00:00:00 - 2013-03-07 11:30:00,68,fall,54,134,NA,NA,1999,18030012,Wet,Wet,1998-10-01T00:00:00Z,1999-10-01T00:00:00Z,-119.386,36.2614
362614N1193857W001,921454,1998-01-14T00:00:00Z,289.71,288.71,0,99,190.71,99,98,Oil or foreign substance in casing,Unknown,Water level accuracy is unknown,1,Department of Water Resources,NA,5030,Tulare Irrigation District,NA,NA,16768,19S24E20J001M,19S24E20J001M,Unknown,Unknown,5-022.11,Kaweah,Tulare,NA,Unknown,Single Well,NA,1967-02-13 00:00:00 - 2013-03-07 11:30:00,68,other,NA,NA,NA,NA,1998,18030012,Wet,Wet,1997-10-01T00:00:00Z,1998-10-01T00:00:00Z,-119.386,36.2614
362614N1193857W001,921453,1997-10-06T00:00:00Z,289.71,288.71,0,114,175.71,114,113,Nearby pump operating,Unknown,Water level accuracy is unknown,1,Department of Water Resources,NA,5030,Tulare Irrigation District,NA,NA,16768,19S24E20J001M,19S24E20J001M,Unknown,Unknown,5-022.11,Kaweah,Tulare,NA,Unknown,Single Well,NA,1967-02-13 00:00:00 - 2013-03-07 11:30:00,68,fall,54,134,NA,NA,1998,18030012,Wet,Wet,1997-10-01T00:00:00Z,1998-10-01T00:00:00Z,-119.386,36.2614
362614N1193857W001,921452,1997-01-13T00:00:00Z,289.71,288.71,0,104,185.71,104,103,Oil or foreign substance in casing,Unknown,Water level accuracy is unknown,1,Department of Water Resources,NA,5030,Tulare Irrigation District,NA,NA,16768,19S24E20J001M,19S24E20J001M,Unknown,Unknown,5-022.11,Kaweah,Tulare,NA,Unknown,Single Well,NA,1967-02-13 00:00:00 - 2013-03-07 11:30:00,68,other,NA,NA,NA,NA,1997,18030012,Above Normal,Above Normal,1996-10-01T00:00:00Z,1997-10-01T00:00:00Z,-119.386,36.2614
362614N1193857W001,921451,1996-10-07T00:00:00Z,289.71,288.71,NA,NA,NA,NA,NA,Pumping,NA,NA,1,Department of Water Resources,NA,5030,Tulare Irrigation District,NA,NA,16768,19S24E20J001M,19S24E20J001M,Unknown,Unknown,5-022.11,Kaweah,Tulare,NA,Unknown,Single Well,NA,1967-02-13 00:00:00 - 2013-03-07 11:30:00,68,fall,54,134,NA,NA,1997,18030012,Above Normal,Above Normal,1996-10-01T00:00:00Z,1997-10-01T00:00:00Z,-119.386,36.2614
362614N1193857W001,921450,1996-01-17T00:00:00Z,289.71,288.71,0,105,184.71,105,104,Oil or foreign substance in casing,Unknown,Water level accuracy is unknown,1,Department of Water Resources,NA,5030,Tulare Irrigation District,NA,NA,16768,19S24E20J001M,19S24E20J001M,Unknown,Unknown,5-022.11,Kaweah,Tulare,NA,Unknown,Single Well,NA,1967-02-13 00:00:00 - 2013-03-07 11:30:00,68,other,NA,NA,NA,NA,1996,18030012,Wet,Wet,1995-10-01T00:00:00Z,1996-10-01T00:00:00Z,-119.386,36.2614
362614N1193857W001,921449,1995-10-06T00:00:00Z,289.71,288.71,0,113,176.71,113,112,Oil or foreign substance in casing,Unknown,Water level accuracy is unknown,1,Department of Water Resources,NA,5030,Tulare Irrigation District,NA,NA,16768,19S24E20J001M,19S24E20J001M,Unknown,Unknown,5-022.11,Kaweah,Tulare,NA,Unknown,Single Well,NA,1967-02-13 00:00:00 - 2013-03-07 11:30:00,68,fall,54,134,NA,NA,1996,18030012,Wet,Wet,1995-10-01T00:00:00Z,1996-10-01T00:00:00Z,-119.386,36.2614
362614N1193857W001,921448,1995-02-02T00:00:00Z,289.71,288.71,0,119,170.71,119,118,NA,Unknown,Water level accuracy is unknown,1,Department of Water Resources,NA,5030,Tulare Irrigation District,NA,NA,16768,19S24E20J001M,19S24E20J001M,Unknown,Unknown,5-022.11,Kaweah,Tulare,NA,Unknown,Single Well,NA,1967-02-13 00:00:00 - 2013-03-07 11:30:00,68,other,NA,NA,NA,NA,1995,18030012,Wet,Wet,1994-10-01T00:00:00Z,1995-10-01T00:00:00Z,-119.386,36.2614
362614N1193857W001,921447,1994-09-30T00:00:00Z,289.71,288.71,0,130,159.71,130,129,NA,Unknown,Water level accuracy is unknown,1,Department of Water Resources,NA,5030,Tulare Irrigation District,NA,NA,16768,19S24E20J001M,19S24E20J001M,Unknown,Unknown,5-022.11,Kaweah,Tulare,NA,Unknown,Single Well,NA,1967-02-13 00:00:00 - 2013-03-07 11:30:00,68,fall,54,134,NA,NA,1994,18030012,Above Normal,Above Normal,1993-10-01T00:00:00Z,1994-10-01T00:00:00Z,-119.386,36.2614
362614N1193857W001,921446,1994-01-20T00:00:00Z,289.71,288.71,0,111,178.71,111,110,NA,Unknown,Water level accuracy is unknown,1,Department of Water Resources,NA,5030,Tulare Irrigation District,NA,NA,16768,19S24E20J001M,19S24E20J001M,Unknown,Unknown,5-022.11,Kaweah,Tulare,NA,Unknown,Single Well,NA,1967-02-13 00:00:00 - 2013-03-07 11:30:00,68,other,NA,NA,NA,NA,1994,18030012,Above Normal,Above Normal,1993-10-01T00:00:00Z,1994-10-01T00:00:00Z,-119.386,36.2614
362614N1193857W001,921445,1993-10-05T00:00:00Z,289.71,288.71,0,120,169.71,120,119,NA,Unknown,Water level accuracy is unknown,1,Department of Water Resources,NA,5030,Tulare Irrigation District,NA,NA,16768,19S24E20J001M,19S24E20J001M,Unknown,Unknown,5-022.11,Kaweah,Tulare,NA,Unknown,Single Well,NA,1967-02-13 00:00:00 - 2013-03-07 11:30:00,68,fall,54,134,NA,NA,1994,18030012,Above Normal,Above Normal,1993-10-01T00:00:00Z,1994-10-01T00:00:00Z,-119.386,36.2614
362614N1193857W001,921444,1993-01-27T00:00:00Z,289.71,288.71,0,115,174.71,115,114,NA,Unknown,Water level accuracy is unknown,1,Department of Water Resources,NA,5030,Tulare Irrigation District,NA,NA,16768,19S24E20J001M,19S24E20J001M,Unknown,Unknown,5-022.11,Kaweah,Tulare,NA,Unknown,Single Well,NA,1967-02-13 00:00:00 - 2013-03-07 11:30:00,68,other,NA,NA,NA,NA,1993,18030012,Wet,Wet,1992-10-01T00:00:00Z,1993-10-01T00:00:00Z,-119.386,36.2614
362614N1193857W001,921443,1992-10-08T00:00:00Z,289.71,288.71,0,129,160.71,129,128,NA,Unknown,Water level accuracy is unknown,1,Department of Water Resources,NA,5030,Tulare Irrigation District,NA,NA,16768,19S24E20J001M,19S24E20J001M,Unknown,Unknown,5-022.11,Kaweah,Tulare,NA,Unknown,Single Well,NA,1967-02-13 00:00:00 - 2013-03-07 11:30:00,68,fall,54,134,NA,NA,1993,18030012,Wet,Wet,1992-10-01T00:00:00Z,1993-10-01T00:00:00Z,-119.386,36.2614
362614N1193857W001,921442,1992-01-21T00:00:00Z,289.71,288.71,0,112,177.71,112,111,NA,Unknown,Water level accuracy is unknown,1,Department of Water Resources,NA,5030,Tulare Irrigation District,NA,NA,16768,19S24E20J001M,19S24E20J001M,Unknown,Unknown,5-022.11,Kaweah,Tulare,NA,Unknown,Single Well,NA,1967-02-13 00:00:00 - 2013-03-07 11:30:00,68,other,NA,NA,NA,NA,1992,18030012,Above Normal,Above Normal,1991-10-01T00:00:00Z,1992-10-01T00:00:00Z,-119.386,36.2614
362614N1193857W001,921441,1991-10-01T00:00:00Z,289.71,288.71,0,128,161.71,128,127,NA,Unknown,Water level accuracy is unknown,1,Department of Water Resources,NA,5030,Tulare Irrigation District,NA,NA,16768,19S24E20J001M,19S24E20J001M,Unknown,Unknown,5-022.11,Kaweah,Tulare,NA,Unknown,Single Well,NA,1967-02-13 00:00:00 - 2013-03-07 11:30:00,68,fall,54,134,NA,NA,1992,18030012,Above Normal,Above Normal,1991-10-01T00:00:00Z,1992-10-01T00:00:00Z,-119.386,36.2614
362614N1193857W001,921440,1991-01-28T00:00:00Z,289.71,288.71,0,123,166.71,123,122,NA,Unknown,Water level accuracy is unknown,1,Department of Water Resources,NA,5030,Tulare Irrigation District,NA,NA,16768,19S24E20J001M,19S24E20J001M,Unknown,Unknown,5-022.11,Kaweah,Tulare,NA,Unknown,Single Well,NA,1967-02-13 00:00:00 - 2013-03-07 11:30:00,68,other,NA,NA,NA,NA,1991,18030012,Dry,Dry,1990-10-01T00:00:00Z,1991-10-01T00:00:00Z,-119.386,36.2614
362614N1193857W001,921439,1990-10-03T00:00:00Z,289.71,288.71,0,105,184.71,105,104,Acoustical sounder,Unknown,Water level accuracy is unknown,1,Department of Water Resources,NA,5030,Tulare Irrigation District,NA,NA,16768,19S24E20J001M,19S24E20J001M,Unknown,Unknown,5-022.11,Kaweah,Tulare,NA,Unknown,Single Well,NA,1967-02-13 00:00:00 - 2013-03-07 11:30:00,68,fall,54,134,NA,NA,1991,18030012,Dry,Dry,1990-10-01T00:00:00Z,1991-10-01T00:00:00Z,-119.386,36.2614
362614N1193857W001,921438,1990-01-18T00:00:00Z,289.71,288.71,0,82,207.71,82,81,NA,Unknown,Water level accuracy is unknown,1,Department of Water Resources,NA,5030,Tulare Irrigation District,NA,NA,16768,19S24E20J001M,19S24E20J001M,Unknown,Unknown,5-022.11,Kaweah,Tulare,NA,Unknown,Single Well,NA,1967-02-13 00:00:00 - 2013-03-07 11:30:00,68,other,NA,NA,NA,NA,1990,18030012,Critical,Critical,1989-10-01T00:00:00Z,1990-10-01T00:00:00Z,-119.386,36.2614
362614N1193857W001,921437,1989-10-05T00:00:00Z,289.71,288.71,0,88,201.71,88,87,NA,Unknown,Water level accuracy is unknown,1,Department of Water Resources,NA,5030,Tulare Irrigation District,NA,NA,16768,19S24E20J001M,19S24E20J001M,Unknown,Unknown,5-022.11,Kaweah,Tulare,NA,Unknown,Single Well,NA,1967-02-13 00:00:00 - 2013-03-07 11:30:00,68,fall,54,134,NA,NA,1990,18030012,Critical,Critical,1989-10-01T00:00:00Z,1990-10-01T00:00:00Z,-119.386,36.2614
362614N1193857W001,921436,1989-01-31T00:00:00Z,289.71,288.71,0,74,215.71,74,73,NA,Unknown,Water level accuracy is unknown,1,Department of Water Resources,NA,5030,Tulare Irrigation District,NA,NA,16768,19S24E20J001M,19S24E20J001M,Unknown,Unknown,5-022.11,Kaweah,Tulare,NA,Unknown,Single Well,NA,1967-02-13 00:00:00 - 2013-03-07 11:30:00,68,other,NA,NA,NA,NA,1989,18030012,Dry,Dry,1988-10-01T00:00:00Z,1989-10-01T00:00:00Z,-119.386,36.2614
362614N1193857W001,921435,1988-10-07T00:00:00Z,289.71,288.71,0,83,206.71,83,82,NA,Unknown,Water level accuracy is unknown,1,Department of Water Resources,NA,5030,Tulare Irrigation District,NA,NA,16768,19S24E20J001M,19S24E20J001M,Unknown,Unknown,5-022.11,Kaweah,Tulare,NA,Unknown,Single Well,NA,1967-02-13 00:00:00 - 2013-03-07 11:30:00,68,fall,54,134,NA,NA,1989,18030012,Dry,Dry,1988-10-01T00:00:00Z,1989-10-01T00:00:00Z,-119.386,36.2614
362614N1193857W001,921434,1988-01-22T00:00:00Z,289.71,288.71,0,61,228.71,61,60,NA,Unknown,Water level accuracy is unknown,1,Department of Water Resources,NA,5030,Tulare Irrigation District,NA,NA,16768,19S24E20J001M,19S24E20J001M,Unknown,Unknown,5-022.11,Kaweah,Tulare,NA,Unknown,Single Well,NA,1967-02-13 00:00:00 - 2013-03-07 11:30:00,68,other,NA,NA,NA,NA,1988,18030012,Below Normal,Below Normal,1987-10-01T00:00:00Z,1988-10-01T00:00:00Z,-119.386,36.2614
362614N1193857W001,921433,1987-10-06T00:00:00Z,289.71,288.71,0,58,231.71,58,57,NA,Unknown,Water level accuracy is unknown,1,Department of Water Resources,NA,5030,Tulare Irrigation District,NA,NA,16768,19S24E20J001M,19S24E20J001M,Unknown,Unknown,5-022.11,Kaweah,Tulare,NA,Unknown,Single Well,NA,1967-02-13 00:00:00 - 2013-03-07 11:30:00,68,fall,54,134,NA,NA,1988,18030012,Below Normal,Below Normal,1987-10-01T00:00:00Z,1988-10-01T00:00:00Z,-119.386,36.2614
362614N1193857W001,921432,1987-02-06T00:00:00Z,289.71,288.71,0,47,242.71,47,46,NA,Unknown,Water level accuracy is unknown,1,Department of Water Resources,NA,5030,Tulare Irrigation District,NA,NA,16768,19S24E20J001M,19S24E20J001M,Unknown,Unknown,5-022.11,Kaweah,Tulare,NA,Unknown,Single Well,NA,1967-02-13 00:00:00 - 2013-03-07 11:30:00,68,other,NA,NA,NA,NA,1987,18030012,Below Normal,Below Normal,1986-10-01T00:00:00Z,1987-10-01T00:00:00Z,-119.386,36.2614
362614N1193857W001,921431,1986-10-01T00:00:00Z,289.71,288.71,0,55,234.71,55,54,NA,Unknown,Water level accuracy is unknown,1,Department of Water Resources,NA,624,Bureau of Reclamation,NA,NA,16768,19S24E20J001M,19S24E20J001M,Unknown,Unknown,5-022.11,Kaweah,Tulare,NA,Unknown,Single Well,NA,1967-02-13 00:00:00 - 2013-03-07 11:30:00,68,fall,54,134,NA,NA,1987,18030012,Below Normal,Below Normal,1986-10-01T00:00:00Z,1987-10-01T00:00:00Z,-119.386,36.2614
362614N1193857W001,921430,1986-02-10T00:00:00Z,289.71,288.71,0,58,231.71,58,57,NA,Unknown,Water level accuracy is unknown,1,Department of Water Resources,NA,624,Bureau of Reclamation,NA,NA,16768,19S24E20J001M,19S24E20J001M,Unknown,Unknown,5-022.11,Kaweah,Tulare,NA,Unknown,Single Well,NA,1967-02-13 00:00:00 - 2013-03-07 11:30:00,68,other,NA,NA,NA,NA,1986,18030012,Above Normal,Above Normal,1985-10-01T00:00:00Z,1986-10-01T00:00:00Z,-119.386,36.2614
362614N1193857W001,921429,1985-09-30T00:00:00Z,289.71,288.71,0,73,216.71,73,72,NA,Unknown,Water level accuracy is unknown,1,Department of Water Resources,NA,624,Bureau of Reclamation,NA,NA,16768,19S24E20J001M,19S24E20J001M,Unknown,Unknown,5-022.11,Kaweah,Tulare,NA,Unknown,Single Well,NA,1967-02-13 00:00:00 - 2013-03-07 11:30:00,68,fall,54,134,NA,NA,1985,18030012,Dry,Dry,1984-10-01T00:00:00Z,1985-10-01T00:00:00Z,-119.386,36.2614
362614N1193857W001,921428,1985-02-06T00:00:00Z,289.71,288.71,0,56,233.71,56,55,NA,Unknown,Water level accuracy is unknown,1,Department of Water Resources,NA,624,Bureau of Reclamation,NA,NA,16768,19S24E20J001M,19S24E20J001M,Unknown,Unknown,5-022.11,Kaweah,Tulare,NA,Unknown,Single Well,NA,1967-02-13 00:00:00 - 2013-03-07 11:30:00,68,other,NA,NA,NA,NA,1985,18030012,Dry,Dry,1984-10-01T00:00:00Z,1985-10-01T00:00:00Z,-119.386,36.2614
362614N1193857W001,921427,1984-10-16T00:00:00Z,289.71,288.71,0,62.9,226.81,62.9,61.9,NA,Unknown,Water level accuracy is unknown,1,Department of Water Resources,NA,624,Bureau of Reclamation,NA,NA,16768,19S24E20J001M,19S24E20J001M,Unknown,Unknown,5-022.11,Kaweah,Tulare,NA,Unknown,Single Well,NA,1967-02-13 00:00:00 - 2013-03-07 11:30:00,68,fall,54,134,NA,NA,1985,18030012,Dry,Dry,1984-10-01T00:00:00Z,1985-10-01T00:00:00Z,-119.386,36.2614
362614N1193857W001,921426,1984-02-24T00:00:00Z,289.71,288.71,0,54,235.71,54,53,Oil or foreign substance in casing,Unknown,Water level accuracy is unknown,1,Department of Water Resources,NA,624,Bureau of Reclamation,NA,NA,16768,19S24E20J001M,19S24E20J001M,Unknown,Unknown,5-022.11,Kaweah,Tulare,NA,Unknown,Single Well,NA,1967-02-13 00:00:00 - 2013-03-07 11:30:00,68,other,NA,NA,NA,NA,1984,18030012,Above Normal,Above Normal,1983-10-01T00:00:00Z,1984-10-01T00:00:00Z,-119.386,36.2614
362614N1193857W001,921425,1983-10-17T00:00:00Z,289.71,288.71,0,56,233.71,56,55,NA,Unknown,Water level accuracy is unknown,1,Department of Water Resources,NA,624,Bureau of Reclamation,NA,NA,16768,19S24E20J001M,19S24E20J001M,Unknown,Unknown,5-022.11,Kaweah,Tulare,NA,Unknown,Single Well,NA,1967-02-13 00:00:00 - 2013-03-07 11:30:00,68,fall,54,134,NA,NA,1984,18030012,Above Normal,Above Normal,1983-10-01T00:00:00Z,1984-10-01T00:00:00Z,-119.386,36.2614
362614N1193857W001,921424,1983-02-03T00:00:00Z,289.71,288.71,0,65,224.71,65,64,Oil or foreign substance in casing,Unknown,Water level accuracy is unknown,1,Department of Water Resources,NA,5030,Tulare Irrigation District,NA,NA,16768,19S24E20J001M,19S24E20J001M,Unknown,Unknown,5-022.11,Kaweah,Tulare,NA,Unknown,Single Well,NA,1967-02-13 00:00:00 - 2013-03-07 11:30:00,68,other,NA,NA,NA,NA,1983,18030012,Wet,Wet,1982-10-01T00:00:00Z,1983-10-01T00:00:00Z,-119.386,36.2614
362614N1193857W001,921423,1976-10-06T00:00:00Z,289.71,288.71,NA,NA,NA,NA,NA,Well has been destroyed,NA,NA,1,Department of Water Resources,NA,5030,Tulare Irrigation District,NA,NA,16768,19S24E20J001M,19S24E20J001M,Unknown,Unknown,5-022.11,Kaweah,Tulare,NA,Unknown,Single Well,NA,1967-02-13 00:00:00 - 2013-03-07 11:30:00,68,fall,54,134,NA,NA,1977,18030012,Dry,Dry,1976-10-01T00:00:00Z,1977-10-01T00:00:00Z,-119.386,36.2614
362614N1193857W001,921422,1976-01-27T00:00:00Z,289.71,288.71,0,87,202.71,87,86,NA,Unknown,Water level accuracy is unknown,1,Department of Water Resources,NA,5030,Tulare Irrigation District,NA,NA,16768,19S24E20J001M,19S24E20J001M,Unknown,Unknown,5-022.11,Kaweah,Tulare,NA,Unknown,Single Well,NA,1967-02-13 00:00:00 - 2013-03-07 11:30:00,68,other,NA,NA,NA,NA,1976,18030012,Above Normal,Above Normal,1975-10-01T00:00:00Z,1976-10-01T00:00:00Z,-119.386,36.2614
362614N1193857W001,921421,1975-09-30T00:00:00Z,289.71,288.71,NA,NA,NA,NA,NA,Can't get tape in casing,NA,NA,1,Department of Water Resources,NA,5030,Tulare Irrigation District,NA,NA,16768,19S24E20J001M,19S24E20J001M,Unknown,Unknown,5-022.11,Kaweah,Tulare,NA,Unknown,Single Well,NA,1967-02-13 00:00:00 - 2013-03-07 11:30:00,68,fall,54,134,NA,NA,1975,18030012,Above Normal,Above Normal,1974-10-01T00:00:00Z,1975-10-01T00:00:00Z,-119.386,36.2614
362614N1193857W001,921420,1975-02-12T00:00:00Z,289.71,288.71,NA,NA,NA,NA,NA,Pumping,NA,NA,1,Department of Water Resources,NA,5030,Tulare Irrigation District,NA,NA,16768,19S24E20J001M,19S24E20J001M,Unknown,Unknown,5-022.11,Kaweah,Tulare,NA,Unknown,Single Well,NA,1967-02-13 00:00:00 - 2013-03-07 11:30:00,68,other,NA,NA,NA,NA,1975,18030012,Above Normal,Above Normal,1974-10-01T00:00:00Z,1975-10-01T00:00:00Z,-119.386,36.2614
362614N1193857W001,921419,1974-10-03T00:00:00Z,289.71,288.71,0,84,205.71,84,83,NA,Unknown,Water level accuracy is unknown,1,Department of Water Resources,NA,5030,Tulare Irrigation District,NA,NA,16768,19S24E20J001M,19S24E20J001M,Unknown,Unknown,5-022.11,Kaweah,Tulare,NA,Unknown,Single Well,NA,1967-02-13 00:00:00 - 2013-03-07 11:30:00,68,fall,54,134,NA,NA,1975,18030012,Above Normal,Above Normal,1974-10-01T00:00:00Z,1975-10-01T00:00:00Z,-119.386,36.2614
362614N1193857W001,921418,1974-01-23T00:00:00Z,289.71,288.71,0,83,206.71,83,82,NA,Unknown,Water level accuracy is unknown,1,Department of Water Resources,NA,5030,Tulare Irrigation District,NA,NA,16768,19S24E20J001M,19S24E20J001M,Unknown,Unknown,5-022.11,Kaweah,Tulare,NA,Unknown,Single Well,NA,1967-02-13 00:00:00 - 2013-03-07 11:30:00,68,other,NA,NA,NA,NA,1974,18030012,Wet,Wet,1973-10-01T00:00:00Z,1974-10-01T00:00:00Z,-119.386,36.2614
362614N1193857W001,921417,1973-10-02T00:00:00Z,289.71,288.71,0,88.5,201.21,88.5,87.5,NA,Unknown,Water level accuracy is unknown,1,Department of Water Resources,NA,5030,Tulare Irrigation District,NA,NA,16768,19S24E20J001M,19S24E20J001M,Unknown,Unknown,5-022.11,Kaweah,Tulare,NA,Unknown,Single Well,NA,1967-02-13 00:00:00 - 2013-03-07 11:30:00,68,fall,54,134,NA,NA,1974,18030012,Wet,Wet,1973-10-01T00:00:00Z,1974-10-01T00:00:00Z,-119.386,36.2614
362614N1193857W001,921416,1973-02-12T00:00:00Z,289.71,288.71,0,84,205.71,84,83,NA,Unknown,Water level accuracy is unknown,1,Department of Water Resources,NA,5030,Tulare Irrigation District,NA,NA,16768,19S24E20J001M,19S24E20J001M,Unknown,Unknown,5-022.11,Kaweah,Tulare,NA,Unknown,Single Well,NA,1967-02-13 00:00:00 - 2013-03-07 11:30:00,68,other,NA,NA,NA,NA,1973,18030012,Wet,Wet,1972-10-01T00:00:00Z,1973-10-01T00:00:00Z,-119.386,36.2614
362614N1193857W001,921415,1972-10-11T00:00:00Z,289.71,288.71,0,95.1,194.61,95.1,94.1,NA,Unknown,Water level accuracy is unknown,1,Department of Water Resources,NA,5030,Tulare Irrigation District,NA,NA,16768,19S24E20J001M,19S24E20J001M,Unknown,Unknown,5-022.11,Kaweah,Tulare,NA,Unknown,Single Well,NA,1967-02-13 00:00:00 - 2013-03-07 11:30:00,68,fall,54,134,NA,NA,1973,18030012,Wet,Wet,1972-10-01T00:00:00Z,1973-10-01T00:00:00Z,-119.386,36.2614
362614N1193857W001,921414,1972-02-17T00:00:00Z,289.71,288.71,0,78.8,210.91,78.8,77.8,NA,Unknown,Water level accuracy is unknown,1,Department of Water Resources,NA,5030,Tulare Irrigation District,NA,NA,16768,19S24E20J001M,19S24E20J001M,Unknown,Unknown,5-022.11,Kaweah,Tulare,NA,Unknown,Single Well,NA,1967-02-13 00:00:00 - 2013-03-07 11:30:00,68,other,NA,NA,NA,NA,1972,18030012,Critical,Critical,1971-10-01T00:00:00Z,1972-10-01T00:00:00Z,-119.386,36.2614
362614N1193857W001,921413,1971-10-11T00:00:00Z,289.71,288.71,0,94,195.71,94,93,NA,Unknown,Water level accuracy is unknown,1,Department of Water Resources,NA,5030,Tulare Irrigation District,NA,NA,16768,19S24E20J001M,19S24E20J001M,Unknown,Unknown,5-022.11,Kaweah,Tulare,NA,Unknown,Single Well,NA,1967-02-13 00:00:00 - 2013-03-07 11:30:00,68,fall,54,134,NA,NA,1972,18030012,Critical,Critical,1971-10-01T00:00:00Z,1972-10-01T00:00:00Z,-119.386,36.2614
362614N1193857W001,921412,1971-02-13T00:00:00Z,289.71,288.71,0,75.5,214.21,75.5,74.5,NA,Unknown,Water level accuracy is unknown,1,Department of Water Resources,NA,5030,Tulare Irrigation District,NA,NA,16768,19S24E20J001M,19S24E20J001M,Unknown,Unknown,5-022.11,Kaweah,Tulare,NA,Unknown,Single Well,NA,1967-02-13 00:00:00 - 2013-03-07 11:30:00,68,other,NA,NA,NA,NA,1971,18030012,Dry,Dry,1970-10-01T00:00:00Z,1971-10-01T00:00:00Z,-119.386,36.2614
362614N1193857W001,921411,1970-10-01T00:00:00Z,289.71,288.71,0,88.5,201.21,88.5,87.5,NA,Unknown,Water level accuracy is unknown,1,Department of Water Resources,NA,5030,Tulare Irrigation District,NA,NA,16768,19S24E20J001M,19S24E20J001M,Unknown,Unknown,5-022.11,Kaweah,Tulare,NA,Unknown,Single Well,NA,1967-02-13 00:00:00 - 2013-03-07 11:30:00,68,fall,54,134,NA,NA,1971,18030012,Dry,Dry,1970-10-01T00:00:00Z,1971-10-01T00:00:00Z,-119.386,36.2614
362614N1193857W001,921410,1970-01-30T00:00:00Z,289.71,288.71,0,68,221.71,68,67,NA,Unknown,Water level accuracy is unknown,1,Department of Water Resources,NA,5030,Tulare Irrigation District,NA,NA,16768,19S24E20J001M,19S24E20J001M,Unknown,Unknown,5-022.11,Kaweah,Tulare,NA,Unknown,Single Well,NA,1967-02-13 00:00:00 - 2013-03-07 11:30:00,68,other,NA,NA,NA,NA,1970,18030012,Wet,Wet,1969-10-01T00:00:00Z,1970-10-01T00:00:00Z,-119.386,36.2614
362614N1193857W001,921409,1969-09-25T00:00:00Z,289.71,288.71,0,77.2,212.51,77.2,76.2,NA,Unknown,Water level accuracy is unknown,1,Department of Water Resources,NA,624,Bureau of Reclamation,NA,NA,16768,19S24E20J001M,19S24E20J001M,Unknown,Unknown,5-022.11,Kaweah,Tulare,NA,Unknown,Single Well,NA,1967-02-13 00:00:00 - 2013-03-07 11:30:00,68,fall,54,134,NA,NA,1969,18030012,Wet,Wet,1968-10-01T00:00:00Z,1969-10-01T00:00:00Z,-119.386,36.2614
362614N1193857W001,921408,1969-02-04T00:00:00Z,289.71,288.71,0,84,205.71,84,83,NA,Unknown,Water level accuracy is unknown,1,Department of Water Resources,NA,5030,Tulare Irrigation District,NA,NA,16768,19S24E20J001M,19S24E20J001M,Unknown,Unknown,5-022.11,Kaweah,Tulare,NA,Unknown,Single Well,NA,1967-02-13 00:00:00 - 2013-03-07 11:30:00,68,other,NA,NA,NA,NA,1969,18030012,Wet,Wet,1968-10-01T00:00:00Z,1969-10-01T00:00:00Z,-119.386,36.2614
362614N1193857W001,921407,1968-02-01T00:00:00Z,289.71,288.71,0,76.9,212.81,76.9,75.9,NA,Unknown,Water level accuracy is unknown,1,Department of Water Resources,NA,5030,Tulare Irrigation District,NA,NA,16768,19S24E20J001M,19S24E20J001M,Unknown,Unknown,5-022.11,Kaweah,Tulare,NA,Unknown,Single Well,NA,1967-02-13 00:00:00 - 2013-03-07 11:30:00,68,other,NA,NA,NA,NA,1968,18030012,Below Normal,Below Normal,1967-10-01T00:00:00Z,1968-10-01T00:00:00Z,-119.386,36.2614
362614N1193857W001,921406,1967-02-13T00:00:00Z,289.71,288.71,0,89,200.71,89,88,NA,Unknown,Water level accuracy is unknown,1,Department of Water Resources,NA,5030,Tulare Irrigation District,NA,NA,16768,19S24E20J001M,19S24E20J001M,Unknown,Unknown,5-022.11,Kaweah,Tulare,NA,Unknown,Single Well,NA,1967-02-13 00:00:00 - 2013-03-07 11:30:00,68,other,NA,NA,NA,NA,1967,18030012,Wet,Wet,1966-10-01T00:00:00Z,1967-10-01T00:00:00Z,-119.386,36.2614
