SITE_CODE,WLM_ID,MSMT_DATE,WLM_RPE,WLM_GSE,RDNG_WS,RDNG_RP,WSE,RPE_WSE,GSE_WSE,WLM_QA_DESC,WLM_DESC,WLM_ACC_DESC,WLM_ORG_ID,WLM_ORG_NAME,MSMT_CMT,COOP_AGENCY_ORG_ID,COOP_ORG_NAME,TOP_PRF,BOT_PRF,STN_ID,SWN,WELL_NAME,WLM_METHOD,WLM_ACC,BASIN_CODE,BASIN_NAME,COUNTY_NAME,WELL_DEPTH,WELL_USE,WELL_TYPE,WCR_NO,t_range,n_samples,season,fall_high,fall_low,spring_high,spring_low,water_year,HUC8,WYT,water_year_type,water_year_start,water_year_end,X,Y
362667N1194546W001,1988934,2013-03-08T07:15:00Z,266.723,266.723,NA,NA,NA,NA,NA,Special/Other,NA,NA,1,Department of Water Resources,NA,1,Department of Water Resources,NA,NA,32173,19S23E23D001M,19S23E23D001M,Unknown,Unknown,5-022.11,Kaweah,Tulare,NA,Unknown,Single Well,NA,1987-02-02 00:00:00 - 2013-03-08 07:15:00,42,spring,NA,NA,85.5,85.5,2013,18030012,Critical,Critical,2012-10-01T00:00:00Z,2013-10-01T00:00:00Z,-119.455,36.2667
362667N1194546W001,93854,2011-02-22T07:30:00Z,266.723,266.723,0,95,171.723,95,95,NA,Unknown,Water level accuracy to nearest tenth of a foot,1,Department of Water Resources,NA,1,Department of Water Resources,NA,NA,32173,19S23E23D001M,19S23E23D001M,Unknown,Unknown,5-022.11,Kaweah,Tulare,NA,Unknown,Single Well,NA,1987-02-02 00:00:00 - 2013-03-08 07:15:00,42,other,NA,NA,NA,NA,2011,18030012,Wet,Wet,2010-10-01T00:00:00Z,2011-10-01T00:00:00Z,-119.455,36.2667
362667N1194546W001,919529,2010-01-19T00:00:00Z,266.72,266.72,NA,NA,NA,NA,NA,Special/Other,NA,NA,1,Department of Water Resources,NA,5030,Tulare Irrigation District,NA,NA,32173,19S23E23D001M,19S23E23D001M,Unknown,Unknown,5-022.11,Kaweah,Tulare,NA,Unknown,Single Well,NA,1987-02-02 00:00:00 - 2013-03-08 07:15:00,42,other,NA,NA,NA,NA,2010,18030012,Above Normal,Above Normal,2009-10-01T00:00:00Z,2010-10-01T00:00:00Z,-119.455,36.2667
362667N1194546W001,919528,2009-02-25T00:00:00Z,266.72,266.72,0,114,152.72,114,114,Pumped recently,Unknown,Water level accuracy is unknown,1,Department of Water Resources,NO OIL,5030,Tulare Irrigation District,NA,NA,32173,19S23E23D001M,19S23E23D001M,Unknown,Unknown,5-022.11,Kaweah,Tulare,NA,Unknown,Single Well,NA,1987-02-02 00:00:00 - 2013-03-08 07:15:00,42,other,NA,NA,NA,NA,2009,18030012,Critical,Critical,2008-10-01T00:00:00Z,2009-10-01T00:00:00Z,-119.455,36.2667
362667N1194546W001,919526,2007-10-11T00:00:00Z,266.72,266.72,0,100,166.72,100,100,NA,Unknown,Water level accuracy is unknown,1,Department of Water Resources,NO OIL,5030,Tulare Irrigation District,NA,NA,32173,19S23E23D001M,19S23E23D001M,Unknown,Unknown,5-022.11,Kaweah,Tulare,NA,Unknown,Single Well,NA,1987-02-02 00:00:00 - 2013-03-08 07:15:00,42,fall,54.5,108,NA,NA,2008,18030012,Critical,Critical,2007-10-01T00:00:00Z,2008-10-01T00:00:00Z,-119.455,36.2667
362667N1194546W001,919525,2007-01-23T00:00:00Z,266.72,266.72,0,78,188.72,78,78,Pumped recently,Unknown,Water level accuracy is unknown,1,Department of Water Resources,NO OIL,5030,Tulare Irrigation District,NA,NA,32173,19S23E23D001M,19S23E23D001M,Unknown,Unknown,5-022.11,Kaweah,Tulare,NA,Unknown,Single Well,NA,1987-02-02 00:00:00 - 2013-03-08 07:15:00,42,other,NA,NA,NA,NA,2007,18030012,Critical,Critical,2006-10-01T00:00:00Z,2007-10-01T00:00:00Z,-119.455,36.2667
362667N1194546W001,919527,2006-10-06T00:00:00Z,266.72,266.72,0,79,187.72,79,79,NA,Unknown,Water level accuracy is unknown,1,Department of Water Resources,TAPE-79 FEET FEET,5030,Tulare Irrigation District,NA,NA,32173,19S23E23D001M,19S23E23D001M,Unknown,Unknown,5-022.11,Kaweah,Tulare,NA,Unknown,Single Well,NA,1987-02-02 00:00:00 - 2013-03-08 07:15:00,42,fall,54.5,108,NA,NA,2007,18030012,Critical,Critical,2006-10-01T00:00:00Z,2007-10-01T00:00:00Z,-119.455,36.2667
362667N1194546W001,919524,2006-01-27T00:00:00Z,266.72,266.72,0,82,184.72,82,82,Pumped recently,Unknown,Water level accuracy is unknown,1,Department of Water Resources,NA,5030,Tulare Irrigation District,NA,NA,32173,19S23E23D001M,19S23E23D001M,Unknown,Unknown,5-022.11,Kaweah,Tulare,NA,Unknown,Single Well,NA,1987-02-02 00:00:00 - 2013-03-08 07:15:00,42,other,NA,NA,NA,NA,2006,18030012,Wet,Wet,2005-10-01T00:00:00Z,2006-10-01T00:00:00Z,-119.455,36.2667
362667N1194546W001,919523,2005-01-26T00:00:00Z,266.72,266.72,0,103,163.72,103,103,NA,Unknown,Water level accuracy is unknown,1,Department of Water Resources,NA,5030,Tulare Irrigation District,NA,NA,32173,19S23E23D001M,19S23E23D001M,Unknown,Unknown,5-022.11,Kaweah,Tulare,NA,Unknown,Single Well,NA,1987-02-02 00:00:00 - 2013-03-08 07:15:00,42,other,NA,NA,NA,NA,2005,18030012,Wet,Wet,2004-10-01T00:00:00Z,2005-10-01T00:00:00Z,-119.455,36.2667
362667N1194546W001,919521,2004-02-02T00:00:00Z,266.72,266.72,0,96,170.72,96,96,Nearby pump operating,Unknown,Water level accuracy is unknown,1,Department of Water Resources,NO OIL,5030,Tulare Irrigation District,NA,NA,32173,19S23E23D001M,19S23E23D001M,Unknown,Unknown,5-022.11,Kaweah,Tulare,NA,Unknown,Single Well,NA,1987-02-02 00:00:00 - 2013-03-08 07:15:00,42,other,NA,NA,NA,NA,2004,18030012,Dry,Dry,2003-10-01T00:00:00Z,2004-10-01T00:00:00Z,-119.455,36.2667
362667N1194546W001,919522,2003-09-19T00:00:00Z,266.72,266.72,0,92,174.72,92,92,Pumped recently,Unknown,Water level accuracy is unknown,1,Department of Water Resources,NO OIL,5030,Tulare Irrigation District,NA,NA,32173,19S23E23D001M,19S23E23D001M,Unknown,Unknown,5-022.11,Kaweah,Tulare,NA,Unknown,Single Well,NA,1987-02-02 00:00:00 - 2013-03-08 07:15:00,42,fall,54.5,108,NA,NA,2003,18030012,Dry,Dry,2002-10-01T00:00:00Z,2003-10-01T00:00:00Z,-119.455,36.2667
362667N1194546W001,919518,2003-01-21T00:00:00Z,266.72,266.72,0,89,177.72,89,89,Pumped recently,Unknown,Water level accuracy is unknown,1,Department of Water Resources,NA,5030,Tulare Irrigation District,NA,NA,32173,19S23E23D001M,19S23E23D001M,Unknown,Unknown,5-022.11,Kaweah,Tulare,NA,Unknown,Single Well,NA,1987-02-02 00:00:00 - 2013-03-08 07:15:00,42,other,NA,NA,NA,NA,2003,18030012,Dry,Dry,2002-10-01T00:00:00Z,2003-10-01T00:00:00Z,-119.455,36.2667
362667N1194546W001,919520,2002-09-17T00:00:00Z,266.72,266.72,0,92,174.72,92,92,Other,Unknown,Water level accuracy is unknown,1,Department of Water Resources,MP CHANGE,624,Bureau of Reclamation,NA,NA,32173,19S23E23D001M,19S23E23D001M,Unknown,Unknown,5-022.11,Kaweah,Tulare,NA,Unknown,Single Well,NA,1987-02-02 00:00:00 - 2013-03-08 07:15:00,42,fall,54.5,108,NA,NA,2002,18030012,Critical,Critical,2001-10-01T00:00:00Z,2002-10-01T00:00:00Z,-119.455,36.2667
362667N1194546W001,919519,2002-01-15T00:00:00Z,266.72,266.72,0,79,187.72,79,79,Pumped recently,Unknown,Water level accuracy is unknown,1,Department of Water Resources,NA,624,Bureau of Reclamation,NA,NA,32173,19S23E23D001M,19S23E23D001M,Unknown,Unknown,5-022.11,Kaweah,Tulare,NA,Unknown,Single Well,NA,1987-02-02 00:00:00 - 2013-03-08 07:15:00,42,other,NA,NA,NA,NA,2002,18030012,Critical,Critical,2001-10-01T00:00:00Z,2002-10-01T00:00:00Z,-119.455,36.2667
362667N1194546W001,919517,2001-01-24T00:00:00Z,266.72,266.72,0,69,197.72,69,69,NA,Unknown,Water level accuracy is unknown,1,Department of Water Resources,NA,5030,Tulare Irrigation District,NA,NA,32173,19S23E23D001M,19S23E23D001M,Unknown,Unknown,5-022.11,Kaweah,Tulare,NA,Unknown,Single Well,NA,1987-02-02 00:00:00 - 2013-03-08 07:15:00,42,other,NA,NA,NA,NA,2001,18030012,Below Normal,Below Normal,2000-10-01T00:00:00Z,2001-10-01T00:00:00Z,-119.455,36.2667
362667N1194546W001,919516,2000-01-19T00:00:00Z,266.72,266.72,0,64,202.72,64,64,Pumped recently,Unknown,Water level accuracy is unknown,1,Department of Water Resources,NA,5030,Tulare Irrigation District,NA,NA,32173,19S23E23D001M,19S23E23D001M,Unknown,Unknown,5-022.11,Kaweah,Tulare,NA,Unknown,Single Well,NA,1987-02-02 00:00:00 - 2013-03-08 07:15:00,42,other,NA,NA,NA,NA,2000,18030012,Below Normal,Below Normal,1999-10-01T00:00:00Z,2000-10-01T00:00:00Z,-119.455,36.2667
362667N1194546W001,919515,1999-10-05T00:00:00Z,266.72,266.72,0,62,204.72,62,62,NA,Unknown,Water level accuracy is unknown,1,Department of Water Resources,NA,5030,Tulare Irrigation District,NA,NA,32173,19S23E23D001M,19S23E23D001M,Unknown,Unknown,5-022.11,Kaweah,Tulare,NA,Unknown,Single Well,NA,1987-02-02 00:00:00 - 2013-03-08 07:15:00,42,fall,54.5,108,NA,NA,2000,18030012,Below Normal,Below Normal,1999-10-01T00:00:00Z,2000-10-01T00:00:00Z,-119.455,36.2667
362667N1194546W001,919514,1999-01-18T00:00:00Z,266.72,266.72,0,59,207.72,59,59,Other,Unknown,Water level accuracy is unknown,1,Department of Water Resources,NA,5030,Tulare Irrigation District,NA,NA,32173,19S23E23D001M,19S23E23D001M,Unknown,Unknown,5-022.11,Kaweah,Tulare,NA,Unknown,Single Well,NA,1987-02-02 00:00:00 - 2013-03-08 07:15:00,42,other,NA,NA,NA,NA,1999,18030012,Wet,Wet,1998-10-01T00:00:00Z,1999-10-01T00:00:00Z,-119.455,36.2667
362667N1194546W001,919513,1998-10-05T00:00:00Z,266.72,266.72,0,57,209.72,57,57,NA,Unknown,Water level accuracy is unknown,1,Department of Water Resources,NA,5030,Tulare Irrigation District,NA,NA,32173,19S23E23D001M,19S23E23D001M,Unknown,Unknown,5-022.11,Kaweah,Tulare,NA,Unknown,Single Well,NA,1987-02-02 00:00:00 - 2013-03-08 07:15:00,42,fall,54.5,108,NA,NA,1999,18030012,Wet,Wet,1998-10-01T00:00:00Z,1999-10-01T00:00:00Z,-119.455,36.2667
362667N1194546W001,919512,1998-01-16T00:00:00Z,266.72,266.72,0,73,193.72,73,73,NA,Unknown,Water level accuracy is unknown,1,Department of Water Resources,NA,5030,Tulare Irrigation District,NA,NA,32173,19S23E23D001M,19S23E23D001M,Unknown,Unknown,5-022.11,Kaweah,Tulare,NA,Unknown,Single Well,NA,1987-02-02 00:00:00 - 2013-03-08 07:15:00,42,other,NA,NA,NA,NA,1998,18030012,Wet,Wet,1997-10-01T00:00:00Z,1998-10-01T00:00:00Z,-119.455,36.2667
362667N1194546W001,919511,1997-10-06T00:00:00Z,266.72,266.72,0,72.5,194.22,72.5,72.5,Pumped recently,Unknown,Water level accuracy is unknown,1,Department of Water Resources,NA,5030,Tulare Irrigation District,NA,NA,32173,19S23E23D001M,19S23E23D001M,Unknown,Unknown,5-022.11,Kaweah,Tulare,NA,Unknown,Single Well,NA,1987-02-02 00:00:00 - 2013-03-08 07:15:00,42,fall,54.5,108,NA,NA,1998,18030012,Wet,Wet,1997-10-01T00:00:00Z,1998-10-01T00:00:00Z,-119.455,36.2667
362667N1194546W001,919510,1997-01-14T00:00:00Z,266.72,266.72,0,73,193.72,73,73,Pumped recently,Unknown,Water level accuracy is unknown,1,Department of Water Resources,NA,5030,Tulare Irrigation District,NA,NA,32173,19S23E23D001M,19S23E23D001M,Unknown,Unknown,5-022.11,Kaweah,Tulare,NA,Unknown,Single Well,NA,1987-02-02 00:00:00 - 2013-03-08 07:15:00,42,other,NA,NA,NA,NA,1997,18030012,Above Normal,Above Normal,1996-10-01T00:00:00Z,1997-10-01T00:00:00Z,-119.455,36.2667
362667N1194546W001,919509,1996-10-07T00:00:00Z,266.72,266.72,0,80,186.72,80,80,Pumped recently,Unknown,Water level accuracy is unknown,1,Department of Water Resources,NA,5030,Tulare Irrigation District,NA,NA,32173,19S23E23D001M,19S23E23D001M,Unknown,Unknown,5-022.11,Kaweah,Tulare,NA,Unknown,Single Well,NA,1987-02-02 00:00:00 - 2013-03-08 07:15:00,42,fall,54.5,108,NA,NA,1997,18030012,Above Normal,Above Normal,1996-10-01T00:00:00Z,1997-10-01T00:00:00Z,-119.455,36.2667
362667N1194546W001,919508,1996-01-12T00:00:00Z,266.72,266.72,0,81,185.72,81,81,NA,Unknown,Water level accuracy is unknown,1,Department of Water Resources,NA,5030,Tulare Irrigation District,NA,NA,32173,19S23E23D001M,19S23E23D001M,Unknown,Unknown,5-022.11,Kaweah,Tulare,NA,Unknown,Single Well,NA,1987-02-02 00:00:00 - 2013-03-08 07:15:00,42,other,NA,NA,NA,NA,1996,18030012,Wet,Wet,1995-10-01T00:00:00Z,1996-10-01T00:00:00Z,-119.455,36.2667
362667N1194546W001,919507,1995-10-04T00:00:00Z,266.72,266.72,0,80.5,186.22,80.5,80.5,NA,Unknown,Water level accuracy is unknown,1,Department of Water Resources,NA,5030,Tulare Irrigation District,NA,NA,32173,19S23E23D001M,19S23E23D001M,Unknown,Unknown,5-022.11,Kaweah,Tulare,NA,Unknown,Single Well,NA,1987-02-02 00:00:00 - 2013-03-08 07:15:00,42,fall,54.5,108,NA,NA,1996,18030012,Wet,Wet,1995-10-01T00:00:00Z,1996-10-01T00:00:00Z,-119.455,36.2667
362667N1194546W001,919506,1995-02-01T00:00:00Z,266.72,266.72,0,100,166.72,100,100,NA,Unknown,Water level accuracy is unknown,1,Department of Water Resources,NA,5030,Tulare Irrigation District,NA,NA,32173,19S23E23D001M,19S23E23D001M,Unknown,Unknown,5-022.11,Kaweah,Tulare,NA,Unknown,Single Well,NA,1987-02-02 00:00:00 - 2013-03-08 07:15:00,42,other,NA,NA,NA,NA,1995,18030012,Wet,Wet,1994-10-01T00:00:00Z,1995-10-01T00:00:00Z,-119.455,36.2667
362667N1194546W001,919505,1994-10-04T00:00:00Z,266.72,266.72,0,100,166.72,100,100,NA,Unknown,Water level accuracy is unknown,1,Department of Water Resources,NA,5030,Tulare Irrigation District,NA,NA,32173,19S23E23D001M,19S23E23D001M,Unknown,Unknown,5-022.11,Kaweah,Tulare,NA,Unknown,Single Well,NA,1987-02-02 00:00:00 - 2013-03-08 07:15:00,42,fall,54.5,108,NA,NA,1995,18030012,Wet,Wet,1994-10-01T00:00:00Z,1995-10-01T00:00:00Z,-119.455,36.2667
362667N1194546W001,919504,1994-04-18T00:00:00Z,266.72,266.72,0,85.5,181.22,85.5,85.5,NA,Unknown,Water level accuracy is unknown,1,Department of Water Resources,NA,5030,Tulare Irrigation District,NA,NA,32173,19S23E23D001M,19S23E23D001M,Unknown,Unknown,5-022.11,Kaweah,Tulare,NA,Unknown,Single Well,NA,1987-02-02 00:00:00 - 2013-03-08 07:15:00,42,spring,NA,NA,85.5,85.5,1994,18030012,Above Normal,Above Normal,1993-10-01T00:00:00Z,1994-10-01T00:00:00Z,-119.455,36.2667
362667N1194546W001,919503,1993-10-08T00:00:00Z,266.72,266.72,0,83.5,183.22,83.5,83.5,NA,Unknown,Water level accuracy is unknown,1,Department of Water Resources,NA,5030,Tulare Irrigation District,NA,NA,32173,19S23E23D001M,19S23E23D001M,Unknown,Unknown,5-022.11,Kaweah,Tulare,NA,Unknown,Single Well,NA,1987-02-02 00:00:00 - 2013-03-08 07:15:00,42,fall,54.5,108,NA,NA,1994,18030012,Above Normal,Above Normal,1993-10-01T00:00:00Z,1994-10-01T00:00:00Z,-119.455,36.2667
362667N1194546W001,919502,1993-01-27T00:00:00Z,266.72,266.72,0,102,164.72,102,102,NA,Unknown,Water level accuracy is unknown,1,Department of Water Resources,NA,5030,Tulare Irrigation District,NA,NA,32173,19S23E23D001M,19S23E23D001M,Unknown,Unknown,5-022.11,Kaweah,Tulare,NA,Unknown,Single Well,NA,1987-02-02 00:00:00 - 2013-03-08 07:15:00,42,other,NA,NA,NA,NA,1993,18030012,Wet,Wet,1992-10-01T00:00:00Z,1993-10-01T00:00:00Z,-119.455,36.2667
362667N1194546W001,919501,1992-10-05T00:00:00Z,266.72,266.72,0,108,158.72,108,108,NA,Unknown,Water level accuracy is unknown,1,Department of Water Resources,NA,5030,Tulare Irrigation District,NA,NA,32173,19S23E23D001M,19S23E23D001M,Unknown,Unknown,5-022.11,Kaweah,Tulare,NA,Unknown,Single Well,NA,1987-02-02 00:00:00 - 2013-03-08 07:15:00,42,fall,54.5,108,NA,NA,1993,18030012,Wet,Wet,1992-10-01T00:00:00Z,1993-10-01T00:00:00Z,-119.455,36.2667
362667N1194546W001,919500,1992-01-20T00:00:00Z,266.72,266.72,0,95,171.72,95,95,NA,Unknown,Water level accuracy is unknown,1,Department of Water Resources,NA,5030,Tulare Irrigation District,NA,NA,32173,19S23E23D001M,19S23E23D001M,Unknown,Unknown,5-022.11,Kaweah,Tulare,NA,Unknown,Single Well,NA,1987-02-02 00:00:00 - 2013-03-08 07:15:00,42,other,NA,NA,NA,NA,1992,18030012,Above Normal,Above Normal,1991-10-01T00:00:00Z,1992-10-01T00:00:00Z,-119.455,36.2667
362667N1194546W001,919499,1991-09-30T00:00:00Z,266.72,266.72,0,96.5,170.22,96.5,96.5,NA,Unknown,Water level accuracy is unknown,1,Department of Water Resources,NA,5030,Tulare Irrigation District,NA,NA,32173,19S23E23D001M,19S23E23D001M,Unknown,Unknown,5-022.11,Kaweah,Tulare,NA,Unknown,Single Well,NA,1987-02-02 00:00:00 - 2013-03-08 07:15:00,42,fall,54.5,108,NA,NA,1991,18030012,Dry,Dry,1990-10-01T00:00:00Z,1991-10-01T00:00:00Z,-119.455,36.2667
362667N1194546W001,919498,1991-01-21T00:00:00Z,266.72,266.72,0,89,177.72,89,89,NA,Unknown,Water level accuracy is unknown,1,Department of Water Resources,NA,5030,Tulare Irrigation District,NA,NA,32173,19S23E23D001M,19S23E23D001M,Unknown,Unknown,5-022.11,Kaweah,Tulare,NA,Unknown,Single Well,NA,1987-02-02 00:00:00 - 2013-03-08 07:15:00,42,other,NA,NA,NA,NA,1991,18030012,Dry,Dry,1990-10-01T00:00:00Z,1991-10-01T00:00:00Z,-119.455,36.2667
362667N1194546W001,919497,1990-10-02T00:00:00Z,266.72,266.72,0,90.5,176.22,90.5,90.5,Acoustical sounder,Unknown,Water level accuracy is unknown,1,Department of Water Resources,NA,5030,Tulare Irrigation District,NA,NA,32173,19S23E23D001M,19S23E23D001M,Unknown,Unknown,5-022.11,Kaweah,Tulare,NA,Unknown,Single Well,NA,1987-02-02 00:00:00 - 2013-03-08 07:15:00,42,fall,54.5,108,NA,NA,1991,18030012,Dry,Dry,1990-10-01T00:00:00Z,1991-10-01T00:00:00Z,-119.455,36.2667
362667N1194546W001,919496,1990-01-19T00:00:00Z,266.72,266.72,0,72,194.72,72,72,NA,Unknown,Water level accuracy is unknown,1,Department of Water Resources,NA,5030,Tulare Irrigation District,NA,NA,32173,19S23E23D001M,19S23E23D001M,Unknown,Unknown,5-022.11,Kaweah,Tulare,NA,Unknown,Single Well,NA,1987-02-02 00:00:00 - 2013-03-08 07:15:00,42,other,NA,NA,NA,NA,1990,18030012,Critical,Critical,1989-10-01T00:00:00Z,1990-10-01T00:00:00Z,-119.455,36.2667
362667N1194546W001,919495,1989-10-02T00:00:00Z,266.72,266.72,0,73,193.72,73,73,NA,Unknown,Water level accuracy is unknown,1,Department of Water Resources,NA,5030,Tulare Irrigation District,NA,NA,32173,19S23E23D001M,19S23E23D001M,Unknown,Unknown,5-022.11,Kaweah,Tulare,NA,Unknown,Single Well,NA,1987-02-02 00:00:00 - 2013-03-08 07:15:00,42,fall,54.5,108,NA,NA,1990,18030012,Critical,Critical,1989-10-01T00:00:00Z,1990-10-01T00:00:00Z,-119.455,36.2667
362667N1194546W001,919494,1989-01-25T00:00:00Z,266.72,266.72,0,60.5,206.22,60.5,60.5,NA,Unknown,Water level accuracy is unknown,1,Department of Water Resources,NA,5030,Tulare Irrigation District,NA,NA,32173,19S23E23D001M,19S23E23D001M,Unknown,Unknown,5-022.11,Kaweah,Tulare,NA,Unknown,Single Well,NA,1987-02-02 00:00:00 - 2013-03-08 07:15:00,42,other,NA,NA,NA,NA,1989,18030012,Dry,Dry,1988-10-01T00:00:00Z,1989-10-01T00:00:00Z,-119.455,36.2667
362667N1194546W001,919493,1988-10-03T00:00:00Z,266.72,266.72,0,61,205.72,61,61,NA,Unknown,Water level accuracy is unknown,1,Department of Water Resources,NA,5030,Tulare Irrigation District,NA,NA,32173,19S23E23D001M,19S23E23D001M,Unknown,Unknown,5-022.11,Kaweah,Tulare,NA,Unknown,Single Well,NA,1987-02-02 00:00:00 - 2013-03-08 07:15:00,42,fall,54.5,108,NA,NA,1989,18030012,Dry,Dry,1988-10-01T00:00:00Z,1989-10-01T00:00:00Z,-119.455,36.2667
362667N1194546W001,919492,1988-01-22T00:00:00Z,266.72,266.72,0,52.5,214.22,52.5,52.5,NA,Unknown,Water level accuracy is unknown,1,Department of Water Resources,NA,5030,Tulare Irrigation District,NA,NA,32173,19S23E23D001M,19S23E23D001M,Unknown,Unknown,5-022.11,Kaweah,Tulare,NA,Unknown,Single Well,NA,1987-02-02 00:00:00 - 2013-03-08 07:15:00,42,other,NA,NA,NA,NA,1988,18030012,Below Normal,Below Normal,1987-10-01T00:00:00Z,1988-10-01T00:00:00Z,-119.455,36.2667
362667N1194546W001,919491,1987-10-05T00:00:00Z,266.72,266.72,0,54.5,212.22,54.5,54.5,NA,Unknown,Water level accuracy is unknown,1,Department of Water Resources,NA,5030,Tulare Irrigation District,NA,NA,32173,19S23E23D001M,19S23E23D001M,Unknown,Unknown,5-022.11,Kaweah,Tulare,NA,Unknown,Single Well,NA,1987-02-02 00:00:00 - 2013-03-08 07:15:00,42,fall,54.5,108,NA,NA,1988,18030012,Below Normal,Below Normal,1987-10-01T00:00:00Z,1988-10-01T00:00:00Z,-119.455,36.2667
362667N1194546W001,919490,1987-02-02T00:00:00Z,266.72,266.72,0,36.5,230.22,36.5,36.5,NA,Unknown,Water level accuracy is unknown,1,Department of Water Resources,NA,5030,Tulare Irrigation District,NA,NA,32173,19S23E23D001M,19S23E23D001M,Unknown,Unknown,5-022.11,Kaweah,Tulare,NA,Unknown,Single Well,NA,1987-02-02 00:00:00 - 2013-03-08 07:15:00,42,other,NA,NA,NA,NA,1987,18030012,Below Normal,Below Normal,1986-10-01T00:00:00Z,1987-10-01T00:00:00Z,-119.455,36.2667
