SITE_CODE,WLM_ID,MSMT_DATE,WLM_RPE,WLM_GSE,RDNG_WS,RDNG_RP,WSE,RPE_WSE,GSE_WSE,WLM_QA_DESC,WLM_DESC,WLM_ACC_DESC,WLM_ORG_ID,WLM_ORG_NAME,MSMT_CMT,COOP_AGENCY_ORG_ID,COOP_ORG_NAME,TOP_PRF,BOT_PRF,STN_ID,SWN,WELL_NAME,WLM_METHOD,WLM_ACC,BASIN_CODE,BASIN_NAME,COUNTY_NAME,WELL_DEPTH,WELL_USE,WELL_TYPE,WCR_NO,t_range,n_samples,season,fall_high,fall_low,spring_high,spring_low,water_year,HUC8,WYT,water_year_type,water_year_start,water_year_end,X,Y
362614N1194160W001,1988950,2013-03-07T11:15:00Z,280.213,279.213,23,155,148.213,132,131,NA,Unknown,Water level accuracy to nearest tenth of a foot,1,Department of Water Resources,tape=132,1,Department of Water Resources,NA,NA,16766,19S24E19L001M,19S24E19L001M,Unknown,Unknown,5-022.11,Kaweah,Tulare,NA,Unknown,Single Well,NA,1967-02-13 00:00:00 - 2013-03-07 11:15:00,80,spring,NA,NA,131,137,2013,18030012,Critical,Critical,2012-10-01T00:00:00Z,2013-10-01T00:00:00Z,-119.416,36.2614
362614N1194160W001,93871,2011-02-15T10:15:00Z,280.213,279.213,0,118,162.213,118,117,NA,Unknown,Water level accuracy to nearest tenth of a foot,1,Department of Water Resources,NA,1,Department of Water Resources,NA,NA,16766,19S24E19L001M,19S24E19L001M,Unknown,Unknown,5-022.11,Kaweah,Tulare,NA,Unknown,Single Well,NA,1967-02-13 00:00:00 - 2013-03-07 11:15:00,80,other,NA,NA,NA,NA,2011,18030012,Wet,Wet,2010-10-01T00:00:00Z,2011-10-01T00:00:00Z,-119.416,36.2614
362614N1194160W001,921401,2010-01-20T00:00:00Z,280.21,279.21,0,128,152.21,128,127,NA,Unknown,Water level accuracy is unknown,1,Department of Water Resources,NA,5030,Tulare Irrigation District,NA,NA,16766,19S24E19L001M,19S24E19L001M,Unknown,Unknown,5-022.11,Kaweah,Tulare,NA,Unknown,Single Well,NA,1967-02-13 00:00:00 - 2013-03-07 11:15:00,80,other,NA,NA,NA,NA,2010,18030012,Above Normal,Above Normal,2009-10-01T00:00:00Z,2010-10-01T00:00:00Z,-119.416,36.2614
362614N1194160W001,921400,2009-03-03T00:00:00Z,280.21,279.21,0,138,142.21,138,137,Nearby pump operating,Unknown,Water level accuracy is unknown,1,Department of Water Resources,NO OIL,5030,Tulare Irrigation District,NA,NA,16766,19S24E19L001M,19S24E19L001M,Unknown,Unknown,5-022.11,Kaweah,Tulare,NA,Unknown,Single Well,NA,1967-02-13 00:00:00 - 2013-03-07 11:15:00,80,spring,NA,NA,131,137,2009,18030012,Critical,Critical,2008-10-01T00:00:00Z,2009-10-01T00:00:00Z,-119.416,36.2614
362614N1194160W001,921398,2007-10-11T00:00:00Z,280.21,279.21,0,126,154.21,126,125,NA,Unknown,Water level accuracy is unknown,1,Department of Water Resources,NO OIL,5030,Tulare Irrigation District,NA,NA,16766,19S24E19L001M,19S24E19L001M,Unknown,Unknown,5-022.11,Kaweah,Tulare,NA,Unknown,Single Well,NA,1967-02-13 00:00:00 - 2013-03-07 11:15:00,80,fall,53,142.5,NA,NA,2008,18030012,Critical,Critical,2007-10-01T00:00:00Z,2008-10-01T00:00:00Z,-119.416,36.2614
362614N1194160W001,921397,2007-01-23T00:00:00Z,280.21,279.21,0,106,174.21,106,105,NA,Unknown,Water level accuracy is unknown,1,Department of Water Resources,NO OIL,5030,Tulare Irrigation District,NA,NA,16766,19S24E19L001M,19S24E19L001M,Unknown,Unknown,5-022.11,Kaweah,Tulare,NA,Unknown,Single Well,NA,1967-02-13 00:00:00 - 2013-03-07 11:15:00,80,other,NA,NA,NA,NA,2007,18030012,Critical,Critical,2006-10-01T00:00:00Z,2007-10-01T00:00:00Z,-119.416,36.2614
362614N1194160W001,921399,2006-09-26T00:00:00Z,280.21,279.21,0,102.5,177.71,102.5,101.5,Oil or foreign substance in casing,Unknown,Water level accuracy is unknown,1,Department of Water Resources,NA,5030,Tulare Irrigation District,NA,NA,16766,19S24E19L001M,19S24E19L001M,Unknown,Unknown,5-022.11,Kaweah,Tulare,NA,Unknown,Single Well,NA,1967-02-13 00:00:00 - 2013-03-07 11:15:00,80,fall,53,142.5,NA,NA,2006,18030012,Wet,Wet,2005-10-01T00:00:00Z,2006-10-01T00:00:00Z,-119.416,36.2614
362614N1194160W001,921396,2006-01-27T00:00:00Z,280.21,279.21,0,105,175.21,105,104,NA,Unknown,Water level accuracy is unknown,1,Department of Water Resources,NA,5030,Tulare Irrigation District,NA,NA,16766,19S24E19L001M,19S24E19L001M,Unknown,Unknown,5-022.11,Kaweah,Tulare,NA,Unknown,Single Well,NA,1967-02-13 00:00:00 - 2013-03-07 11:15:00,80,other,NA,NA,NA,NA,2006,18030012,Wet,Wet,2005-10-01T00:00:00Z,2006-10-01T00:00:00Z,-119.416,36.2614
362614N1194160W001,921395,2005-01-28T00:00:00Z,280.21,279.21,0,115,165.21,115,114,NA,Unknown,Water level accuracy is unknown,1,Department of Water Resources,NA,5030,Tulare Irrigation District,NA,NA,16766,19S24E19L001M,19S24E19L001M,Unknown,Unknown,5-022.11,Kaweah,Tulare,NA,Unknown,Single Well,NA,1967-02-13 00:00:00 - 2013-03-07 11:15:00,80,other,NA,NA,NA,NA,2005,18030012,Wet,Wet,2004-10-01T00:00:00Z,2005-10-01T00:00:00Z,-119.416,36.2614
362614N1194160W001,921393,2004-02-02T00:00:00Z,280.21,279.21,0,105,175.21,105,104,NA,Unknown,Water level accuracy is unknown,1,Department of Water Resources,NO OIL,5030,Tulare Irrigation District,NA,NA,16766,19S24E19L001M,19S24E19L001M,Unknown,Unknown,5-022.11,Kaweah,Tulare,NA,Unknown,Single Well,NA,1967-02-13 00:00:00 - 2013-03-07 11:15:00,80,other,NA,NA,NA,NA,2004,18030012,Dry,Dry,2003-10-01T00:00:00Z,2004-10-01T00:00:00Z,-119.416,36.2614
362614N1194160W001,921394,2003-09-19T00:00:00Z,280.21,279.21,0,113,167.21,113,112,Oil or foreign substance in casing,Unknown,Water level accuracy is unknown,1,Department of Water Resources,OIL IN CASING,5030,Tulare Irrigation District,NA,NA,16766,19S24E19L001M,19S24E19L001M,Unknown,Unknown,5-022.11,Kaweah,Tulare,NA,Unknown,Single Well,NA,1967-02-13 00:00:00 - 2013-03-07 11:15:00,80,fall,53,142.5,NA,NA,2003,18030012,Dry,Dry,2002-10-01T00:00:00Z,2003-10-01T00:00:00Z,-119.416,36.2614
362614N1194160W001,921390,2003-01-21T00:00:00Z,280.21,279.21,0,105,175.21,105,104,Oil or foreign substance in casing,Unknown,Water level accuracy is unknown,1,Department of Water Resources,NA,5030,Tulare Irrigation District,NA,NA,16766,19S24E19L001M,19S24E19L001M,Unknown,Unknown,5-022.11,Kaweah,Tulare,NA,Unknown,Single Well,NA,1967-02-13 00:00:00 - 2013-03-07 11:15:00,80,other,NA,NA,NA,NA,2003,18030012,Dry,Dry,2002-10-01T00:00:00Z,2003-10-01T00:00:00Z,-119.416,36.2614
362614N1194160W001,921392,2002-09-17T00:00:00Z,280.21,279.21,0,121,159.21,121,120,Oil or foreign substance in casing,Unknown,Water level accuracy is unknown,1,Department of Water Resources,NA,624,Bureau of Reclamation,NA,NA,16766,19S24E19L001M,19S24E19L001M,Unknown,Unknown,5-022.11,Kaweah,Tulare,NA,Unknown,Single Well,NA,1967-02-13 00:00:00 - 2013-03-07 11:15:00,80,fall,53,142.5,NA,NA,2002,18030012,Critical,Critical,2001-10-01T00:00:00Z,2002-10-01T00:00:00Z,-119.416,36.2614
362614N1194160W001,921391,2002-01-18T00:00:00Z,280.21,279.21,0,94,186.21,94,93,Oil or foreign substance in casing,Unknown,Water level accuracy is unknown,1,Department of Water Resources,NA,624,Bureau of Reclamation,NA,NA,16766,19S24E19L001M,19S24E19L001M,Unknown,Unknown,5-022.11,Kaweah,Tulare,NA,Unknown,Single Well,NA,1967-02-13 00:00:00 - 2013-03-07 11:15:00,80,other,NA,NA,NA,NA,2002,18030012,Critical,Critical,2001-10-01T00:00:00Z,2002-10-01T00:00:00Z,-119.416,36.2614
362614N1194160W001,921389,2001-01-24T00:00:00Z,280.21,279.21,0,85,195.21,85,84,Oil or foreign substance in casing,Unknown,Water level accuracy is unknown,1,Department of Water Resources,NA,5030,Tulare Irrigation District,NA,NA,16766,19S24E19L001M,19S24E19L001M,Unknown,Unknown,5-022.11,Kaweah,Tulare,NA,Unknown,Single Well,NA,1967-02-13 00:00:00 - 2013-03-07 11:15:00,80,other,NA,NA,NA,NA,2001,18030012,Below Normal,Below Normal,2000-10-01T00:00:00Z,2001-10-01T00:00:00Z,-119.416,36.2614
362614N1194160W001,921388,2000-01-19T00:00:00Z,280.21,279.21,0,84,196.21,84,83,Oil or foreign substance in casing,Unknown,Water level accuracy is unknown,1,Department of Water Resources,NA,5030,Tulare Irrigation District,NA,NA,16766,19S24E19L001M,19S24E19L001M,Unknown,Unknown,5-022.11,Kaweah,Tulare,NA,Unknown,Single Well,NA,1967-02-13 00:00:00 - 2013-03-07 11:15:00,80,other,NA,NA,NA,NA,2000,18030012,Below Normal,Below Normal,1999-10-01T00:00:00Z,2000-10-01T00:00:00Z,-119.416,36.2614
362614N1194160W001,921387,1999-10-05T00:00:00Z,280.21,279.21,0,91,189.21,91,90,Oil or foreign substance in casing,Unknown,Water level accuracy is unknown,1,Department of Water Resources,NA,5030,Tulare Irrigation District,NA,NA,16766,19S24E19L001M,19S24E19L001M,Unknown,Unknown,5-022.11,Kaweah,Tulare,NA,Unknown,Single Well,NA,1967-02-13 00:00:00 - 2013-03-07 11:15:00,80,fall,53,142.5,NA,NA,2000,18030012,Below Normal,Below Normal,1999-10-01T00:00:00Z,2000-10-01T00:00:00Z,-119.416,36.2614
362614N1194160W001,921386,1999-01-18T00:00:00Z,280.21,279.21,0,80,200.21,80,79,NA,Unknown,Water level accuracy is unknown,1,Department of Water Resources,NA,5030,Tulare Irrigation District,NA,NA,16766,19S24E19L001M,19S24E19L001M,Unknown,Unknown,5-022.11,Kaweah,Tulare,NA,Unknown,Single Well,NA,1967-02-13 00:00:00 - 2013-03-07 11:15:00,80,other,NA,NA,NA,NA,1999,18030012,Wet,Wet,1998-10-01T00:00:00Z,1999-10-01T00:00:00Z,-119.416,36.2614
362614N1194160W001,921385,1998-10-05T00:00:00Z,280.21,279.21,0,84.5,195.71,84.5,83.5,Oil or foreign substance in casing,Unknown,Water level accuracy is unknown,1,Department of Water Resources,NA,5030,Tulare Irrigation District,NA,NA,16766,19S24E19L001M,19S24E19L001M,Unknown,Unknown,5-022.11,Kaweah,Tulare,NA,Unknown,Single Well,NA,1967-02-13 00:00:00 - 2013-03-07 11:15:00,80,fall,53,142.5,NA,NA,1999,18030012,Wet,Wet,1998-10-01T00:00:00Z,1999-10-01T00:00:00Z,-119.416,36.2614
362614N1194160W001,921384,1998-01-14T00:00:00Z,280.21,279.21,0,90,190.21,90,89,Oil or foreign substance in casing,Unknown,Water level accuracy is unknown,1,Department of Water Resources,NA,5030,Tulare Irrigation District,NA,NA,16766,19S24E19L001M,19S24E19L001M,Unknown,Unknown,5-022.11,Kaweah,Tulare,NA,Unknown,Single Well,NA,1967-02-13 00:00:00 - 2013-03-07 11:15:00,80,other,NA,NA,NA,NA,1998,18030012,Wet,Wet,1997-10-01T00:00:00Z,1998-10-01T00:00:00Z,-119.416,36.2614
362614N1194160W001,921383,1997-10-06T00:00:00Z,280.21,279.21,0,106,174.21,106,105,Oil or foreign substance in casing,Unknown,Water level accuracy is unknown,1,Department of Water Resources,NA,5030,Tulare Irrigation District,NA,NA,16766,19S24E19L001M,19S24E19L001M,Unknown,Unknown,5-022.11,Kaweah,Tulare,NA,Unknown,Single Well,NA,1967-02-13 00:00:00 - 2013-03-07 11:15:00,80,fall,53,142.5,NA,NA,1998,18030012,Wet,Wet,1997-10-01T00:00:00Z,1998-10-01T00:00:00Z,-119.416,36.2614
362614N1194160W001,921382,1997-01-13T00:00:00Z,280.21,279.21,0,94,186.21,94,93,Oil or foreign substance in casing,Unknown,Water level accuracy is unknown,1,Department of Water Resources,NA,5030,Tulare Irrigation District,NA,NA,16766,19S24E19L001M,19S24E19L001M,Unknown,Unknown,5-022.11,Kaweah,Tulare,NA,Unknown,Single Well,NA,1967-02-13 00:00:00 - 2013-03-07 11:15:00,80,other,NA,NA,NA,NA,1997,18030012,Above Normal,Above Normal,1996-10-01T00:00:00Z,1997-10-01T00:00:00Z,-119.416,36.2614
362614N1194160W001,921381,1996-10-04T00:00:00Z,280.21,279.21,0,143.5,136.71,143.5,142.5,NA,Unknown,Water level accuracy is unknown,1,Department of Water Resources,NA,5030,Tulare Irrigation District,NA,NA,16766,19S24E19L001M,19S24E19L001M,Unknown,Unknown,5-022.11,Kaweah,Tulare,NA,Unknown,Single Well,NA,1967-02-13 00:00:00 - 2013-03-07 11:15:00,80,fall,53,142.5,NA,NA,1997,18030012,Above Normal,Above Normal,1996-10-01T00:00:00Z,1997-10-01T00:00:00Z,-119.416,36.2614
362614N1194160W001,921380,1996-01-17T00:00:00Z,280.21,279.21,0,99,181.21,99,98,NA,Unknown,Water level accuracy is unknown,1,Department of Water Resources,NA,5030,Tulare Irrigation District,NA,NA,16766,19S24E19L001M,19S24E19L001M,Unknown,Unknown,5-022.11,Kaweah,Tulare,NA,Unknown,Single Well,NA,1967-02-13 00:00:00 - 2013-03-07 11:15:00,80,other,NA,NA,NA,NA,1996,18030012,Wet,Wet,1995-10-01T00:00:00Z,1996-10-01T00:00:00Z,-119.416,36.2614
362614N1194160W001,921379,1995-10-06T00:00:00Z,280.21,279.21,0,108,172.21,108,107,Oil or foreign substance in casing,Unknown,Water level accuracy is unknown,1,Department of Water Resources,NA,5030,Tulare Irrigation District,NA,NA,16766,19S24E19L001M,19S24E19L001M,Unknown,Unknown,5-022.11,Kaweah,Tulare,NA,Unknown,Single Well,NA,1967-02-13 00:00:00 - 2013-03-07 11:15:00,80,fall,53,142.5,NA,NA,1996,18030012,Wet,Wet,1995-10-01T00:00:00Z,1996-10-01T00:00:00Z,-119.416,36.2614
362614N1194160W001,921378,1995-02-02T00:00:00Z,280.21,279.21,0,110.5,169.71,110.5,109.5,NA,Unknown,Water level accuracy is unknown,1,Department of Water Resources,NA,5030,Tulare Irrigation District,NA,NA,16766,19S24E19L001M,19S24E19L001M,Unknown,Unknown,5-022.11,Kaweah,Tulare,NA,Unknown,Single Well,NA,1967-02-13 00:00:00 - 2013-03-07 11:15:00,80,other,NA,NA,NA,NA,1995,18030012,Wet,Wet,1994-10-01T00:00:00Z,1995-10-01T00:00:00Z,-119.416,36.2614
362614N1194160W001,921377,1994-09-30T00:00:00Z,280.21,279.21,0,119,161.21,119,118,NA,Unknown,Water level accuracy is unknown,1,Department of Water Resources,NA,5030,Tulare Irrigation District,NA,NA,16766,19S24E19L001M,19S24E19L001M,Unknown,Unknown,5-022.11,Kaweah,Tulare,NA,Unknown,Single Well,NA,1967-02-13 00:00:00 - 2013-03-07 11:15:00,80,fall,53,142.5,NA,NA,1994,18030012,Above Normal,Above Normal,1993-10-01T00:00:00Z,1994-10-01T00:00:00Z,-119.416,36.2614
362614N1194160W001,921376,1994-01-20T00:00:00Z,280.21,279.21,0,104,176.21,104,103,NA,Unknown,Water level accuracy is unknown,1,Department of Water Resources,NA,5030,Tulare Irrigation District,NA,NA,16766,19S24E19L001M,19S24E19L001M,Unknown,Unknown,5-022.11,Kaweah,Tulare,NA,Unknown,Single Well,NA,1967-02-13 00:00:00 - 2013-03-07 11:15:00,80,other,NA,NA,NA,NA,1994,18030012,Above Normal,Above Normal,1993-10-01T00:00:00Z,1994-10-01T00:00:00Z,-119.416,36.2614
362614N1194160W001,921375,1993-10-05T00:00:00Z,280.21,279.21,0,109,171.21,109,108,NA,Unknown,Water level accuracy is unknown,1,Department of Water Resources,NA,5030,Tulare Irrigation District,NA,NA,16766,19S24E19L001M,19S24E19L001M,Unknown,Unknown,5-022.11,Kaweah,Tulare,NA,Unknown,Single Well,NA,1967-02-13 00:00:00 - 2013-03-07 11:15:00,80,fall,53,142.5,NA,NA,1994,18030012,Above Normal,Above Normal,1993-10-01T00:00:00Z,1994-10-01T00:00:00Z,-119.416,36.2614
362614N1194160W001,921374,1993-01-27T00:00:00Z,280.21,279.21,0,109,171.21,109,108,NA,Unknown,Water level accuracy is unknown,1,Department of Water Resources,NA,5030,Tulare Irrigation District,NA,NA,16766,19S24E19L001M,19S24E19L001M,Unknown,Unknown,5-022.11,Kaweah,Tulare,NA,Unknown,Single Well,NA,1967-02-13 00:00:00 - 2013-03-07 11:15:00,80,other,NA,NA,NA,NA,1993,18030012,Wet,Wet,1992-10-01T00:00:00Z,1993-10-01T00:00:00Z,-119.416,36.2614
362614N1194160W001,921373,1992-10-08T00:00:00Z,280.21,279.21,0,116,164.21,116,115,NA,Unknown,Water level accuracy is unknown,1,Department of Water Resources,NA,5030,Tulare Irrigation District,NA,NA,16766,19S24E19L001M,19S24E19L001M,Unknown,Unknown,5-022.11,Kaweah,Tulare,NA,Unknown,Single Well,NA,1967-02-13 00:00:00 - 2013-03-07 11:15:00,80,fall,53,142.5,NA,NA,1993,18030012,Wet,Wet,1992-10-01T00:00:00Z,1993-10-01T00:00:00Z,-119.416,36.2614
362614N1194160W001,921372,1992-01-21T00:00:00Z,280.21,279.21,0,101,179.21,101,100,NA,Unknown,Water level accuracy is unknown,1,Department of Water Resources,NA,5030,Tulare Irrigation District,NA,NA,16766,19S24E19L001M,19S24E19L001M,Unknown,Unknown,5-022.11,Kaweah,Tulare,NA,Unknown,Single Well,NA,1967-02-13 00:00:00 - 2013-03-07 11:15:00,80,other,NA,NA,NA,NA,1992,18030012,Above Normal,Above Normal,1991-10-01T00:00:00Z,1992-10-01T00:00:00Z,-119.416,36.2614
362614N1194160W001,921371,1991-10-01T00:00:00Z,280.21,279.21,0,110.5,169.71,110.5,109.5,NA,Unknown,Water level accuracy is unknown,1,Department of Water Resources,NA,5030,Tulare Irrigation District,NA,NA,16766,19S24E19L001M,19S24E19L001M,Unknown,Unknown,5-022.11,Kaweah,Tulare,NA,Unknown,Single Well,NA,1967-02-13 00:00:00 - 2013-03-07 11:15:00,80,fall,53,142.5,NA,NA,1992,18030012,Above Normal,Above Normal,1991-10-01T00:00:00Z,1992-10-01T00:00:00Z,-119.416,36.2614
362614N1194160W001,921370,1991-01-22T00:00:00Z,280.21,279.21,0,99,181.21,99,98,NA,Unknown,Water level accuracy is unknown,1,Department of Water Resources,NA,5030,Tulare Irrigation District,NA,NA,16766,19S24E19L001M,19S24E19L001M,Unknown,Unknown,5-022.11,Kaweah,Tulare,NA,Unknown,Single Well,NA,1967-02-13 00:00:00 - 2013-03-07 11:15:00,80,other,NA,NA,NA,NA,1991,18030012,Dry,Dry,1990-10-01T00:00:00Z,1991-10-01T00:00:00Z,-119.416,36.2614
362614N1194160W001,921369,1990-10-03T00:00:00Z,280.21,279.21,0,98,182.21,98,97,Acoustical sounder,Unknown,Water level accuracy is unknown,1,Department of Water Resources,NA,5030,Tulare Irrigation District,NA,NA,16766,19S24E19L001M,19S24E19L001M,Unknown,Unknown,5-022.11,Kaweah,Tulare,NA,Unknown,Single Well,NA,1967-02-13 00:00:00 - 2013-03-07 11:15:00,80,fall,53,142.5,NA,NA,1991,18030012,Dry,Dry,1990-10-01T00:00:00Z,1991-10-01T00:00:00Z,-119.416,36.2614
362614N1194160W001,921368,1990-01-18T00:00:00Z,280.21,279.21,0,80,200.21,80,79,NA,Unknown,Water level accuracy is unknown,1,Department of Water Resources,NA,5030,Tulare Irrigation District,NA,NA,16766,19S24E19L001M,19S24E19L001M,Unknown,Unknown,5-022.11,Kaweah,Tulare,NA,Unknown,Single Well,NA,1967-02-13 00:00:00 - 2013-03-07 11:15:00,80,other,NA,NA,NA,NA,1990,18030012,Critical,Critical,1989-10-01T00:00:00Z,1990-10-01T00:00:00Z,-119.416,36.2614
362614N1194160W001,921367,1989-10-05T00:00:00Z,280.21,279.21,0,88,192.21,88,87,NA,Unknown,Water level accuracy is unknown,1,Department of Water Resources,NA,5030,Tulare Irrigation District,NA,NA,16766,19S24E19L001M,19S24E19L001M,Unknown,Unknown,5-022.11,Kaweah,Tulare,NA,Unknown,Single Well,NA,1967-02-13 00:00:00 - 2013-03-07 11:15:00,80,fall,53,142.5,NA,NA,1990,18030012,Critical,Critical,1989-10-01T00:00:00Z,1990-10-01T00:00:00Z,-119.416,36.2614
362614N1194160W001,921366,1989-01-31T00:00:00Z,280.21,279.21,0,74,206.21,74,73,NA,Unknown,Water level accuracy is unknown,1,Department of Water Resources,NA,5030,Tulare Irrigation District,NA,NA,16766,19S24E19L001M,19S24E19L001M,Unknown,Unknown,5-022.11,Kaweah,Tulare,NA,Unknown,Single Well,NA,1967-02-13 00:00:00 - 2013-03-07 11:15:00,80,other,NA,NA,NA,NA,1989,18030012,Dry,Dry,1988-10-01T00:00:00Z,1989-10-01T00:00:00Z,-119.416,36.2614
362614N1194160W001,921365,1988-10-07T00:00:00Z,280.21,279.21,0,80,200.21,80,79,NA,Unknown,Water level accuracy is unknown,1,Department of Water Resources,NA,5030,Tulare Irrigation District,NA,NA,16766,19S24E19L001M,19S24E19L001M,Unknown,Unknown,5-022.11,Kaweah,Tulare,NA,Unknown,Single Well,NA,1967-02-13 00:00:00 - 2013-03-07 11:15:00,80,fall,53,142.5,NA,NA,1989,18030012,Dry,Dry,1988-10-01T00:00:00Z,1989-10-01T00:00:00Z,-119.416,36.2614
362614N1194160W001,921364,1988-01-22T00:00:00Z,280.21,279.21,0,60,220.21,60,59,NA,Unknown,Water level accuracy is unknown,1,Department of Water Resources,NA,5030,Tulare Irrigation District,NA,NA,16766,19S24E19L001M,19S24E19L001M,Unknown,Unknown,5-022.11,Kaweah,Tulare,NA,Unknown,Single Well,NA,1967-02-13 00:00:00 - 2013-03-07 11:15:00,80,other,NA,NA,NA,NA,1988,18030012,Below Normal,Below Normal,1987-10-01T00:00:00Z,1988-10-01T00:00:00Z,-119.416,36.2614
362614N1194160W001,921363,1987-10-06T00:00:00Z,280.21,279.21,0,65,215.21,65,64,NA,Unknown,Water level accuracy is unknown,1,Department of Water Resources,NA,5030,Tulare Irrigation District,NA,NA,16766,19S24E19L001M,19S24E19L001M,Unknown,Unknown,5-022.11,Kaweah,Tulare,NA,Unknown,Single Well,NA,1967-02-13 00:00:00 - 2013-03-07 11:15:00,80,fall,53,142.5,NA,NA,1988,18030012,Below Normal,Below Normal,1987-10-01T00:00:00Z,1988-10-01T00:00:00Z,-119.416,36.2614
362614N1194160W001,921362,1987-02-06T00:00:00Z,280.21,279.21,0,47,233.21,47,46,NA,Unknown,Water level accuracy is unknown,1,Department of Water Resources,NA,5030,Tulare Irrigation District,NA,NA,16766,19S24E19L001M,19S24E19L001M,Unknown,Unknown,5-022.11,Kaweah,Tulare,NA,Unknown,Single Well,NA,1967-02-13 00:00:00 - 2013-03-07 11:15:00,80,other,NA,NA,NA,NA,1987,18030012,Below Normal,Below Normal,1986-10-01T00:00:00Z,1987-10-01T00:00:00Z,-119.416,36.2614
362614N1194160W001,921361,1986-10-01T00:00:00Z,280.21,279.21,0,57,223.21,57,56,NA,Unknown,Water level accuracy is unknown,1,Department of Water Resources,NA,624,Bureau of Reclamation,NA,NA,16766,19S24E19L001M,19S24E19L001M,Unknown,Unknown,5-022.11,Kaweah,Tulare,NA,Unknown,Single Well,NA,1967-02-13 00:00:00 - 2013-03-07 11:15:00,80,fall,53,142.5,NA,NA,1987,18030012,Below Normal,Below Normal,1986-10-01T00:00:00Z,1987-10-01T00:00:00Z,-119.416,36.2614
362614N1194160W001,921360,1986-02-19T00:00:00Z,280.21,279.21,0,57,223.21,57,56,NA,Unknown,Water level accuracy is unknown,1,Department of Water Resources,NA,624,Bureau of Reclamation,NA,NA,16766,19S24E19L001M,19S24E19L001M,Unknown,Unknown,5-022.11,Kaweah,Tulare,NA,Unknown,Single Well,NA,1967-02-13 00:00:00 - 2013-03-07 11:15:00,80,other,NA,NA,NA,NA,1986,18030012,Above Normal,Above Normal,1985-10-01T00:00:00Z,1986-10-01T00:00:00Z,-119.416,36.2614
362614N1194160W001,921359,1985-09-30T00:00:00Z,280.21,279.21,0,67,213.21,67,66,NA,Unknown,Water level accuracy is unknown,1,Department of Water Resources,NA,624,Bureau of Reclamation,NA,NA,16766,19S24E19L001M,19S24E19L001M,Unknown,Unknown,5-022.11,Kaweah,Tulare,NA,Unknown,Single Well,NA,1967-02-13 00:00:00 - 2013-03-07 11:15:00,80,fall,53,142.5,NA,NA,1985,18030012,Dry,Dry,1984-10-01T00:00:00Z,1985-10-01T00:00:00Z,-119.416,36.2614
362614N1194160W001,921358,1985-02-06T00:00:00Z,280.21,279.21,0,49,231.21,49,48,NA,Unknown,Water level accuracy is unknown,1,Department of Water Resources,NA,624,Bureau of Reclamation,NA,NA,16766,19S24E19L001M,19S24E19L001M,Unknown,Unknown,5-022.11,Kaweah,Tulare,NA,Unknown,Single Well,NA,1967-02-13 00:00:00 - 2013-03-07 11:15:00,80,other,NA,NA,NA,NA,1985,18030012,Dry,Dry,1984-10-01T00:00:00Z,1985-10-01T00:00:00Z,-119.416,36.2614
362614N1194160W001,921357,1984-10-17T00:00:00Z,280.21,279.21,0,54.5,225.71,54.5,53.5,NA,Unknown,Water level accuracy is unknown,1,Department of Water Resources,NA,624,Bureau of Reclamation,NA,NA,16766,19S24E19L001M,19S24E19L001M,Unknown,Unknown,5-022.11,Kaweah,Tulare,NA,Unknown,Single Well,NA,1967-02-13 00:00:00 - 2013-03-07 11:15:00,80,fall,53,142.5,NA,NA,1985,18030012,Dry,Dry,1984-10-01T00:00:00Z,1985-10-01T00:00:00Z,-119.416,36.2614
362614N1194160W001,921356,1984-02-27T00:00:00Z,280.21,279.21,0,52,228.21,52,51,Oil or foreign substance in casing,Unknown,Water level accuracy is unknown,1,Department of Water Resources,NA,624,Bureau of Reclamation,NA,NA,16766,19S24E19L001M,19S24E19L001M,Unknown,Unknown,5-022.11,Kaweah,Tulare,NA,Unknown,Single Well,NA,1967-02-13 00:00:00 - 2013-03-07 11:15:00,80,other,NA,NA,NA,NA,1984,18030012,Above Normal,Above Normal,1983-10-01T00:00:00Z,1984-10-01T00:00:00Z,-119.416,36.2614
362614N1194160W001,921355,1983-10-17T00:00:00Z,280.21,279.21,0,54,226.21,54,53,NA,Unknown,Water level accuracy is unknown,1,Department of Water Resources,NA,624,Bureau of Reclamation,NA,NA,16766,19S24E19L001M,19S24E19L001M,Unknown,Unknown,5-022.11,Kaweah,Tulare,NA,Unknown,Single Well,NA,1967-02-13 00:00:00 - 2013-03-07 11:15:00,80,fall,53,142.5,NA,NA,1984,18030012,Above Normal,Above Normal,1983-10-01T00:00:00Z,1984-10-01T00:00:00Z,-119.416,36.2614
362614N1194160W001,921354,1983-02-03T00:00:00Z,280.21,279.21,0,61,219.21,61,60,Oil or foreign substance in casing,Unknown,Water level accuracy is unknown,1,Department of Water Resources,NA,5030,Tulare Irrigation District,NA,NA,16766,19S24E19L001M,19S24E19L001M,Unknown,Unknown,5-022.11,Kaweah,Tulare,NA,Unknown,Single Well,NA,1967-02-13 00:00:00 - 2013-03-07 11:15:00,80,other,NA,NA,NA,NA,1983,18030012,Wet,Wet,1982-10-01T00:00:00Z,1983-10-01T00:00:00Z,-119.416,36.2614
362614N1194160W001,921353,1982-10-06T00:00:00Z,280.21,279.21,0,66.5,213.71,66.5,65.5,NA,Unknown,Water level accuracy is unknown,1,Department of Water Resources,NA,5030,Tulare Irrigation District,NA,NA,16766,19S24E19L001M,19S24E19L001M,Unknown,Unknown,5-022.11,Kaweah,Tulare,NA,Unknown,Single Well,NA,1967-02-13 00:00:00 - 2013-03-07 11:15:00,80,fall,53,142.5,NA,NA,1983,18030012,Wet,Wet,1982-10-01T00:00:00Z,1983-10-01T00:00:00Z,-119.416,36.2614
362614N1194160W001,921352,1982-01-26T00:00:00Z,280.21,279.21,0,75,205.21,75,74,NA,Unknown,Water level accuracy is unknown,1,Department of Water Resources,NA,624,Bureau of Reclamation,NA,NA,16766,19S24E19L001M,19S24E19L001M,Unknown,Unknown,5-022.11,Kaweah,Tulare,NA,Unknown,Single Well,NA,1967-02-13 00:00:00 - 2013-03-07 11:15:00,80,other,NA,NA,NA,NA,1982,18030012,Wet,Wet,1981-10-01T00:00:00Z,1982-10-01T00:00:00Z,-119.416,36.2614
362614N1194160W001,921351,1981-09-28T00:00:00Z,280.21,279.21,0,97,183.21,97,96,NA,Unknown,Water level accuracy is unknown,1,Department of Water Resources,NA,624,Bureau of Reclamation,NA,NA,16766,19S24E19L001M,19S24E19L001M,Unknown,Unknown,5-022.11,Kaweah,Tulare,NA,Unknown,Single Well,NA,1967-02-13 00:00:00 - 2013-03-07 11:15:00,80,fall,53,142.5,NA,NA,1981,18030012,Below Normal,Below Normal,1980-10-01T00:00:00Z,1981-10-01T00:00:00Z,-119.416,36.2614
362614N1194160W001,921350,1981-01-26T00:00:00Z,280.21,279.21,0,68.5,211.71,68.5,67.5,NA,Unknown,Water level accuracy is unknown,1,Department of Water Resources,NA,5030,Tulare Irrigation District,NA,NA,16766,19S24E19L001M,19S24E19L001M,Unknown,Unknown,5-022.11,Kaweah,Tulare,NA,Unknown,Single Well,NA,1967-02-13 00:00:00 - 2013-03-07 11:15:00,80,other,NA,NA,NA,NA,1981,18030012,Below Normal,Below Normal,1980-10-01T00:00:00Z,1981-10-01T00:00:00Z,-119.416,36.2614
362614N1194160W001,921349,1980-09-24T00:00:00Z,280.21,279.21,0,73,207.21,73,72,NA,Unknown,Water level accuracy is unknown,1,Department of Water Resources,NA,5030,Tulare Irrigation District,NA,NA,16766,19S24E19L001M,19S24E19L001M,Unknown,Unknown,5-022.11,Kaweah,Tulare,NA,Unknown,Single Well,NA,1967-02-13 00:00:00 - 2013-03-07 11:15:00,80,fall,53,142.5,NA,NA,1980,18030012,Wet,Wet,1979-10-01T00:00:00Z,1980-10-01T00:00:00Z,-119.416,36.2614
362614N1194160W001,921348,1980-01-31T00:00:00Z,280.21,279.21,0,95,185.21,95,94,NA,Unknown,Water level accuracy is unknown,1,Department of Water Resources,NA,5030,Tulare Irrigation District,NA,NA,16766,19S24E19L001M,19S24E19L001M,Unknown,Unknown,5-022.11,Kaweah,Tulare,NA,Unknown,Single Well,NA,1967-02-13 00:00:00 - 2013-03-07 11:15:00,80,other,NA,NA,NA,NA,1980,18030012,Wet,Wet,1979-10-01T00:00:00Z,1980-10-01T00:00:00Z,-119.416,36.2614
362614N1194160W001,921347,1979-09-24T00:00:00Z,280.21,279.21,0,87,193.21,87,86,NA,Unknown,Water level accuracy is unknown,1,Department of Water Resources,NA,5030,Tulare Irrigation District,NA,NA,16766,19S24E19L001M,19S24E19L001M,Unknown,Unknown,5-022.11,Kaweah,Tulare,NA,Unknown,Single Well,NA,1967-02-13 00:00:00 - 2013-03-07 11:15:00,80,fall,53,142.5,NA,NA,1979,18030012,Wet,Wet,1978-10-01T00:00:00Z,1979-10-01T00:00:00Z,-119.416,36.2614
362614N1194160W001,921346,1979-01-23T00:00:00Z,280.21,279.21,0,84,196.21,84,83,NA,Unknown,Water level accuracy is unknown,1,Department of Water Resources,NA,5030,Tulare Irrigation District,NA,NA,16766,19S24E19L001M,19S24E19L001M,Unknown,Unknown,5-022.11,Kaweah,Tulare,NA,Unknown,Single Well,NA,1967-02-13 00:00:00 - 2013-03-07 11:15:00,80,other,NA,NA,NA,NA,1979,18030012,Wet,Wet,1978-10-01T00:00:00Z,1979-10-01T00:00:00Z,-119.416,36.2614
362614N1194160W001,921345,1978-10-02T00:00:00Z,280.21,279.21,0,90,190.21,90,89,NA,Unknown,Water level accuracy is unknown,1,Department of Water Resources,NA,5030,Tulare Irrigation District,NA,NA,16766,19S24E19L001M,19S24E19L001M,Unknown,Unknown,5-022.11,Kaweah,Tulare,NA,Unknown,Single Well,NA,1967-02-13 00:00:00 - 2013-03-07 11:15:00,80,fall,53,142.5,NA,NA,1979,18030012,Wet,Wet,1978-10-01T00:00:00Z,1979-10-01T00:00:00Z,-119.416,36.2614
362614N1194160W001,921344,1978-01-31T00:00:00Z,280.21,279.21,0,106,174.21,106,105,NA,Unknown,Water level accuracy is unknown,1,Department of Water Resources,NA,5030,Tulare Irrigation District,NA,NA,16766,19S24E19L001M,19S24E19L001M,Unknown,Unknown,5-022.11,Kaweah,Tulare,NA,Unknown,Single Well,NA,1967-02-13 00:00:00 - 2013-03-07 11:15:00,80,other,NA,NA,NA,NA,1978,18030012,Wet,Wet,1977-10-01T00:00:00Z,1978-10-01T00:00:00Z,-119.416,36.2614
362614N1194160W001,921343,1977-10-04T00:00:00Z,280.21,279.21,0,111.5,168.71,111.5,110.5,NA,Unknown,Water level accuracy is unknown,1,Department of Water Resources,NA,5030,Tulare Irrigation District,NA,NA,16766,19S24E19L001M,19S24E19L001M,Unknown,Unknown,5-022.11,Kaweah,Tulare,NA,Unknown,Single Well,NA,1967-02-13 00:00:00 - 2013-03-07 11:15:00,80,fall,53,142.5,NA,NA,1978,18030012,Wet,Wet,1977-10-01T00:00:00Z,1978-10-01T00:00:00Z,-119.416,36.2614
362614N1194160W001,921342,1977-01-25T00:00:00Z,280.21,279.21,0,96.5,183.71,96.5,95.5,NA,Unknown,Water level accuracy is unknown,1,Department of Water Resources,NA,5030,Tulare Irrigation District,NA,NA,16766,19S24E19L001M,19S24E19L001M,Unknown,Unknown,5-022.11,Kaweah,Tulare,NA,Unknown,Single Well,NA,1967-02-13 00:00:00 - 2013-03-07 11:15:00,80,other,NA,NA,NA,NA,1977,18030012,Dry,Dry,1976-10-01T00:00:00Z,1977-10-01T00:00:00Z,-119.416,36.2614
362614N1194160W001,921341,1976-10-06T00:00:00Z,280.21,279.21,0,99.5,180.71,99.5,98.5,NA,Unknown,Water level accuracy is unknown,1,Department of Water Resources,NA,5030,Tulare Irrigation District,NA,NA,16766,19S24E19L001M,19S24E19L001M,Unknown,Unknown,5-022.11,Kaweah,Tulare,NA,Unknown,Single Well,NA,1967-02-13 00:00:00 - 2013-03-07 11:15:00,80,fall,53,142.5,NA,NA,1977,18030012,Dry,Dry,1976-10-01T00:00:00Z,1977-10-01T00:00:00Z,-119.416,36.2614
362614N1194160W001,921340,1976-01-27T00:00:00Z,280.21,279.21,0,94,186.21,94,93,NA,Unknown,Water level accuracy is unknown,1,Department of Water Resources,NA,5030,Tulare Irrigation District,NA,NA,16766,19S24E19L001M,19S24E19L001M,Unknown,Unknown,5-022.11,Kaweah,Tulare,NA,Unknown,Single Well,NA,1967-02-13 00:00:00 - 2013-03-07 11:15:00,80,other,NA,NA,NA,NA,1976,18030012,Above Normal,Above Normal,1975-10-01T00:00:00Z,1976-10-01T00:00:00Z,-119.416,36.2614
362614N1194160W001,921339,1975-10-01T00:00:00Z,280.21,279.21,0,81,199.21,81,80,NA,Unknown,Water level accuracy is unknown,1,Department of Water Resources,NA,5030,Tulare Irrigation District,NA,NA,16766,19S24E19L001M,19S24E19L001M,Unknown,Unknown,5-022.11,Kaweah,Tulare,NA,Unknown,Single Well,NA,1967-02-13 00:00:00 - 2013-03-07 11:15:00,80,fall,53,142.5,NA,NA,1976,18030012,Above Normal,Above Normal,1975-10-01T00:00:00Z,1976-10-01T00:00:00Z,-119.416,36.2614
362614N1194160W001,921338,1975-02-11T00:00:00Z,280.21,279.21,0,79,201.21,79,78,NA,Unknown,Water level accuracy is unknown,1,Department of Water Resources,NA,5030,Tulare Irrigation District,NA,NA,16766,19S24E19L001M,19S24E19L001M,Unknown,Unknown,5-022.11,Kaweah,Tulare,NA,Unknown,Single Well,NA,1967-02-13 00:00:00 - 2013-03-07 11:15:00,80,other,NA,NA,NA,NA,1975,18030012,Above Normal,Above Normal,1974-10-01T00:00:00Z,1975-10-01T00:00:00Z,-119.416,36.2614
362614N1194160W001,921337,1974-10-03T00:00:00Z,280.21,279.21,0,98,182.21,98,97,NA,Unknown,Water level accuracy is unknown,1,Department of Water Resources,NA,5030,Tulare Irrigation District,NA,NA,16766,19S24E19L001M,19S24E19L001M,Unknown,Unknown,5-022.11,Kaweah,Tulare,NA,Unknown,Single Well,NA,1967-02-13 00:00:00 - 2013-03-07 11:15:00,80,fall,53,142.5,NA,NA,1975,18030012,Above Normal,Above Normal,1974-10-01T00:00:00Z,1975-10-01T00:00:00Z,-119.416,36.2614
362614N1194160W001,921336,1974-01-23T00:00:00Z,280.21,279.21,0,78.5,201.71,78.5,77.5,NA,Unknown,Water level accuracy is unknown,1,Department of Water Resources,NA,5030,Tulare Irrigation District,NA,NA,16766,19S24E19L001M,19S24E19L001M,Unknown,Unknown,5-022.11,Kaweah,Tulare,NA,Unknown,Single Well,NA,1967-02-13 00:00:00 - 2013-03-07 11:15:00,80,other,NA,NA,NA,NA,1974,18030012,Wet,Wet,1973-10-01T00:00:00Z,1974-10-01T00:00:00Z,-119.416,36.2614
362614N1194160W001,921335,1973-10-02T00:00:00Z,280.21,279.21,0,88.5,191.71,88.5,87.5,NA,Unknown,Water level accuracy is unknown,1,Department of Water Resources,NA,5030,Tulare Irrigation District,NA,NA,16766,19S24E19L001M,19S24E19L001M,Unknown,Unknown,5-022.11,Kaweah,Tulare,NA,Unknown,Single Well,NA,1967-02-13 00:00:00 - 2013-03-07 11:15:00,80,fall,53,142.5,NA,NA,1974,18030012,Wet,Wet,1973-10-01T00:00:00Z,1974-10-01T00:00:00Z,-119.416,36.2614
362614N1194160W001,921334,1973-02-12T00:00:00Z,280.21,279.21,0,86,194.21,86,85,NA,Unknown,Water level accuracy is unknown,1,Department of Water Resources,NA,5030,Tulare Irrigation District,NA,NA,16766,19S24E19L001M,19S24E19L001M,Unknown,Unknown,5-022.11,Kaweah,Tulare,NA,Unknown,Single Well,NA,1967-02-13 00:00:00 - 2013-03-07 11:15:00,80,other,NA,NA,NA,NA,1973,18030012,Wet,Wet,1972-10-01T00:00:00Z,1973-10-01T00:00:00Z,-119.416,36.2614
362614N1194160W001,921333,1972-10-11T00:00:00Z,280.21,279.21,0,99,181.21,99,98,NA,Unknown,Water level accuracy is unknown,1,Department of Water Resources,NA,5030,Tulare Irrigation District,NA,NA,16766,19S24E19L001M,19S24E19L001M,Unknown,Unknown,5-022.11,Kaweah,Tulare,NA,Unknown,Single Well,NA,1967-02-13 00:00:00 - 2013-03-07 11:15:00,80,fall,53,142.5,NA,NA,1973,18030012,Wet,Wet,1972-10-01T00:00:00Z,1973-10-01T00:00:00Z,-119.416,36.2614
362614N1194160W001,921332,1972-02-17T00:00:00Z,280.21,279.21,0,94.4,185.81,94.4,93.4,NA,Unknown,Water level accuracy is unknown,1,Department of Water Resources,NA,5030,Tulare Irrigation District,NA,NA,16766,19S24E19L001M,19S24E19L001M,Unknown,Unknown,5-022.11,Kaweah,Tulare,NA,Unknown,Single Well,NA,1967-02-13 00:00:00 - 2013-03-07 11:15:00,80,other,NA,NA,NA,NA,1972,18030012,Critical,Critical,1971-10-01T00:00:00Z,1972-10-01T00:00:00Z,-119.416,36.2614
362614N1194160W001,921331,1971-10-11T00:00:00Z,280.21,279.21,0,88,192.21,88,87,NA,Unknown,Water level accuracy is unknown,1,Department of Water Resources,NA,5030,Tulare Irrigation District,NA,NA,16766,19S24E19L001M,19S24E19L001M,Unknown,Unknown,5-022.11,Kaweah,Tulare,NA,Unknown,Single Well,NA,1967-02-13 00:00:00 - 2013-03-07 11:15:00,80,fall,53,142.5,NA,NA,1972,18030012,Critical,Critical,1971-10-01T00:00:00Z,1972-10-01T00:00:00Z,-119.416,36.2614
362614N1194160W001,921330,1971-02-13T00:00:00Z,280.21,279.21,0,72,208.21,72,71,NA,Unknown,Water level accuracy is unknown,1,Department of Water Resources,NA,5030,Tulare Irrigation District,NA,NA,16766,19S24E19L001M,19S24E19L001M,Unknown,Unknown,5-022.11,Kaweah,Tulare,NA,Unknown,Single Well,NA,1967-02-13 00:00:00 - 2013-03-07 11:15:00,80,other,NA,NA,NA,NA,1971,18030012,Dry,Dry,1970-10-01T00:00:00Z,1971-10-01T00:00:00Z,-119.416,36.2614
362614N1194160W001,921329,1970-10-01T00:00:00Z,280.21,279.21,0,92.2,188.01,92.2,91.2,NA,Unknown,Water level accuracy is unknown,1,Department of Water Resources,NA,5030,Tulare Irrigation District,NA,NA,16766,19S24E19L001M,19S24E19L001M,Unknown,Unknown,5-022.11,Kaweah,Tulare,NA,Unknown,Single Well,NA,1967-02-13 00:00:00 - 2013-03-07 11:15:00,80,fall,53,142.5,NA,NA,1971,18030012,Dry,Dry,1970-10-01T00:00:00Z,1971-10-01T00:00:00Z,-119.416,36.2614
362614N1194160W001,921328,1970-02-02T00:00:00Z,280.21,279.21,0,69.9,210.31,69.9,68.9,NA,Unknown,Water level accuracy is unknown,1,Department of Water Resources,NA,5030,Tulare Irrigation District,NA,NA,16766,19S24E19L001M,19S24E19L001M,Unknown,Unknown,5-022.11,Kaweah,Tulare,NA,Unknown,Single Well,NA,1967-02-13 00:00:00 - 2013-03-07 11:15:00,80,other,NA,NA,NA,NA,1970,18030012,Wet,Wet,1969-10-01T00:00:00Z,1970-10-01T00:00:00Z,-119.416,36.2614
362614N1194160W001,921327,1969-09-26T00:00:00Z,280.21,279.21,0,78.7,201.51,78.7,77.7,NA,Unknown,Water level accuracy is unknown,1,Department of Water Resources,NA,624,Bureau of Reclamation,NA,NA,16766,19S24E19L001M,19S24E19L001M,Unknown,Unknown,5-022.11,Kaweah,Tulare,NA,Unknown,Single Well,NA,1967-02-13 00:00:00 - 2013-03-07 11:15:00,80,fall,53,142.5,NA,NA,1969,18030012,Wet,Wet,1968-10-01T00:00:00Z,1969-10-01T00:00:00Z,-119.416,36.2614
362614N1194160W001,921326,1969-02-04T00:00:00Z,280.21,279.21,0,86.3,193.91,86.3,85.3,NA,Unknown,Water level accuracy is unknown,1,Department of Water Resources,NA,5030,Tulare Irrigation District,NA,NA,16766,19S24E19L001M,19S24E19L001M,Unknown,Unknown,5-022.11,Kaweah,Tulare,NA,Unknown,Single Well,NA,1967-02-13 00:00:00 - 2013-03-07 11:15:00,80,other,NA,NA,NA,NA,1969,18030012,Wet,Wet,1968-10-01T00:00:00Z,1969-10-01T00:00:00Z,-119.416,36.2614
362614N1194160W001,921325,1968-02-01T00:00:00Z,280.21,279.21,0,79.5,200.71,79.5,78.5,NA,Unknown,Water level accuracy is unknown,1,Department of Water Resources,NA,5030,Tulare Irrigation District,NA,NA,16766,19S24E19L001M,19S24E19L001M,Unknown,Unknown,5-022.11,Kaweah,Tulare,NA,Unknown,Single Well,NA,1967-02-13 00:00:00 - 2013-03-07 11:15:00,80,other,NA,NA,NA,NA,1968,18030012,Below Normal,Below Normal,1967-10-01T00:00:00Z,1968-10-01T00:00:00Z,-119.416,36.2614
362614N1194160W001,921324,1967-02-13T00:00:00Z,280.21,279.21,0,92,188.21,92,91,NA,Unknown,Water level accuracy is unknown,1,Department of Water Resources,NA,5030,Tulare Irrigation District,NA,NA,16766,19S24E19L001M,19S24E19L001M,Unknown,Unknown,5-022.11,Kaweah,Tulare,NA,Unknown,Single Well,NA,1967-02-13 00:00:00 - 2013-03-07 11:15:00,80,other,NA,NA,NA,NA,1967,18030012,Wet,Wet,1966-10-01T00:00:00Z,1967-10-01T00:00:00Z,-119.416,36.2614
