SITE_CODE,WLM_ID,MSMT_DATE,WLM_RPE,WLM_GSE,RDNG_WS,RDNG_RP,WSE,RPE_WSE,GSE_WSE,WLM_QA_DESC,WLM_DESC,WLM_ACC_DESC,WLM_ORG_ID,WLM_ORG_NAME,MSMT_CMT,COOP_AGENCY_ORG_ID,COOP_ORG_NAME,TOP_PRF,BOT_PRF,STN_ID,SWN,WELL_NAME,WLM_METHOD,WLM_ACC,BASIN_CODE,BASIN_NAME,COUNTY_NAME,WELL_DEPTH,WELL_USE,WELL_TYPE,WCR_NO,t_range,n_samples,season,fall_high,fall_low,spring_high,spring_low,water_year,HUC8,WYT,water_year_type,water_year_start,water_year_end,X,Y
362683N1193584W001,2447754,2019-01-29T10:30:00Z,297.13,297.49,NA,NA,NA,NA,NA,Well has been destroyed,NA,NA,5030,Tulare Irrigation District,Well Destroyed,5030,Tulare Irrigation District,NA,NA,16771,19S24E22C002M,192422C2,GPS,0.1 ft.,5-022.11,Kaweah,Tulare,NA,Irrigation,Single Well,NA,1953-10-05 00:00:00 - 2019-01-29 10:30:00,111,other,NA,NA,NA,NA,2019,NA,NA,NA,2018-10-01T00:00:00Z,2019-10-01T00:00:00Z,-119.358,36.2683
362683N1193584W001,2415743,2018-10-08T10:30:00Z,297.13,297.49,NA,NA,NA,NA,NA,Well has been destroyed,NA,NA,5030,Tulare Irrigation District,Well Destroyed,5030,Tulare Irrigation District,NA,NA,16771,19S24E22C002M,192422C2,GPS,0.1 ft.,5-022.11,Kaweah,Tulare,NA,Irrigation,Single Well,NA,1953-10-05 00:00:00 - 2019-01-29 10:30:00,111,fall,40,121.5,NA,NA,2019,NA,NA,NA,2018-10-01T00:00:00Z,2019-10-01T00:00:00Z,-119.358,36.2683
362683N1193584W001,2282146,2018-01-30T10:30:00Z,297.13,297.49,NA,NA,NA,NA,NA,Well has been destroyed,NA,NA,5030,Tulare Irrigation District,Well Destroyed,5030,Tulare Irrigation District,NA,NA,16771,19S24E22C002M,192422C2,GPS,0.1 ft.,5-022.11,Kaweah,Tulare,NA,Irrigation,Single Well,NA,1953-10-05 00:00:00 - 2019-01-29 10:30:00,111,other,NA,NA,NA,NA,2018,18030012,Below Normal,Below Normal,2017-10-01T00:00:00Z,2018-10-01T00:00:00Z,-119.358,36.2683
362683N1193584W001,2262943,2017-09-25T10:30:00Z,297.13,297.49,NA,NA,NA,NA,NA,Well has been destroyed,NA,NA,5030,Tulare Irrigation District,Well Destroyed,5030,Tulare Irrigation District,NA,NA,16771,19S24E22C002M,192422C2,GPS,0.1 ft.,5-022.11,Kaweah,Tulare,NA,Irrigation,Single Well,NA,1953-10-05 00:00:00 - 2019-01-29 10:30:00,111,fall,40,121.5,NA,NA,2017,18030012,Wet,Wet,2016-10-01T00:00:00Z,2017-10-01T00:00:00Z,-119.358,36.2683
362683N1193584W001,2250750,2017-01-26T09:30:00Z,297.13,297.49,NA,NA,NA,NA,NA,Well has been destroyed,NA,NA,5030,Tulare Irrigation District,Well Destroyed,5030,Tulare Irrigation District,NA,NA,16771,19S24E22C002M,192422C2,GPS,0.1 ft.,5-022.11,Kaweah,Tulare,NA,Irrigation,Single Well,NA,1953-10-05 00:00:00 - 2019-01-29 10:30:00,111,other,NA,NA,NA,NA,2017,18030012,Wet,Wet,2016-10-01T00:00:00Z,2017-10-01T00:00:00Z,-119.358,36.2683
362683N1193584W001,2183738,2016-02-02T00:00:00Z,297.13,297.49,NA,NA,NA,NA,NA,Well has been destroyed,NA,NA,5030,Tulare Irrigation District,NA,5030,Tulare Irrigation District,NA,NA,16771,19S24E22C002M,192422C2,GPS,0.1 ft.,5-022.11,Kaweah,Tulare,NA,Irrigation,Single Well,NA,1953-10-05 00:00:00 - 2019-01-29 10:30:00,111,other,NA,NA,NA,NA,2016,18030012,Below Normal,Below Normal,2015-10-01T00:00:00Z,2016-10-01T00:00:00Z,-119.358,36.2683
362683N1193584W001,1988952,2013-03-07T11:45:00Z,300.213,300.213,17,145,172.213,128,128,NA,Unknown,Water level accuracy to nearest tenth of a foot,1,Department of Water Resources,tape=128,1,Department of Water Resources,NA,NA,16771,19S24E22C002M,192422C2,GPS,0.1 ft.,5-022.11,Kaweah,Tulare,NA,Irrigation,Single Well,NA,1953-10-05 00:00:00 - 2019-01-29 10:30:00,111,spring,NA,NA,60,128,2013,18030012,Critical,Critical,2012-10-01T00:00:00Z,2013-10-01T00:00:00Z,-119.358,36.2683
362683N1193584W001,93873,2011-02-17T08:00:00Z,300.213,300.213,22,140,182.213,118,118,NA,Unknown,Water level accuracy to nearest tenth of a foot,1,Department of Water Resources,NA,1,Department of Water Resources,NA,NA,16771,19S24E22C002M,192422C2,GPS,0.1 ft.,5-022.11,Kaweah,Tulare,NA,Irrigation,Single Well,NA,1953-10-05 00:00:00 - 2019-01-29 10:30:00,111,other,NA,NA,NA,NA,2011,18030012,Wet,Wet,2010-10-01T00:00:00Z,2011-10-01T00:00:00Z,-119.358,36.2683
362683N1193584W001,921663,2010-01-19T00:00:00Z,300.21,300.21,0,143,157.21,143,143,NA,Unknown,Water level accuracy is unknown,1,Department of Water Resources,NA,5030,Tulare Irrigation District,NA,NA,16771,19S24E22C002M,192422C2,GPS,0.1 ft.,5-022.11,Kaweah,Tulare,NA,Irrigation,Single Well,NA,1953-10-05 00:00:00 - 2019-01-29 10:30:00,111,other,NA,NA,NA,NA,2010,18030012,Above Normal,Above Normal,2009-10-01T00:00:00Z,2010-10-01T00:00:00Z,-119.358,36.2683
362683N1193584W001,921662,2009-03-04T00:00:00Z,300.21,300.21,NA,NA,NA,NA,NA,Pumping,NA,NA,1,Department of Water Resources,TAPE-,5030,Tulare Irrigation District,NA,NA,16771,19S24E22C002M,192422C2,GPS,0.1 ft.,5-022.11,Kaweah,Tulare,NA,Irrigation,Single Well,NA,1953-10-05 00:00:00 - 2019-01-29 10:30:00,111,spring,NA,NA,60,128,2009,18030012,Critical,Critical,2008-10-01T00:00:00Z,2009-10-01T00:00:00Z,-119.358,36.2683
362683N1193584W001,921660,2007-10-10T00:00:00Z,300.21,300.21,0,115,185.21,115,115,Oil or foreign substance in casing,Unknown,Water level accuracy is unknown,1,Department of Water Resources,NA,5030,Tulare Irrigation District,NA,NA,16771,19S24E22C002M,192422C2,GPS,0.1 ft.,5-022.11,Kaweah,Tulare,NA,Irrigation,Single Well,NA,1953-10-05 00:00:00 - 2019-01-29 10:30:00,111,fall,40,121.5,NA,NA,2008,18030012,Critical,Critical,2007-10-01T00:00:00Z,2008-10-01T00:00:00Z,-119.358,36.2683
362683N1193584W001,921661,2006-09-27T00:00:00Z,300.21,300.21,0,94,206.21,94,94,Oil or foreign substance in casing,Unknown,Water level accuracy is unknown,1,Department of Water Resources,TAPE-94 FEET,5030,Tulare Irrigation District,NA,NA,16771,19S24E22C002M,192422C2,GPS,0.1 ft.,5-022.11,Kaweah,Tulare,NA,Irrigation,Single Well,NA,1953-10-05 00:00:00 - 2019-01-29 10:30:00,111,fall,40,121.5,NA,NA,2006,18030012,Wet,Wet,2005-10-01T00:00:00Z,2006-10-01T00:00:00Z,-119.358,36.2683
362683N1193584W001,921659,2006-01-27T00:00:00Z,300.21,300.21,0,112,188.21,112,112,Oil or foreign substance in casing,Unknown,Water level accuracy is unknown,1,Department of Water Resources,NA,5030,Tulare Irrigation District,NA,NA,16771,19S24E22C002M,192422C2,GPS,0.1 ft.,5-022.11,Kaweah,Tulare,NA,Irrigation,Single Well,NA,1953-10-05 00:00:00 - 2019-01-29 10:30:00,111,other,NA,NA,NA,NA,2006,18030012,Wet,Wet,2005-10-01T00:00:00Z,2006-10-01T00:00:00Z,-119.358,36.2683
362683N1193584W001,921658,2005-01-26T00:00:00Z,300.21,300.21,0,95,205.21,95,95,NA,Unknown,Water level accuracy is unknown,1,Department of Water Resources,NA,5030,Tulare Irrigation District,NA,NA,16771,19S24E22C002M,192422C2,GPS,0.1 ft.,5-022.11,Kaweah,Tulare,NA,Irrigation,Single Well,NA,1953-10-05 00:00:00 - 2019-01-29 10:30:00,111,other,NA,NA,NA,NA,2005,18030012,Wet,Wet,2004-10-01T00:00:00Z,2005-10-01T00:00:00Z,-119.358,36.2683
362683N1193584W001,921656,2004-02-06T00:00:00Z,300.21,300.21,0,114,186.21,114,114,Oil or foreign substance in casing,Unknown,Water level accuracy is unknown,1,Department of Water Resources,114',5030,Tulare Irrigation District,NA,NA,16771,19S24E22C002M,192422C2,GPS,0.1 ft.,5-022.11,Kaweah,Tulare,NA,Irrigation,Single Well,NA,1953-10-05 00:00:00 - 2019-01-29 10:30:00,111,other,NA,NA,NA,NA,2004,18030012,Dry,Dry,2003-10-01T00:00:00Z,2004-10-01T00:00:00Z,-119.358,36.2683
362683N1193584W001,921657,2003-09-25T00:00:00Z,300.21,300.21,0,106,194.21,106,106,Oil or foreign substance in casing,Unknown,Water level accuracy is unknown,1,Department of Water Resources,TAPE-106',5030,Tulare Irrigation District,NA,NA,16771,19S24E22C002M,192422C2,GPS,0.1 ft.,5-022.11,Kaweah,Tulare,NA,Irrigation,Single Well,NA,1953-10-05 00:00:00 - 2019-01-29 10:30:00,111,fall,40,121.5,NA,NA,2003,18030012,Dry,Dry,2002-10-01T00:00:00Z,2003-10-01T00:00:00Z,-119.358,36.2683
362683N1193584W001,921653,2003-01-24T00:00:00Z,300.21,300.21,0,112,188.21,112,112,Oil or foreign substance in casing,Unknown,Water level accuracy is unknown,1,Department of Water Resources,NA,5030,Tulare Irrigation District,NA,NA,16771,19S24E22C002M,192422C2,GPS,0.1 ft.,5-022.11,Kaweah,Tulare,NA,Irrigation,Single Well,NA,1953-10-05 00:00:00 - 2019-01-29 10:30:00,111,other,NA,NA,NA,NA,2003,18030012,Dry,Dry,2002-10-01T00:00:00Z,2003-10-01T00:00:00Z,-119.358,36.2683
362683N1193584W001,921655,2002-09-17T00:00:00Z,300.21,300.21,0,104,196.21,104,104,Oil or foreign substance in casing,Unknown,Water level accuracy is unknown,1,Department of Water Resources,NA,624,Bureau of Reclamation,NA,NA,16771,19S24E22C002M,192422C2,GPS,0.1 ft.,5-022.11,Kaweah,Tulare,NA,Irrigation,Single Well,NA,1953-10-05 00:00:00 - 2019-01-29 10:30:00,111,fall,40,121.5,NA,NA,2002,18030012,Critical,Critical,2001-10-01T00:00:00Z,2002-10-01T00:00:00Z,-119.358,36.2683
362683N1193584W001,921654,2002-01-18T00:00:00Z,300.21,300.21,0,100,200.21,100,100,Oil or foreign substance in casing,Unknown,Water level accuracy is unknown,1,Department of Water Resources,NA,624,Bureau of Reclamation,NA,NA,16771,19S24E22C002M,192422C2,GPS,0.1 ft.,5-022.11,Kaweah,Tulare,NA,Irrigation,Single Well,NA,1953-10-05 00:00:00 - 2019-01-29 10:30:00,111,other,NA,NA,NA,NA,2002,18030012,Critical,Critical,2001-10-01T00:00:00Z,2002-10-01T00:00:00Z,-119.358,36.2683
362683N1193584W001,921652,2001-01-23T00:00:00Z,300.21,300.21,0,88,212.21,88,88,Oil or foreign substance in casing,Unknown,Water level accuracy is unknown,1,Department of Water Resources,NA,5030,Tulare Irrigation District,NA,NA,16771,19S24E22C002M,192422C2,GPS,0.1 ft.,5-022.11,Kaweah,Tulare,NA,Irrigation,Single Well,NA,1953-10-05 00:00:00 - 2019-01-29 10:30:00,111,other,NA,NA,NA,NA,2001,18030012,Below Normal,Below Normal,2000-10-01T00:00:00Z,2001-10-01T00:00:00Z,-119.358,36.2683
362683N1193584W001,921651,2000-01-25T00:00:00Z,300.21,300.21,0,78,222.21,78,78,Oil or foreign substance in casing,Unknown,Water level accuracy is unknown,1,Department of Water Resources,NA,5030,Tulare Irrigation District,NA,NA,16771,19S24E22C002M,192422C2,GPS,0.1 ft.,5-022.11,Kaweah,Tulare,NA,Irrigation,Single Well,NA,1953-10-05 00:00:00 - 2019-01-29 10:30:00,111,other,NA,NA,NA,NA,2000,18030012,Below Normal,Below Normal,1999-10-01T00:00:00Z,2000-10-01T00:00:00Z,-119.358,36.2683
362683N1193584W001,921650,1999-10-04T00:00:00Z,300.21,300.21,0,76,224.21,76,76,Oil or foreign substance in casing,Unknown,Water level accuracy is unknown,1,Department of Water Resources,NA,5030,Tulare Irrigation District,NA,NA,16771,19S24E22C002M,192422C2,GPS,0.1 ft.,5-022.11,Kaweah,Tulare,NA,Irrigation,Single Well,NA,1953-10-05 00:00:00 - 2019-01-29 10:30:00,111,fall,40,121.5,NA,NA,2000,18030012,Below Normal,Below Normal,1999-10-01T00:00:00Z,2000-10-01T00:00:00Z,-119.358,36.2683
362683N1193584W001,921649,1999-01-22T00:00:00Z,300.21,300.21,0,67,233.21,67,67,Oil or foreign substance in casing,Unknown,Water level accuracy is unknown,1,Department of Water Resources,NA,5030,Tulare Irrigation District,NA,NA,16771,19S24E22C002M,192422C2,GPS,0.1 ft.,5-022.11,Kaweah,Tulare,NA,Irrigation,Single Well,NA,1953-10-05 00:00:00 - 2019-01-29 10:30:00,111,other,NA,NA,NA,NA,1999,18030012,Wet,Wet,1998-10-01T00:00:00Z,1999-10-01T00:00:00Z,-119.358,36.2683
362683N1193584W001,921648,1998-10-08T00:00:00Z,300.21,300.21,0,82,218.21,82,82,Oil or foreign substance in casing,Unknown,Water level accuracy is unknown,1,Department of Water Resources,NA,5030,Tulare Irrigation District,NA,NA,16771,19S24E22C002M,192422C2,GPS,0.1 ft.,5-022.11,Kaweah,Tulare,NA,Irrigation,Single Well,NA,1953-10-05 00:00:00 - 2019-01-29 10:30:00,111,fall,40,121.5,NA,NA,1999,18030012,Wet,Wet,1998-10-01T00:00:00Z,1999-10-01T00:00:00Z,-119.358,36.2683
362683N1193584W001,921647,1998-01-15T00:00:00Z,300.21,300.21,0,95,205.21,95,95,Oil or foreign substance in casing,Unknown,Water level accuracy is unknown,1,Department of Water Resources,NA,5030,Tulare Irrigation District,NA,NA,16771,19S24E22C002M,192422C2,GPS,0.1 ft.,5-022.11,Kaweah,Tulare,NA,Irrigation,Single Well,NA,1953-10-05 00:00:00 - 2019-01-29 10:30:00,111,other,NA,NA,NA,NA,1998,18030012,Wet,Wet,1997-10-01T00:00:00Z,1998-10-01T00:00:00Z,-119.358,36.2683
362683N1193584W001,921646,1997-10-09T00:00:00Z,300.21,300.21,0,100,200.21,100,100,Oil or foreign substance in casing,Unknown,Water level accuracy is unknown,1,Department of Water Resources,NA,5030,Tulare Irrigation District,NA,NA,16771,19S24E22C002M,192422C2,GPS,0.1 ft.,5-022.11,Kaweah,Tulare,NA,Irrigation,Single Well,NA,1953-10-05 00:00:00 - 2019-01-29 10:30:00,111,fall,40,121.5,NA,NA,1998,18030012,Wet,Wet,1997-10-01T00:00:00Z,1998-10-01T00:00:00Z,-119.358,36.2683
362683N1193584W001,921645,1997-01-17T00:00:00Z,300.21,300.21,0,93,207.21,93,93,Oil or foreign substance in casing,Unknown,Water level accuracy is unknown,1,Department of Water Resources,NA,5030,Tulare Irrigation District,NA,NA,16771,19S24E22C002M,192422C2,GPS,0.1 ft.,5-022.11,Kaweah,Tulare,NA,Irrigation,Single Well,NA,1953-10-05 00:00:00 - 2019-01-29 10:30:00,111,other,NA,NA,NA,NA,1997,18030012,Above Normal,Above Normal,1996-10-01T00:00:00Z,1997-10-01T00:00:00Z,-119.358,36.2683
362683N1193584W001,921644,1996-10-04T00:00:00Z,300.21,300.21,0,105,195.21,105,105,Oil or foreign substance in casing,Unknown,Water level accuracy is unknown,1,Department of Water Resources,NA,5030,Tulare Irrigation District,NA,NA,16771,19S24E22C002M,192422C2,GPS,0.1 ft.,5-022.11,Kaweah,Tulare,NA,Irrigation,Single Well,NA,1953-10-05 00:00:00 - 2019-01-29 10:30:00,111,fall,40,121.5,NA,NA,1997,18030012,Above Normal,Above Normal,1996-10-01T00:00:00Z,1997-10-01T00:00:00Z,-119.358,36.2683
362683N1193584W001,921643,1996-01-17T00:00:00Z,300.21,300.21,0,92,208.21,92,92,NA,Unknown,Water level accuracy is unknown,1,Department of Water Resources,NA,5030,Tulare Irrigation District,NA,NA,16771,19S24E22C002M,192422C2,GPS,0.1 ft.,5-022.11,Kaweah,Tulare,NA,Irrigation,Single Well,NA,1953-10-05 00:00:00 - 2019-01-29 10:30:00,111,other,NA,NA,NA,NA,1996,18030012,Wet,Wet,1995-10-01T00:00:00Z,1996-10-01T00:00:00Z,-119.358,36.2683
362683N1193584W001,921642,1995-10-11T00:00:00Z,300.21,300.21,NA,NA,NA,NA,NA,Pumping,NA,NA,1,Department of Water Resources,NA,5030,Tulare Irrigation District,NA,NA,16771,19S24E22C002M,192422C2,GPS,0.1 ft.,5-022.11,Kaweah,Tulare,NA,Irrigation,Single Well,NA,1953-10-05 00:00:00 - 2019-01-29 10:30:00,111,fall,40,121.5,NA,NA,1996,18030012,Wet,Wet,1995-10-01T00:00:00Z,1996-10-01T00:00:00Z,-119.358,36.2683
362683N1193584W001,921641,1995-02-02T00:00:00Z,300.21,300.21,0,115,185.21,115,115,NA,Unknown,Water level accuracy is unknown,1,Department of Water Resources,NA,5030,Tulare Irrigation District,NA,NA,16771,19S24E22C002M,192422C2,GPS,0.1 ft.,5-022.11,Kaweah,Tulare,NA,Irrigation,Single Well,NA,1953-10-05 00:00:00 - 2019-01-29 10:30:00,111,other,NA,NA,NA,NA,1995,18030012,Wet,Wet,1994-10-01T00:00:00Z,1995-10-01T00:00:00Z,-119.358,36.2683
362683N1193584W001,921640,1994-09-30T00:00:00Z,300.21,300.21,0,121.5,178.71,121.5,121.5,NA,Unknown,Water level accuracy is unknown,1,Department of Water Resources,NA,5030,Tulare Irrigation District,NA,NA,16771,19S24E22C002M,192422C2,GPS,0.1 ft.,5-022.11,Kaweah,Tulare,NA,Irrigation,Single Well,NA,1953-10-05 00:00:00 - 2019-01-29 10:30:00,111,fall,40,121.5,NA,NA,1994,18030012,Above Normal,Above Normal,1993-10-01T00:00:00Z,1994-10-01T00:00:00Z,-119.358,36.2683
362683N1193584W001,921639,1994-01-20T00:00:00Z,300.21,300.21,0,100.5,199.71,100.5,100.5,NA,Unknown,Water level accuracy is unknown,1,Department of Water Resources,NA,5030,Tulare Irrigation District,NA,NA,16771,19S24E22C002M,192422C2,GPS,0.1 ft.,5-022.11,Kaweah,Tulare,NA,Irrigation,Single Well,NA,1953-10-05 00:00:00 - 2019-01-29 10:30:00,111,other,NA,NA,NA,NA,1994,18030012,Above Normal,Above Normal,1993-10-01T00:00:00Z,1994-10-01T00:00:00Z,-119.358,36.2683
362683N1193584W001,921638,1993-10-05T00:00:00Z,300.21,300.21,0,107,193.21,107,107,NA,Unknown,Water level accuracy is unknown,1,Department of Water Resources,NA,5030,Tulare Irrigation District,NA,NA,16771,19S24E22C002M,192422C2,GPS,0.1 ft.,5-022.11,Kaweah,Tulare,NA,Irrigation,Single Well,NA,1953-10-05 00:00:00 - 2019-01-29 10:30:00,111,fall,40,121.5,NA,NA,1994,18030012,Above Normal,Above Normal,1993-10-01T00:00:00Z,1994-10-01T00:00:00Z,-119.358,36.2683
362683N1193584W001,921637,1993-01-27T00:00:00Z,300.21,300.21,0,113.5,186.71,113.5,113.5,NA,Unknown,Water level accuracy is unknown,1,Department of Water Resources,NA,5030,Tulare Irrigation District,NA,NA,16771,19S24E22C002M,192422C2,GPS,0.1 ft.,5-022.11,Kaweah,Tulare,NA,Irrigation,Single Well,NA,1953-10-05 00:00:00 - 2019-01-29 10:30:00,111,other,NA,NA,NA,NA,1993,18030012,Wet,Wet,1992-10-01T00:00:00Z,1993-10-01T00:00:00Z,-119.358,36.2683
362683N1193584W001,921636,1992-10-08T00:00:00Z,300.21,300.21,0,118,182.21,118,118,NA,Unknown,Water level accuracy is unknown,1,Department of Water Resources,NA,5030,Tulare Irrigation District,NA,NA,16771,19S24E22C002M,192422C2,GPS,0.1 ft.,5-022.11,Kaweah,Tulare,NA,Irrigation,Single Well,NA,1953-10-05 00:00:00 - 2019-01-29 10:30:00,111,fall,40,121.5,NA,NA,1993,18030012,Wet,Wet,1992-10-01T00:00:00Z,1993-10-01T00:00:00Z,-119.358,36.2683
362683N1193584W001,921635,1992-01-21T00:00:00Z,300.21,300.21,0,100,200.21,100,100,NA,Unknown,Water level accuracy is unknown,1,Department of Water Resources,NA,5030,Tulare Irrigation District,NA,NA,16771,19S24E22C002M,192422C2,GPS,0.1 ft.,5-022.11,Kaweah,Tulare,NA,Irrigation,Single Well,NA,1953-10-05 00:00:00 - 2019-01-29 10:30:00,111,other,NA,NA,NA,NA,1992,18030012,Above Normal,Above Normal,1991-10-01T00:00:00Z,1992-10-01T00:00:00Z,-119.358,36.2683
362683N1193584W001,921634,1991-10-01T00:00:00Z,300.21,300.21,0,106,194.21,106,106,NA,Unknown,Water level accuracy is unknown,1,Department of Water Resources,NA,5030,Tulare Irrigation District,NA,NA,16771,19S24E22C002M,192422C2,GPS,0.1 ft.,5-022.11,Kaweah,Tulare,NA,Irrigation,Single Well,NA,1953-10-05 00:00:00 - 2019-01-29 10:30:00,111,fall,40,121.5,NA,NA,1992,18030012,Above Normal,Above Normal,1991-10-01T00:00:00Z,1992-10-01T00:00:00Z,-119.358,36.2683
362683N1193584W001,921633,1991-01-18T00:00:00Z,300.21,300.21,0,94.5,205.71,94.5,94.5,NA,Unknown,Water level accuracy is unknown,1,Department of Water Resources,NA,5030,Tulare Irrigation District,NA,NA,16771,19S24E22C002M,192422C2,GPS,0.1 ft.,5-022.11,Kaweah,Tulare,NA,Irrigation,Single Well,NA,1953-10-05 00:00:00 - 2019-01-29 10:30:00,111,other,NA,NA,NA,NA,1991,18030012,Dry,Dry,1990-10-01T00:00:00Z,1991-10-01T00:00:00Z,-119.358,36.2683
362683N1193584W001,921632,1990-10-03T00:00:00Z,300.21,300.21,0,98,202.21,98,98,Acoustical sounder,Unknown,Water level accuracy is unknown,1,Department of Water Resources,NA,5030,Tulare Irrigation District,NA,NA,16771,19S24E22C002M,192422C2,GPS,0.1 ft.,5-022.11,Kaweah,Tulare,NA,Irrigation,Single Well,NA,1953-10-05 00:00:00 - 2019-01-29 10:30:00,111,fall,40,121.5,NA,NA,1991,18030012,Dry,Dry,1990-10-01T00:00:00Z,1991-10-01T00:00:00Z,-119.358,36.2683
362683N1193584W001,921631,1990-01-24T00:00:00Z,300.21,300.21,0,79,221.21,79,79,NA,Unknown,Water level accuracy is unknown,1,Department of Water Resources,NA,5030,Tulare Irrigation District,NA,NA,16771,19S24E22C002M,192422C2,GPS,0.1 ft.,5-022.11,Kaweah,Tulare,NA,Irrigation,Single Well,NA,1953-10-05 00:00:00 - 2019-01-29 10:30:00,111,other,NA,NA,NA,NA,1990,18030012,Critical,Critical,1989-10-01T00:00:00Z,1990-10-01T00:00:00Z,-119.358,36.2683
362683N1193584W001,921630,1989-10-05T00:00:00Z,300.21,300.21,0,85,215.21,85,85,NA,Unknown,Water level accuracy is unknown,1,Department of Water Resources,NA,5030,Tulare Irrigation District,NA,NA,16771,19S24E22C002M,192422C2,GPS,0.1 ft.,5-022.11,Kaweah,Tulare,NA,Irrigation,Single Well,NA,1953-10-05 00:00:00 - 2019-01-29 10:30:00,111,fall,40,121.5,NA,NA,1990,18030012,Critical,Critical,1989-10-01T00:00:00Z,1990-10-01T00:00:00Z,-119.358,36.2683
362683N1193584W001,921629,1989-01-31T00:00:00Z,300.21,300.21,0,68.5,231.71,68.5,68.5,NA,Unknown,Water level accuracy is unknown,1,Department of Water Resources,NA,5030,Tulare Irrigation District,NA,NA,16771,19S24E22C002M,192422C2,GPS,0.1 ft.,5-022.11,Kaweah,Tulare,NA,Irrigation,Single Well,NA,1953-10-05 00:00:00 - 2019-01-29 10:30:00,111,other,NA,NA,NA,NA,1989,18030012,Dry,Dry,1988-10-01T00:00:00Z,1989-10-01T00:00:00Z,-119.358,36.2683
362683N1193584W001,921628,1988-10-07T00:00:00Z,300.21,300.21,0,80,220.21,80,80,NA,Unknown,Water level accuracy is unknown,1,Department of Water Resources,NA,5030,Tulare Irrigation District,NA,NA,16771,19S24E22C002M,192422C2,GPS,0.1 ft.,5-022.11,Kaweah,Tulare,NA,Irrigation,Single Well,NA,1953-10-05 00:00:00 - 2019-01-29 10:30:00,111,fall,40,121.5,NA,NA,1989,18030012,Dry,Dry,1988-10-01T00:00:00Z,1989-10-01T00:00:00Z,-119.358,36.2683
362683N1193584W001,921627,1988-01-22T00:00:00Z,300.21,300.21,0,55,245.21,55,55,NA,Unknown,Water level accuracy is unknown,1,Department of Water Resources,NA,5030,Tulare Irrigation District,NA,NA,16771,19S24E22C002M,192422C2,GPS,0.1 ft.,5-022.11,Kaweah,Tulare,NA,Irrigation,Single Well,NA,1953-10-05 00:00:00 - 2019-01-29 10:30:00,111,other,NA,NA,NA,NA,1988,18030012,Below Normal,Below Normal,1987-10-01T00:00:00Z,1988-10-01T00:00:00Z,-119.358,36.2683
362683N1193584W001,921626,1987-10-06T00:00:00Z,300.21,300.21,0,55,245.21,55,55,NA,Unknown,Water level accuracy is unknown,1,Department of Water Resources,NA,5030,Tulare Irrigation District,NA,NA,16771,19S24E22C002M,192422C2,GPS,0.1 ft.,5-022.11,Kaweah,Tulare,NA,Irrigation,Single Well,NA,1953-10-05 00:00:00 - 2019-01-29 10:30:00,111,fall,40,121.5,NA,NA,1988,18030012,Below Normal,Below Normal,1987-10-01T00:00:00Z,1988-10-01T00:00:00Z,-119.358,36.2683
362683N1193584W001,921625,1987-02-05T00:00:00Z,300.21,300.21,0,42,258.21,42,42,NA,Unknown,Water level accuracy is unknown,1,Department of Water Resources,NA,5030,Tulare Irrigation District,NA,NA,16771,19S24E22C002M,192422C2,GPS,0.1 ft.,5-022.11,Kaweah,Tulare,NA,Irrigation,Single Well,NA,1953-10-05 00:00:00 - 2019-01-29 10:30:00,111,other,NA,NA,NA,NA,1987,18030012,Below Normal,Below Normal,1986-10-01T00:00:00Z,1987-10-01T00:00:00Z,-119.358,36.2683
362683N1193584W001,921624,1986-10-01T00:00:00Z,300.21,300.21,0,40,260.21,40,40,NA,Unknown,Water level accuracy is unknown,1,Department of Water Resources,NA,624,Bureau of Reclamation,NA,NA,16771,19S24E22C002M,192422C2,GPS,0.1 ft.,5-022.11,Kaweah,Tulare,NA,Irrigation,Single Well,NA,1953-10-05 00:00:00 - 2019-01-29 10:30:00,111,fall,40,121.5,NA,NA,1987,18030012,Below Normal,Below Normal,1986-10-01T00:00:00Z,1987-10-01T00:00:00Z,-119.358,36.2683
362683N1193584W001,921623,1986-02-10T00:00:00Z,300.21,300.21,0,53,247.21,53,53,NA,Unknown,Water level accuracy is unknown,1,Department of Water Resources,NA,624,Bureau of Reclamation,NA,NA,16771,19S24E22C002M,192422C2,GPS,0.1 ft.,5-022.11,Kaweah,Tulare,NA,Irrigation,Single Well,NA,1953-10-05 00:00:00 - 2019-01-29 10:30:00,111,other,NA,NA,NA,NA,1986,18030012,Above Normal,Above Normal,1985-10-01T00:00:00Z,1986-10-01T00:00:00Z,-119.358,36.2683
362683N1193584W001,921622,1985-09-30T00:00:00Z,300.21,300.21,0,54,246.21,54,54,NA,Unknown,Water level accuracy is unknown,1,Department of Water Resources,NA,624,Bureau of Reclamation,NA,NA,16771,19S24E22C002M,192422C2,GPS,0.1 ft.,5-022.11,Kaweah,Tulare,NA,Irrigation,Single Well,NA,1953-10-05 00:00:00 - 2019-01-29 10:30:00,111,fall,40,121.5,NA,NA,1985,18030012,Dry,Dry,1984-10-01T00:00:00Z,1985-10-01T00:00:00Z,-119.358,36.2683
362683N1193584W001,921621,1985-02-06T00:00:00Z,300.21,300.21,0,46,254.21,46,46,NA,Unknown,Water level accuracy is unknown,1,Department of Water Resources,NA,624,Bureau of Reclamation,NA,NA,16771,19S24E22C002M,192422C2,GPS,0.1 ft.,5-022.11,Kaweah,Tulare,NA,Irrigation,Single Well,NA,1953-10-05 00:00:00 - 2019-01-29 10:30:00,111,other,NA,NA,NA,NA,1985,18030012,Dry,Dry,1984-10-01T00:00:00Z,1985-10-01T00:00:00Z,-119.358,36.2683
362683N1193584W001,921620,1984-10-17T00:00:00Z,300.21,300.21,0,45,255.21,45,45,NA,Unknown,Water level accuracy is unknown,1,Department of Water Resources,NA,624,Bureau of Reclamation,NA,NA,16771,19S24E22C002M,192422C2,GPS,0.1 ft.,5-022.11,Kaweah,Tulare,NA,Irrigation,Single Well,NA,1953-10-05 00:00:00 - 2019-01-29 10:30:00,111,fall,40,121.5,NA,NA,1985,18030012,Dry,Dry,1984-10-01T00:00:00Z,1985-10-01T00:00:00Z,-119.358,36.2683
362683N1193584W001,921619,1984-02-24T00:00:00Z,300.21,300.21,0,47,253.21,47,47,NA,Unknown,Water level accuracy is unknown,1,Department of Water Resources,NA,624,Bureau of Reclamation,NA,NA,16771,19S24E22C002M,192422C2,GPS,0.1 ft.,5-022.11,Kaweah,Tulare,NA,Irrigation,Single Well,NA,1953-10-05 00:00:00 - 2019-01-29 10:30:00,111,other,NA,NA,NA,NA,1984,18030012,Above Normal,Above Normal,1983-10-01T00:00:00Z,1984-10-01T00:00:00Z,-119.358,36.2683
362683N1193584W001,921618,1983-10-17T00:00:00Z,300.21,300.21,0,42,258.21,42,42,NA,Unknown,Water level accuracy is unknown,1,Department of Water Resources,NA,624,Bureau of Reclamation,NA,NA,16771,19S24E22C002M,192422C2,GPS,0.1 ft.,5-022.11,Kaweah,Tulare,NA,Irrigation,Single Well,NA,1953-10-05 00:00:00 - 2019-01-29 10:30:00,111,fall,40,121.5,NA,NA,1984,18030012,Above Normal,Above Normal,1983-10-01T00:00:00Z,1984-10-01T00:00:00Z,-119.358,36.2683
362683N1193584W001,921617,1983-02-02T00:00:00Z,300.21,300.21,0,49,251.21,49,49,NA,Unknown,Water level accuracy is unknown,1,Department of Water Resources,NA,5030,Tulare Irrigation District,NA,NA,16771,19S24E22C002M,192422C2,GPS,0.1 ft.,5-022.11,Kaweah,Tulare,NA,Irrigation,Single Well,NA,1953-10-05 00:00:00 - 2019-01-29 10:30:00,111,other,NA,NA,NA,NA,1983,18030012,Wet,Wet,1982-10-01T00:00:00Z,1983-10-01T00:00:00Z,-119.358,36.2683
362683N1193584W001,921616,1982-10-05T00:00:00Z,300.21,300.21,0,54.5,245.71,54.5,54.5,NA,Unknown,Water level accuracy is unknown,1,Department of Water Resources,NA,5030,Tulare Irrigation District,NA,NA,16771,19S24E22C002M,192422C2,GPS,0.1 ft.,5-022.11,Kaweah,Tulare,NA,Irrigation,Single Well,NA,1953-10-05 00:00:00 - 2019-01-29 10:30:00,111,fall,40,121.5,NA,NA,1983,18030012,Wet,Wet,1982-10-01T00:00:00Z,1983-10-01T00:00:00Z,-119.358,36.2683
362683N1193584W001,921615,1982-02-01T00:00:00Z,300.21,300.21,0,72,228.21,72,72,NA,Unknown,Water level accuracy is unknown,1,Department of Water Resources,NA,624,Bureau of Reclamation,NA,NA,16771,19S24E22C002M,192422C2,GPS,0.1 ft.,5-022.11,Kaweah,Tulare,NA,Irrigation,Single Well,NA,1953-10-05 00:00:00 - 2019-01-29 10:30:00,111,other,NA,NA,NA,NA,1982,18030012,Wet,Wet,1981-10-01T00:00:00Z,1982-10-01T00:00:00Z,-119.358,36.2683
362683N1193584W001,921614,1981-09-28T00:00:00Z,300.21,300.21,0,79,221.21,79,79,NA,Unknown,Water level accuracy is unknown,1,Department of Water Resources,NA,624,Bureau of Reclamation,NA,NA,16771,19S24E22C002M,192422C2,GPS,0.1 ft.,5-022.11,Kaweah,Tulare,NA,Irrigation,Single Well,NA,1953-10-05 00:00:00 - 2019-01-29 10:30:00,111,fall,40,121.5,NA,NA,1981,18030012,Below Normal,Below Normal,1980-10-01T00:00:00Z,1981-10-01T00:00:00Z,-119.358,36.2683
362683N1193584W001,921613,1981-01-26T00:00:00Z,300.21,300.21,NA,NA,NA,NA,NA,Casing leaking or wet,NA,NA,1,Department of Water Resources,NA,5030,Tulare Irrigation District,NA,NA,16771,19S24E22C002M,192422C2,GPS,0.1 ft.,5-022.11,Kaweah,Tulare,NA,Irrigation,Single Well,NA,1953-10-05 00:00:00 - 2019-01-29 10:30:00,111,other,NA,NA,NA,NA,1981,18030012,Below Normal,Below Normal,1980-10-01T00:00:00Z,1981-10-01T00:00:00Z,-119.358,36.2683
362683N1193584W001,921612,1980-09-22T00:00:00Z,300.21,300.21,0,56,244.21,56,56,NA,Unknown,Water level accuracy is unknown,1,Department of Water Resources,NA,5030,Tulare Irrigation District,NA,NA,16771,19S24E22C002M,192422C2,GPS,0.1 ft.,5-022.11,Kaweah,Tulare,NA,Irrigation,Single Well,NA,1953-10-05 00:00:00 - 2019-01-29 10:30:00,111,fall,40,121.5,NA,NA,1980,18030012,Wet,Wet,1979-10-01T00:00:00Z,1980-10-01T00:00:00Z,-119.358,36.2683
362683N1193584W001,921611,1980-01-28T00:00:00Z,300.21,300.21,0,85,215.21,85,85,NA,Unknown,Water level accuracy is unknown,1,Department of Water Resources,NA,5030,Tulare Irrigation District,NA,NA,16771,19S24E22C002M,192422C2,GPS,0.1 ft.,5-022.11,Kaweah,Tulare,NA,Irrigation,Single Well,NA,1953-10-05 00:00:00 - 2019-01-29 10:30:00,111,other,NA,NA,NA,NA,1980,18030012,Wet,Wet,1979-10-01T00:00:00Z,1980-10-01T00:00:00Z,-119.358,36.2683
362683N1193584W001,921610,1979-09-25T00:00:00Z,300.21,300.21,0,67,233.21,67,67,NA,Unknown,Water level accuracy is unknown,1,Department of Water Resources,NA,5030,Tulare Irrigation District,NA,NA,16771,19S24E22C002M,192422C2,GPS,0.1 ft.,5-022.11,Kaweah,Tulare,NA,Irrigation,Single Well,NA,1953-10-05 00:00:00 - 2019-01-29 10:30:00,111,fall,40,121.5,NA,NA,1979,18030012,Wet,Wet,1978-10-01T00:00:00Z,1979-10-01T00:00:00Z,-119.358,36.2683
362683N1193584W001,921609,1979-01-22T00:00:00Z,300.21,300.21,0,66,234.21,66,66,NA,Unknown,Water level accuracy is unknown,1,Department of Water Resources,NA,5030,Tulare Irrigation District,NA,NA,16771,19S24E22C002M,192422C2,GPS,0.1 ft.,5-022.11,Kaweah,Tulare,NA,Irrigation,Single Well,NA,1953-10-05 00:00:00 - 2019-01-29 10:30:00,111,other,NA,NA,NA,NA,1979,18030012,Wet,Wet,1978-10-01T00:00:00Z,1979-10-01T00:00:00Z,-119.358,36.2683
362683N1193584W001,921608,1978-10-02T00:00:00Z,300.21,300.21,0,82,218.21,82,82,NA,Unknown,Water level accuracy is unknown,1,Department of Water Resources,NA,5030,Tulare Irrigation District,NA,NA,16771,19S24E22C002M,192422C2,GPS,0.1 ft.,5-022.11,Kaweah,Tulare,NA,Irrigation,Single Well,NA,1953-10-05 00:00:00 - 2019-01-29 10:30:00,111,fall,40,121.5,NA,NA,1979,18030012,Wet,Wet,1978-10-01T00:00:00Z,1979-10-01T00:00:00Z,-119.358,36.2683
362683N1193584W001,921607,1978-01-31T00:00:00Z,300.21,300.21,0,94,206.21,94,94,NA,Unknown,Water level accuracy is unknown,1,Department of Water Resources,NA,5030,Tulare Irrigation District,NA,NA,16771,19S24E22C002M,192422C2,GPS,0.1 ft.,5-022.11,Kaweah,Tulare,NA,Irrigation,Single Well,NA,1953-10-05 00:00:00 - 2019-01-29 10:30:00,111,other,NA,NA,NA,NA,1978,18030012,Wet,Wet,1977-10-01T00:00:00Z,1978-10-01T00:00:00Z,-119.358,36.2683
362683N1193584W001,921606,1977-10-04T00:00:00Z,300.21,300.21,0,103.5,196.71,103.5,103.5,NA,Unknown,Water level accuracy is unknown,1,Department of Water Resources,NA,5030,Tulare Irrigation District,NA,NA,16771,19S24E22C002M,192422C2,GPS,0.1 ft.,5-022.11,Kaweah,Tulare,NA,Irrigation,Single Well,NA,1953-10-05 00:00:00 - 2019-01-29 10:30:00,111,fall,40,121.5,NA,NA,1978,18030012,Wet,Wet,1977-10-01T00:00:00Z,1978-10-01T00:00:00Z,-119.358,36.2683
362683N1193584W001,921605,1977-01-24T00:00:00Z,300.21,300.21,0,94,206.21,94,94,NA,Unknown,Water level accuracy is unknown,1,Department of Water Resources,NA,5030,Tulare Irrigation District,NA,NA,16771,19S24E22C002M,192422C2,GPS,0.1 ft.,5-022.11,Kaweah,Tulare,NA,Irrigation,Single Well,NA,1953-10-05 00:00:00 - 2019-01-29 10:30:00,111,other,NA,NA,NA,NA,1977,18030012,Dry,Dry,1976-10-01T00:00:00Z,1977-10-01T00:00:00Z,-119.358,36.2683
362683N1193584W001,921604,1976-10-06T00:00:00Z,300.21,300.21,0,82,218.21,82,82,NA,Unknown,Water level accuracy is unknown,1,Department of Water Resources,NA,5030,Tulare Irrigation District,NA,NA,16771,19S24E22C002M,192422C2,GPS,0.1 ft.,5-022.11,Kaweah,Tulare,NA,Irrigation,Single Well,NA,1953-10-05 00:00:00 - 2019-01-29 10:30:00,111,fall,40,121.5,NA,NA,1977,18030012,Dry,Dry,1976-10-01T00:00:00Z,1977-10-01T00:00:00Z,-119.358,36.2683
362683N1193584W001,921603,1976-07-29T00:00:00Z,300.21,300.21,0,93,207.21,93,93,NA,Unknown,Water level accuracy is unknown,1,Department of Water Resources,NA,5030,Tulare Irrigation District,NA,NA,16771,19S24E22C002M,192422C2,GPS,0.1 ft.,5-022.11,Kaweah,Tulare,NA,Irrigation,Single Well,NA,1953-10-05 00:00:00 - 2019-01-29 10:30:00,111,other,NA,NA,NA,NA,1976,18030012,Above Normal,Above Normal,1975-10-01T00:00:00Z,1976-10-01T00:00:00Z,-119.358,36.2683
362683N1193584W001,921602,1976-01-26T00:00:00Z,300.21,300.21,0,83.5,216.71,83.5,83.5,NA,Unknown,Water level accuracy is unknown,1,Department of Water Resources,NA,5030,Tulare Irrigation District,NA,NA,16771,19S24E22C002M,192422C2,GPS,0.1 ft.,5-022.11,Kaweah,Tulare,NA,Irrigation,Single Well,NA,1953-10-05 00:00:00 - 2019-01-29 10:30:00,111,other,NA,NA,NA,NA,1976,18030012,Above Normal,Above Normal,1975-10-01T00:00:00Z,1976-10-01T00:00:00Z,-119.358,36.2683
362683N1193584W001,921601,1975-09-30T00:00:00Z,300.21,300.21,0,75,225.21,75,75,NA,Unknown,Water level accuracy is unknown,1,Department of Water Resources,NA,5030,Tulare Irrigation District,NA,NA,16771,19S24E22C002M,192422C2,GPS,0.1 ft.,5-022.11,Kaweah,Tulare,NA,Irrigation,Single Well,NA,1953-10-05 00:00:00 - 2019-01-29 10:30:00,111,fall,40,121.5,NA,NA,1975,18030012,Above Normal,Above Normal,1974-10-01T00:00:00Z,1975-10-01T00:00:00Z,-119.358,36.2683
362683N1193584W001,921600,1975-02-12T00:00:00Z,300.21,300.21,0,66,234.21,66,66,NA,Unknown,Water level accuracy is unknown,1,Department of Water Resources,NA,5030,Tulare Irrigation District,NA,NA,16771,19S24E22C002M,192422C2,GPS,0.1 ft.,5-022.11,Kaweah,Tulare,NA,Irrigation,Single Well,NA,1953-10-05 00:00:00 - 2019-01-29 10:30:00,111,other,NA,NA,NA,NA,1975,18030012,Above Normal,Above Normal,1974-10-01T00:00:00Z,1975-10-01T00:00:00Z,-119.358,36.2683
362683N1193584W001,921599,1974-10-01T00:00:00Z,300.21,300.21,0,76,224.21,76,76,NA,Unknown,Water level accuracy is unknown,1,Department of Water Resources,NA,5030,Tulare Irrigation District,NA,NA,16771,19S24E22C002M,192422C2,GPS,0.1 ft.,5-022.11,Kaweah,Tulare,NA,Irrigation,Single Well,NA,1953-10-05 00:00:00 - 2019-01-29 10:30:00,111,fall,40,121.5,NA,NA,1975,18030012,Above Normal,Above Normal,1974-10-01T00:00:00Z,1975-10-01T00:00:00Z,-119.358,36.2683
362683N1193584W001,921598,1974-01-23T00:00:00Z,300.21,300.21,0,74,226.21,74,74,NA,Unknown,Water level accuracy is unknown,1,Department of Water Resources,NA,5030,Tulare Irrigation District,NA,NA,16771,19S24E22C002M,192422C2,GPS,0.1 ft.,5-022.11,Kaweah,Tulare,NA,Irrigation,Single Well,NA,1953-10-05 00:00:00 - 2019-01-29 10:30:00,111,other,NA,NA,NA,NA,1974,18030012,Wet,Wet,1973-10-01T00:00:00Z,1974-10-01T00:00:00Z,-119.358,36.2683
362683N1193584W001,921597,1973-10-02T00:00:00Z,300.21,300.21,0,77,223.21,77,77,NA,Unknown,Water level accuracy is unknown,1,Department of Water Resources,NA,5030,Tulare Irrigation District,NA,NA,16771,19S24E22C002M,192422C2,GPS,0.1 ft.,5-022.11,Kaweah,Tulare,NA,Irrigation,Single Well,NA,1953-10-05 00:00:00 - 2019-01-29 10:30:00,111,fall,40,121.5,NA,NA,1974,18030012,Wet,Wet,1973-10-01T00:00:00Z,1974-10-01T00:00:00Z,-119.358,36.2683
362683N1193584W001,921596,1973-02-07T00:00:00Z,300.21,300.21,NA,NA,NA,NA,NA,Can't get tape in casing,NA,NA,1,Department of Water Resources,NA,5030,Tulare Irrigation District,NA,NA,16771,19S24E22C002M,192422C2,GPS,0.1 ft.,5-022.11,Kaweah,Tulare,NA,Irrigation,Single Well,NA,1953-10-05 00:00:00 - 2019-01-29 10:30:00,111,other,NA,NA,NA,NA,1973,18030012,Wet,Wet,1972-10-01T00:00:00Z,1973-10-01T00:00:00Z,-119.358,36.2683
362683N1193584W001,921595,1972-10-11T00:00:00Z,300.21,300.21,0,94.5,205.71,94.5,94.5,NA,Unknown,Water level accuracy is unknown,1,Department of Water Resources,NA,5030,Tulare Irrigation District,NA,NA,16771,19S24E22C002M,192422C2,GPS,0.1 ft.,5-022.11,Kaweah,Tulare,NA,Irrigation,Single Well,NA,1953-10-05 00:00:00 - 2019-01-29 10:30:00,111,fall,40,121.5,NA,NA,1973,18030012,Wet,Wet,1972-10-01T00:00:00Z,1973-10-01T00:00:00Z,-119.358,36.2683
362683N1193584W001,921594,1972-02-17T00:00:00Z,300.21,300.21,NA,NA,NA,NA,NA,Pumping,NA,NA,1,Department of Water Resources,NA,5030,Tulare Irrigation District,NA,NA,16771,19S24E22C002M,192422C2,GPS,0.1 ft.,5-022.11,Kaweah,Tulare,NA,Irrigation,Single Well,NA,1953-10-05 00:00:00 - 2019-01-29 10:30:00,111,other,NA,NA,NA,NA,1972,18030012,Critical,Critical,1971-10-01T00:00:00Z,1972-10-01T00:00:00Z,-119.358,36.2683
362683N1193584W001,921593,1971-10-11T00:00:00Z,300.21,300.21,0,80.3,219.91,80.3,80.3,NA,Unknown,Water level accuracy is unknown,1,Department of Water Resources,NA,5030,Tulare Irrigation District,NA,NA,16771,19S24E22C002M,192422C2,GPS,0.1 ft.,5-022.11,Kaweah,Tulare,NA,Irrigation,Single Well,NA,1953-10-05 00:00:00 - 2019-01-29 10:30:00,111,fall,40,121.5,NA,NA,1972,18030012,Critical,Critical,1971-10-01T00:00:00Z,1972-10-01T00:00:00Z,-119.358,36.2683
362683N1193584W001,921592,1971-02-13T00:00:00Z,300.21,300.21,0,60.3,239.91,60.3,60.3,NA,Unknown,Water level accuracy is unknown,1,Department of Water Resources,NA,5030,Tulare Irrigation District,NA,NA,16771,19S24E22C002M,192422C2,GPS,0.1 ft.,5-022.11,Kaweah,Tulare,NA,Irrigation,Single Well,NA,1953-10-05 00:00:00 - 2019-01-29 10:30:00,111,other,NA,NA,NA,NA,1971,18030012,Dry,Dry,1970-10-01T00:00:00Z,1971-10-01T00:00:00Z,-119.358,36.2683
362683N1193584W001,921591,1970-10-01T00:00:00Z,300.21,300.21,0,60.1,240.11,60.1,60.1,NA,Unknown,Water level accuracy is unknown,1,Department of Water Resources,NA,5030,Tulare Irrigation District,NA,NA,16771,19S24E22C002M,192422C2,GPS,0.1 ft.,5-022.11,Kaweah,Tulare,NA,Irrigation,Single Well,NA,1953-10-05 00:00:00 - 2019-01-29 10:30:00,111,fall,40,121.5,NA,NA,1971,18030012,Dry,Dry,1970-10-01T00:00:00Z,1971-10-01T00:00:00Z,-119.358,36.2683
362683N1193584W001,921590,1970-01-30T00:00:00Z,300.21,300.21,0,52.5,247.71,52.5,52.5,NA,Unknown,Water level accuracy is unknown,1,Department of Water Resources,NA,5030,Tulare Irrigation District,NA,NA,16771,19S24E22C002M,192422C2,GPS,0.1 ft.,5-022.11,Kaweah,Tulare,NA,Irrigation,Single Well,NA,1953-10-05 00:00:00 - 2019-01-29 10:30:00,111,other,NA,NA,NA,NA,1970,18030012,Wet,Wet,1969-10-01T00:00:00Z,1970-10-01T00:00:00Z,-119.358,36.2683
362683N1193584W001,921589,1969-09-25T00:00:00Z,300.21,300.21,0,60.3,239.91,60.3,60.3,NA,Unknown,Water level accuracy is unknown,1,Department of Water Resources,NA,624,Bureau of Reclamation,NA,NA,16771,19S24E22C002M,192422C2,GPS,0.1 ft.,5-022.11,Kaweah,Tulare,NA,Irrigation,Single Well,NA,1953-10-05 00:00:00 - 2019-01-29 10:30:00,111,fall,40,121.5,NA,NA,1969,18030012,Wet,Wet,1968-10-01T00:00:00Z,1969-10-01T00:00:00Z,-119.358,36.2683
362683N1193584W001,921588,1969-02-04T00:00:00Z,300.21,300.21,0,74.5,225.71,74.5,74.5,NA,Unknown,Water level accuracy is unknown,1,Department of Water Resources,NA,5030,Tulare Irrigation District,NA,NA,16771,19S24E22C002M,192422C2,GPS,0.1 ft.,5-022.11,Kaweah,Tulare,NA,Irrigation,Single Well,NA,1953-10-05 00:00:00 - 2019-01-29 10:30:00,111,other,NA,NA,NA,NA,1969,18030012,Wet,Wet,1968-10-01T00:00:00Z,1969-10-01T00:00:00Z,-119.358,36.2683
362683N1193584W001,921587,1968-02-01T00:00:00Z,300.21,300.21,0,58.7,241.51,58.7,58.7,NA,Unknown,Water level accuracy is unknown,1,Department of Water Resources,NA,5030,Tulare Irrigation District,NA,NA,16771,19S24E22C002M,192422C2,GPS,0.1 ft.,5-022.11,Kaweah,Tulare,NA,Irrigation,Single Well,NA,1953-10-05 00:00:00 - 2019-01-29 10:30:00,111,other,NA,NA,NA,NA,1968,18030012,Below Normal,Below Normal,1967-10-01T00:00:00Z,1968-10-01T00:00:00Z,-119.358,36.2683
362683N1193584W001,921586,1967-02-08T00:00:00Z,300.21,300.21,0,78.6,221.61,78.6,78.6,NA,Unknown,Water level accuracy is unknown,1,Department of Water Resources,NA,5030,Tulare Irrigation District,NA,NA,16771,19S24E22C002M,192422C2,GPS,0.1 ft.,5-022.11,Kaweah,Tulare,NA,Irrigation,Single Well,NA,1953-10-05 00:00:00 - 2019-01-29 10:30:00,111,other,NA,NA,NA,NA,1967,18030012,Wet,Wet,1966-10-01T00:00:00Z,1967-10-01T00:00:00Z,-119.358,36.2683
362683N1193584W001,921585,1966-02-01T00:00:00Z,300.21,300.21,0,70,230.21,70,70,NA,Unknown,Water level accuracy is unknown,1,Department of Water Resources,NA,5030,Tulare Irrigation District,NA,NA,16771,19S24E22C002M,192422C2,GPS,0.1 ft.,5-022.11,Kaweah,Tulare,NA,Irrigation,Single Well,NA,1953-10-05 00:00:00 - 2019-01-29 10:30:00,111,other,NA,NA,NA,NA,1966,18030012,Below Normal,Below Normal,1965-10-01T00:00:00Z,1966-10-01T00:00:00Z,-119.358,36.2683
362683N1193584W001,921584,1965-02-01T00:00:00Z,300.21,300.21,0,88,212.21,88,88,NA,Unknown,Water level accuracy is unknown,1,Department of Water Resources,NA,5030,Tulare Irrigation District,NA,NA,16771,19S24E22C002M,192422C2,GPS,0.1 ft.,5-022.11,Kaweah,Tulare,NA,Irrigation,Single Well,NA,1953-10-05 00:00:00 - 2019-01-29 10:30:00,111,other,NA,NA,NA,NA,1965,18030012,Below Normal,Below Normal,1964-10-01T00:00:00Z,1965-10-01T00:00:00Z,-119.358,36.2683
362683N1193584W001,921583,1964-09-28T00:00:00Z,300.21,300.21,0,83.8,216.41,83.8,83.8,NA,Unknown,Water level accuracy is unknown,1,Department of Water Resources,NA,5030,Tulare Irrigation District,NA,NA,16771,19S24E22C002M,192422C2,GPS,0.1 ft.,5-022.11,Kaweah,Tulare,NA,Irrigation,Single Well,NA,1953-10-05 00:00:00 - 2019-01-29 10:30:00,111,fall,40,121.5,NA,NA,1964,18030012,Dry,Dry,1963-10-01T00:00:00Z,1964-10-01T00:00:00Z,-119.358,36.2683
362683N1193584W001,921582,1964-02-12T00:00:00Z,300.21,300.21,NA,NA,NA,NA,NA,Pumping,NA,NA,1,Department of Water Resources,NA,5030,Tulare Irrigation District,NA,NA,16771,19S24E22C002M,192422C2,GPS,0.1 ft.,5-022.11,Kaweah,Tulare,NA,Irrigation,Single Well,NA,1953-10-05 00:00:00 - 2019-01-29 10:30:00,111,other,NA,NA,NA,NA,1964,18030012,Dry,Dry,1963-10-01T00:00:00Z,1964-10-01T00:00:00Z,-119.358,36.2683
362683N1193584W001,921581,1963-02-05T00:00:00Z,300.21,300.21,0,75.3,224.91,75.3,75.3,NA,Unknown,Water level accuracy is unknown,1,Department of Water Resources,NA,5030,Tulare Irrigation District,NA,NA,16771,19S24E22C002M,192422C2,GPS,0.1 ft.,5-022.11,Kaweah,Tulare,NA,Irrigation,Single Well,NA,1953-10-05 00:00:00 - 2019-01-29 10:30:00,111,other,NA,NA,NA,NA,1963,18030012,Above Normal,Above Normal,1962-10-01T00:00:00Z,1963-10-01T00:00:00Z,-119.358,36.2683
362683N1193584W001,921580,1962-02-09T00:00:00Z,300.21,300.21,NA,NA,NA,NA,NA,Pumping,NA,NA,1,Department of Water Resources,NA,5030,Tulare Irrigation District,NA,NA,16771,19S24E22C002M,192422C2,GPS,0.1 ft.,5-022.11,Kaweah,Tulare,NA,Irrigation,Single Well,NA,1953-10-05 00:00:00 - 2019-01-29 10:30:00,111,other,NA,NA,NA,NA,1962,18030012,Above Normal,Above Normal,1961-10-01T00:00:00Z,1962-10-01T00:00:00Z,-119.358,36.2683
362683N1193584W001,921579,1961-10-02T00:00:00Z,300.21,300.21,0,89.3,210.91,89.3,89.3,NA,Unknown,Water level accuracy is unknown,1,Department of Water Resources,NA,5030,Tulare Irrigation District,NA,NA,16771,19S24E22C002M,192422C2,GPS,0.1 ft.,5-022.11,Kaweah,Tulare,NA,Irrigation,Single Well,NA,1953-10-05 00:00:00 - 2019-01-29 10:30:00,111,fall,40,121.5,NA,NA,1962,18030012,Above Normal,Above Normal,1961-10-01T00:00:00Z,1962-10-01T00:00:00Z,-119.358,36.2683
362683N1193584W001,921578,1961-02-13T00:00:00Z,300.21,300.21,0,77,223.21,77,77,NA,Unknown,Water level accuracy is unknown,1,Department of Water Resources,NA,5030,Tulare Irrigation District,NA,NA,16771,19S24E22C002M,192422C2,GPS,0.1 ft.,5-022.11,Kaweah,Tulare,NA,Irrigation,Single Well,NA,1953-10-05 00:00:00 - 2019-01-29 10:30:00,111,other,NA,NA,NA,NA,1961,18030012,Critical,Critical,1960-10-01T00:00:00Z,1961-10-01T00:00:00Z,-119.358,36.2683
362683N1193584W001,921577,1960-09-26T00:00:00Z,300.21,300.21,0,80,220.21,80,80,NA,Unknown,Water level accuracy is unknown,1,Department of Water Resources,NA,5030,Tulare Irrigation District,NA,NA,16771,19S24E22C002M,192422C2,GPS,0.1 ft.,5-022.11,Kaweah,Tulare,NA,Irrigation,Single Well,NA,1953-10-05 00:00:00 - 2019-01-29 10:30:00,111,fall,40,121.5,NA,NA,1960,18030012,Critical,Critical,1959-10-01T00:00:00Z,1960-10-01T00:00:00Z,-119.358,36.2683
362683N1193584W001,921576,1960-02-10T00:00:00Z,300.21,300.21,0,64.5,235.71,64.5,64.5,NA,Unknown,Water level accuracy is unknown,1,Department of Water Resources,NA,5030,Tulare Irrigation District,NA,NA,16771,19S24E22C002M,192422C2,GPS,0.1 ft.,5-022.11,Kaweah,Tulare,NA,Irrigation,Single Well,NA,1953-10-05 00:00:00 - 2019-01-29 10:30:00,111,other,NA,NA,NA,NA,1960,18030012,Critical,Critical,1959-10-01T00:00:00Z,1960-10-01T00:00:00Z,-119.358,36.2683
362683N1193584W001,921575,1959-09-28T00:00:00Z,300.21,300.21,0,61.8,238.41,61.8,61.8,NA,Unknown,Water level accuracy is unknown,1,Department of Water Resources,NA,5030,Tulare Irrigation District,NA,NA,16771,19S24E22C002M,192422C2,GPS,0.1 ft.,5-022.11,Kaweah,Tulare,NA,Irrigation,Single Well,NA,1953-10-05 00:00:00 - 2019-01-29 10:30:00,111,fall,40,121.5,NA,NA,1959,18030012,Below Normal,Below Normal,1958-10-01T00:00:00Z,1959-10-01T00:00:00Z,-119.358,36.2683
362683N1193584W001,921574,1959-02-14T00:00:00Z,300.21,300.21,0,49.4,250.81,49.4,49.4,NA,Unknown,Water level accuracy is unknown,1,Department of Water Resources,NA,5155,Kaweah Delta Water Conservation District,NA,NA,16771,19S24E22C002M,192422C2,GPS,0.1 ft.,5-022.11,Kaweah,Tulare,NA,Irrigation,Single Well,NA,1953-10-05 00:00:00 - 2019-01-29 10:30:00,111,other,NA,NA,NA,NA,1959,18030012,Below Normal,Below Normal,1958-10-01T00:00:00Z,1959-10-01T00:00:00Z,-119.358,36.2683
362683N1193584W001,921573,1958-09-29T00:00:00Z,300.21,300.21,0,48.3,251.91,48.3,48.3,NA,Unknown,Water level accuracy is unknown,1,Department of Water Resources,NA,5155,Kaweah Delta Water Conservation District,NA,NA,16771,19S24E22C002M,192422C2,GPS,0.1 ft.,5-022.11,Kaweah,Tulare,NA,Irrigation,Single Well,NA,1953-10-05 00:00:00 - 2019-01-29 10:30:00,111,fall,40,121.5,NA,NA,1958,18030012,Wet,Wet,1957-10-01T00:00:00Z,1958-10-01T00:00:00Z,-119.358,36.2683
362683N1193584W001,921572,1958-02-17T00:00:00Z,300.21,300.21,0,55.7,244.51,55.7,55.7,NA,Unknown,Water level accuracy is unknown,1,Department of Water Resources,NA,5030,Tulare Irrigation District,NA,NA,16771,19S24E22C002M,192422C2,GPS,0.1 ft.,5-022.11,Kaweah,Tulare,NA,Irrigation,Single Well,NA,1953-10-05 00:00:00 - 2019-01-29 10:30:00,111,other,NA,NA,NA,NA,1958,18030012,Wet,Wet,1957-10-01T00:00:00Z,1958-10-01T00:00:00Z,-119.358,36.2683
362683N1193584W001,921571,1957-09-30T00:00:00Z,300.21,300.21,0,55.8,244.41,55.8,55.8,NA,Unknown,Water level accuracy is unknown,1,Department of Water Resources,NA,5155,Kaweah Delta Water Conservation District,NA,NA,16771,19S24E22C002M,192422C2,GPS,0.1 ft.,5-022.11,Kaweah,Tulare,NA,Irrigation,Single Well,NA,1953-10-05 00:00:00 - 2019-01-29 10:30:00,111,fall,40,121.5,NA,NA,1957,18030012,Below Normal,Below Normal,1956-10-01T00:00:00Z,1957-10-01T00:00:00Z,-119.358,36.2683
362683N1193584W001,921570,1957-02-18T00:00:00Z,300.21,300.21,0,63.4,236.81,63.4,63.4,NA,Unknown,Water level accuracy is unknown,1,Department of Water Resources,NA,5155,Kaweah Delta Water Conservation District,NA,NA,16771,19S24E22C002M,192422C2,GPS,0.1 ft.,5-022.11,Kaweah,Tulare,NA,Irrigation,Single Well,NA,1953-10-05 00:00:00 - 2019-01-29 10:30:00,111,other,NA,NA,NA,NA,1957,18030012,Below Normal,Below Normal,1956-10-01T00:00:00Z,1957-10-01T00:00:00Z,-119.358,36.2683
362683N1193584W001,921569,1956-10-22T00:00:00Z,300.21,300.21,0,53.1,247.11,53.1,53.1,NA,Unknown,Water level accuracy is unknown,1,Department of Water Resources,NA,5155,Kaweah Delta Water Conservation District,NA,NA,16771,19S24E22C002M,192422C2,GPS,0.1 ft.,5-022.11,Kaweah,Tulare,NA,Irrigation,Single Well,NA,1953-10-05 00:00:00 - 2019-01-29 10:30:00,111,fall,40,121.5,NA,NA,1957,18030012,Below Normal,Below Normal,1956-10-01T00:00:00Z,1957-10-01T00:00:00Z,-119.358,36.2683
362683N1193584W001,921568,1956-02-15T00:00:00Z,300.21,300.21,0,58.2,242.01,58.2,58.2,NA,Unknown,Water level accuracy is unknown,1,Department of Water Resources,NA,5155,Kaweah Delta Water Conservation District,NA,NA,16771,19S24E22C002M,192422C2,GPS,0.1 ft.,5-022.11,Kaweah,Tulare,NA,Irrigation,Single Well,NA,1953-10-05 00:00:00 - 2019-01-29 10:30:00,111,other,NA,NA,NA,NA,1956,18030012,Above Normal,Above Normal,1955-10-01T00:00:00Z,1956-10-01T00:00:00Z,-119.358,36.2683
362683N1193584W001,921567,1955-09-07T00:00:00Z,300.21,300.21,0,72.1,228.11,72.1,72.1,NA,Unknown,Water level accuracy is unknown,1,Department of Water Resources,NA,5155,Kaweah Delta Water Conservation District,NA,NA,16771,19S24E22C002M,192422C2,GPS,0.1 ft.,5-022.11,Kaweah,Tulare,NA,Irrigation,Single Well,NA,1953-10-05 00:00:00 - 2019-01-29 10:30:00,111,fall,40,121.5,NA,NA,1955,18030012,Below Normal,Below Normal,1954-10-01T00:00:00Z,1955-10-01T00:00:00Z,-119.358,36.2683
362683N1193584W001,921566,1955-02-18T00:00:00Z,300.21,300.21,0,65,235.21,65,65,NA,Unknown,Water level accuracy is unknown,1,Department of Water Resources,NA,5155,Kaweah Delta Water Conservation District,NA,NA,16771,19S24E22C002M,192422C2,GPS,0.1 ft.,5-022.11,Kaweah,Tulare,NA,Irrigation,Single Well,NA,1953-10-05 00:00:00 - 2019-01-29 10:30:00,111,other,NA,NA,NA,NA,1955,18030012,Below Normal,Below Normal,1954-10-01T00:00:00Z,1955-10-01T00:00:00Z,-119.358,36.2683
362683N1193584W001,921565,1954-10-02T00:00:00Z,300.21,300.21,NA,NA,NA,NA,NA,Pumping,NA,NA,1,Department of Water Resources,NA,5155,Kaweah Delta Water Conservation District,NA,NA,16771,19S24E22C002M,192422C2,GPS,0.1 ft.,5-022.11,Kaweah,Tulare,NA,Irrigation,Single Well,NA,1953-10-05 00:00:00 - 2019-01-29 10:30:00,111,fall,40,121.5,NA,NA,1955,18030012,Below Normal,Below Normal,1954-10-01T00:00:00Z,1955-10-01T00:00:00Z,-119.358,36.2683
362683N1193584W001,921564,1954-05-12T00:00:00Z,300.21,300.21,0,60,240.21,60,60,NA,Unknown,Water level accuracy is unknown,1,Department of Water Resources,NA,5155,Kaweah Delta Water Conservation District,NA,NA,16771,19S24E22C002M,192422C2,GPS,0.1 ft.,5-022.11,Kaweah,Tulare,NA,Irrigation,Single Well,NA,1953-10-05 00:00:00 - 2019-01-29 10:30:00,111,spring,NA,NA,60,128,1954,18030012,Below Normal,Below Normal,1953-10-01T00:00:00Z,1954-10-01T00:00:00Z,-119.358,36.2683
362683N1193584W001,921563,1954-02-24T00:00:00Z,300.21,300.21,0,57.4,242.81,57.4,57.4,NA,Unknown,Water level accuracy is unknown,1,Department of Water Resources,NA,5155,Kaweah Delta Water Conservation District,NA,NA,16771,19S24E22C002M,192422C2,GPS,0.1 ft.,5-022.11,Kaweah,Tulare,NA,Irrigation,Single Well,NA,1953-10-05 00:00:00 - 2019-01-29 10:30:00,111,other,NA,NA,NA,NA,1954,18030012,Below Normal,Below Normal,1953-10-01T00:00:00Z,1954-10-01T00:00:00Z,-119.358,36.2683
362683N1193584W001,921562,1954-01-19T00:00:00Z,300.21,300.21,0,57.5,242.71,57.5,57.5,NA,Unknown,Water level accuracy is unknown,1,Department of Water Resources,NA,5155,Kaweah Delta Water Conservation District,NA,NA,16771,19S24E22C002M,192422C2,GPS,0.1 ft.,5-022.11,Kaweah,Tulare,NA,Irrigation,Single Well,NA,1953-10-05 00:00:00 - 2019-01-29 10:30:00,111,other,NA,NA,NA,NA,1954,18030012,Below Normal,Below Normal,1953-10-01T00:00:00Z,1954-10-01T00:00:00Z,-119.358,36.2683
362683N1193584W001,921561,1953-10-05T00:00:00Z,300.21,300.21,0,57.7,242.51,57.7,57.7,NA,Unknown,Water level accuracy is unknown,1,Department of Water Resources,NA,5155,Kaweah Delta Water Conservation District,NA,NA,16771,19S24E22C002M,192422C2,GPS,0.1 ft.,5-022.11,Kaweah,Tulare,NA,Irrigation,Single Well,NA,1953-10-05 00:00:00 - 2019-01-29 10:30:00,111,fall,40,121.5,NA,NA,1954,18030012,Below Normal,Below Normal,1953-10-01T00:00:00Z,1954-10-01T00:00:00Z,-119.358,36.2683
