SITE_CODE,WLM_ID,MSMT_DATE,WLM_RPE,WLM_GSE,RDNG_WS,RDNG_RP,WSE,RPE_WSE,GSE_WSE,WLM_QA_DESC,WLM_DESC,WLM_ACC_DESC,WLM_ORG_ID,WLM_ORG_NAME,MSMT_CMT,COOP_AGENCY_ORG_ID,COOP_ORG_NAME,TOP_PRF,BOT_PRF,STN_ID,SWN,WELL_NAME,WLM_METHOD,WLM_ACC,BASIN_CODE,BASIN_NAME,COUNTY_NAME,WELL_DEPTH,WELL_USE,WELL_TYPE,WCR_NO,t_range,n_samples,season,fall_high,fall_low,spring_high,spring_low,water_year,HUC8,WYT,water_year_type,water_year_start,water_year_end,X,Y
362703N1193766W001,921043,1989-10-05T00:00:00Z,292.71,292.71,NA,NA,NA,NA,NA,Well has been destroyed,NA,NA,1,Department of Water Resources,NA,5030,Tulare Irrigation District,NA,NA,16760,19S24E16P001M,NA,Unknown,Unknown,5-022.11,Kaweah,Tulare,NA,Unknown,Unknown,NA,1953-10-05 - 1989-10-05,143,fall,53,120.8,NA,NA,1990,18030012,Critical,Critical,1989-10-01T00:00:00Z,1990-10-01T00:00:00Z,-119.377,36.2703
362703N1193766W001,921042,1989-01-25T00:00:00Z,292.71,292.71,0,70,222.71,70,70,NA,Unknown,Water level accuracy is unknown,1,Department of Water Resources,NA,5030,Tulare Irrigation District,NA,NA,16760,19S24E16P001M,NA,Unknown,Unknown,5-022.11,Kaweah,Tulare,NA,Unknown,Unknown,NA,1953-10-05 - 1989-10-05,143,other,NA,NA,NA,NA,1989,18030012,Dry,Dry,1988-10-01T00:00:00Z,1989-10-01T00:00:00Z,-119.377,36.2703
362703N1193766W001,921041,1988-10-07T00:00:00Z,292.71,292.71,0,85,207.71,85,85,NA,Unknown,Water level accuracy is unknown,1,Department of Water Resources,NA,5030,Tulare Irrigation District,NA,NA,16760,19S24E16P001M,NA,Unknown,Unknown,5-022.11,Kaweah,Tulare,NA,Unknown,Unknown,NA,1953-10-05 - 1989-10-05,143,fall,53,120.8,NA,NA,1989,18030012,Dry,Dry,1988-10-01T00:00:00Z,1989-10-01T00:00:00Z,-119.377,36.2703
362703N1193766W001,921040,1988-01-22T00:00:00Z,292.71,292.71,0,59,233.71,59,59,NA,Unknown,Water level accuracy is unknown,1,Department of Water Resources,NA,5030,Tulare Irrigation District,NA,NA,16760,19S24E16P001M,NA,Unknown,Unknown,5-022.11,Kaweah,Tulare,NA,Unknown,Unknown,NA,1953-10-05 - 1989-10-05,143,other,NA,NA,NA,NA,1988,18030012,Below Normal,Below Normal,1987-10-01T00:00:00Z,1988-10-01T00:00:00Z,-119.377,36.2703
362703N1193766W001,921039,1987-10-06T00:00:00Z,292.71,292.71,0,67,225.71,67,67,NA,Unknown,Water level accuracy is unknown,1,Department of Water Resources,NA,5030,Tulare Irrigation District,NA,NA,16760,19S24E16P001M,NA,Unknown,Unknown,5-022.11,Kaweah,Tulare,NA,Unknown,Unknown,NA,1953-10-05 - 1989-10-05,143,fall,53,120.8,NA,NA,1988,18030012,Below Normal,Below Normal,1987-10-01T00:00:00Z,1988-10-01T00:00:00Z,-119.377,36.2703
362703N1193766W001,921038,1987-02-06T00:00:00Z,292.71,292.71,0,50,242.71,50,50,NA,Unknown,Water level accuracy is unknown,1,Department of Water Resources,NA,5030,Tulare Irrigation District,NA,NA,16760,19S24E16P001M,NA,Unknown,Unknown,5-022.11,Kaweah,Tulare,NA,Unknown,Unknown,NA,1953-10-05 - 1989-10-05,143,other,NA,NA,NA,NA,1987,18030012,Below Normal,Below Normal,1986-10-01T00:00:00Z,1987-10-01T00:00:00Z,-119.377,36.2703
362703N1193766W001,921037,1986-10-01T00:00:00Z,292.71,292.71,0,53,239.71,53,53,NA,Unknown,Water level accuracy is unknown,1,Department of Water Resources,NA,624,Bureau of Reclamation,NA,NA,16760,19S24E16P001M,NA,Unknown,Unknown,5-022.11,Kaweah,Tulare,NA,Unknown,Unknown,NA,1953-10-05 - 1989-10-05,143,fall,53,120.8,NA,NA,1987,18030012,Below Normal,Below Normal,1986-10-01T00:00:00Z,1987-10-01T00:00:00Z,-119.377,36.2703
362703N1193766W001,921036,1986-02-10T00:00:00Z,292.71,292.71,0,57,235.71,57,57,NA,Unknown,Water level accuracy is unknown,1,Department of Water Resources,NA,624,Bureau of Reclamation,NA,NA,16760,19S24E16P001M,NA,Unknown,Unknown,5-022.11,Kaweah,Tulare,NA,Unknown,Unknown,NA,1953-10-05 - 1989-10-05,143,other,NA,NA,NA,NA,1986,18030012,Above Normal,Above Normal,1985-10-01T00:00:00Z,1986-10-01T00:00:00Z,-119.377,36.2703
362703N1193766W001,921035,1985-09-30T00:00:00Z,292.71,292.71,0,69,223.71,69,69,NA,Unknown,Water level accuracy is unknown,1,Department of Water Resources,NA,624,Bureau of Reclamation,NA,NA,16760,19S24E16P001M,NA,Unknown,Unknown,5-022.11,Kaweah,Tulare,NA,Unknown,Unknown,NA,1953-10-05 - 1989-10-05,143,fall,53,120.8,NA,NA,1985,18030012,Dry,Dry,1984-10-01T00:00:00Z,1985-10-01T00:00:00Z,-119.377,36.2703
362703N1193766W001,921034,1985-02-06T00:00:00Z,292.71,292.71,0,57,235.71,57,57,NA,Unknown,Water level accuracy is unknown,1,Department of Water Resources,NA,624,Bureau of Reclamation,NA,NA,16760,19S24E16P001M,NA,Unknown,Unknown,5-022.11,Kaweah,Tulare,NA,Unknown,Unknown,NA,1953-10-05 - 1989-10-05,143,other,NA,NA,NA,NA,1985,18030012,Dry,Dry,1984-10-01T00:00:00Z,1985-10-01T00:00:00Z,-119.377,36.2703
362703N1193766W001,921033,1984-10-16T00:00:00Z,292.71,292.71,0,60,232.71,60,60,NA,Unknown,Water level accuracy is unknown,1,Department of Water Resources,NA,624,Bureau of Reclamation,NA,NA,16760,19S24E16P001M,NA,Unknown,Unknown,5-022.11,Kaweah,Tulare,NA,Unknown,Unknown,NA,1953-10-05 - 1989-10-05,143,fall,53,120.8,NA,NA,1985,18030012,Dry,Dry,1984-10-01T00:00:00Z,1985-10-01T00:00:00Z,-119.377,36.2703
362703N1193766W001,921032,1984-03-05T00:00:00Z,292.71,292.71,0,52.5,240.21,52.5,52.5,NA,Unknown,Water level accuracy is unknown,1,Department of Water Resources,NA,624,Bureau of Reclamation,NA,NA,16760,19S24E16P001M,NA,Unknown,Unknown,5-022.11,Kaweah,Tulare,NA,Unknown,Unknown,NA,1953-10-05 - 1989-10-05,143,spring,NA,NA,52.5,108,1984,18030012,Above Normal,Above Normal,1983-10-01T00:00:00Z,1984-10-01T00:00:00Z,-119.377,36.2703
362703N1193766W001,921031,1983-10-12T00:00:00Z,292.71,292.71,0,55,237.71,55,55,NA,Unknown,Water level accuracy is unknown,1,Department of Water Resources,NA,624,Bureau of Reclamation,NA,NA,16760,19S24E16P001M,NA,Unknown,Unknown,5-022.11,Kaweah,Tulare,NA,Unknown,Unknown,NA,1953-10-05 - 1989-10-05,143,fall,53,120.8,NA,NA,1984,18030012,Above Normal,Above Normal,1983-10-01T00:00:00Z,1984-10-01T00:00:00Z,-119.377,36.2703
362703N1193766W001,921030,1983-02-03T00:00:00Z,292.71,292.71,0,58,234.71,58,58,NA,Unknown,Water level accuracy is unknown,1,Department of Water Resources,NA,5030,Tulare Irrigation District,NA,NA,16760,19S24E16P001M,NA,Unknown,Unknown,5-022.11,Kaweah,Tulare,NA,Unknown,Unknown,NA,1953-10-05 - 1989-10-05,143,other,NA,NA,NA,NA,1983,18030012,Wet,Wet,1982-10-01T00:00:00Z,1983-10-01T00:00:00Z,-119.377,36.2703
362703N1193766W001,921029,1982-10-06T00:00:00Z,292.71,292.71,0,68.5,224.21,68.5,68.5,NA,Unknown,Water level accuracy is unknown,1,Department of Water Resources,NA,5030,Tulare Irrigation District,NA,NA,16760,19S24E16P001M,NA,Unknown,Unknown,5-022.11,Kaweah,Tulare,NA,Unknown,Unknown,NA,1953-10-05 - 1989-10-05,143,fall,53,120.8,NA,NA,1983,18030012,Wet,Wet,1982-10-01T00:00:00Z,1983-10-01T00:00:00Z,-119.377,36.2703
362703N1193766W001,921028,1982-02-11T00:00:00Z,292.71,292.71,0,88,204.71,88,88,NA,Unknown,Water level accuracy is unknown,1,Department of Water Resources,NA,624,Bureau of Reclamation,NA,NA,16760,19S24E16P001M,NA,Unknown,Unknown,5-022.11,Kaweah,Tulare,NA,Unknown,Unknown,NA,1953-10-05 - 1989-10-05,143,other,NA,NA,NA,NA,1982,18030012,Wet,Wet,1981-10-01T00:00:00Z,1982-10-01T00:00:00Z,-119.377,36.2703
362703N1193766W001,921027,1981-09-28T00:00:00Z,292.71,292.71,0,91,201.71,91,91,NA,Unknown,Water level accuracy is unknown,1,Department of Water Resources,NA,624,Bureau of Reclamation,NA,NA,16760,19S24E16P001M,NA,Unknown,Unknown,5-022.11,Kaweah,Tulare,NA,Unknown,Unknown,NA,1953-10-05 - 1989-10-05,143,fall,53,120.8,NA,NA,1981,18030012,Below Normal,Below Normal,1980-10-01T00:00:00Z,1981-10-01T00:00:00Z,-119.377,36.2703
362703N1193766W001,921026,1981-01-26T00:00:00Z,292.71,292.71,0,69,223.71,69,69,NA,Unknown,Water level accuracy is unknown,1,Department of Water Resources,NA,5030,Tulare Irrigation District,NA,NA,16760,19S24E16P001M,NA,Unknown,Unknown,5-022.11,Kaweah,Tulare,NA,Unknown,Unknown,NA,1953-10-05 - 1989-10-05,143,other,NA,NA,NA,NA,1981,18030012,Below Normal,Below Normal,1980-10-01T00:00:00Z,1981-10-01T00:00:00Z,-119.377,36.2703
362703N1193766W001,921025,1980-09-24T00:00:00Z,292.71,292.71,0,75,217.71,75,75,NA,Unknown,Water level accuracy is unknown,1,Department of Water Resources,NA,5030,Tulare Irrigation District,NA,NA,16760,19S24E16P001M,NA,Unknown,Unknown,5-022.11,Kaweah,Tulare,NA,Unknown,Unknown,NA,1953-10-05 - 1989-10-05,143,fall,53,120.8,NA,NA,1980,18030012,Wet,Wet,1979-10-01T00:00:00Z,1980-10-01T00:00:00Z,-119.377,36.2703
362703N1193766W001,921024,1980-01-30T00:00:00Z,292.71,292.71,0,100,192.71,100,100,NA,Unknown,Water level accuracy is unknown,1,Department of Water Resources,NA,5030,Tulare Irrigation District,NA,NA,16760,19S24E16P001M,NA,Unknown,Unknown,5-022.11,Kaweah,Tulare,NA,Unknown,Unknown,NA,1953-10-05 - 1989-10-05,143,other,NA,NA,NA,NA,1980,18030012,Wet,Wet,1979-10-01T00:00:00Z,1980-10-01T00:00:00Z,-119.377,36.2703
362703N1193766W001,921023,1979-09-24T00:00:00Z,292.71,292.71,0,86,206.71,86,86,NA,Unknown,Water level accuracy is unknown,1,Department of Water Resources,NA,5030,Tulare Irrigation District,NA,NA,16760,19S24E16P001M,NA,Unknown,Unknown,5-022.11,Kaweah,Tulare,NA,Unknown,Unknown,NA,1953-10-05 - 1989-10-05,143,fall,53,120.8,NA,NA,1979,18030012,Wet,Wet,1978-10-01T00:00:00Z,1979-10-01T00:00:00Z,-119.377,36.2703
362703N1193766W001,921022,1979-01-23T00:00:00Z,292.71,292.71,NA,NA,NA,NA,NA,Can't get tape in casing,NA,NA,1,Department of Water Resources,NA,5030,Tulare Irrigation District,NA,NA,16760,19S24E16P001M,NA,Unknown,Unknown,5-022.11,Kaweah,Tulare,NA,Unknown,Unknown,NA,1953-10-05 - 1989-10-05,143,other,NA,NA,NA,NA,1979,18030012,Wet,Wet,1978-10-01T00:00:00Z,1979-10-01T00:00:00Z,-119.377,36.2703
362703N1193766W001,921021,1978-01-31T00:00:00Z,292.71,292.71,NA,NA,NA,NA,NA,Temporarily inaccessible,NA,NA,1,Department of Water Resources,NA,5030,Tulare Irrigation District,NA,NA,16760,19S24E16P001M,NA,Unknown,Unknown,5-022.11,Kaweah,Tulare,NA,Unknown,Unknown,NA,1953-10-05 - 1989-10-05,143,other,NA,NA,NA,NA,1978,18030012,Wet,Wet,1977-10-01T00:00:00Z,1978-10-01T00:00:00Z,-119.377,36.2703
362703N1193766W001,921020,1977-10-04T00:00:00Z,292.71,292.71,0,112,180.71,112,112,NA,Unknown,Water level accuracy is unknown,1,Department of Water Resources,NA,5030,Tulare Irrigation District,NA,NA,16760,19S24E16P001M,NA,Unknown,Unknown,5-022.11,Kaweah,Tulare,NA,Unknown,Unknown,NA,1953-10-05 - 1989-10-05,143,fall,53,120.8,NA,NA,1978,18030012,Wet,Wet,1977-10-01T00:00:00Z,1978-10-01T00:00:00Z,-119.377,36.2703
362703N1193766W001,921019,1977-01-24T00:00:00Z,292.71,292.71,NA,NA,NA,NA,NA,Can't get tape in casing,NA,NA,1,Department of Water Resources,NA,5030,Tulare Irrigation District,NA,NA,16760,19S24E16P001M,NA,Unknown,Unknown,5-022.11,Kaweah,Tulare,NA,Unknown,Unknown,NA,1953-10-05 - 1989-10-05,143,other,NA,NA,NA,NA,1977,18030012,Dry,Dry,1976-10-01T00:00:00Z,1977-10-01T00:00:00Z,-119.377,36.2703
362703N1193766W001,921018,1976-10-06T00:00:00Z,292.71,292.71,0,102,190.71,102,102,NA,Unknown,Water level accuracy is unknown,1,Department of Water Resources,NA,5030,Tulare Irrigation District,NA,NA,16760,19S24E16P001M,NA,Unknown,Unknown,5-022.11,Kaweah,Tulare,NA,Unknown,Unknown,NA,1953-10-05 - 1989-10-05,143,fall,53,120.8,NA,NA,1977,18030012,Dry,Dry,1976-10-01T00:00:00Z,1977-10-01T00:00:00Z,-119.377,36.2703
362703N1193766W001,921017,1976-01-27T00:00:00Z,292.71,292.71,0,97.5,195.21,97.5,97.5,NA,Unknown,Water level accuracy is unknown,1,Department of Water Resources,NA,5030,Tulare Irrigation District,NA,NA,16760,19S24E16P001M,NA,Unknown,Unknown,5-022.11,Kaweah,Tulare,NA,Unknown,Unknown,NA,1953-10-05 - 1989-10-05,143,other,NA,NA,NA,NA,1976,18030012,Above Normal,Above Normal,1975-10-01T00:00:00Z,1976-10-01T00:00:00Z,-119.377,36.2703
362703N1193766W001,921016,1975-09-30T00:00:00Z,292.71,292.71,0,99,193.71,99,99,NA,Unknown,Water level accuracy is unknown,1,Department of Water Resources,NA,5030,Tulare Irrigation District,NA,NA,16760,19S24E16P001M,NA,Unknown,Unknown,5-022.11,Kaweah,Tulare,NA,Unknown,Unknown,NA,1953-10-05 - 1989-10-05,143,fall,53,120.8,NA,NA,1975,18030012,Above Normal,Above Normal,1974-10-01T00:00:00Z,1975-10-01T00:00:00Z,-119.377,36.2703
362703N1193766W001,921015,1975-02-12T00:00:00Z,292.71,292.71,0,76,216.71,76,76,NA,Unknown,Water level accuracy is unknown,1,Department of Water Resources,NA,5030,Tulare Irrigation District,NA,NA,16760,19S24E16P001M,NA,Unknown,Unknown,5-022.11,Kaweah,Tulare,NA,Unknown,Unknown,NA,1953-10-05 - 1989-10-05,143,other,NA,NA,NA,NA,1975,18030012,Above Normal,Above Normal,1974-10-01T00:00:00Z,1975-10-01T00:00:00Z,-119.377,36.2703
362703N1193766W001,921014,1974-10-03T00:00:00Z,292.71,292.71,0,87,205.71,87,87,NA,Unknown,Water level accuracy is unknown,1,Department of Water Resources,NA,5030,Tulare Irrigation District,NA,NA,16760,19S24E16P001M,NA,Unknown,Unknown,5-022.11,Kaweah,Tulare,NA,Unknown,Unknown,NA,1953-10-05 - 1989-10-05,143,fall,53,120.8,NA,NA,1975,18030012,Above Normal,Above Normal,1974-10-01T00:00:00Z,1975-10-01T00:00:00Z,-119.377,36.2703
362703N1193766W001,921013,1974-01-23T00:00:00Z,292.71,292.71,0,75,217.71,75,75,NA,Unknown,Water level accuracy is unknown,1,Department of Water Resources,NA,5030,Tulare Irrigation District,NA,NA,16760,19S24E16P001M,NA,Unknown,Unknown,5-022.11,Kaweah,Tulare,NA,Unknown,Unknown,NA,1953-10-05 - 1989-10-05,143,other,NA,NA,NA,NA,1974,18030012,Wet,Wet,1973-10-01T00:00:00Z,1974-10-01T00:00:00Z,-119.377,36.2703
362703N1193766W001,921012,1973-10-02T00:00:00Z,292.71,292.71,0,88,204.71,88,88,NA,Unknown,Water level accuracy is unknown,1,Department of Water Resources,NA,5030,Tulare Irrigation District,NA,NA,16760,19S24E16P001M,NA,Unknown,Unknown,5-022.11,Kaweah,Tulare,NA,Unknown,Unknown,NA,1953-10-05 - 1989-10-05,143,fall,53,120.8,NA,NA,1974,18030012,Wet,Wet,1973-10-01T00:00:00Z,1974-10-01T00:00:00Z,-119.377,36.2703
362703N1193766W001,921011,1973-02-12T00:00:00Z,292.71,292.71,0,85.2,207.51,85.2,85.2,NA,Unknown,Water level accuracy is unknown,1,Department of Water Resources,NA,5030,Tulare Irrigation District,NA,NA,16760,19S24E16P001M,NA,Unknown,Unknown,5-022.11,Kaweah,Tulare,NA,Unknown,Unknown,NA,1953-10-05 - 1989-10-05,143,other,NA,NA,NA,NA,1973,18030012,Wet,Wet,1972-10-01T00:00:00Z,1973-10-01T00:00:00Z,-119.377,36.2703
362703N1193766W001,921010,1972-10-11T00:00:00Z,292.71,292.71,0,93.5,199.21,93.5,93.5,NA,Unknown,Water level accuracy is unknown,1,Department of Water Resources,NA,5030,Tulare Irrigation District,NA,NA,16760,19S24E16P001M,NA,Unknown,Unknown,5-022.11,Kaweah,Tulare,NA,Unknown,Unknown,NA,1953-10-05 - 1989-10-05,143,fall,53,120.8,NA,NA,1973,18030012,Wet,Wet,1972-10-01T00:00:00Z,1973-10-01T00:00:00Z,-119.377,36.2703
362703N1193766W001,921009,1972-02-17T00:00:00Z,292.71,292.71,0,94.6,198.11,94.6,94.6,NA,Unknown,Water level accuracy is unknown,1,Department of Water Resources,NA,5030,Tulare Irrigation District,NA,NA,16760,19S24E16P001M,NA,Unknown,Unknown,5-022.11,Kaweah,Tulare,NA,Unknown,Unknown,NA,1953-10-05 - 1989-10-05,143,other,NA,NA,NA,NA,1972,18030012,Critical,Critical,1971-10-01T00:00:00Z,1972-10-01T00:00:00Z,-119.377,36.2703
362703N1193766W001,921008,1971-10-11T00:00:00Z,292.71,292.71,0,95,197.71,95,95,NA,Unknown,Water level accuracy is unknown,1,Department of Water Resources,NA,5030,Tulare Irrigation District,NA,NA,16760,19S24E16P001M,NA,Unknown,Unknown,5-022.11,Kaweah,Tulare,NA,Unknown,Unknown,NA,1953-10-05 - 1989-10-05,143,fall,53,120.8,NA,NA,1972,18030012,Critical,Critical,1971-10-01T00:00:00Z,1972-10-01T00:00:00Z,-119.377,36.2703
362703N1193766W001,921007,1971-02-12T00:00:00Z,292.71,292.71,0,67.1,225.61,67.1,67.1,NA,Unknown,Water level accuracy is unknown,1,Department of Water Resources,NA,5030,Tulare Irrigation District,NA,NA,16760,19S24E16P001M,NA,Unknown,Unknown,5-022.11,Kaweah,Tulare,NA,Unknown,Unknown,NA,1953-10-05 - 1989-10-05,143,other,NA,NA,NA,NA,1971,18030012,Dry,Dry,1970-10-01T00:00:00Z,1971-10-01T00:00:00Z,-119.377,36.2703
362703N1193766W001,921006,1970-10-01T00:00:00Z,292.71,292.71,0,80.9,211.81,80.9,80.9,NA,Unknown,Water level accuracy is unknown,1,Department of Water Resources,NA,5030,Tulare Irrigation District,NA,NA,16760,19S24E16P001M,NA,Unknown,Unknown,5-022.11,Kaweah,Tulare,NA,Unknown,Unknown,NA,1953-10-05 - 1989-10-05,143,fall,53,120.8,NA,NA,1971,18030012,Dry,Dry,1970-10-01T00:00:00Z,1971-10-01T00:00:00Z,-119.377,36.2703
362703N1193766W001,921005,1970-01-30T00:00:00Z,292.71,292.71,0,63.7,229.01,63.7,63.7,NA,Unknown,Water level accuracy is unknown,1,Department of Water Resources,NA,5030,Tulare Irrigation District,NA,NA,16760,19S24E16P001M,NA,Unknown,Unknown,5-022.11,Kaweah,Tulare,NA,Unknown,Unknown,NA,1953-10-05 - 1989-10-05,143,other,NA,NA,NA,NA,1970,18030012,Wet,Wet,1969-10-01T00:00:00Z,1970-10-01T00:00:00Z,-119.377,36.2703
362703N1193766W001,921004,1969-09-22T00:00:00Z,292.71,292.71,0,72.5,220.21,72.5,72.5,NA,Unknown,Water level accuracy is unknown,1,Department of Water Resources,NA,624,Bureau of Reclamation,NA,NA,16760,19S24E16P001M,NA,Unknown,Unknown,5-022.11,Kaweah,Tulare,NA,Unknown,Unknown,NA,1953-10-05 - 1989-10-05,143,fall,53,120.8,NA,NA,1969,18030012,Wet,Wet,1968-10-01T00:00:00Z,1969-10-01T00:00:00Z,-119.377,36.2703
362703N1193766W001,921003,1969-03-28T00:00:00Z,292.71,292.71,0,77,215.71,77,77,NA,Unknown,Water level accuracy is unknown,1,Department of Water Resources,NA,624,Bureau of Reclamation,NA,NA,16760,19S24E16P001M,NA,Unknown,Unknown,5-022.11,Kaweah,Tulare,NA,Unknown,Unknown,NA,1953-10-05 - 1989-10-05,143,spring,NA,NA,52.5,108,1969,18030012,Wet,Wet,1968-10-01T00:00:00Z,1969-10-01T00:00:00Z,-119.377,36.2703
362703N1193766W001,921002,1969-02-27T00:00:00Z,292.71,292.71,0,78.6,214.11,78.6,78.6,NA,Unknown,Water level accuracy is unknown,1,Department of Water Resources,NA,624,Bureau of Reclamation,NA,NA,16760,19S24E16P001M,NA,Unknown,Unknown,5-022.11,Kaweah,Tulare,NA,Unknown,Unknown,NA,1953-10-05 - 1989-10-05,143,other,NA,NA,NA,NA,1969,18030012,Wet,Wet,1968-10-01T00:00:00Z,1969-10-01T00:00:00Z,-119.377,36.2703
362703N1193766W001,921001,1969-01-31T00:00:00Z,292.71,292.71,0,80.7,212.01,80.7,80.7,NA,Unknown,Water level accuracy is unknown,1,Department of Water Resources,NA,5030,Tulare Irrigation District,NA,NA,16760,19S24E16P001M,NA,Unknown,Unknown,5-022.11,Kaweah,Tulare,NA,Unknown,Unknown,NA,1953-10-05 - 1989-10-05,143,other,NA,NA,NA,NA,1969,18030012,Wet,Wet,1968-10-01T00:00:00Z,1969-10-01T00:00:00Z,-119.377,36.2703
362703N1193766W001,921000,1968-12-31T00:00:00Z,292.71,292.71,0,81.7,211.01,81.7,81.7,NA,Unknown,Water level accuracy is unknown,1,Department of Water Resources,NA,624,Bureau of Reclamation,NA,NA,16760,19S24E16P001M,NA,Unknown,Unknown,5-022.11,Kaweah,Tulare,NA,Unknown,Unknown,NA,1953-10-05 - 1989-10-05,143,other,NA,NA,NA,NA,1969,18030012,Wet,Wet,1968-10-01T00:00:00Z,1969-10-01T00:00:00Z,-119.377,36.2703
362703N1193766W001,920999,1968-11-29T00:00:00Z,292.71,292.71,0,82.8,209.91,82.8,82.8,NA,Unknown,Water level accuracy is unknown,1,Department of Water Resources,NA,624,Bureau of Reclamation,NA,NA,16760,19S24E16P001M,NA,Unknown,Unknown,5-022.11,Kaweah,Tulare,NA,Unknown,Unknown,NA,1953-10-05 - 1989-10-05,143,fall,53,120.8,NA,NA,1969,18030012,Wet,Wet,1968-10-01T00:00:00Z,1969-10-01T00:00:00Z,-119.377,36.2703
362703N1193766W001,920998,1968-10-31T00:00:00Z,292.71,292.71,0,84.6,208.11,84.6,84.6,NA,Unknown,Water level accuracy is unknown,1,Department of Water Resources,NA,624,Bureau of Reclamation,NA,NA,16760,19S24E16P001M,NA,Unknown,Unknown,5-022.11,Kaweah,Tulare,NA,Unknown,Unknown,NA,1953-10-05 - 1989-10-05,143,fall,53,120.8,NA,NA,1969,18030012,Wet,Wet,1968-10-01T00:00:00Z,1969-10-01T00:00:00Z,-119.377,36.2703
362703N1193766W001,920997,1968-09-30T00:00:00Z,292.71,292.71,0,105.4,187.31,105.4,105.4,NA,Unknown,Water level accuracy is unknown,1,Department of Water Resources,NA,624,Bureau of Reclamation,NA,NA,16760,19S24E16P001M,NA,Unknown,Unknown,5-022.11,Kaweah,Tulare,NA,Unknown,Unknown,NA,1953-10-05 - 1989-10-05,143,fall,53,120.8,NA,NA,1968,18030012,Below Normal,Below Normal,1967-10-01T00:00:00Z,1968-10-01T00:00:00Z,-119.377,36.2703
362703N1193766W001,920996,1968-08-23T00:00:00Z,292.71,292.71,NA,NA,NA,NA,NA,Pumping,NA,NA,1,Department of Water Resources,NA,624,Bureau of Reclamation,NA,NA,16760,19S24E16P001M,NA,Unknown,Unknown,5-022.11,Kaweah,Tulare,NA,Unknown,Unknown,NA,1953-10-05 - 1989-10-05,143,fall,53,120.8,NA,NA,1968,18030012,Below Normal,Below Normal,1967-10-01T00:00:00Z,1968-10-01T00:00:00Z,-119.377,36.2703
362703N1193766W001,920995,1968-07-31T00:00:00Z,292.71,292.71,0,106.5,186.21,106.5,106.5,NA,Unknown,Water level accuracy is unknown,1,Department of Water Resources,NA,624,Bureau of Reclamation,NA,NA,16760,19S24E16P001M,NA,Unknown,Unknown,5-022.11,Kaweah,Tulare,NA,Unknown,Unknown,NA,1953-10-05 - 1989-10-05,143,other,NA,NA,NA,NA,1968,18030012,Below Normal,Below Normal,1967-10-01T00:00:00Z,1968-10-01T00:00:00Z,-119.377,36.2703
362703N1193766W001,920994,1968-06-29T00:00:00Z,292.71,292.71,0,103.7,189.01,103.7,103.7,NA,Unknown,Water level accuracy is unknown,1,Department of Water Resources,NA,624,Bureau of Reclamation,NA,NA,16760,19S24E16P001M,NA,Unknown,Unknown,5-022.11,Kaweah,Tulare,NA,Unknown,Unknown,NA,1953-10-05 - 1989-10-05,143,other,NA,NA,NA,NA,1968,18030012,Below Normal,Below Normal,1967-10-01T00:00:00Z,1968-10-01T00:00:00Z,-119.377,36.2703
362703N1193766W001,920993,1968-05-29T00:00:00Z,292.71,292.71,0,86.7,206.01,86.7,86.7,NA,Unknown,Water level accuracy is unknown,1,Department of Water Resources,NA,624,Bureau of Reclamation,NA,NA,16760,19S24E16P001M,NA,Unknown,Unknown,5-022.11,Kaweah,Tulare,NA,Unknown,Unknown,NA,1953-10-05 - 1989-10-05,143,spring,NA,NA,52.5,108,1968,18030012,Below Normal,Below Normal,1967-10-01T00:00:00Z,1968-10-01T00:00:00Z,-119.377,36.2703
362703N1193766W001,920992,1968-05-01T00:00:00Z,292.71,292.71,0,87.8,204.91,87.8,87.8,NA,Unknown,Water level accuracy is unknown,1,Department of Water Resources,NA,624,Bureau of Reclamation,NA,NA,16760,19S24E16P001M,NA,Unknown,Unknown,5-022.11,Kaweah,Tulare,NA,Unknown,Unknown,NA,1953-10-05 - 1989-10-05,143,spring,NA,NA,52.5,108,1968,18030012,Below Normal,Below Normal,1967-10-01T00:00:00Z,1968-10-01T00:00:00Z,-119.377,36.2703
362703N1193766W001,920991,1968-03-26T00:00:00Z,292.71,292.71,0,78.7,214.01,78.7,78.7,NA,Unknown,Water level accuracy is unknown,1,Department of Water Resources,NA,624,Bureau of Reclamation,NA,NA,16760,19S24E16P001M,NA,Unknown,Unknown,5-022.11,Kaweah,Tulare,NA,Unknown,Unknown,NA,1953-10-05 - 1989-10-05,143,spring,NA,NA,52.5,108,1968,18030012,Below Normal,Below Normal,1967-10-01T00:00:00Z,1968-10-01T00:00:00Z,-119.377,36.2703
362703N1193766W001,920990,1968-03-08T00:00:00Z,292.71,292.71,0,86.4,206.31,86.4,86.4,NA,Unknown,Water level accuracy is unknown,1,Department of Water Resources,NA,624,Bureau of Reclamation,NA,NA,16760,19S24E16P001M,NA,Unknown,Unknown,5-022.11,Kaweah,Tulare,NA,Unknown,Unknown,NA,1953-10-05 - 1989-10-05,143,spring,NA,NA,52.5,108,1968,18030012,Below Normal,Below Normal,1967-10-01T00:00:00Z,1968-10-01T00:00:00Z,-119.377,36.2703
362703N1193766W001,920989,1968-02-05T00:00:00Z,292.71,292.71,0,71.5,221.21,71.5,71.5,NA,Unknown,Water level accuracy is unknown,1,Department of Water Resources,NA,624,Bureau of Reclamation,NA,NA,16760,19S24E16P001M,NA,Unknown,Unknown,5-022.11,Kaweah,Tulare,NA,Unknown,Unknown,NA,1953-10-05 - 1989-10-05,143,other,NA,NA,NA,NA,1968,18030012,Below Normal,Below Normal,1967-10-01T00:00:00Z,1968-10-01T00:00:00Z,-119.377,36.2703
362703N1193766W001,920988,1968-02-01T00:00:00Z,292.71,292.71,0,71.5,221.21,71.5,71.5,NA,Unknown,Water level accuracy is unknown,1,Department of Water Resources,NA,5030,Tulare Irrigation District,NA,NA,16760,19S24E16P001M,NA,Unknown,Unknown,5-022.11,Kaweah,Tulare,NA,Unknown,Unknown,NA,1953-10-05 - 1989-10-05,143,other,NA,NA,NA,NA,1968,18030012,Below Normal,Below Normal,1967-10-01T00:00:00Z,1968-10-01T00:00:00Z,-119.377,36.2703
362703N1193766W001,920987,1968-01-03T00:00:00Z,292.71,292.71,0,72.3,220.41,72.3,72.3,NA,Unknown,Water level accuracy is unknown,1,Department of Water Resources,NA,624,Bureau of Reclamation,NA,NA,16760,19S24E16P001M,NA,Unknown,Unknown,5-022.11,Kaweah,Tulare,NA,Unknown,Unknown,NA,1953-10-05 - 1989-10-05,143,other,NA,NA,NA,NA,1968,18030012,Below Normal,Below Normal,1967-10-01T00:00:00Z,1968-10-01T00:00:00Z,-119.377,36.2703
362703N1193766W001,920986,1967-12-05T00:00:00Z,292.71,292.71,0,74,218.71,74,74,NA,Unknown,Water level accuracy is unknown,1,Department of Water Resources,NA,624,Bureau of Reclamation,NA,NA,16760,19S24E16P001M,NA,Unknown,Unknown,5-022.11,Kaweah,Tulare,NA,Unknown,Unknown,NA,1953-10-05 - 1989-10-05,143,other,NA,NA,NA,NA,1968,18030012,Below Normal,Below Normal,1967-10-01T00:00:00Z,1968-10-01T00:00:00Z,-119.377,36.2703
362703N1193766W001,920985,1967-11-01T00:00:00Z,292.71,292.71,0,79,213.71,79,79,NA,Unknown,Water level accuracy is unknown,1,Department of Water Resources,NA,624,Bureau of Reclamation,NA,NA,16760,19S24E16P001M,NA,Unknown,Unknown,5-022.11,Kaweah,Tulare,NA,Unknown,Unknown,NA,1953-10-05 - 1989-10-05,143,fall,53,120.8,NA,NA,1968,18030012,Below Normal,Below Normal,1967-10-01T00:00:00Z,1968-10-01T00:00:00Z,-119.377,36.2703
362703N1193766W001,920984,1967-09-29T00:00:00Z,292.71,292.71,0,80.4,212.31,80.4,80.4,NA,Unknown,Water level accuracy is unknown,1,Department of Water Resources,NA,624,Bureau of Reclamation,NA,NA,16760,19S24E16P001M,NA,Unknown,Unknown,5-022.11,Kaweah,Tulare,NA,Unknown,Unknown,NA,1953-10-05 - 1989-10-05,143,fall,53,120.8,NA,NA,1967,18030012,Wet,Wet,1966-10-01T00:00:00Z,1967-10-01T00:00:00Z,-119.377,36.2703
362703N1193766W001,920983,1967-08-31T00:00:00Z,292.71,292.71,0,91.4,201.31,91.4,91.4,NA,Unknown,Water level accuracy is unknown,1,Department of Water Resources,NA,624,Bureau of Reclamation,NA,NA,16760,19S24E16P001M,NA,Unknown,Unknown,5-022.11,Kaweah,Tulare,NA,Unknown,Unknown,NA,1953-10-05 - 1989-10-05,143,fall,53,120.8,NA,NA,1967,18030012,Wet,Wet,1966-10-01T00:00:00Z,1967-10-01T00:00:00Z,-119.377,36.2703
362703N1193766W001,920982,1967-07-31T00:00:00Z,292.71,292.71,0,92,200.71,92,92,NA,Unknown,Water level accuracy is unknown,1,Department of Water Resources,NA,624,Bureau of Reclamation,NA,NA,16760,19S24E16P001M,NA,Unknown,Unknown,5-022.11,Kaweah,Tulare,NA,Unknown,Unknown,NA,1953-10-05 - 1989-10-05,143,other,NA,NA,NA,NA,1967,18030012,Wet,Wet,1966-10-01T00:00:00Z,1967-10-01T00:00:00Z,-119.377,36.2703
362703N1193766W001,920981,1967-06-28T00:00:00Z,292.71,292.71,0,95,197.71,95,95,NA,Unknown,Water level accuracy is unknown,1,Department of Water Resources,NA,624,Bureau of Reclamation,NA,NA,16760,19S24E16P001M,NA,Unknown,Unknown,5-022.11,Kaweah,Tulare,NA,Unknown,Unknown,NA,1953-10-05 - 1989-10-05,143,other,NA,NA,NA,NA,1967,18030012,Wet,Wet,1966-10-01T00:00:00Z,1967-10-01T00:00:00Z,-119.377,36.2703
362703N1193766W001,920980,1967-05-31T00:00:00Z,292.71,292.71,0,86.7,206.01,86.7,86.7,NA,Unknown,Water level accuracy is unknown,1,Department of Water Resources,NA,624,Bureau of Reclamation,NA,NA,16760,19S24E16P001M,NA,Unknown,Unknown,5-022.11,Kaweah,Tulare,NA,Unknown,Unknown,NA,1953-10-05 - 1989-10-05,143,spring,NA,NA,52.5,108,1967,18030012,Wet,Wet,1966-10-01T00:00:00Z,1967-10-01T00:00:00Z,-119.377,36.2703
362703N1193766W001,920979,1967-04-28T00:00:00Z,292.71,292.71,0,82.8,209.91,82.8,82.8,NA,Unknown,Water level accuracy is unknown,1,Department of Water Resources,NA,624,Bureau of Reclamation,NA,NA,16760,19S24E16P001M,NA,Unknown,Unknown,5-022.11,Kaweah,Tulare,NA,Unknown,Unknown,NA,1953-10-05 - 1989-10-05,143,spring,NA,NA,52.5,108,1967,18030012,Wet,Wet,1966-10-01T00:00:00Z,1967-10-01T00:00:00Z,-119.377,36.2703
362703N1193766W001,920978,1967-03-31T00:00:00Z,292.71,292.71,NA,NA,NA,NA,NA,Pumping,NA,NA,1,Department of Water Resources,NA,624,Bureau of Reclamation,NA,NA,16760,19S24E16P001M,NA,Unknown,Unknown,5-022.11,Kaweah,Tulare,NA,Unknown,Unknown,NA,1953-10-05 - 1989-10-05,143,spring,NA,NA,52.5,108,1967,18030012,Wet,Wet,1966-10-01T00:00:00Z,1967-10-01T00:00:00Z,-119.377,36.2703
362703N1193766W001,920977,1967-03-01T00:00:00Z,292.71,292.71,0,88.9,203.81,88.9,88.9,NA,Unknown,Water level accuracy is unknown,1,Department of Water Resources,NA,624,Bureau of Reclamation,NA,NA,16760,19S24E16P001M,NA,Unknown,Unknown,5-022.11,Kaweah,Tulare,NA,Unknown,Unknown,NA,1953-10-05 - 1989-10-05,143,spring,NA,NA,52.5,108,1967,18030012,Wet,Wet,1966-10-01T00:00:00Z,1967-10-01T00:00:00Z,-119.377,36.2703
362703N1193766W001,920976,1967-02-01T00:00:00Z,292.71,292.71,0,91,201.71,91,91,NA,Unknown,Water level accuracy is unknown,1,Department of Water Resources,NA,5030,Tulare Irrigation District,NA,NA,16760,19S24E16P001M,NA,Unknown,Unknown,5-022.11,Kaweah,Tulare,NA,Unknown,Unknown,NA,1953-10-05 - 1989-10-05,143,other,NA,NA,NA,NA,1967,18030012,Wet,Wet,1966-10-01T00:00:00Z,1967-10-01T00:00:00Z,-119.377,36.2703
362703N1193766W001,920975,1966-09-30T00:00:00Z,292.71,292.71,0,97,195.71,97,97,NA,Unknown,Water level accuracy is unknown,1,Department of Water Resources,NA,624,Bureau of Reclamation,NA,NA,16760,19S24E16P001M,NA,Unknown,Unknown,5-022.11,Kaweah,Tulare,NA,Unknown,Unknown,NA,1953-10-05 - 1989-10-05,143,fall,53,120.8,NA,NA,1966,18030012,Below Normal,Below Normal,1965-10-01T00:00:00Z,1966-10-01T00:00:00Z,-119.377,36.2703
362703N1193766W001,920974,1966-08-26T00:00:00Z,292.71,292.71,0,109.2,183.51,109.2,109.2,NA,Unknown,Water level accuracy is unknown,1,Department of Water Resources,NA,624,Bureau of Reclamation,NA,NA,16760,19S24E16P001M,NA,Unknown,Unknown,5-022.11,Kaweah,Tulare,NA,Unknown,Unknown,NA,1953-10-05 - 1989-10-05,143,fall,53,120.8,NA,NA,1966,18030012,Below Normal,Below Normal,1965-10-01T00:00:00Z,1966-10-01T00:00:00Z,-119.377,36.2703
362703N1193766W001,920973,1966-08-01T00:00:00Z,292.71,292.71,0,110.7,182.01,110.7,110.7,NA,Unknown,Water level accuracy is unknown,1,Department of Water Resources,NA,624,Bureau of Reclamation,NA,NA,16760,19S24E16P001M,NA,Unknown,Unknown,5-022.11,Kaweah,Tulare,NA,Unknown,Unknown,NA,1953-10-05 - 1989-10-05,143,fall,53,120.8,NA,NA,1966,18030012,Below Normal,Below Normal,1965-10-01T00:00:00Z,1966-10-01T00:00:00Z,-119.377,36.2703
362703N1193766W001,920972,1966-06-28T00:00:00Z,292.71,292.71,0,105.7,187.01,105.7,105.7,NA,Unknown,Water level accuracy is unknown,1,Department of Water Resources,NA,624,Bureau of Reclamation,NA,NA,16760,19S24E16P001M,NA,Unknown,Unknown,5-022.11,Kaweah,Tulare,NA,Unknown,Unknown,NA,1953-10-05 - 1989-10-05,143,other,NA,NA,NA,NA,1966,18030012,Below Normal,Below Normal,1965-10-01T00:00:00Z,1966-10-01T00:00:00Z,-119.377,36.2703
362703N1193766W001,920971,1966-05-31T00:00:00Z,292.71,292.71,0,101,191.71,101,101,NA,Unknown,Water level accuracy is unknown,1,Department of Water Resources,NA,624,Bureau of Reclamation,NA,NA,16760,19S24E16P001M,NA,Unknown,Unknown,5-022.11,Kaweah,Tulare,NA,Unknown,Unknown,NA,1953-10-05 - 1989-10-05,143,spring,NA,NA,52.5,108,1966,18030012,Below Normal,Below Normal,1965-10-01T00:00:00Z,1966-10-01T00:00:00Z,-119.377,36.2703
362703N1193766W001,920970,1966-05-03T00:00:00Z,292.71,292.71,0,94.3,198.41,94.3,94.3,NA,Unknown,Water level accuracy is unknown,1,Department of Water Resources,NA,624,Bureau of Reclamation,NA,NA,16760,19S24E16P001M,NA,Unknown,Unknown,5-022.11,Kaweah,Tulare,NA,Unknown,Unknown,NA,1953-10-05 - 1989-10-05,143,spring,NA,NA,52.5,108,1966,18030012,Below Normal,Below Normal,1965-10-01T00:00:00Z,1966-10-01T00:00:00Z,-119.377,36.2703
362703N1193766W001,920969,1966-03-29T00:00:00Z,292.71,292.71,0,99.8,192.91,99.8,99.8,NA,Unknown,Water level accuracy is unknown,1,Department of Water Resources,NA,624,Bureau of Reclamation,NA,NA,16760,19S24E16P001M,NA,Unknown,Unknown,5-022.11,Kaweah,Tulare,NA,Unknown,Unknown,NA,1953-10-05 - 1989-10-05,143,spring,NA,NA,52.5,108,1966,18030012,Below Normal,Below Normal,1965-10-01T00:00:00Z,1966-10-01T00:00:00Z,-119.377,36.2703
362703N1193766W001,920968,1966-03-02T00:00:00Z,292.71,292.71,0,81.5,211.21,81.5,81.5,NA,Unknown,Water level accuracy is unknown,1,Department of Water Resources,NA,624,Bureau of Reclamation,NA,NA,16760,19S24E16P001M,NA,Unknown,Unknown,5-022.11,Kaweah,Tulare,NA,Unknown,Unknown,NA,1953-10-05 - 1989-10-05,143,spring,NA,NA,52.5,108,1966,18030012,Below Normal,Below Normal,1965-10-01T00:00:00Z,1966-10-01T00:00:00Z,-119.377,36.2703
362703N1193766W001,920967,1966-01-28T00:00:00Z,292.71,292.71,0,80.1,212.61,80.1,80.1,NA,Unknown,Water level accuracy is unknown,1,Department of Water Resources,NA,5030,Tulare Irrigation District,NA,NA,16760,19S24E16P001M,NA,Unknown,Unknown,5-022.11,Kaweah,Tulare,NA,Unknown,Unknown,NA,1953-10-05 - 1989-10-05,143,other,NA,NA,NA,NA,1966,18030012,Below Normal,Below Normal,1965-10-01T00:00:00Z,1966-10-01T00:00:00Z,-119.377,36.2703
362703N1193766W001,920966,1966-01-04T00:00:00Z,292.71,292.71,0,81.5,211.21,81.5,81.5,NA,Unknown,Water level accuracy is unknown,1,Department of Water Resources,NA,624,Bureau of Reclamation,NA,NA,16760,19S24E16P001M,NA,Unknown,Unknown,5-022.11,Kaweah,Tulare,NA,Unknown,Unknown,NA,1953-10-05 - 1989-10-05,143,other,NA,NA,NA,NA,1966,18030012,Below Normal,Below Normal,1965-10-01T00:00:00Z,1966-10-01T00:00:00Z,-119.377,36.2703
362703N1193766W001,920965,1965-11-30T00:00:00Z,292.71,292.71,0,83,209.71,83,83,NA,Unknown,Water level accuracy is unknown,1,Department of Water Resources,NA,624,Bureau of Reclamation,NA,NA,16760,19S24E16P001M,NA,Unknown,Unknown,5-022.11,Kaweah,Tulare,NA,Unknown,Unknown,NA,1953-10-05 - 1989-10-05,143,fall,53,120.8,NA,NA,1966,18030012,Below Normal,Below Normal,1965-10-01T00:00:00Z,1966-10-01T00:00:00Z,-119.377,36.2703
362703N1193766W001,920964,1965-11-02T00:00:00Z,292.71,292.71,0,87.5,205.21,87.5,87.5,NA,Unknown,Water level accuracy is unknown,1,Department of Water Resources,NA,624,Bureau of Reclamation,NA,NA,16760,19S24E16P001M,NA,Unknown,Unknown,5-022.11,Kaweah,Tulare,NA,Unknown,Unknown,NA,1953-10-05 - 1989-10-05,143,fall,53,120.8,NA,NA,1966,18030012,Below Normal,Below Normal,1965-10-01T00:00:00Z,1966-10-01T00:00:00Z,-119.377,36.2703
362703N1193766W001,920963,1965-10-06T00:00:00Z,292.71,292.71,0,97,195.71,97,97,NA,Unknown,Water level accuracy is unknown,1,Department of Water Resources,NA,624,Bureau of Reclamation,NA,NA,16760,19S24E16P001M,NA,Unknown,Unknown,5-022.11,Kaweah,Tulare,NA,Unknown,Unknown,NA,1953-10-05 - 1989-10-05,143,fall,53,120.8,NA,NA,1966,18030012,Below Normal,Below Normal,1965-10-01T00:00:00Z,1966-10-01T00:00:00Z,-119.377,36.2703
362703N1193766W001,920962,1965-08-26T00:00:00Z,292.71,292.71,0,97.8,194.91,97.8,97.8,NA,Unknown,Water level accuracy is unknown,1,Department of Water Resources,NA,624,Bureau of Reclamation,NA,NA,16760,19S24E16P001M,NA,Unknown,Unknown,5-022.11,Kaweah,Tulare,NA,Unknown,Unknown,NA,1953-10-05 - 1989-10-05,143,fall,53,120.8,NA,NA,1965,18030012,Below Normal,Below Normal,1964-10-01T00:00:00Z,1965-10-01T00:00:00Z,-119.377,36.2703
362703N1193766W001,920961,1965-08-02T00:00:00Z,292.71,292.71,0,102,190.71,102,102,NA,Unknown,Water level accuracy is unknown,1,Department of Water Resources,NA,624,Bureau of Reclamation,NA,NA,16760,19S24E16P001M,NA,Unknown,Unknown,5-022.11,Kaweah,Tulare,NA,Unknown,Unknown,NA,1953-10-05 - 1989-10-05,143,fall,53,120.8,NA,NA,1965,18030012,Below Normal,Below Normal,1964-10-01T00:00:00Z,1965-10-01T00:00:00Z,-119.377,36.2703
362703N1193766W001,920960,1965-07-06T00:00:00Z,292.71,292.71,0,99.5,193.21,99.5,99.5,NA,Unknown,Water level accuracy is unknown,1,Department of Water Resources,NA,624,Bureau of Reclamation,NA,NA,16760,19S24E16P001M,NA,Unknown,Unknown,5-022.11,Kaweah,Tulare,NA,Unknown,Unknown,NA,1953-10-05 - 1989-10-05,143,other,NA,NA,NA,NA,1965,18030012,Below Normal,Below Normal,1964-10-01T00:00:00Z,1965-10-01T00:00:00Z,-119.377,36.2703
362703N1193766W001,920959,1965-02-02T00:00:00Z,292.71,292.71,0,92.3,200.41,92.3,92.3,NA,Unknown,Water level accuracy is unknown,1,Department of Water Resources,NA,5030,Tulare Irrigation District,NA,NA,16760,19S24E16P001M,NA,Unknown,Unknown,5-022.11,Kaweah,Tulare,NA,Unknown,Unknown,NA,1953-10-05 - 1989-10-05,143,other,NA,NA,NA,NA,1965,18030012,Below Normal,Below Normal,1964-10-01T00:00:00Z,1965-10-01T00:00:00Z,-119.377,36.2703
362703N1193766W001,920958,1964-10-01T00:00:00Z,292.71,292.71,NA,NA,NA,NA,NA,Pumping,NA,NA,1,Department of Water Resources,NA,5030,Tulare Irrigation District,NA,NA,16760,19S24E16P001M,NA,Unknown,Unknown,5-022.11,Kaweah,Tulare,NA,Unknown,Unknown,NA,1953-10-05 - 1989-10-05,143,fall,53,120.8,NA,NA,1965,18030012,Below Normal,Below Normal,1964-10-01T00:00:00Z,1965-10-01T00:00:00Z,-119.377,36.2703
362703N1193766W001,920957,1964-06-26T00:00:00Z,292.71,292.71,NA,NA,NA,NA,NA,Pumping,NA,NA,1,Department of Water Resources,NA,624,Bureau of Reclamation,NA,NA,16760,19S24E16P001M,NA,Unknown,Unknown,5-022.11,Kaweah,Tulare,NA,Unknown,Unknown,NA,1953-10-05 - 1989-10-05,143,other,NA,NA,NA,NA,1964,18030012,Dry,Dry,1963-10-01T00:00:00Z,1964-10-01T00:00:00Z,-119.377,36.2703
362703N1193766W001,920956,1964-05-28T00:00:00Z,292.71,292.71,0,86.5,206.21,86.5,86.5,NA,Unknown,Water level accuracy is unknown,1,Department of Water Resources,NA,624,Bureau of Reclamation,NA,NA,16760,19S24E16P001M,NA,Unknown,Unknown,5-022.11,Kaweah,Tulare,NA,Unknown,Unknown,NA,1953-10-05 - 1989-10-05,143,spring,NA,NA,52.5,108,1964,18030012,Dry,Dry,1963-10-01T00:00:00Z,1964-10-01T00:00:00Z,-119.377,36.2703
362703N1193766W001,920955,1964-04-28T00:00:00Z,292.71,292.71,0,93.4,199.31,93.4,93.4,NA,Unknown,Water level accuracy is unknown,1,Department of Water Resources,NA,624,Bureau of Reclamation,NA,NA,16760,19S24E16P001M,NA,Unknown,Unknown,5-022.11,Kaweah,Tulare,NA,Unknown,Unknown,NA,1953-10-05 - 1989-10-05,143,spring,NA,NA,52.5,108,1964,18030012,Dry,Dry,1963-10-01T00:00:00Z,1964-10-01T00:00:00Z,-119.377,36.2703
362703N1193766W001,920954,1964-03-30T00:00:00Z,292.71,292.71,0,86.5,206.21,86.5,86.5,NA,Unknown,Water level accuracy is unknown,1,Department of Water Resources,NA,624,Bureau of Reclamation,NA,NA,16760,19S24E16P001M,NA,Unknown,Unknown,5-022.11,Kaweah,Tulare,NA,Unknown,Unknown,NA,1953-10-05 - 1989-10-05,143,spring,NA,NA,52.5,108,1964,18030012,Dry,Dry,1963-10-01T00:00:00Z,1964-10-01T00:00:00Z,-119.377,36.2703
362703N1193766W001,920953,1964-02-25T00:00:00Z,292.71,292.71,NA,NA,NA,NA,NA,Pumping,NA,NA,1,Department of Water Resources,NA,624,Bureau of Reclamation,NA,NA,16760,19S24E16P001M,NA,Unknown,Unknown,5-022.11,Kaweah,Tulare,NA,Unknown,Unknown,NA,1953-10-05 - 1989-10-05,143,other,NA,NA,NA,NA,1964,18030012,Dry,Dry,1963-10-01T00:00:00Z,1964-10-01T00:00:00Z,-119.377,36.2703
362703N1193766W001,920952,1964-02-10T00:00:00Z,292.71,292.71,0,80,212.71,80,80,NA,Unknown,Water level accuracy is unknown,1,Department of Water Resources,NA,5030,Tulare Irrigation District,NA,NA,16760,19S24E16P001M,NA,Unknown,Unknown,5-022.11,Kaweah,Tulare,NA,Unknown,Unknown,NA,1953-10-05 - 1989-10-05,143,other,NA,NA,NA,NA,1964,18030012,Dry,Dry,1963-10-01T00:00:00Z,1964-10-01T00:00:00Z,-119.377,36.2703
362703N1193766W001,920951,1964-01-24T00:00:00Z,292.71,292.71,0,79.2,213.51,79.2,79.2,NA,Unknown,Water level accuracy is unknown,1,Department of Water Resources,NA,624,Bureau of Reclamation,NA,NA,16760,19S24E16P001M,NA,Unknown,Unknown,5-022.11,Kaweah,Tulare,NA,Unknown,Unknown,NA,1953-10-05 - 1989-10-05,143,other,NA,NA,NA,NA,1964,18030012,Dry,Dry,1963-10-01T00:00:00Z,1964-10-01T00:00:00Z,-119.377,36.2703
362703N1193766W001,920950,1963-12-23T00:00:00Z,292.71,292.71,0,85,207.71,85,85,NA,Unknown,Water level accuracy is unknown,1,Department of Water Resources,NA,624,Bureau of Reclamation,NA,NA,16760,19S24E16P001M,NA,Unknown,Unknown,5-022.11,Kaweah,Tulare,NA,Unknown,Unknown,NA,1953-10-05 - 1989-10-05,143,other,NA,NA,NA,NA,1964,18030012,Dry,Dry,1963-10-01T00:00:00Z,1964-10-01T00:00:00Z,-119.377,36.2703
362703N1193766W001,920949,1963-12-02T00:00:00Z,292.71,292.71,0,80.3,212.41,80.3,80.3,NA,Unknown,Water level accuracy is unknown,1,Department of Water Resources,NA,624,Bureau of Reclamation,NA,NA,16760,19S24E16P001M,NA,Unknown,Unknown,5-022.11,Kaweah,Tulare,NA,Unknown,Unknown,NA,1953-10-05 - 1989-10-05,143,other,NA,NA,NA,NA,1964,18030012,Dry,Dry,1963-10-01T00:00:00Z,1964-10-01T00:00:00Z,-119.377,36.2703
362703N1193766W001,920948,1963-10-22T00:00:00Z,292.71,292.71,0,83.6,209.11,83.6,83.6,NA,Unknown,Water level accuracy is unknown,1,Department of Water Resources,NA,624,Bureau of Reclamation,NA,NA,16760,19S24E16P001M,NA,Unknown,Unknown,5-022.11,Kaweah,Tulare,NA,Unknown,Unknown,NA,1953-10-05 - 1989-10-05,143,fall,53,120.8,NA,NA,1964,18030012,Dry,Dry,1963-10-01T00:00:00Z,1964-10-01T00:00:00Z,-119.377,36.2703
362703N1193766W001,920947,1963-09-25T00:00:00Z,292.71,292.71,0,89.7,203.01,89.7,89.7,NA,Unknown,Water level accuracy is unknown,1,Department of Water Resources,NA,624,Bureau of Reclamation,NA,NA,16760,19S24E16P001M,NA,Unknown,Unknown,5-022.11,Kaweah,Tulare,NA,Unknown,Unknown,NA,1953-10-05 - 1989-10-05,143,fall,53,120.8,NA,NA,1963,18030012,Above Normal,Above Normal,1962-10-01T00:00:00Z,1963-10-01T00:00:00Z,-119.377,36.2703
362703N1193766W001,920946,1963-08-29T00:00:00Z,292.71,292.71,0,100.3,192.41,100.3,100.3,NA,Unknown,Water level accuracy is unknown,1,Department of Water Resources,NA,624,Bureau of Reclamation,NA,NA,16760,19S24E16P001M,NA,Unknown,Unknown,5-022.11,Kaweah,Tulare,NA,Unknown,Unknown,NA,1953-10-05 - 1989-10-05,143,fall,53,120.8,NA,NA,1963,18030012,Above Normal,Above Normal,1962-10-01T00:00:00Z,1963-10-01T00:00:00Z,-119.377,36.2703
362703N1193766W001,920945,1963-07-25T00:00:00Z,292.71,292.71,NA,NA,NA,NA,NA,Pumping,NA,NA,1,Department of Water Resources,NA,624,Bureau of Reclamation,NA,NA,16760,19S24E16P001M,NA,Unknown,Unknown,5-022.11,Kaweah,Tulare,NA,Unknown,Unknown,NA,1953-10-05 - 1989-10-05,143,other,NA,NA,NA,NA,1963,18030012,Above Normal,Above Normal,1962-10-01T00:00:00Z,1963-10-01T00:00:00Z,-119.377,36.2703
362703N1193766W001,920944,1963-06-27T00:00:00Z,292.71,292.71,0,98.2,194.51,98.2,98.2,NA,Unknown,Water level accuracy is unknown,1,Department of Water Resources,NA,624,Bureau of Reclamation,NA,NA,16760,19S24E16P001M,NA,Unknown,Unknown,5-022.11,Kaweah,Tulare,NA,Unknown,Unknown,NA,1953-10-05 - 1989-10-05,143,other,NA,NA,NA,NA,1963,18030012,Above Normal,Above Normal,1962-10-01T00:00:00Z,1963-10-01T00:00:00Z,-119.377,36.2703
362703N1193766W001,920943,1963-05-20T00:00:00Z,292.71,292.71,0,99.6,193.11,99.6,99.6,NA,Unknown,Water level accuracy is unknown,1,Department of Water Resources,NA,624,Bureau of Reclamation,NA,NA,16760,19S24E16P001M,NA,Unknown,Unknown,5-022.11,Kaweah,Tulare,NA,Unknown,Unknown,NA,1953-10-05 - 1989-10-05,143,spring,NA,NA,52.5,108,1963,18030012,Above Normal,Above Normal,1962-10-01T00:00:00Z,1963-10-01T00:00:00Z,-119.377,36.2703
362703N1193766W001,920942,1963-04-22T00:00:00Z,292.71,292.71,0,107.6,185.11,107.6,107.6,NA,Unknown,Water level accuracy is unknown,1,Department of Water Resources,NA,624,Bureau of Reclamation,NA,NA,16760,19S24E16P001M,NA,Unknown,Unknown,5-022.11,Kaweah,Tulare,NA,Unknown,Unknown,NA,1953-10-05 - 1989-10-05,143,spring,NA,NA,52.5,108,1963,18030012,Above Normal,Above Normal,1962-10-01T00:00:00Z,1963-10-01T00:00:00Z,-119.377,36.2703
362703N1193766W001,920941,1963-03-26T00:00:00Z,292.71,292.71,0,108,184.71,108,108,NA,Unknown,Water level accuracy is unknown,1,Department of Water Resources,NA,624,Bureau of Reclamation,NA,NA,16760,19S24E16P001M,NA,Unknown,Unknown,5-022.11,Kaweah,Tulare,NA,Unknown,Unknown,NA,1953-10-05 - 1989-10-05,143,spring,NA,NA,52.5,108,1963,18030012,Above Normal,Above Normal,1962-10-01T00:00:00Z,1963-10-01T00:00:00Z,-119.377,36.2703
362703N1193766W001,920940,1963-02-25T00:00:00Z,292.71,292.71,0,87,205.71,87,87,NA,Unknown,Water level accuracy is unknown,1,Department of Water Resources,NA,624,Bureau of Reclamation,NA,NA,16760,19S24E16P001M,NA,Unknown,Unknown,5-022.11,Kaweah,Tulare,NA,Unknown,Unknown,NA,1953-10-05 - 1989-10-05,143,other,NA,NA,NA,NA,1963,18030012,Above Normal,Above Normal,1962-10-01T00:00:00Z,1963-10-01T00:00:00Z,-119.377,36.2703
362703N1193766W001,920939,1963-02-04T00:00:00Z,292.71,292.71,0,85.6,207.11,85.6,85.6,NA,Unknown,Water level accuracy is unknown,1,Department of Water Resources,NA,5030,Tulare Irrigation District,NA,NA,16760,19S24E16P001M,NA,Unknown,Unknown,5-022.11,Kaweah,Tulare,NA,Unknown,Unknown,NA,1953-10-05 - 1989-10-05,143,other,NA,NA,NA,NA,1963,18030012,Above Normal,Above Normal,1962-10-01T00:00:00Z,1963-10-01T00:00:00Z,-119.377,36.2703
362703N1193766W001,920938,1963-01-21T00:00:00Z,292.71,292.71,0,91.7,201.01,91.7,91.7,NA,Unknown,Water level accuracy is unknown,1,Department of Water Resources,NA,624,Bureau of Reclamation,NA,NA,16760,19S24E16P001M,NA,Unknown,Unknown,5-022.11,Kaweah,Tulare,NA,Unknown,Unknown,NA,1953-10-05 - 1989-10-05,143,other,NA,NA,NA,NA,1963,18030012,Above Normal,Above Normal,1962-10-01T00:00:00Z,1963-10-01T00:00:00Z,-119.377,36.2703
362703N1193766W001,920937,1962-12-18T00:00:00Z,292.71,292.71,0,88.1,204.61,88.1,88.1,NA,Unknown,Water level accuracy is unknown,1,Department of Water Resources,NA,624,Bureau of Reclamation,NA,NA,16760,19S24E16P001M,NA,Unknown,Unknown,5-022.11,Kaweah,Tulare,NA,Unknown,Unknown,NA,1953-10-05 - 1989-10-05,143,other,NA,NA,NA,NA,1963,18030012,Above Normal,Above Normal,1962-10-01T00:00:00Z,1963-10-01T00:00:00Z,-119.377,36.2703
362703N1193766W001,920936,1962-11-19T00:00:00Z,292.71,292.71,0,90.7,202.01,90.7,90.7,NA,Unknown,Water level accuracy is unknown,1,Department of Water Resources,NA,624,Bureau of Reclamation,NA,NA,16760,19S24E16P001M,NA,Unknown,Unknown,5-022.11,Kaweah,Tulare,NA,Unknown,Unknown,NA,1953-10-05 - 1989-10-05,143,fall,53,120.8,NA,NA,1963,18030012,Above Normal,Above Normal,1962-10-01T00:00:00Z,1963-10-01T00:00:00Z,-119.377,36.2703
362703N1193766W001,920935,1962-10-15T00:00:00Z,292.71,292.71,0,91.3,201.41,91.3,91.3,NA,Unknown,Water level accuracy is unknown,1,Department of Water Resources,NA,624,Bureau of Reclamation,NA,NA,16760,19S24E16P001M,NA,Unknown,Unknown,5-022.11,Kaweah,Tulare,NA,Unknown,Unknown,NA,1953-10-05 - 1989-10-05,143,fall,53,120.8,NA,NA,1963,18030012,Above Normal,Above Normal,1962-10-01T00:00:00Z,1963-10-01T00:00:00Z,-119.377,36.2703
362703N1193766W001,920934,1962-09-18T00:00:00Z,292.71,292.71,0,95.5,197.21,95.5,95.5,NA,Unknown,Water level accuracy is unknown,1,Department of Water Resources,NA,624,Bureau of Reclamation,NA,NA,16760,19S24E16P001M,NA,Unknown,Unknown,5-022.11,Kaweah,Tulare,NA,Unknown,Unknown,NA,1953-10-05 - 1989-10-05,143,fall,53,120.8,NA,NA,1962,18030012,Above Normal,Above Normal,1961-10-01T00:00:00Z,1962-10-01T00:00:00Z,-119.377,36.2703
362703N1193766W001,920933,1962-08-22T00:00:00Z,292.71,292.71,NA,NA,NA,NA,NA,Pumping,NA,NA,1,Department of Water Resources,NA,624,Bureau of Reclamation,NA,NA,16760,19S24E16P001M,NA,Unknown,Unknown,5-022.11,Kaweah,Tulare,NA,Unknown,Unknown,NA,1953-10-05 - 1989-10-05,143,fall,53,120.8,NA,NA,1962,18030012,Above Normal,Above Normal,1961-10-01T00:00:00Z,1962-10-01T00:00:00Z,-119.377,36.2703
362703N1193766W001,920932,1962-07-24T00:00:00Z,292.71,292.71,0,110.3,182.41,110.3,110.3,NA,Unknown,Water level accuracy is unknown,1,Department of Water Resources,NA,624,Bureau of Reclamation,NA,NA,16760,19S24E16P001M,NA,Unknown,Unknown,5-022.11,Kaweah,Tulare,NA,Unknown,Unknown,NA,1953-10-05 - 1989-10-05,143,other,NA,NA,NA,NA,1962,18030012,Above Normal,Above Normal,1961-10-01T00:00:00Z,1962-10-01T00:00:00Z,-119.377,36.2703
362703N1193766W001,920931,1962-06-19T00:00:00Z,292.71,292.71,0,107.6,185.11,107.6,107.6,NA,Unknown,Water level accuracy is unknown,1,Department of Water Resources,NA,624,Bureau of Reclamation,NA,NA,16760,19S24E16P001M,NA,Unknown,Unknown,5-022.11,Kaweah,Tulare,NA,Unknown,Unknown,NA,1953-10-05 - 1989-10-05,143,other,NA,NA,NA,NA,1962,18030012,Above Normal,Above Normal,1961-10-01T00:00:00Z,1962-10-01T00:00:00Z,-119.377,36.2703
362703N1193766W001,920930,1962-05-22T00:00:00Z,292.71,292.71,0,91.7,201.01,91.7,91.7,NA,Unknown,Water level accuracy is unknown,1,Department of Water Resources,NA,624,Bureau of Reclamation,NA,NA,16760,19S24E16P001M,NA,Unknown,Unknown,5-022.11,Kaweah,Tulare,NA,Unknown,Unknown,NA,1953-10-05 - 1989-10-05,143,spring,NA,NA,52.5,108,1962,18030012,Above Normal,Above Normal,1961-10-01T00:00:00Z,1962-10-01T00:00:00Z,-119.377,36.2703
362703N1193766W001,920929,1962-04-24T00:00:00Z,292.71,292.71,NA,NA,NA,NA,NA,Pumping,NA,NA,1,Department of Water Resources,NA,624,Bureau of Reclamation,NA,NA,16760,19S24E16P001M,NA,Unknown,Unknown,5-022.11,Kaweah,Tulare,NA,Unknown,Unknown,NA,1953-10-05 - 1989-10-05,143,spring,NA,NA,52.5,108,1962,18030012,Above Normal,Above Normal,1961-10-01T00:00:00Z,1962-10-01T00:00:00Z,-119.377,36.2703
362703N1193766W001,920928,1962-03-27T00:00:00Z,292.71,292.71,0,89.5,203.21,89.5,89.5,NA,Unknown,Water level accuracy is unknown,1,Department of Water Resources,NA,624,Bureau of Reclamation,NA,NA,16760,19S24E16P001M,NA,Unknown,Unknown,5-022.11,Kaweah,Tulare,NA,Unknown,Unknown,NA,1953-10-05 - 1989-10-05,143,spring,NA,NA,52.5,108,1962,18030012,Above Normal,Above Normal,1961-10-01T00:00:00Z,1962-10-01T00:00:00Z,-119.377,36.2703
362703N1193766W001,920927,1962-02-28T00:00:00Z,292.71,292.71,0,90.5,202.21,90.5,90.5,NA,Unknown,Water level accuracy is unknown,1,Department of Water Resources,NA,624,Bureau of Reclamation,NA,NA,16760,19S24E16P001M,NA,Unknown,Unknown,5-022.11,Kaweah,Tulare,NA,Unknown,Unknown,NA,1953-10-05 - 1989-10-05,143,other,NA,NA,NA,NA,1962,18030012,Above Normal,Above Normal,1961-10-01T00:00:00Z,1962-10-01T00:00:00Z,-119.377,36.2703
362703N1193766W001,920926,1962-02-06T00:00:00Z,292.71,292.71,0,90.9,201.81,90.9,90.9,NA,Unknown,Water level accuracy is unknown,1,Department of Water Resources,NA,5030,Tulare Irrigation District,NA,NA,16760,19S24E16P001M,NA,Unknown,Unknown,5-022.11,Kaweah,Tulare,NA,Unknown,Unknown,NA,1953-10-05 - 1989-10-05,143,other,NA,NA,NA,NA,1962,18030012,Above Normal,Above Normal,1961-10-01T00:00:00Z,1962-10-01T00:00:00Z,-119.377,36.2703
362703N1193766W001,920925,1962-01-25T00:00:00Z,292.71,292.71,0,91.6,201.11,91.6,91.6,NA,Unknown,Water level accuracy is unknown,1,Department of Water Resources,NA,624,Bureau of Reclamation,NA,NA,16760,19S24E16P001M,NA,Unknown,Unknown,5-022.11,Kaweah,Tulare,NA,Unknown,Unknown,NA,1953-10-05 - 1989-10-05,143,other,NA,NA,NA,NA,1962,18030012,Above Normal,Above Normal,1961-10-01T00:00:00Z,1962-10-01T00:00:00Z,-119.377,36.2703
362703N1193766W001,920924,1961-12-20T00:00:00Z,292.71,292.71,0,95.7,197.01,95.7,95.7,NA,Unknown,Water level accuracy is unknown,1,Department of Water Resources,NA,624,Bureau of Reclamation,NA,NA,16760,19S24E16P001M,NA,Unknown,Unknown,5-022.11,Kaweah,Tulare,NA,Unknown,Unknown,NA,1953-10-05 - 1989-10-05,143,other,NA,NA,NA,NA,1962,18030012,Above Normal,Above Normal,1961-10-01T00:00:00Z,1962-10-01T00:00:00Z,-119.377,36.2703
362703N1193766W001,920923,1961-11-27T00:00:00Z,292.71,292.71,0,95.7,197.01,95.7,95.7,NA,Unknown,Water level accuracy is unknown,1,Department of Water Resources,NA,624,Bureau of Reclamation,NA,NA,16760,19S24E16P001M,NA,Unknown,Unknown,5-022.11,Kaweah,Tulare,NA,Unknown,Unknown,NA,1953-10-05 - 1989-10-05,143,fall,53,120.8,NA,NA,1962,18030012,Above Normal,Above Normal,1961-10-01T00:00:00Z,1962-10-01T00:00:00Z,-119.377,36.2703
362703N1193766W001,920922,1961-10-26T00:00:00Z,292.71,292.71,0,93,199.71,93,93,NA,Unknown,Water level accuracy is unknown,1,Department of Water Resources,NA,624,Bureau of Reclamation,NA,NA,16760,19S24E16P001M,NA,Unknown,Unknown,5-022.11,Kaweah,Tulare,NA,Unknown,Unknown,NA,1953-10-05 - 1989-10-05,143,fall,53,120.8,NA,NA,1962,18030012,Above Normal,Above Normal,1961-10-01T00:00:00Z,1962-10-01T00:00:00Z,-119.377,36.2703
362703N1193766W001,920921,1961-10-02T00:00:00Z,292.71,292.71,0,100.5,192.21,100.5,100.5,NA,Unknown,Water level accuracy is unknown,1,Department of Water Resources,NA,5030,Tulare Irrigation District,NA,NA,16760,19S24E16P001M,NA,Unknown,Unknown,5-022.11,Kaweah,Tulare,NA,Unknown,Unknown,NA,1953-10-05 - 1989-10-05,143,fall,53,120.8,NA,NA,1962,18030012,Above Normal,Above Normal,1961-10-01T00:00:00Z,1962-10-01T00:00:00Z,-119.377,36.2703
362703N1193766W001,920920,1961-09-19T00:00:00Z,292.71,292.71,0,105,187.71,105,105,NA,Unknown,Water level accuracy is unknown,1,Department of Water Resources,NA,624,Bureau of Reclamation,NA,NA,16760,19S24E16P001M,NA,Unknown,Unknown,5-022.11,Kaweah,Tulare,NA,Unknown,Unknown,NA,1953-10-05 - 1989-10-05,143,fall,53,120.8,NA,NA,1961,18030012,Critical,Critical,1960-10-01T00:00:00Z,1961-10-01T00:00:00Z,-119.377,36.2703
362703N1193766W001,920919,1961-08-31T00:00:00Z,292.71,292.71,0,120.8,171.91,120.8,120.8,NA,Unknown,Water level accuracy is unknown,1,Department of Water Resources,NA,624,Bureau of Reclamation,NA,NA,16760,19S24E16P001M,NA,Unknown,Unknown,5-022.11,Kaweah,Tulare,NA,Unknown,Unknown,NA,1953-10-05 - 1989-10-05,143,fall,53,120.8,NA,NA,1961,18030012,Critical,Critical,1960-10-01T00:00:00Z,1961-10-01T00:00:00Z,-119.377,36.2703
362703N1193766W001,920918,1961-07-26T00:00:00Z,292.71,292.71,NA,NA,NA,NA,NA,Pumping,NA,NA,1,Department of Water Resources,NA,624,Bureau of Reclamation,NA,NA,16760,19S24E16P001M,NA,Unknown,Unknown,5-022.11,Kaweah,Tulare,NA,Unknown,Unknown,NA,1953-10-05 - 1989-10-05,143,other,NA,NA,NA,NA,1961,18030012,Critical,Critical,1960-10-01T00:00:00Z,1961-10-01T00:00:00Z,-119.377,36.2703
362703N1193766W001,920917,1961-02-13T00:00:00Z,292.71,292.71,0,80,212.71,80,80,NA,Unknown,Water level accuracy is unknown,1,Department of Water Resources,NA,5030,Tulare Irrigation District,NA,NA,16760,19S24E16P001M,NA,Unknown,Unknown,5-022.11,Kaweah,Tulare,NA,Unknown,Unknown,NA,1953-10-05 - 1989-10-05,143,other,NA,NA,NA,NA,1961,18030012,Critical,Critical,1960-10-01T00:00:00Z,1961-10-01T00:00:00Z,-119.377,36.2703
362703N1193766W001,920916,1960-09-26T00:00:00Z,292.71,292.71,0,89.9,202.81,89.9,89.9,NA,Unknown,Water level accuracy is unknown,1,Department of Water Resources,NA,5030,Tulare Irrigation District,NA,NA,16760,19S24E16P001M,NA,Unknown,Unknown,5-022.11,Kaweah,Tulare,NA,Unknown,Unknown,NA,1953-10-05 - 1989-10-05,143,fall,53,120.8,NA,NA,1960,18030012,Critical,Critical,1959-10-01T00:00:00Z,1960-10-01T00:00:00Z,-119.377,36.2703
362703N1193766W001,920915,1960-02-10T00:00:00Z,292.71,292.71,0,69.7,223.01,69.7,69.7,NA,Unknown,Water level accuracy is unknown,1,Department of Water Resources,NA,5030,Tulare Irrigation District,NA,NA,16760,19S24E16P001M,NA,Unknown,Unknown,5-022.11,Kaweah,Tulare,NA,Unknown,Unknown,NA,1953-10-05 - 1989-10-05,143,other,NA,NA,NA,NA,1960,18030012,Critical,Critical,1959-10-01T00:00:00Z,1960-10-01T00:00:00Z,-119.377,36.2703
362703N1193766W001,920914,1959-09-28T00:00:00Z,292.71,292.71,0,75.3,217.41,75.3,75.3,NA,Unknown,Water level accuracy is unknown,1,Department of Water Resources,NA,5030,Tulare Irrigation District,NA,NA,16760,19S24E16P001M,NA,Unknown,Unknown,5-022.11,Kaweah,Tulare,NA,Unknown,Unknown,NA,1953-10-05 - 1989-10-05,143,fall,53,120.8,NA,NA,1959,18030012,Below Normal,Below Normal,1958-10-01T00:00:00Z,1959-10-01T00:00:00Z,-119.377,36.2703
362703N1193766W001,920913,1959-02-13T00:00:00Z,292.71,292.71,0,59.1,233.61,59.1,59.1,NA,Unknown,Water level accuracy is unknown,1,Department of Water Resources,NA,624,Bureau of Reclamation,NA,NA,16760,19S24E16P001M,NA,Unknown,Unknown,5-022.11,Kaweah,Tulare,NA,Unknown,Unknown,NA,1953-10-05 - 1989-10-05,143,other,NA,NA,NA,NA,1959,18030012,Below Normal,Below Normal,1958-10-01T00:00:00Z,1959-10-01T00:00:00Z,-119.377,36.2703
362703N1193766W001,920912,1958-10-13T00:00:00Z,292.71,292.71,0,64.6,228.11,64.6,64.6,NA,Unknown,Water level accuracy is unknown,1,Department of Water Resources,NA,624,Bureau of Reclamation,NA,NA,16760,19S24E16P001M,NA,Unknown,Unknown,5-022.11,Kaweah,Tulare,NA,Unknown,Unknown,NA,1953-10-05 - 1989-10-05,143,fall,53,120.8,NA,NA,1959,18030012,Below Normal,Below Normal,1958-10-01T00:00:00Z,1959-10-01T00:00:00Z,-119.377,36.2703
362703N1193766W001,920911,1958-02-17T00:00:00Z,292.71,292.71,0,63.7,229.01,63.7,63.7,NA,Unknown,Water level accuracy is unknown,1,Department of Water Resources,NA,624,Bureau of Reclamation,NA,NA,16760,19S24E16P001M,NA,Unknown,Unknown,5-022.11,Kaweah,Tulare,NA,Unknown,Unknown,NA,1953-10-05 - 1989-10-05,143,other,NA,NA,NA,NA,1958,18030012,Wet,Wet,1957-10-01T00:00:00Z,1958-10-01T00:00:00Z,-119.377,36.2703
362703N1193766W001,920910,1957-10-02T00:00:00Z,292.71,292.71,0,70.5,222.21,70.5,70.5,NA,Unknown,Water level accuracy is unknown,1,Department of Water Resources,NA,624,Bureau of Reclamation,NA,NA,16760,19S24E16P001M,NA,Unknown,Unknown,5-022.11,Kaweah,Tulare,NA,Unknown,Unknown,NA,1953-10-05 - 1989-10-05,143,fall,53,120.8,NA,NA,1958,18030012,Wet,Wet,1957-10-01T00:00:00Z,1958-10-01T00:00:00Z,-119.377,36.2703
362703N1193766W001,920909,1957-02-18T00:00:00Z,292.71,292.71,0,61.4,231.31,61.4,61.4,NA,Unknown,Water level accuracy is unknown,1,Department of Water Resources,NA,624,Bureau of Reclamation,NA,NA,16760,19S24E16P001M,NA,Unknown,Unknown,5-022.11,Kaweah,Tulare,NA,Unknown,Unknown,NA,1953-10-05 - 1989-10-05,143,other,NA,NA,NA,NA,1957,18030012,Below Normal,Below Normal,1956-10-01T00:00:00Z,1957-10-01T00:00:00Z,-119.377,36.2703
362703N1193766W001,920908,1956-02-15T00:00:00Z,292.71,292.71,0,64.7,228.01,64.7,64.7,NA,Unknown,Water level accuracy is unknown,1,Department of Water Resources,NA,624,Bureau of Reclamation,NA,NA,16760,19S24E16P001M,NA,Unknown,Unknown,5-022.11,Kaweah,Tulare,NA,Unknown,Unknown,NA,1953-10-05 - 1989-10-05,143,other,NA,NA,NA,NA,1956,18030012,Above Normal,Above Normal,1955-10-01T00:00:00Z,1956-10-01T00:00:00Z,-119.377,36.2703
362703N1193766W001,920907,1955-09-08T00:00:00Z,292.71,292.71,0,82.2,210.51,82.2,82.2,NA,Unknown,Water level accuracy is unknown,1,Department of Water Resources,NA,624,Bureau of Reclamation,NA,NA,16760,19S24E16P001M,NA,Unknown,Unknown,5-022.11,Kaweah,Tulare,NA,Unknown,Unknown,NA,1953-10-05 - 1989-10-05,143,fall,53,120.8,NA,NA,1955,18030012,Below Normal,Below Normal,1954-10-01T00:00:00Z,1955-10-01T00:00:00Z,-119.377,36.2703
362703N1193766W001,920906,1955-02-14T00:00:00Z,292.71,292.71,0,64.6,228.11,64.6,64.6,NA,Unknown,Water level accuracy is unknown,1,Department of Water Resources,NA,624,Bureau of Reclamation,NA,NA,16760,19S24E16P001M,NA,Unknown,Unknown,5-022.11,Kaweah,Tulare,NA,Unknown,Unknown,NA,1953-10-05 - 1989-10-05,143,other,NA,NA,NA,NA,1955,18030012,Below Normal,Below Normal,1954-10-01T00:00:00Z,1955-10-01T00:00:00Z,-119.377,36.2703
362703N1193766W001,920905,1954-10-01T00:00:00Z,292.71,292.71,0,74.1,218.61,74.1,74.1,NA,Unknown,Water level accuracy is unknown,1,Department of Water Resources,NA,624,Bureau of Reclamation,NA,NA,16760,19S24E16P001M,NA,Unknown,Unknown,5-022.11,Kaweah,Tulare,NA,Unknown,Unknown,NA,1953-10-05 - 1989-10-05,143,fall,53,120.8,NA,NA,1955,18030012,Below Normal,Below Normal,1954-10-01T00:00:00Z,1955-10-01T00:00:00Z,-119.377,36.2703
362703N1193766W001,920904,1954-05-20T00:00:00Z,292.71,292.71,0,73.8,218.91,73.8,73.8,NA,Unknown,Water level accuracy is unknown,1,Department of Water Resources,NA,624,Bureau of Reclamation,NA,NA,16760,19S24E16P001M,NA,Unknown,Unknown,5-022.11,Kaweah,Tulare,NA,Unknown,Unknown,NA,1953-10-05 - 1989-10-05,143,spring,NA,NA,52.5,108,1954,18030012,Below Normal,Below Normal,1953-10-01T00:00:00Z,1954-10-01T00:00:00Z,-119.377,36.2703
362703N1193766W001,920903,1954-02-24T00:00:00Z,292.71,292.71,0,63.5,229.21,63.5,63.5,NA,Unknown,Water level accuracy is unknown,1,Department of Water Resources,NA,624,Bureau of Reclamation,NA,NA,16760,19S24E16P001M,NA,Unknown,Unknown,5-022.11,Kaweah,Tulare,NA,Unknown,Unknown,NA,1953-10-05 - 1989-10-05,143,other,NA,NA,NA,NA,1954,18030012,Below Normal,Below Normal,1953-10-01T00:00:00Z,1954-10-01T00:00:00Z,-119.377,36.2703
362703N1193766W001,920902,1954-01-18T00:00:00Z,292.71,292.71,0,64.8,227.91,64.8,64.8,NA,Unknown,Water level accuracy is unknown,1,Department of Water Resources,NA,624,Bureau of Reclamation,NA,NA,16760,19S24E16P001M,NA,Unknown,Unknown,5-022.11,Kaweah,Tulare,NA,Unknown,Unknown,NA,1953-10-05 - 1989-10-05,143,other,NA,NA,NA,NA,1954,18030012,Below Normal,Below Normal,1953-10-01T00:00:00Z,1954-10-01T00:00:00Z,-119.377,36.2703
362703N1193766W001,920901,1953-10-05T00:00:00Z,292.71,292.71,0,71.7,221.01,71.7,71.7,NA,Unknown,Water level accuracy is unknown,1,Department of Water Resources,NA,624,Bureau of Reclamation,NA,NA,16760,19S24E16P001M,NA,Unknown,Unknown,5-022.11,Kaweah,Tulare,NA,Unknown,Unknown,NA,1953-10-05 - 1989-10-05,143,fall,53,120.8,NA,NA,1954,18030012,Below Normal,Below Normal,1953-10-01T00:00:00Z,1954-10-01T00:00:00Z,-119.377,36.2703
