SITE_CODE,WLM_ID,MSMT_DATE,WLM_RPE,WLM_GSE,RDNG_WS,RDNG_RP,WSE,RPE_WSE,GSE_WSE,WLM_QA_DESC,WLM_DESC,WLM_ACC_DESC,WLM_ORG_ID,WLM_ORG_NAME,MSMT_CMT,COOP_AGENCY_ORG_ID,COOP_ORG_NAME,TOP_PRF,BOT_PRF,STN_ID,SWN,WELL_NAME,WLM_METHOD,WLM_ACC,BASIN_CODE,BASIN_NAME,COUNTY_NAME,WELL_DEPTH,WELL_USE,WELL_TYPE,WCR_NO,t_range,n_samples,season,fall_high,fall_low,spring_high,spring_low,water_year,HUC8,WYT,water_year_type,water_year_start,water_year_end,X,Y
362978N1193453W001,920714,1962-02-22T00:00:00Z,310.21,309.71,0,87.3,222.91,87.3,86.8,NA,Unknown,Water level accuracy is unknown,1,Department of Water Resources,NA,1,Department of Water Resources,NA,NA,16756,19S24E11D001M,NA,Unknown,Unknown,5-022.11,Kaweah,Tulare,NA,Unknown,Unknown,NA,1935-11-28 - 1962-02-22,33,other,NA,NA,NA,NA,1962,18030012,Above Normal,Above Normal,1961-10-01T00:00:00Z,1962-10-01T00:00:00Z,-119.345,36.2978
362978N1193453W001,920713,1961-03-23T00:00:00Z,310.21,309.71,0,72.5,237.71,72.5,72,NA,Unknown,Water level accuracy is unknown,1,Department of Water Resources,NA,1,Department of Water Resources,NA,NA,16756,19S24E11D001M,NA,Unknown,Unknown,5-022.11,Kaweah,Tulare,NA,Unknown,Unknown,NA,1935-11-28 - 1962-02-22,33,spring,NA,NA,57.2,72,1961,18030012,Critical,Critical,1960-10-01T00:00:00Z,1961-10-01T00:00:00Z,-119.345,36.2978
362978N1193453W001,920712,1960-11-04T00:00:00Z,310.21,309.71,0,78.3,231.91,78.3,77.8,NA,Unknown,Water level accuracy is unknown,1,Department of Water Resources,NA,1,Department of Water Resources,NA,NA,16756,19S24E11D001M,NA,Unknown,Unknown,5-022.11,Kaweah,Tulare,NA,Unknown,Unknown,NA,1935-11-28 - 1962-02-22,33,fall,25.3,77.8,NA,NA,1961,18030012,Critical,Critical,1960-10-01T00:00:00Z,1961-10-01T00:00:00Z,-119.345,36.2978
362978N1193453W001,920711,1960-03-09T00:00:00Z,310.21,309.71,NA,NA,NA,NA,NA,Pumping,NA,NA,1,Department of Water Resources,NA,1,Department of Water Resources,NA,NA,16756,19S24E11D001M,NA,Unknown,Unknown,5-022.11,Kaweah,Tulare,NA,Unknown,Unknown,NA,1935-11-28 - 1962-02-22,33,spring,NA,NA,57.2,72,1960,18030012,Critical,Critical,1959-10-01T00:00:00Z,1960-10-01T00:00:00Z,-119.345,36.2978
362978N1193453W001,920710,1959-10-23T00:00:00Z,310.21,309.71,0,60.3,249.91,60.3,59.8,NA,Unknown,Water level accuracy is unknown,1,Department of Water Resources,NA,1,Department of Water Resources,NA,NA,16756,19S24E11D001M,NA,Unknown,Unknown,5-022.11,Kaweah,Tulare,NA,Unknown,Unknown,NA,1935-11-28 - 1962-02-22,33,fall,25.3,77.8,NA,NA,1960,18030012,Critical,Critical,1959-10-01T00:00:00Z,1960-10-01T00:00:00Z,-119.345,36.2978
362978N1193453W001,920709,1959-02-24T00:00:00Z,310.21,309.71,0,52.8,257.41,52.8,52.3,NA,Unknown,Water level accuracy is unknown,1,Department of Water Resources,NA,1,Department of Water Resources,NA,NA,16756,19S24E11D001M,NA,Unknown,Unknown,5-022.11,Kaweah,Tulare,NA,Unknown,Unknown,NA,1935-11-28 - 1962-02-22,33,other,NA,NA,NA,NA,1959,18030012,Below Normal,Below Normal,1958-10-01T00:00:00Z,1959-10-01T00:00:00Z,-119.345,36.2978
362978N1193453W001,920708,1958-11-05T00:00:00Z,310.21,309.71,0,51.5,258.71,51.5,51,NA,Unknown,Water level accuracy is unknown,1,Department of Water Resources,NA,1,Department of Water Resources,NA,NA,16756,19S24E11D001M,NA,Unknown,Unknown,5-022.11,Kaweah,Tulare,NA,Unknown,Unknown,NA,1935-11-28 - 1962-02-22,33,fall,25.3,77.8,NA,NA,1959,18030012,Below Normal,Below Normal,1958-10-01T00:00:00Z,1959-10-01T00:00:00Z,-119.345,36.2978
362978N1193453W001,920707,1958-02-26T00:00:00Z,310.21,309.71,NA,NA,NA,NA,NA,Pumping,NA,NA,1,Department of Water Resources,NA,1,Department of Water Resources,NA,NA,16756,19S24E11D001M,NA,Unknown,Unknown,5-022.11,Kaweah,Tulare,NA,Unknown,Unknown,NA,1935-11-28 - 1962-02-22,33,other,NA,NA,NA,NA,1958,18030012,Wet,Wet,1957-10-01T00:00:00Z,1958-10-01T00:00:00Z,-119.345,36.2978
362978N1193453W001,920706,1957-10-16T00:00:00Z,310.21,309.71,0,60.1,250.11,60.1,59.6,NA,Unknown,Water level accuracy is unknown,1,Department of Water Resources,NA,1,Department of Water Resources,NA,NA,16756,19S24E11D001M,NA,Unknown,Unknown,5-022.11,Kaweah,Tulare,NA,Unknown,Unknown,NA,1935-11-28 - 1962-02-22,33,fall,25.3,77.8,NA,NA,1958,18030012,Wet,Wet,1957-10-01T00:00:00Z,1958-10-01T00:00:00Z,-119.345,36.2978
362978N1193453W001,920705,1957-02-15T00:00:00Z,310.21,309.71,0,56.2,254.01,56.2,55.7,NA,Unknown,Water level accuracy is unknown,1,Department of Water Resources,NA,1,Department of Water Resources,NA,NA,16756,19S24E11D001M,NA,Unknown,Unknown,5-022.11,Kaweah,Tulare,NA,Unknown,Unknown,NA,1935-11-28 - 1962-02-22,33,other,NA,NA,NA,NA,1957,18030012,Below Normal,Below Normal,1956-10-01T00:00:00Z,1957-10-01T00:00:00Z,-119.345,36.2978
362978N1193453W001,920704,1956-10-24T00:00:00Z,310.21,309.71,0,56,254.21,56,55.5,NA,Unknown,Water level accuracy is unknown,1,Department of Water Resources,NA,1,Department of Water Resources,NA,NA,16756,19S24E11D001M,NA,Unknown,Unknown,5-022.11,Kaweah,Tulare,NA,Unknown,Unknown,NA,1935-11-28 - 1962-02-22,33,fall,25.3,77.8,NA,NA,1957,18030012,Below Normal,Below Normal,1956-10-01T00:00:00Z,1957-10-01T00:00:00Z,-119.345,36.2978
362978N1193453W001,920703,1956-03-03T00:00:00Z,310.21,309.71,0,57.7,252.51,57.7,57.2,NA,Unknown,Water level accuracy is unknown,1,Department of Water Resources,NA,1,Department of Water Resources,NA,NA,16756,19S24E11D001M,NA,Unknown,Unknown,5-022.11,Kaweah,Tulare,NA,Unknown,Unknown,NA,1935-11-28 - 1962-02-22,33,spring,NA,NA,57.2,72,1956,18030012,Above Normal,Above Normal,1955-10-01T00:00:00Z,1956-10-01T00:00:00Z,-119.345,36.2978
362978N1193453W001,920702,1955-09-26T00:00:00Z,310.21,309.71,0,62.7,247.51,62.7,62.2,NA,Unknown,Water level accuracy is unknown,1,Department of Water Resources,NA,1,Department of Water Resources,NA,NA,16756,19S24E11D001M,NA,Unknown,Unknown,5-022.11,Kaweah,Tulare,NA,Unknown,Unknown,NA,1935-11-28 - 1962-02-22,33,fall,25.3,77.8,NA,NA,1955,18030012,Below Normal,Below Normal,1954-10-01T00:00:00Z,1955-10-01T00:00:00Z,-119.345,36.2978
362978N1193453W001,920701,1954-10-06T00:00:00Z,310.21,309.71,0,57.7,252.51,57.7,57.2,NA,Unknown,Water level accuracy is unknown,1,Department of Water Resources,NA,1,Department of Water Resources,NA,NA,16756,19S24E11D001M,NA,Unknown,Unknown,5-022.11,Kaweah,Tulare,NA,Unknown,Unknown,NA,1935-11-28 - 1962-02-22,33,fall,25.3,77.8,NA,NA,1955,18030012,Below Normal,Below Normal,1954-10-01T00:00:00Z,1955-10-01T00:00:00Z,-119.345,36.2978
362978N1193453W001,920700,1953-10-27T00:00:00Z,310.21,309.71,0,53.2,257.01,53.2,52.7,NA,Unknown,Water level accuracy is unknown,1,Department of Water Resources,NA,1,Department of Water Resources,NA,NA,16756,19S24E11D001M,NA,Unknown,Unknown,5-022.11,Kaweah,Tulare,NA,Unknown,Unknown,NA,1935-11-28 - 1962-02-22,33,fall,25.3,77.8,NA,NA,1954,18030012,Below Normal,Below Normal,1953-10-01T00:00:00Z,1954-10-01T00:00:00Z,-119.345,36.2978
362978N1193453W001,920699,1952-10-13T00:00:00Z,310.21,309.71,0,53,257.21,53,52.5,NA,Unknown,Water level accuracy is unknown,1,Department of Water Resources,NA,1,Department of Water Resources,NA,NA,16756,19S24E11D001M,NA,Unknown,Unknown,5-022.11,Kaweah,Tulare,NA,Unknown,Unknown,NA,1935-11-28 - 1962-02-22,33,fall,25.3,77.8,NA,NA,1953,18030012,Above Normal,Above Normal,1952-10-01T00:00:00Z,1953-10-01T00:00:00Z,-119.345,36.2978
362978N1193453W001,920698,1951-10-15T00:00:00Z,310.21,309.71,0,62.7,247.51,62.7,62.2,NA,Unknown,Water level accuracy is unknown,1,Department of Water Resources,NA,1,Department of Water Resources,NA,NA,16756,19S24E11D001M,NA,Unknown,Unknown,5-022.11,Kaweah,Tulare,NA,Unknown,Unknown,NA,1935-11-28 - 1962-02-22,33,fall,25.3,77.8,NA,NA,1952,18030012,Wet,Wet,1951-10-01T00:00:00Z,1952-10-01T00:00:00Z,-119.345,36.2978
362978N1193453W001,920697,1950-10-23T00:00:00Z,310.21,309.71,0,61.8,248.41,61.8,61.3,NA,Unknown,Water level accuracy is unknown,1,Department of Water Resources,NA,1,Department of Water Resources,NA,NA,16756,19S24E11D001M,NA,Unknown,Unknown,5-022.11,Kaweah,Tulare,NA,Unknown,Unknown,NA,1935-11-28 - 1962-02-22,33,fall,25.3,77.8,NA,NA,1951,18030012,Critical,Critical,1950-10-01T00:00:00Z,1951-10-01T00:00:00Z,-119.345,36.2978
362978N1193453W001,920696,1949-10-04T00:00:00Z,310.21,309.71,0,56,254.21,56,55.5,NA,Unknown,Water level accuracy is unknown,1,Department of Water Resources,NA,1,Department of Water Resources,NA,NA,16756,19S24E11D001M,NA,Unknown,Unknown,5-022.11,Kaweah,Tulare,NA,Unknown,Unknown,NA,1935-11-28 - 1962-02-22,33,fall,25.3,77.8,NA,NA,1950,18030012,Dry,Dry,1949-10-01T00:00:00Z,1950-10-01T00:00:00Z,-119.345,36.2978
362978N1193453W001,920695,1948-10-31T00:00:00Z,310.21,309.71,0,48.5,261.71,48.5,48,NA,Unknown,Water level accuracy is unknown,1,Department of Water Resources,NA,1,Department of Water Resources,NA,NA,16756,19S24E11D001M,NA,Unknown,Unknown,5-022.11,Kaweah,Tulare,NA,Unknown,Unknown,NA,1935-11-28 - 1962-02-22,33,fall,25.3,77.8,NA,NA,1949,18030012,Critical,Critical,1948-10-01T00:00:00Z,1949-10-01T00:00:00Z,-119.345,36.2978
362978N1193453W001,920694,1947-10-22T00:00:00Z,310.21,309.71,0,40.3,269.91,40.3,39.8,NA,Unknown,Water level accuracy is unknown,1,Department of Water Resources,NA,1,Department of Water Resources,NA,NA,16756,19S24E11D001M,NA,Unknown,Unknown,5-022.11,Kaweah,Tulare,NA,Unknown,Unknown,NA,1935-11-28 - 1962-02-22,33,fall,25.3,77.8,NA,NA,1948,18030012,Critical,Critical,1947-10-01T00:00:00Z,1948-10-01T00:00:00Z,-119.345,36.2978
362978N1193453W001,920693,1946-10-21T00:00:00Z,310.21,309.71,0,33.6,276.61,33.6,33.1,NA,Unknown,Water level accuracy is unknown,1,Department of Water Resources,NA,1,Department of Water Resources,NA,NA,16756,19S24E11D001M,NA,Unknown,Unknown,5-022.11,Kaweah,Tulare,NA,Unknown,Unknown,NA,1935-11-28 - 1962-02-22,33,fall,25.3,77.8,NA,NA,1947,18030012,Dry,Dry,1946-10-01T00:00:00Z,1947-10-01T00:00:00Z,-119.345,36.2978
362978N1193453W001,920692,1945-10-12T00:00:00Z,310.21,309.71,0,29.4,280.81,29.4,28.9,NA,Unknown,Water level accuracy is unknown,1,Department of Water Resources,NA,1,Department of Water Resources,NA,NA,16756,19S24E11D001M,NA,Unknown,Unknown,5-022.11,Kaweah,Tulare,NA,Unknown,Unknown,NA,1935-11-28 - 1962-02-22,33,fall,25.3,77.8,NA,NA,1946,18030012,Dry,Dry,1945-10-01T00:00:00Z,1946-10-01T00:00:00Z,-119.345,36.2978
362978N1193453W001,920691,1944-10-14T00:00:00Z,310.21,309.71,0,31.6,278.61,31.6,31.1,NA,Unknown,Water level accuracy is unknown,1,Department of Water Resources,NA,1,Department of Water Resources,NA,NA,16756,19S24E11D001M,NA,Unknown,Unknown,5-022.11,Kaweah,Tulare,NA,Unknown,Unknown,NA,1935-11-28 - 1962-02-22,33,fall,25.3,77.8,NA,NA,1945,18030012,Below Normal,Below Normal,1944-10-01T00:00:00Z,1945-10-01T00:00:00Z,-119.345,36.2978
362978N1193453W001,920690,1943-10-14T00:00:00Z,310.21,309.71,0,25.8,284.41,25.8,25.3,NA,Unknown,Water level accuracy is unknown,1,Department of Water Resources,NA,1,Department of Water Resources,NA,NA,16756,19S24E11D001M,NA,Unknown,Unknown,5-022.11,Kaweah,Tulare,NA,Unknown,Unknown,NA,1935-11-28 - 1962-02-22,33,fall,25.3,77.8,NA,NA,1944,18030012,Below Normal,Below Normal,1943-10-01T00:00:00Z,1944-10-01T00:00:00Z,-119.345,36.2978
362978N1193453W001,920689,1942-10-16T00:00:00Z,310.21,309.71,0,27.2,283.01,27.2,26.7,NA,Unknown,Water level accuracy is unknown,1,Department of Water Resources,NA,1,Department of Water Resources,NA,NA,16756,19S24E11D001M,NA,Unknown,Unknown,5-022.11,Kaweah,Tulare,NA,Unknown,Unknown,NA,1935-11-28 - 1962-02-22,33,fall,25.3,77.8,NA,NA,1943,18030012,Above Normal,Above Normal,1942-10-01T00:00:00Z,1943-10-01T00:00:00Z,-119.345,36.2978
362978N1193453W001,920688,1941-10-24T00:00:00Z,310.21,309.71,0,26.8,283.41,26.8,26.3,NA,Unknown,Water level accuracy is unknown,1,Department of Water Resources,NA,1,Department of Water Resources,NA,NA,16756,19S24E11D001M,NA,Unknown,Unknown,5-022.11,Kaweah,Tulare,NA,Unknown,Unknown,NA,1935-11-28 - 1962-02-22,33,fall,25.3,77.8,NA,NA,1942,18030012,Wet,Wet,1941-10-01T00:00:00Z,1942-10-01T00:00:00Z,-119.345,36.2978
362978N1193453W001,920687,1940-10-26T00:00:00Z,310.21,309.71,0,31.9,278.31,31.9,31.4,NA,Unknown,Water level accuracy is unknown,1,Department of Water Resources,NA,1,Department of Water Resources,NA,NA,16756,19S24E11D001M,NA,Unknown,Unknown,5-022.11,Kaweah,Tulare,NA,Unknown,Unknown,NA,1935-11-28 - 1962-02-22,33,fall,25.3,77.8,NA,NA,1941,18030012,Wet,Wet,1940-10-01T00:00:00Z,1941-10-01T00:00:00Z,-119.345,36.2978
362978N1193453W001,920686,1939-10-10T00:00:00Z,310.21,309.71,0,33.3,276.91,33.3,32.8,NA,Unknown,Water level accuracy is unknown,1,Department of Water Resources,NA,1,Department of Water Resources,NA,NA,16756,19S24E11D001M,NA,Unknown,Unknown,5-022.11,Kaweah,Tulare,NA,Unknown,Unknown,NA,1935-11-28 - 1962-02-22,33,fall,25.3,77.8,NA,NA,1940,18030012,Above Normal,Above Normal,1939-10-01T00:00:00Z,1940-10-01T00:00:00Z,-119.345,36.2978
362978N1193453W001,920685,1938-10-19T00:00:00Z,310.21,309.71,0,28,282.21,28,27.5,NA,Unknown,Water level accuracy is unknown,1,Department of Water Resources,NA,1,Department of Water Resources,NA,NA,16756,19S24E11D001M,NA,Unknown,Unknown,5-022.11,Kaweah,Tulare,NA,Unknown,Unknown,NA,1935-11-28 - 1962-02-22,33,fall,25.3,77.8,NA,NA,1939,18030012,Above Normal,Above Normal,1938-10-01T00:00:00Z,1939-10-01T00:00:00Z,-119.345,36.2978
362978N1193453W001,920684,1937-10-16T00:00:00Z,310.21,309.71,0,40,270.21,40,39.5,NA,Unknown,Water level accuracy is unknown,1,Department of Water Resources,NA,1,Department of Water Resources,NA,NA,16756,19S24E11D001M,NA,Unknown,Unknown,5-022.11,Kaweah,Tulare,NA,Unknown,Unknown,NA,1935-11-28 - 1962-02-22,33,fall,25.3,77.8,NA,NA,1938,18030012,Wet,Wet,1937-10-01T00:00:00Z,1938-10-01T00:00:00Z,-119.345,36.2978
362978N1193453W001,920683,1936-10-14T00:00:00Z,310.21,309.71,0,40.7,269.51,40.7,40.2,NA,Unknown,Water level accuracy is unknown,1,Department of Water Resources,NA,1,Department of Water Resources,NA,NA,16756,19S24E11D001M,NA,Unknown,Unknown,5-022.11,Kaweah,Tulare,NA,Unknown,Unknown,NA,1935-11-28 - 1962-02-22,33,fall,25.3,77.8,NA,NA,1937,18030012,Wet,Wet,1936-10-01T00:00:00Z,1937-10-01T00:00:00Z,-119.345,36.2978
362978N1193453W001,920682,1935-11-28T00:00:00Z,310.21,309.71,0,48.7,261.51,48.7,48.2,NA,Unknown,Water level accuracy is unknown,1,Department of Water Resources,NA,1,Department of Water Resources,NA,NA,16756,19S24E11D001M,NA,Unknown,Unknown,5-022.11,Kaweah,Tulare,NA,Unknown,Unknown,NA,1935-11-28 - 1962-02-22,33,fall,25.3,77.8,NA,NA,1936,18030012,Wet,Wet,1935-10-01T00:00:00Z,1936-10-01T00:00:00Z,-119.345,36.2978
