SITE_CODE,WLM_ID,MSMT_DATE,WLM_RPE,WLM_GSE,RDNG_WS,RDNG_RP,WSE,RPE_WSE,GSE_WSE,WLM_QA_DESC,WLM_DESC,WLM_ACC_DESC,WLM_ORG_ID,WLM_ORG_NAME,MSMT_CMT,COOP_AGENCY_ORG_ID,COOP_ORG_NAME,TOP_PRF,BOT_PRF,STN_ID,SWN,WELL_NAME,WLM_METHOD,WLM_ACC,BASIN_CODE,BASIN_NAME,COUNTY_NAME,WELL_DEPTH,WELL_USE,WELL_TYPE,WCR_NO,t_range,n_samples,season,fall_high,fall_low,spring_high,spring_low,water_year,HUC8,WYT,water_year_type,water_year_start,water_year_end,X,Y
363250N1193935W001,2513285,2017-12-15T00:00:00Z,294,294,0,140,154,140,140,NA,Unknown,Water level accuracy to nearest tenth of a foot,5317,Mid-Kaweah GSA,NA,5317,Mid-Kaweah GSA,NA,NA,54646,NA,KSB-1427,Unknown,Unknown,5-022.11,Kaweah,Tulare,NA,Unknown,Single Well,NA,1993-09-15 - 2017-12-15,163,other,NA,NA,NA,NA,2018,18030012,Below Normal,Below Normal,2017-10-01T00:00:00Z,2018-10-01T00:00:00Z,-119.394,36.325
363250N1193935W001,2513352,2016-02-15T00:00:00Z,294,294,0,139,155,139,139,NA,Unknown,Water level accuracy to nearest tenth of a foot,5317,Mid-Kaweah GSA,NA,5317,Mid-Kaweah GSA,NA,NA,54646,NA,KSB-1427,Unknown,Unknown,5-022.11,Kaweah,Tulare,NA,Unknown,Single Well,NA,1993-09-15 - 2017-12-15,163,other,NA,NA,NA,NA,2016,18030012,Below Normal,Below Normal,2015-10-01T00:00:00Z,2016-10-01T00:00:00Z,-119.394,36.325
363250N1193935W001,2513339,2015-10-15T00:00:00Z,294,294,0,150,144,150,150,NA,Unknown,Water level accuracy to nearest tenth of a foot,5317,Mid-Kaweah GSA,NA,5317,Mid-Kaweah GSA,NA,NA,54646,NA,KSB-1427,Unknown,Unknown,5-022.11,Kaweah,Tulare,NA,Unknown,Single Well,NA,1993-09-15 - 2017-12-15,163,fall,85,159,NA,NA,2016,18030012,Below Normal,Below Normal,2015-10-01T00:00:00Z,2016-10-01T00:00:00Z,-119.394,36.325
363250N1193935W001,2513331,2015-08-15T00:00:00Z,294,294,0,159,135,159,159,NA,Unknown,Water level accuracy to nearest tenth of a foot,5317,Mid-Kaweah GSA,NA,5317,Mid-Kaweah GSA,NA,NA,54646,NA,KSB-1427,Unknown,Unknown,5-022.11,Kaweah,Tulare,NA,Unknown,Single Well,NA,1993-09-15 - 2017-12-15,163,fall,85,159,NA,NA,2015,18030012,Critical,Critical,2014-10-01T00:00:00Z,2015-10-01T00:00:00Z,-119.394,36.325
363250N1193935W001,2513324,2015-06-15T00:00:00Z,294,294,0,158,136,158,158,NA,Unknown,Water level accuracy to nearest tenth of a foot,5317,Mid-Kaweah GSA,NA,5317,Mid-Kaweah GSA,NA,NA,54646,NA,KSB-1427,Unknown,Unknown,5-022.11,Kaweah,Tulare,NA,Unknown,Single Well,NA,1993-09-15 - 2017-12-15,163,other,NA,NA,NA,NA,2015,18030012,Critical,Critical,2014-10-01T00:00:00Z,2015-10-01T00:00:00Z,-119.394,36.325
363250N1193935W001,2513319,2015-04-15T00:00:00Z,294,294,0,152,142,152,152,NA,Unknown,Water level accuracy to nearest tenth of a foot,5317,Mid-Kaweah GSA,NA,5317,Mid-Kaweah GSA,NA,NA,54646,NA,KSB-1427,Unknown,Unknown,5-022.11,Kaweah,Tulare,NA,Unknown,Single Well,NA,1993-09-15 - 2017-12-15,163,spring,NA,NA,84,152,2015,18030012,Critical,Critical,2014-10-01T00:00:00Z,2015-10-01T00:00:00Z,-119.394,36.325
363250N1193935W001,2513301,2015-02-15T00:00:00Z,294,294,0,147,147,147,147,NA,Unknown,Water level accuracy to nearest tenth of a foot,5317,Mid-Kaweah GSA,NA,5317,Mid-Kaweah GSA,NA,NA,54646,NA,KSB-1427,Unknown,Unknown,5-022.11,Kaweah,Tulare,NA,Unknown,Single Well,NA,1993-09-15 - 2017-12-15,163,other,NA,NA,NA,NA,2015,18030012,Critical,Critical,2014-10-01T00:00:00Z,2015-10-01T00:00:00Z,-119.394,36.325
363250N1193935W001,2513291,2014-12-15T00:00:00Z,294,294,0,152,142,152,152,NA,Unknown,Water level accuracy to nearest tenth of a foot,5317,Mid-Kaweah GSA,NA,5317,Mid-Kaweah GSA,NA,NA,54646,NA,KSB-1427,Unknown,Unknown,5-022.11,Kaweah,Tulare,NA,Unknown,Single Well,NA,1993-09-15 - 2017-12-15,163,other,NA,NA,NA,NA,2015,18030012,Critical,Critical,2014-10-01T00:00:00Z,2015-10-01T00:00:00Z,-119.394,36.325
363250N1193935W001,2513280,2014-10-15T00:00:00Z,294,294,0,151,143,151,151,NA,Unknown,Water level accuracy to nearest tenth of a foot,5317,Mid-Kaweah GSA,NA,5317,Mid-Kaweah GSA,NA,NA,54646,NA,KSB-1427,Unknown,Unknown,5-022.11,Kaweah,Tulare,NA,Unknown,Single Well,NA,1993-09-15 - 2017-12-15,163,fall,85,159,NA,NA,2015,18030012,Critical,Critical,2014-10-01T00:00:00Z,2015-10-01T00:00:00Z,-119.394,36.325
363250N1193935W001,2513270,2014-08-15T00:00:00Z,294,294,0,146,148,146,146,NA,Unknown,Water level accuracy to nearest tenth of a foot,5317,Mid-Kaweah GSA,NA,5317,Mid-Kaweah GSA,NA,NA,54646,NA,KSB-1427,Unknown,Unknown,5-022.11,Kaweah,Tulare,NA,Unknown,Single Well,NA,1993-09-15 - 2017-12-15,163,fall,85,159,NA,NA,2014,18030012,Critical,Critical,2013-10-01T00:00:00Z,2014-10-01T00:00:00Z,-119.394,36.325
363250N1193935W001,2513259,2014-06-15T00:00:00Z,294,294,0,141,153,141,141,NA,Unknown,Water level accuracy to nearest tenth of a foot,5317,Mid-Kaweah GSA,NA,5317,Mid-Kaweah GSA,NA,NA,54646,NA,KSB-1427,Unknown,Unknown,5-022.11,Kaweah,Tulare,NA,Unknown,Single Well,NA,1993-09-15 - 2017-12-15,163,other,NA,NA,NA,NA,2014,18030012,Critical,Critical,2013-10-01T00:00:00Z,2014-10-01T00:00:00Z,-119.394,36.325
363250N1193935W001,2513250,2014-04-15T00:00:00Z,294,294,0,132,162,132,132,NA,Unknown,Water level accuracy to nearest tenth of a foot,5317,Mid-Kaweah GSA,NA,5317,Mid-Kaweah GSA,NA,NA,54646,NA,KSB-1427,Unknown,Unknown,5-022.11,Kaweah,Tulare,NA,Unknown,Single Well,NA,1993-09-15 - 2017-12-15,163,spring,NA,NA,84,152,2014,18030012,Critical,Critical,2013-10-01T00:00:00Z,2014-10-01T00:00:00Z,-119.394,36.325
363250N1193935W001,2513241,2014-02-15T00:00:00Z,294,294,0,131,163,131,131,NA,Unknown,Water level accuracy to nearest tenth of a foot,5317,Mid-Kaweah GSA,NA,5317,Mid-Kaweah GSA,NA,NA,54646,NA,KSB-1427,Unknown,Unknown,5-022.11,Kaweah,Tulare,NA,Unknown,Single Well,NA,1993-09-15 - 2017-12-15,163,other,NA,NA,NA,NA,2014,18030012,Critical,Critical,2013-10-01T00:00:00Z,2014-10-01T00:00:00Z,-119.394,36.325
363250N1193935W001,2513234,2013-12-15T00:00:00Z,294,294,0,129,165,129,129,NA,Unknown,Water level accuracy to nearest tenth of a foot,5317,Mid-Kaweah GSA,NA,5317,Mid-Kaweah GSA,NA,NA,54646,NA,KSB-1427,Unknown,Unknown,5-022.11,Kaweah,Tulare,NA,Unknown,Single Well,NA,1993-09-15 - 2017-12-15,163,other,NA,NA,NA,NA,2014,18030012,Critical,Critical,2013-10-01T00:00:00Z,2014-10-01T00:00:00Z,-119.394,36.325
363250N1193935W001,2513225,2013-10-15T00:00:00Z,294,294,0,135,159,135,135,NA,Unknown,Water level accuracy to nearest tenth of a foot,5317,Mid-Kaweah GSA,NA,5317,Mid-Kaweah GSA,NA,NA,54646,NA,KSB-1427,Unknown,Unknown,5-022.11,Kaweah,Tulare,NA,Unknown,Single Well,NA,1993-09-15 - 2017-12-15,163,fall,85,159,NA,NA,2014,18030012,Critical,Critical,2013-10-01T00:00:00Z,2014-10-01T00:00:00Z,-119.394,36.325
363250N1193935W001,2513215,2013-08-15T00:00:00Z,294,294,0,132,162,132,132,NA,Unknown,Water level accuracy to nearest tenth of a foot,5317,Mid-Kaweah GSA,NA,5317,Mid-Kaweah GSA,NA,NA,54646,NA,KSB-1427,Unknown,Unknown,5-022.11,Kaweah,Tulare,NA,Unknown,Single Well,NA,1993-09-15 - 2017-12-15,163,fall,85,159,NA,NA,2013,18030012,Critical,Critical,2012-10-01T00:00:00Z,2013-10-01T00:00:00Z,-119.394,36.325
363250N1193935W001,2513358,2013-06-15T00:00:00Z,294,294,0,134,160,134,134,NA,Unknown,Water level accuracy to nearest tenth of a foot,5317,Mid-Kaweah GSA,NA,5317,Mid-Kaweah GSA,NA,NA,54646,NA,KSB-1427,Unknown,Unknown,5-022.11,Kaweah,Tulare,NA,Unknown,Single Well,NA,1993-09-15 - 2017-12-15,163,other,NA,NA,NA,NA,2013,18030012,Critical,Critical,2012-10-01T00:00:00Z,2013-10-01T00:00:00Z,-119.394,36.325
363250N1193935W001,2513347,2013-04-15T00:00:00Z,294,294,0,130,164,130,130,NA,Unknown,Water level accuracy to nearest tenth of a foot,5317,Mid-Kaweah GSA,NA,5317,Mid-Kaweah GSA,NA,NA,54646,NA,KSB-1427,Unknown,Unknown,5-022.11,Kaweah,Tulare,NA,Unknown,Single Well,NA,1993-09-15 - 2017-12-15,163,spring,NA,NA,84,152,2013,18030012,Critical,Critical,2012-10-01T00:00:00Z,2013-10-01T00:00:00Z,-119.394,36.325
363250N1193935W001,2513336,2012-12-15T00:00:00Z,294,294,0,123,171,123,123,NA,Unknown,Water level accuracy to nearest tenth of a foot,5317,Mid-Kaweah GSA,NA,5317,Mid-Kaweah GSA,NA,NA,54646,NA,KSB-1427,Unknown,Unknown,5-022.11,Kaweah,Tulare,NA,Unknown,Single Well,NA,1993-09-15 - 2017-12-15,163,other,NA,NA,NA,NA,2013,18030012,Critical,Critical,2012-10-01T00:00:00Z,2013-10-01T00:00:00Z,-119.394,36.325
363250N1193935W001,2513316,2012-10-15T00:00:00Z,294,294,0,125,169,125,125,NA,Unknown,Water level accuracy to nearest tenth of a foot,5317,Mid-Kaweah GSA,NA,5317,Mid-Kaweah GSA,NA,NA,54646,NA,KSB-1427,Unknown,Unknown,5-022.11,Kaweah,Tulare,NA,Unknown,Single Well,NA,1993-09-15 - 2017-12-15,163,fall,85,159,NA,NA,2013,18030012,Critical,Critical,2012-10-01T00:00:00Z,2013-10-01T00:00:00Z,-119.394,36.325
363250N1193935W001,2513309,2012-08-15T00:00:00Z,294,294,0,140,154,140,140,NA,Unknown,Water level accuracy to nearest tenth of a foot,5317,Mid-Kaweah GSA,NA,5317,Mid-Kaweah GSA,NA,NA,54646,NA,KSB-1427,Unknown,Unknown,5-022.11,Kaweah,Tulare,NA,Unknown,Single Well,NA,1993-09-15 - 2017-12-15,163,fall,85,159,NA,NA,2012,18030012,Below Normal,Below Normal,2011-10-01T00:00:00Z,2012-10-01T00:00:00Z,-119.394,36.325
363250N1193935W001,2510360,2012-06-15T00:00:00Z,294,294,0,133,161,133,133,NA,Unknown,Water level accuracy to nearest tenth of a foot,5317,Mid-Kaweah GSA,NA,5317,Mid-Kaweah GSA,NA,NA,54646,NA,KSB-1427,Unknown,Unknown,5-022.11,Kaweah,Tulare,NA,Unknown,Single Well,NA,1993-09-15 - 2017-12-15,163,other,NA,NA,NA,NA,2012,18030012,Below Normal,Below Normal,2011-10-01T00:00:00Z,2012-10-01T00:00:00Z,-119.394,36.325
363250N1193935W001,2510355,2012-04-15T00:00:00Z,294,294,0,116,178,116,116,NA,Unknown,Water level accuracy to nearest tenth of a foot,5317,Mid-Kaweah GSA,NA,5317,Mid-Kaweah GSA,NA,NA,54646,NA,KSB-1427,Unknown,Unknown,5-022.11,Kaweah,Tulare,NA,Unknown,Single Well,NA,1993-09-15 - 2017-12-15,163,spring,NA,NA,84,152,2012,18030012,Below Normal,Below Normal,2011-10-01T00:00:00Z,2012-10-01T00:00:00Z,-119.394,36.325
363250N1193935W001,2510394,2012-02-15T00:00:00Z,294,294,0,115,179,115,115,NA,Unknown,Water level accuracy to nearest tenth of a foot,5317,Mid-Kaweah GSA,NA,5317,Mid-Kaweah GSA,NA,NA,54646,NA,KSB-1427,Unknown,Unknown,5-022.11,Kaweah,Tulare,NA,Unknown,Single Well,NA,1993-09-15 - 2017-12-15,163,other,NA,NA,NA,NA,2012,18030012,Below Normal,Below Normal,2011-10-01T00:00:00Z,2012-10-01T00:00:00Z,-119.394,36.325
363250N1193935W001,2510389,2011-12-15T00:00:00Z,294,294,0,115,179,115,115,NA,Unknown,Water level accuracy to nearest tenth of a foot,5317,Mid-Kaweah GSA,NA,5317,Mid-Kaweah GSA,NA,NA,54646,NA,KSB-1427,Unknown,Unknown,5-022.11,Kaweah,Tulare,NA,Unknown,Single Well,NA,1993-09-15 - 2017-12-15,163,other,NA,NA,NA,NA,2012,18030012,Below Normal,Below Normal,2011-10-01T00:00:00Z,2012-10-01T00:00:00Z,-119.394,36.325
363250N1193935W001,2510384,2011-10-15T00:00:00Z,294,294,0,120,174,120,120,NA,Unknown,Water level accuracy to nearest tenth of a foot,5317,Mid-Kaweah GSA,NA,5317,Mid-Kaweah GSA,NA,NA,54646,NA,KSB-1427,Unknown,Unknown,5-022.11,Kaweah,Tulare,NA,Unknown,Single Well,NA,1993-09-15 - 2017-12-15,163,fall,85,159,NA,NA,2012,18030012,Below Normal,Below Normal,2011-10-01T00:00:00Z,2012-10-01T00:00:00Z,-119.394,36.325
363250N1193935W001,2510379,2011-08-15T00:00:00Z,294,294,0,125,169,125,125,NA,Unknown,Water level accuracy to nearest tenth of a foot,5317,Mid-Kaweah GSA,NA,5317,Mid-Kaweah GSA,NA,NA,54646,NA,KSB-1427,Unknown,Unknown,5-022.11,Kaweah,Tulare,NA,Unknown,Single Well,NA,1993-09-15 - 2017-12-15,163,fall,85,159,NA,NA,2011,18030012,Wet,Wet,2010-10-01T00:00:00Z,2011-10-01T00:00:00Z,-119.394,36.325
363250N1193935W001,2510374,2011-06-15T00:00:00Z,294,294,0,118,176,118,118,NA,Unknown,Water level accuracy to nearest tenth of a foot,5317,Mid-Kaweah GSA,NA,5317,Mid-Kaweah GSA,NA,NA,54646,NA,KSB-1427,Unknown,Unknown,5-022.11,Kaweah,Tulare,NA,Unknown,Single Well,NA,1993-09-15 - 2017-12-15,163,other,NA,NA,NA,NA,2011,18030012,Wet,Wet,2010-10-01T00:00:00Z,2011-10-01T00:00:00Z,-119.394,36.325
363250N1193935W001,2510369,2011-04-15T00:00:00Z,294,294,0,119,175,119,119,NA,Unknown,Water level accuracy to nearest tenth of a foot,5317,Mid-Kaweah GSA,NA,5317,Mid-Kaweah GSA,NA,NA,54646,NA,KSB-1427,Unknown,Unknown,5-022.11,Kaweah,Tulare,NA,Unknown,Single Well,NA,1993-09-15 - 2017-12-15,163,spring,NA,NA,84,152,2011,18030012,Wet,Wet,2010-10-01T00:00:00Z,2011-10-01T00:00:00Z,-119.394,36.325
363250N1193935W001,2510364,2011-02-15T00:00:00Z,294,294,0,117,177,117,117,NA,Unknown,Water level accuracy to nearest tenth of a foot,5317,Mid-Kaweah GSA,NA,5317,Mid-Kaweah GSA,NA,NA,54646,NA,KSB-1427,Unknown,Unknown,5-022.11,Kaweah,Tulare,NA,Unknown,Single Well,NA,1993-09-15 - 2017-12-15,163,other,NA,NA,NA,NA,2011,18030012,Wet,Wet,2010-10-01T00:00:00Z,2011-10-01T00:00:00Z,-119.394,36.325
363250N1193935W001,2510349,2010-12-15T00:00:00Z,294,294,0,119,175,119,119,NA,Unknown,Water level accuracy to nearest tenth of a foot,5317,Mid-Kaweah GSA,NA,5317,Mid-Kaweah GSA,NA,NA,54646,NA,KSB-1427,Unknown,Unknown,5-022.11,Kaweah,Tulare,NA,Unknown,Single Well,NA,1993-09-15 - 2017-12-15,163,other,NA,NA,NA,NA,2011,18030012,Wet,Wet,2010-10-01T00:00:00Z,2011-10-01T00:00:00Z,-119.394,36.325
363250N1193935W001,2510343,2010-10-15T00:00:00Z,294,294,0,140,154,140,140,NA,Unknown,Water level accuracy to nearest tenth of a foot,5317,Mid-Kaweah GSA,NA,5317,Mid-Kaweah GSA,NA,NA,54646,NA,KSB-1427,Unknown,Unknown,5-022.11,Kaweah,Tulare,NA,Unknown,Single Well,NA,1993-09-15 - 2017-12-15,163,fall,85,159,NA,NA,2011,18030012,Wet,Wet,2010-10-01T00:00:00Z,2011-10-01T00:00:00Z,-119.394,36.325
363250N1193935W001,2510413,2010-08-15T00:00:00Z,294,294,0,139,155,139,139,NA,Unknown,Water level accuracy to nearest tenth of a foot,5317,Mid-Kaweah GSA,NA,5317,Mid-Kaweah GSA,NA,NA,54646,NA,KSB-1427,Unknown,Unknown,5-022.11,Kaweah,Tulare,NA,Unknown,Single Well,NA,1993-09-15 - 2017-12-15,163,fall,85,159,NA,NA,2010,18030012,Above Normal,Above Normal,2009-10-01T00:00:00Z,2010-10-01T00:00:00Z,-119.394,36.325
363250N1193935W001,2510299,2008-08-15T00:00:00Z,294,294,0,131,163,131,131,NA,Unknown,Water level accuracy to nearest tenth of a foot,5317,Mid-Kaweah GSA,NA,5317,Mid-Kaweah GSA,NA,NA,54646,NA,KSB-1427,Unknown,Unknown,5-022.11,Kaweah,Tulare,NA,Unknown,Single Well,NA,1993-09-15 - 2017-12-15,163,fall,85,159,NA,NA,2008,18030012,Critical,Critical,2007-10-01T00:00:00Z,2008-10-01T00:00:00Z,-119.394,36.325
363250N1193935W001,2510294,2008-06-15T00:00:00Z,294,294,0,132,162,132,132,NA,Unknown,Water level accuracy to nearest tenth of a foot,5317,Mid-Kaweah GSA,NA,5317,Mid-Kaweah GSA,NA,NA,54646,NA,KSB-1427,Unknown,Unknown,5-022.11,Kaweah,Tulare,NA,Unknown,Single Well,NA,1993-09-15 - 2017-12-15,163,other,NA,NA,NA,NA,2008,18030012,Critical,Critical,2007-10-01T00:00:00Z,2008-10-01T00:00:00Z,-119.394,36.325
363250N1193935W001,2510289,2008-04-15T00:00:00Z,294,294,0,126,168,126,126,NA,Unknown,Water level accuracy to nearest tenth of a foot,5317,Mid-Kaweah GSA,NA,5317,Mid-Kaweah GSA,NA,NA,54646,NA,KSB-1427,Unknown,Unknown,5-022.11,Kaweah,Tulare,NA,Unknown,Single Well,NA,1993-09-15 - 2017-12-15,163,spring,NA,NA,84,152,2008,18030012,Critical,Critical,2007-10-01T00:00:00Z,2008-10-01T00:00:00Z,-119.394,36.325
363250N1193935W001,2510284,2008-02-15T00:00:00Z,294,294,0,110,184,110,110,NA,Unknown,Water level accuracy to nearest tenth of a foot,5317,Mid-Kaweah GSA,NA,5317,Mid-Kaweah GSA,NA,NA,54646,NA,KSB-1427,Unknown,Unknown,5-022.11,Kaweah,Tulare,NA,Unknown,Single Well,NA,1993-09-15 - 2017-12-15,163,other,NA,NA,NA,NA,2008,18030012,Critical,Critical,2007-10-01T00:00:00Z,2008-10-01T00:00:00Z,-119.394,36.325
363250N1193935W001,2510271,2007-08-15T00:00:00Z,294,294,0,130,164,130,130,NA,Unknown,Water level accuracy to nearest tenth of a foot,5317,Mid-Kaweah GSA,NA,5317,Mid-Kaweah GSA,NA,NA,54646,NA,KSB-1427,Unknown,Unknown,5-022.11,Kaweah,Tulare,NA,Unknown,Single Well,NA,1993-09-15 - 2017-12-15,163,fall,85,159,NA,NA,2007,18030012,Critical,Critical,2006-10-01T00:00:00Z,2007-10-01T00:00:00Z,-119.394,36.325
363250N1193935W001,2510252,2007-06-15T00:00:00Z,294,294,0,124,170,124,124,NA,Unknown,Water level accuracy to nearest tenth of a foot,5317,Mid-Kaweah GSA,NA,5317,Mid-Kaweah GSA,NA,NA,54646,NA,KSB-1427,Unknown,Unknown,5-022.11,Kaweah,Tulare,NA,Unknown,Single Well,NA,1993-09-15 - 2017-12-15,163,other,NA,NA,NA,NA,2007,18030012,Critical,Critical,2006-10-01T00:00:00Z,2007-10-01T00:00:00Z,-119.394,36.325
363250N1193935W001,2510247,2007-04-15T00:00:00Z,294,294,0,111,183,111,111,NA,Unknown,Water level accuracy to nearest tenth of a foot,5317,Mid-Kaweah GSA,NA,5317,Mid-Kaweah GSA,NA,NA,54646,NA,KSB-1427,Unknown,Unknown,5-022.11,Kaweah,Tulare,NA,Unknown,Single Well,NA,1993-09-15 - 2017-12-15,163,spring,NA,NA,84,152,2007,18030012,Critical,Critical,2006-10-01T00:00:00Z,2007-10-01T00:00:00Z,-119.394,36.325
363250N1193935W001,2510242,2007-02-15T00:00:00Z,294,294,0,110,184,110,110,NA,Unknown,Water level accuracy to nearest tenth of a foot,5317,Mid-Kaweah GSA,NA,5317,Mid-Kaweah GSA,NA,NA,54646,NA,KSB-1427,Unknown,Unknown,5-022.11,Kaweah,Tulare,NA,Unknown,Single Well,NA,1993-09-15 - 2017-12-15,163,other,NA,NA,NA,NA,2007,18030012,Critical,Critical,2006-10-01T00:00:00Z,2007-10-01T00:00:00Z,-119.394,36.325
363250N1193935W001,2510338,2006-12-15T00:00:00Z,294,294,0,105,189,105,105,NA,Unknown,Water level accuracy to nearest tenth of a foot,5317,Mid-Kaweah GSA,NA,5317,Mid-Kaweah GSA,NA,NA,54646,NA,KSB-1427,Unknown,Unknown,5-022.11,Kaweah,Tulare,NA,Unknown,Single Well,NA,1993-09-15 - 2017-12-15,163,other,NA,NA,NA,NA,2007,18030012,Critical,Critical,2006-10-01T00:00:00Z,2007-10-01T00:00:00Z,-119.394,36.325
363250N1193935W001,2510333,2006-10-15T00:00:00Z,294,294,0,110,184,110,110,NA,Unknown,Water level accuracy to nearest tenth of a foot,5317,Mid-Kaweah GSA,NA,5317,Mid-Kaweah GSA,NA,NA,54646,NA,KSB-1427,Unknown,Unknown,5-022.11,Kaweah,Tulare,NA,Unknown,Single Well,NA,1993-09-15 - 2017-12-15,163,fall,85,159,NA,NA,2007,18030012,Critical,Critical,2006-10-01T00:00:00Z,2007-10-01T00:00:00Z,-119.394,36.325
363250N1193935W001,2510327,2006-08-15T00:00:00Z,294,294,0,123,171,123,123,NA,Unknown,Water level accuracy to nearest tenth of a foot,5317,Mid-Kaweah GSA,NA,5317,Mid-Kaweah GSA,NA,NA,54646,NA,KSB-1427,Unknown,Unknown,5-022.11,Kaweah,Tulare,NA,Unknown,Single Well,NA,1993-09-15 - 2017-12-15,163,fall,85,159,NA,NA,2006,18030012,Wet,Wet,2005-10-01T00:00:00Z,2006-10-01T00:00:00Z,-119.394,36.325
363250N1193935W001,2510322,2006-06-15T00:00:00Z,294,294,0,112,182,112,112,NA,Unknown,Water level accuracy to nearest tenth of a foot,5317,Mid-Kaweah GSA,NA,5317,Mid-Kaweah GSA,NA,NA,54646,NA,KSB-1427,Unknown,Unknown,5-022.11,Kaweah,Tulare,NA,Unknown,Single Well,NA,1993-09-15 - 2017-12-15,163,other,NA,NA,NA,NA,2006,18030012,Wet,Wet,2005-10-01T00:00:00Z,2006-10-01T00:00:00Z,-119.394,36.325
363250N1193935W001,2510316,2006-04-15T00:00:00Z,294,294,0,107,187,107,107,NA,Unknown,Water level accuracy to nearest tenth of a foot,5317,Mid-Kaweah GSA,NA,5317,Mid-Kaweah GSA,NA,NA,54646,NA,KSB-1427,Unknown,Unknown,5-022.11,Kaweah,Tulare,NA,Unknown,Single Well,NA,1993-09-15 - 2017-12-15,163,spring,NA,NA,84,152,2006,18030012,Wet,Wet,2005-10-01T00:00:00Z,2006-10-01T00:00:00Z,-119.394,36.325
363250N1193935W001,2513583,2006-02-15T00:00:00Z,294,294,0,104,190,104,104,NA,Unknown,Water level accuracy to nearest tenth of a foot,5317,Mid-Kaweah GSA,NA,5317,Mid-Kaweah GSA,NA,NA,54646,NA,KSB-1427,Unknown,Unknown,5-022.11,Kaweah,Tulare,NA,Unknown,Single Well,NA,1993-09-15 - 2017-12-15,163,other,NA,NA,NA,NA,2006,18030012,Wet,Wet,2005-10-01T00:00:00Z,2006-10-01T00:00:00Z,-119.394,36.325
363250N1193935W001,2513577,2005-12-15T00:00:00Z,294,294,0,110,184,110,110,NA,Unknown,Water level accuracy to nearest tenth of a foot,5317,Mid-Kaweah GSA,NA,5317,Mid-Kaweah GSA,NA,NA,54646,NA,KSB-1427,Unknown,Unknown,5-022.11,Kaweah,Tulare,NA,Unknown,Single Well,NA,1993-09-15 - 2017-12-15,163,other,NA,NA,NA,NA,2006,18030012,Wet,Wet,2005-10-01T00:00:00Z,2006-10-01T00:00:00Z,-119.394,36.325
363250N1193935W001,2513555,2005-10-15T00:00:00Z,294,294,0,122,172,122,122,NA,Unknown,Water level accuracy to nearest tenth of a foot,5317,Mid-Kaweah GSA,NA,5317,Mid-Kaweah GSA,NA,NA,54646,NA,KSB-1427,Unknown,Unknown,5-022.11,Kaweah,Tulare,NA,Unknown,Single Well,NA,1993-09-15 - 2017-12-15,163,fall,85,159,NA,NA,2006,18030012,Wet,Wet,2005-10-01T00:00:00Z,2006-10-01T00:00:00Z,-119.394,36.325
363250N1193935W001,2513549,2005-08-15T00:00:00Z,294,294,0,123,171,123,123,NA,Unknown,Water level accuracy to nearest tenth of a foot,5317,Mid-Kaweah GSA,NA,5317,Mid-Kaweah GSA,NA,NA,54646,NA,KSB-1427,Unknown,Unknown,5-022.11,Kaweah,Tulare,NA,Unknown,Single Well,NA,1993-09-15 - 2017-12-15,163,fall,85,159,NA,NA,2005,18030012,Wet,Wet,2004-10-01T00:00:00Z,2005-10-01T00:00:00Z,-119.394,36.325
363250N1193935W001,2513612,2005-06-15T00:00:00Z,294,294,0,118,176,118,118,NA,Unknown,Water level accuracy to nearest tenth of a foot,5317,Mid-Kaweah GSA,NA,5317,Mid-Kaweah GSA,NA,NA,54646,NA,KSB-1427,Unknown,Unknown,5-022.11,Kaweah,Tulare,NA,Unknown,Single Well,NA,1993-09-15 - 2017-12-15,163,other,NA,NA,NA,NA,2005,18030012,Wet,Wet,2004-10-01T00:00:00Z,2005-10-01T00:00:00Z,-119.394,36.325
363250N1193935W001,2513525,2005-04-15T00:00:00Z,294,294,0,111,183,111,111,NA,Unknown,Water level accuracy to nearest tenth of a foot,5317,Mid-Kaweah GSA,NA,5317,Mid-Kaweah GSA,NA,NA,54646,NA,KSB-1427,Unknown,Unknown,5-022.11,Kaweah,Tulare,NA,Unknown,Single Well,NA,1993-09-15 - 2017-12-15,163,spring,NA,NA,84,152,2005,18030012,Wet,Wet,2004-10-01T00:00:00Z,2005-10-01T00:00:00Z,-119.394,36.325
363250N1193935W001,2513520,2005-02-15T00:00:00Z,294,294,0,110,184,110,110,NA,Unknown,Water level accuracy to nearest tenth of a foot,5317,Mid-Kaweah GSA,NA,5317,Mid-Kaweah GSA,NA,NA,54646,NA,KSB-1427,Unknown,Unknown,5-022.11,Kaweah,Tulare,NA,Unknown,Single Well,NA,1993-09-15 - 2017-12-15,163,other,NA,NA,NA,NA,2005,18030012,Wet,Wet,2004-10-01T00:00:00Z,2005-10-01T00:00:00Z,-119.394,36.325
363250N1193935W001,2513494,2004-12-15T00:00:00Z,294,294,0,110,184,110,110,NA,Unknown,Water level accuracy to nearest tenth of a foot,5317,Mid-Kaweah GSA,NA,5317,Mid-Kaweah GSA,NA,NA,54646,NA,KSB-1427,Unknown,Unknown,5-022.11,Kaweah,Tulare,NA,Unknown,Single Well,NA,1993-09-15 - 2017-12-15,163,other,NA,NA,NA,NA,2005,18030012,Wet,Wet,2004-10-01T00:00:00Z,2005-10-01T00:00:00Z,-119.394,36.325
363250N1193935W001,2513466,2004-10-15T00:00:00Z,294,294,0,117,177,117,117,NA,Unknown,Water level accuracy to nearest tenth of a foot,5317,Mid-Kaweah GSA,NA,5317,Mid-Kaweah GSA,NA,NA,54646,NA,KSB-1427,Unknown,Unknown,5-022.11,Kaweah,Tulare,NA,Unknown,Single Well,NA,1993-09-15 - 2017-12-15,163,fall,85,159,NA,NA,2005,18030012,Wet,Wet,2004-10-01T00:00:00Z,2005-10-01T00:00:00Z,-119.394,36.325
363250N1193935W001,2513437,2004-08-15T00:00:00Z,294,294,0,131,163,131,131,NA,Unknown,Water level accuracy to nearest tenth of a foot,5317,Mid-Kaweah GSA,NA,5317,Mid-Kaweah GSA,NA,NA,54646,NA,KSB-1427,Unknown,Unknown,5-022.11,Kaweah,Tulare,NA,Unknown,Single Well,NA,1993-09-15 - 2017-12-15,163,fall,85,159,NA,NA,2004,18030012,Dry,Dry,2003-10-01T00:00:00Z,2004-10-01T00:00:00Z,-119.394,36.325
363250N1193935W001,2513432,2004-06-15T00:00:00Z,294,294,0,125,169,125,125,NA,Unknown,Water level accuracy to nearest tenth of a foot,5317,Mid-Kaweah GSA,NA,5317,Mid-Kaweah GSA,NA,NA,54646,NA,KSB-1427,Unknown,Unknown,5-022.11,Kaweah,Tulare,NA,Unknown,Single Well,NA,1993-09-15 - 2017-12-15,163,other,NA,NA,NA,NA,2004,18030012,Dry,Dry,2003-10-01T00:00:00Z,2004-10-01T00:00:00Z,-119.394,36.325
363250N1193935W001,2513401,2004-04-15T00:00:00Z,294,294,0,115,179,115,115,NA,Unknown,Water level accuracy to nearest tenth of a foot,5317,Mid-Kaweah GSA,NA,5317,Mid-Kaweah GSA,NA,NA,54646,NA,KSB-1427,Unknown,Unknown,5-022.11,Kaweah,Tulare,NA,Unknown,Single Well,NA,1993-09-15 - 2017-12-15,163,spring,NA,NA,84,152,2004,18030012,Dry,Dry,2003-10-01T00:00:00Z,2004-10-01T00:00:00Z,-119.394,36.325
363250N1193935W001,2513373,2004-02-15T00:00:00Z,294,294,0,105,189,105,105,NA,Unknown,Water level accuracy to nearest tenth of a foot,5317,Mid-Kaweah GSA,NA,5317,Mid-Kaweah GSA,NA,NA,54646,NA,KSB-1427,Unknown,Unknown,5-022.11,Kaweah,Tulare,NA,Unknown,Single Well,NA,1993-09-15 - 2017-12-15,163,other,NA,NA,NA,NA,2004,18030012,Dry,Dry,2003-10-01T00:00:00Z,2004-10-01T00:00:00Z,-119.394,36.325
363250N1193935W001,2513815,2003-12-15T00:00:00Z,294,294,0,104,190,104,104,NA,Unknown,Water level accuracy to nearest tenth of a foot,5317,Mid-Kaweah GSA,NA,5317,Mid-Kaweah GSA,NA,NA,54646,NA,KSB-1427,Unknown,Unknown,5-022.11,Kaweah,Tulare,NA,Unknown,Single Well,NA,1993-09-15 - 2017-12-15,163,other,NA,NA,NA,NA,2004,18030012,Dry,Dry,2003-10-01T00:00:00Z,2004-10-01T00:00:00Z,-119.394,36.325
363250N1193935W001,2513786,2003-10-15T00:00:00Z,294,294,0,113,181,113,113,NA,Unknown,Water level accuracy to nearest tenth of a foot,5317,Mid-Kaweah GSA,NA,5317,Mid-Kaweah GSA,NA,NA,54646,NA,KSB-1427,Unknown,Unknown,5-022.11,Kaweah,Tulare,NA,Unknown,Single Well,NA,1993-09-15 - 2017-12-15,163,fall,85,159,NA,NA,2004,18030012,Dry,Dry,2003-10-01T00:00:00Z,2004-10-01T00:00:00Z,-119.394,36.325
363250N1193935W001,2513780,2003-08-15T00:00:00Z,294,294,0,127,167,127,127,NA,Unknown,Water level accuracy to nearest tenth of a foot,5317,Mid-Kaweah GSA,NA,5317,Mid-Kaweah GSA,NA,NA,54646,NA,KSB-1427,Unknown,Unknown,5-022.11,Kaweah,Tulare,NA,Unknown,Single Well,NA,1993-09-15 - 2017-12-15,163,fall,85,159,NA,NA,2003,18030012,Dry,Dry,2002-10-01T00:00:00Z,2003-10-01T00:00:00Z,-119.394,36.325
363250N1193935W001,2513749,2003-06-15T00:00:00Z,294,294,0,112,182,112,112,NA,Unknown,Water level accuracy to nearest tenth of a foot,5317,Mid-Kaweah GSA,NA,5317,Mid-Kaweah GSA,NA,NA,54646,NA,KSB-1427,Unknown,Unknown,5-022.11,Kaweah,Tulare,NA,Unknown,Single Well,NA,1993-09-15 - 2017-12-15,163,other,NA,NA,NA,NA,2003,18030012,Dry,Dry,2002-10-01T00:00:00Z,2003-10-01T00:00:00Z,-119.394,36.325
363250N1193935W001,2513723,2003-04-15T00:00:00Z,294,294,0,108,186,108,108,NA,Unknown,Water level accuracy to nearest tenth of a foot,5317,Mid-Kaweah GSA,NA,5317,Mid-Kaweah GSA,NA,NA,54646,NA,KSB-1427,Unknown,Unknown,5-022.11,Kaweah,Tulare,NA,Unknown,Single Well,NA,1993-09-15 - 2017-12-15,163,spring,NA,NA,84,152,2003,18030012,Dry,Dry,2002-10-01T00:00:00Z,2003-10-01T00:00:00Z,-119.394,36.325
363250N1193935W001,2513692,2003-02-15T00:00:00Z,294,294,0,101,193,101,101,NA,Unknown,Water level accuracy to nearest tenth of a foot,5317,Mid-Kaweah GSA,NA,5317,Mid-Kaweah GSA,NA,NA,54646,NA,KSB-1427,Unknown,Unknown,5-022.11,Kaweah,Tulare,NA,Unknown,Single Well,NA,1993-09-15 - 2017-12-15,163,other,NA,NA,NA,NA,2003,18030012,Dry,Dry,2002-10-01T00:00:00Z,2003-10-01T00:00:00Z,-119.394,36.325
363250N1193935W001,2513687,2002-12-15T00:00:00Z,294,294,0,100,194,100,100,NA,Unknown,Water level accuracy to nearest tenth of a foot,5317,Mid-Kaweah GSA,NA,5317,Mid-Kaweah GSA,NA,NA,54646,NA,KSB-1427,Unknown,Unknown,5-022.11,Kaweah,Tulare,NA,Unknown,Single Well,NA,1993-09-15 - 2017-12-15,163,other,NA,NA,NA,NA,2003,18030012,Dry,Dry,2002-10-01T00:00:00Z,2003-10-01T00:00:00Z,-119.394,36.325
363250N1193935W001,2513639,2002-10-15T00:00:00Z,294,294,0,108,186,108,108,NA,Unknown,Water level accuracy to nearest tenth of a foot,5317,Mid-Kaweah GSA,NA,5317,Mid-Kaweah GSA,NA,NA,54646,NA,KSB-1427,Unknown,Unknown,5-022.11,Kaweah,Tulare,NA,Unknown,Single Well,NA,1993-09-15 - 2017-12-15,163,fall,85,159,NA,NA,2003,18030012,Dry,Dry,2002-10-01T00:00:00Z,2003-10-01T00:00:00Z,-119.394,36.325
363250N1193935W001,2513633,2002-08-15T00:00:00Z,294,294,0,120,174,120,120,NA,Unknown,Water level accuracy to nearest tenth of a foot,5317,Mid-Kaweah GSA,NA,5317,Mid-Kaweah GSA,NA,NA,54646,NA,KSB-1427,Unknown,Unknown,5-022.11,Kaweah,Tulare,NA,Unknown,Single Well,NA,1993-09-15 - 2017-12-15,163,fall,85,159,NA,NA,2002,18030012,Critical,Critical,2001-10-01T00:00:00Z,2002-10-01T00:00:00Z,-119.394,36.325
363250N1193935W001,2513603,2002-06-15T00:00:00Z,294,294,0,112,182,112,112,NA,Unknown,Water level accuracy to nearest tenth of a foot,5317,Mid-Kaweah GSA,NA,5317,Mid-Kaweah GSA,NA,NA,54646,NA,KSB-1427,Unknown,Unknown,5-022.11,Kaweah,Tulare,NA,Unknown,Single Well,NA,1993-09-15 - 2017-12-15,163,other,NA,NA,NA,NA,2002,18030012,Critical,Critical,2001-10-01T00:00:00Z,2002-10-01T00:00:00Z,-119.394,36.325
363250N1193935W001,2513572,2002-02-15T00:00:00Z,294,294,0,97,197,97,97,NA,Unknown,Water level accuracy to nearest tenth of a foot,5317,Mid-Kaweah GSA,NA,5317,Mid-Kaweah GSA,NA,NA,54646,NA,KSB-1427,Unknown,Unknown,5-022.11,Kaweah,Tulare,NA,Unknown,Single Well,NA,1993-09-15 - 2017-12-15,163,other,NA,NA,NA,NA,2002,18030012,Critical,Critical,2001-10-01T00:00:00Z,2002-10-01T00:00:00Z,-119.394,36.325
363250N1193935W001,2513545,2001-12-15T00:00:00Z,294,294,0,95,199,95,95,NA,Unknown,Water level accuracy to nearest tenth of a foot,5317,Mid-Kaweah GSA,NA,5317,Mid-Kaweah GSA,NA,NA,54646,NA,KSB-1427,Unknown,Unknown,5-022.11,Kaweah,Tulare,NA,Unknown,Single Well,NA,1993-09-15 - 2017-12-15,163,other,NA,NA,NA,NA,2002,18030012,Critical,Critical,2001-10-01T00:00:00Z,2002-10-01T00:00:00Z,-119.394,36.325
363250N1193935W001,2513516,2001-10-15T00:00:00Z,294,294,0,101,193,101,101,NA,Unknown,Water level accuracy to nearest tenth of a foot,5317,Mid-Kaweah GSA,NA,5317,Mid-Kaweah GSA,NA,NA,54646,NA,KSB-1427,Unknown,Unknown,5-022.11,Kaweah,Tulare,NA,Unknown,Single Well,NA,1993-09-15 - 2017-12-15,163,fall,85,159,NA,NA,2002,18030012,Critical,Critical,2001-10-01T00:00:00Z,2002-10-01T00:00:00Z,-119.394,36.325
363250N1193935W001,2513488,2001-08-15T00:00:00Z,294,294,0,114,180,114,114,NA,Unknown,Water level accuracy to nearest tenth of a foot,5317,Mid-Kaweah GSA,NA,5317,Mid-Kaweah GSA,NA,NA,54646,NA,KSB-1427,Unknown,Unknown,5-022.11,Kaweah,Tulare,NA,Unknown,Single Well,NA,1993-09-15 - 2017-12-15,163,fall,85,159,NA,NA,2001,18030012,Below Normal,Below Normal,2000-10-01T00:00:00Z,2001-10-01T00:00:00Z,-119.394,36.325
363250N1193935W001,2513462,2001-06-15T00:00:00Z,294,294,0,105,189,105,105,NA,Unknown,Water level accuracy to nearest tenth of a foot,5317,Mid-Kaweah GSA,NA,5317,Mid-Kaweah GSA,NA,NA,54646,NA,KSB-1427,Unknown,Unknown,5-022.11,Kaweah,Tulare,NA,Unknown,Single Well,NA,1993-09-15 - 2017-12-15,163,other,NA,NA,NA,NA,2001,18030012,Below Normal,Below Normal,2000-10-01T00:00:00Z,2001-10-01T00:00:00Z,-119.394,36.325
363250N1193935W001,2513456,2001-04-15T00:00:00Z,294,294,0,94,200,94,94,NA,Unknown,Water level accuracy to nearest tenth of a foot,5317,Mid-Kaweah GSA,NA,5317,Mid-Kaweah GSA,NA,NA,54646,NA,KSB-1427,Unknown,Unknown,5-022.11,Kaweah,Tulare,NA,Unknown,Single Well,NA,1993-09-15 - 2017-12-15,163,spring,NA,NA,84,152,2001,18030012,Below Normal,Below Normal,2000-10-01T00:00:00Z,2001-10-01T00:00:00Z,-119.394,36.325
363250N1193935W001,2513427,2001-02-15T00:00:00Z,294,294,0,90,204,90,90,NA,Unknown,Water level accuracy to nearest tenth of a foot,5317,Mid-Kaweah GSA,NA,5317,Mid-Kaweah GSA,NA,NA,54646,NA,KSB-1427,Unknown,Unknown,5-022.11,Kaweah,Tulare,NA,Unknown,Single Well,NA,1993-09-15 - 2017-12-15,163,other,NA,NA,NA,NA,2001,18030012,Below Normal,Below Normal,2000-10-01T00:00:00Z,2001-10-01T00:00:00Z,-119.394,36.325
363250N1193935W001,2513396,2001-01-15T00:00:00Z,294,294,0,91,203,91,91,NA,Unknown,Water level accuracy to nearest tenth of a foot,5317,Mid-Kaweah GSA,NA,5317,Mid-Kaweah GSA,NA,NA,54646,NA,KSB-1427,Unknown,Unknown,5-022.11,Kaweah,Tulare,NA,Unknown,Single Well,NA,1993-09-15 - 2017-12-15,163,other,NA,NA,NA,NA,2001,18030012,Below Normal,Below Normal,2000-10-01T00:00:00Z,2001-10-01T00:00:00Z,-119.394,36.325
363250N1193935W001,2513367,2000-12-15T00:00:00Z,294,294,0,89,205,89,89,NA,Unknown,Water level accuracy to nearest tenth of a foot,5317,Mid-Kaweah GSA,NA,5317,Mid-Kaweah GSA,NA,NA,54646,NA,KSB-1427,Unknown,Unknown,5-022.11,Kaweah,Tulare,NA,Unknown,Single Well,NA,1993-09-15 - 2017-12-15,163,other,NA,NA,NA,NA,2001,18030012,Below Normal,Below Normal,2000-10-01T00:00:00Z,2001-10-01T00:00:00Z,-119.394,36.325
363250N1193935W001,2513361,2000-11-15T00:00:00Z,294,294,0,90,204,90,90,NA,Unknown,Water level accuracy to nearest tenth of a foot,5317,Mid-Kaweah GSA,NA,5317,Mid-Kaweah GSA,NA,NA,54646,NA,KSB-1427,Unknown,Unknown,5-022.11,Kaweah,Tulare,NA,Unknown,Single Well,NA,1993-09-15 - 2017-12-15,163,fall,85,159,NA,NA,2001,18030012,Below Normal,Below Normal,2000-10-01T00:00:00Z,2001-10-01T00:00:00Z,-119.394,36.325
363250N1193935W001,2513809,2000-10-15T00:00:00Z,294,294,0,92,202,92,92,NA,Unknown,Water level accuracy to nearest tenth of a foot,5317,Mid-Kaweah GSA,NA,5317,Mid-Kaweah GSA,NA,NA,54646,NA,KSB-1427,Unknown,Unknown,5-022.11,Kaweah,Tulare,NA,Unknown,Single Well,NA,1993-09-15 - 2017-12-15,163,fall,85,159,NA,NA,2001,18030012,Below Normal,Below Normal,2000-10-01T00:00:00Z,2001-10-01T00:00:00Z,-119.394,36.325
363250N1193935W001,2513803,2000-09-15T00:00:00Z,294,294,0,98,196,98,98,NA,Unknown,Water level accuracy to nearest tenth of a foot,5317,Mid-Kaweah GSA,NA,5317,Mid-Kaweah GSA,NA,NA,54646,NA,KSB-1427,Unknown,Unknown,5-022.11,Kaweah,Tulare,NA,Unknown,Single Well,NA,1993-09-15 - 2017-12-15,163,fall,85,159,NA,NA,2000,18030012,Below Normal,Below Normal,1999-10-01T00:00:00Z,2000-10-01T00:00:00Z,-119.394,36.325
363250N1193935W001,2513774,2000-08-15T00:00:00Z,294,294,0,106,188,106,106,NA,Unknown,Water level accuracy to nearest tenth of a foot,5317,Mid-Kaweah GSA,NA,5317,Mid-Kaweah GSA,NA,NA,54646,NA,KSB-1427,Unknown,Unknown,5-022.11,Kaweah,Tulare,NA,Unknown,Single Well,NA,1993-09-15 - 2017-12-15,163,fall,85,159,NA,NA,2000,18030012,Below Normal,Below Normal,1999-10-01T00:00:00Z,2000-10-01T00:00:00Z,-119.394,36.325
363250N1193935W001,2513743,2000-07-15T00:00:00Z,294,294,0,102,192,102,102,NA,Unknown,Water level accuracy to nearest tenth of a foot,5317,Mid-Kaweah GSA,NA,5317,Mid-Kaweah GSA,NA,NA,54646,NA,KSB-1427,Unknown,Unknown,5-022.11,Kaweah,Tulare,NA,Unknown,Single Well,NA,1993-09-15 - 2017-12-15,163,other,NA,NA,NA,NA,2000,18030012,Below Normal,Below Normal,1999-10-01T00:00:00Z,2000-10-01T00:00:00Z,-119.394,36.325
363250N1193935W001,2513717,2000-06-15T00:00:00Z,294,294,0,96,198,96,96,NA,Unknown,Water level accuracy to nearest tenth of a foot,5317,Mid-Kaweah GSA,NA,5317,Mid-Kaweah GSA,NA,NA,54646,NA,KSB-1427,Unknown,Unknown,5-022.11,Kaweah,Tulare,NA,Unknown,Single Well,NA,1993-09-15 - 2017-12-15,163,other,NA,NA,NA,NA,2000,18030012,Below Normal,Below Normal,1999-10-01T00:00:00Z,2000-10-01T00:00:00Z,-119.394,36.325
363250N1193935W001,2513711,2000-05-15T00:00:00Z,294,294,0,92,202,92,92,NA,Unknown,Water level accuracy to nearest tenth of a foot,5317,Mid-Kaweah GSA,NA,5317,Mid-Kaweah GSA,NA,NA,54646,NA,KSB-1427,Unknown,Unknown,5-022.11,Kaweah,Tulare,NA,Unknown,Single Well,NA,1993-09-15 - 2017-12-15,163,spring,NA,NA,84,152,2000,18030012,Below Normal,Below Normal,1999-10-01T00:00:00Z,2000-10-01T00:00:00Z,-119.394,36.325
363250N1193935W001,2513682,2000-04-15T00:00:00Z,294,294,0,92,202,92,92,NA,Unknown,Water level accuracy to nearest tenth of a foot,5317,Mid-Kaweah GSA,NA,5317,Mid-Kaweah GSA,NA,NA,54646,NA,KSB-1427,Unknown,Unknown,5-022.11,Kaweah,Tulare,NA,Unknown,Single Well,NA,1993-09-15 - 2017-12-15,163,spring,NA,NA,84,152,2000,18030012,Below Normal,Below Normal,1999-10-01T00:00:00Z,2000-10-01T00:00:00Z,-119.394,36.325
363250N1193935W001,2513657,2000-03-15T00:00:00Z,294,294,0,85,209,85,85,NA,Unknown,Water level accuracy to nearest tenth of a foot,5317,Mid-Kaweah GSA,NA,5317,Mid-Kaweah GSA,NA,NA,54646,NA,KSB-1427,Unknown,Unknown,5-022.11,Kaweah,Tulare,NA,Unknown,Single Well,NA,1993-09-15 - 2017-12-15,163,spring,NA,NA,84,152,2000,18030012,Below Normal,Below Normal,1999-10-01T00:00:00Z,2000-10-01T00:00:00Z,-119.394,36.325
363250N1193935W001,2513631,2000-02-15T00:00:00Z,294,294,0,88,206,88,88,NA,Unknown,Water level accuracy to nearest tenth of a foot,5317,Mid-Kaweah GSA,NA,5317,Mid-Kaweah GSA,NA,NA,54646,NA,KSB-1427,Unknown,Unknown,5-022.11,Kaweah,Tulare,NA,Unknown,Single Well,NA,1993-09-15 - 2017-12-15,163,other,NA,NA,NA,NA,2000,18030012,Below Normal,Below Normal,1999-10-01T00:00:00Z,2000-10-01T00:00:00Z,-119.394,36.325
363250N1193935W001,2513625,2000-01-15T00:00:00Z,294,294,0,88,206,88,88,NA,Unknown,Water level accuracy to nearest tenth of a foot,5317,Mid-Kaweah GSA,NA,5317,Mid-Kaweah GSA,NA,NA,54646,NA,KSB-1427,Unknown,Unknown,5-022.11,Kaweah,Tulare,NA,Unknown,Single Well,NA,1993-09-15 - 2017-12-15,163,other,NA,NA,NA,NA,2000,18030012,Below Normal,Below Normal,1999-10-01T00:00:00Z,2000-10-01T00:00:00Z,-119.394,36.325
363250N1193935W001,2513595,1999-12-15T00:00:00Z,294,294,0,88,206,88,88,NA,Unknown,Water level accuracy to nearest tenth of a foot,5317,Mid-Kaweah GSA,NA,5317,Mid-Kaweah GSA,NA,NA,54646,NA,KSB-1427,Unknown,Unknown,5-022.11,Kaweah,Tulare,NA,Unknown,Single Well,NA,1993-09-15 - 2017-12-15,163,other,NA,NA,NA,NA,2000,18030012,Below Normal,Below Normal,1999-10-01T00:00:00Z,2000-10-01T00:00:00Z,-119.394,36.325
363250N1193935W001,2513566,1999-11-15T00:00:00Z,294,294,0,89,205,89,89,NA,Unknown,Water level accuracy to nearest tenth of a foot,5317,Mid-Kaweah GSA,NA,5317,Mid-Kaweah GSA,NA,NA,54646,NA,KSB-1427,Unknown,Unknown,5-022.11,Kaweah,Tulare,NA,Unknown,Single Well,NA,1993-09-15 - 2017-12-15,163,fall,85,159,NA,NA,2000,18030012,Below Normal,Below Normal,1999-10-01T00:00:00Z,2000-10-01T00:00:00Z,-119.394,36.325
363250N1193935W001,2513539,1999-10-15T00:00:00Z,294,294,0,94,200,94,94,NA,Unknown,Water level accuracy to nearest tenth of a foot,5317,Mid-Kaweah GSA,NA,5317,Mid-Kaweah GSA,NA,NA,54646,NA,KSB-1427,Unknown,Unknown,5-022.11,Kaweah,Tulare,NA,Unknown,Single Well,NA,1993-09-15 - 2017-12-15,163,fall,85,159,NA,NA,2000,18030012,Below Normal,Below Normal,1999-10-01T00:00:00Z,2000-10-01T00:00:00Z,-119.394,36.325
363250N1193935W001,2513510,1999-09-15T00:00:00Z,294,294,0,96,198,96,96,NA,Unknown,Water level accuracy to nearest tenth of a foot,5317,Mid-Kaweah GSA,NA,5317,Mid-Kaweah GSA,NA,NA,54646,NA,KSB-1427,Unknown,Unknown,5-022.11,Kaweah,Tulare,NA,Unknown,Single Well,NA,1993-09-15 - 2017-12-15,163,fall,85,159,NA,NA,1999,18030012,Wet,Wet,1998-10-01T00:00:00Z,1999-10-01T00:00:00Z,-119.394,36.325
363250N1193935W001,2513481,1999-08-15T00:00:00Z,294,294,0,102,192,102,102,NA,Unknown,Water level accuracy to nearest tenth of a foot,5317,Mid-Kaweah GSA,NA,5317,Mid-Kaweah GSA,NA,NA,54646,NA,KSB-1427,Unknown,Unknown,5-022.11,Kaweah,Tulare,NA,Unknown,Single Well,NA,1993-09-15 - 2017-12-15,163,fall,85,159,NA,NA,1999,18030012,Wet,Wet,1998-10-01T00:00:00Z,1999-10-01T00:00:00Z,-119.394,36.325
363250N1193935W001,2513475,1999-07-15T00:00:00Z,294,294,0,98,196,98,98,NA,Unknown,Water level accuracy to nearest tenth of a foot,5317,Mid-Kaweah GSA,NA,5317,Mid-Kaweah GSA,NA,NA,54646,NA,KSB-1427,Unknown,Unknown,5-022.11,Kaweah,Tulare,NA,Unknown,Single Well,NA,1993-09-15 - 2017-12-15,163,other,NA,NA,NA,NA,1999,18030012,Wet,Wet,1998-10-01T00:00:00Z,1999-10-01T00:00:00Z,-119.394,36.325
363250N1193935W001,2513450,1999-06-15T00:00:00Z,294,294,0,97,197,97,97,NA,Unknown,Water level accuracy to nearest tenth of a foot,5317,Mid-Kaweah GSA,NA,5317,Mid-Kaweah GSA,NA,NA,54646,NA,KSB-1427,Unknown,Unknown,5-022.11,Kaweah,Tulare,NA,Unknown,Single Well,NA,1993-09-15 - 2017-12-15,163,other,NA,NA,NA,NA,1999,18030012,Wet,Wet,1998-10-01T00:00:00Z,1999-10-01T00:00:00Z,-119.394,36.325
363250N1193935W001,2513422,1999-05-15T00:00:00Z,294,294,0,94,200,94,94,NA,Unknown,Water level accuracy to nearest tenth of a foot,5317,Mid-Kaweah GSA,NA,5317,Mid-Kaweah GSA,NA,NA,54646,NA,KSB-1427,Unknown,Unknown,5-022.11,Kaweah,Tulare,NA,Unknown,Single Well,NA,1993-09-15 - 2017-12-15,163,spring,NA,NA,84,152,1999,18030012,Wet,Wet,1998-10-01T00:00:00Z,1999-10-01T00:00:00Z,-119.394,36.325
363250N1193935W001,2513416,1999-04-15T00:00:00Z,294,294,0,84,210,84,84,NA,Unknown,Water level accuracy to nearest tenth of a foot,5317,Mid-Kaweah GSA,NA,5317,Mid-Kaweah GSA,NA,NA,54646,NA,KSB-1427,Unknown,Unknown,5-022.11,Kaweah,Tulare,NA,Unknown,Single Well,NA,1993-09-15 - 2017-12-15,163,spring,NA,NA,84,152,1999,18030012,Wet,Wet,1998-10-01T00:00:00Z,1999-10-01T00:00:00Z,-119.394,36.325
363250N1193935W001,2513386,1999-03-15T00:00:00Z,294,294,0,86,208,86,86,NA,Unknown,Water level accuracy to nearest tenth of a foot,5317,Mid-Kaweah GSA,NA,5317,Mid-Kaweah GSA,NA,NA,54646,NA,KSB-1427,Unknown,Unknown,5-022.11,Kaweah,Tulare,NA,Unknown,Single Well,NA,1993-09-15 - 2017-12-15,163,spring,NA,NA,84,152,1999,18030012,Wet,Wet,1998-10-01T00:00:00Z,1999-10-01T00:00:00Z,-119.394,36.325
363250N1193935W001,2513829,1999-02-15T00:00:00Z,294,294,0,82,212,82,82,NA,Unknown,Water level accuracy to nearest tenth of a foot,5317,Mid-Kaweah GSA,NA,5317,Mid-Kaweah GSA,NA,NA,54646,NA,KSB-1427,Unknown,Unknown,5-022.11,Kaweah,Tulare,NA,Unknown,Single Well,NA,1993-09-15 - 2017-12-15,163,other,NA,NA,NA,NA,1999,18030012,Wet,Wet,1998-10-01T00:00:00Z,1999-10-01T00:00:00Z,-119.394,36.325
363250N1193935W001,2513801,1999-01-15T00:00:00Z,294,294,0,86,208,86,86,NA,Unknown,Water level accuracy to nearest tenth of a foot,5317,Mid-Kaweah GSA,NA,5317,Mid-Kaweah GSA,NA,NA,54646,NA,KSB-1427,Unknown,Unknown,5-022.11,Kaweah,Tulare,NA,Unknown,Single Well,NA,1993-09-15 - 2017-12-15,163,other,NA,NA,NA,NA,1999,18030012,Wet,Wet,1998-10-01T00:00:00Z,1999-10-01T00:00:00Z,-119.394,36.325
363250N1193935W001,2513770,1998-12-15T00:00:00Z,294,294,0,82,212,82,82,NA,Unknown,Water level accuracy to nearest tenth of a foot,5317,Mid-Kaweah GSA,NA,5317,Mid-Kaweah GSA,NA,NA,54646,NA,KSB-1427,Unknown,Unknown,5-022.11,Kaweah,Tulare,NA,Unknown,Single Well,NA,1993-09-15 - 2017-12-15,163,other,NA,NA,NA,NA,1999,18030012,Wet,Wet,1998-10-01T00:00:00Z,1999-10-01T00:00:00Z,-119.394,36.325
363250N1193935W001,2513764,1998-11-15T00:00:00Z,294,294,0,85,209,85,85,NA,Unknown,Water level accuracy to nearest tenth of a foot,5317,Mid-Kaweah GSA,NA,5317,Mid-Kaweah GSA,NA,NA,54646,NA,KSB-1427,Unknown,Unknown,5-022.11,Kaweah,Tulare,NA,Unknown,Single Well,NA,1993-09-15 - 2017-12-15,163,fall,85,159,NA,NA,1999,18030012,Wet,Wet,1998-10-01T00:00:00Z,1999-10-01T00:00:00Z,-119.394,36.325
363250N1193935W001,2513734,1998-10-15T00:00:00Z,294,294,0,89,205,89,89,NA,Unknown,Water level accuracy to nearest tenth of a foot,5317,Mid-Kaweah GSA,NA,5317,Mid-Kaweah GSA,NA,NA,54646,NA,KSB-1427,Unknown,Unknown,5-022.11,Kaweah,Tulare,NA,Unknown,Single Well,NA,1993-09-15 - 2017-12-15,163,fall,85,159,NA,NA,1999,18030012,Wet,Wet,1998-10-01T00:00:00Z,1999-10-01T00:00:00Z,-119.394,36.325
363250N1193935W001,2513703,1998-09-15T00:00:00Z,294,294,0,93,201,93,93,NA,Unknown,Water level accuracy to nearest tenth of a foot,5317,Mid-Kaweah GSA,NA,5317,Mid-Kaweah GSA,NA,NA,54646,NA,KSB-1427,Unknown,Unknown,5-022.11,Kaweah,Tulare,NA,Unknown,Single Well,NA,1993-09-15 - 2017-12-15,163,fall,85,159,NA,NA,1998,18030012,Wet,Wet,1997-10-01T00:00:00Z,1998-10-01T00:00:00Z,-119.394,36.325
363250N1193935W001,2513675,1998-08-15T00:00:00Z,294,294,0,97,197,97,97,NA,Unknown,Water level accuracy to nearest tenth of a foot,5317,Mid-Kaweah GSA,NA,5317,Mid-Kaweah GSA,NA,NA,54646,NA,KSB-1427,Unknown,Unknown,5-022.11,Kaweah,Tulare,NA,Unknown,Single Well,NA,1993-09-15 - 2017-12-15,163,fall,85,159,NA,NA,1998,18030012,Wet,Wet,1997-10-01T00:00:00Z,1998-10-01T00:00:00Z,-119.394,36.325
363250N1193935W001,2513651,1998-07-15T00:00:00Z,294,294,0,97,197,97,97,NA,Unknown,Water level accuracy to nearest tenth of a foot,5317,Mid-Kaweah GSA,NA,5317,Mid-Kaweah GSA,NA,NA,54646,NA,KSB-1427,Unknown,Unknown,5-022.11,Kaweah,Tulare,NA,Unknown,Single Well,NA,1993-09-15 - 2017-12-15,163,other,NA,NA,NA,NA,1998,18030012,Wet,Wet,1997-10-01T00:00:00Z,1998-10-01T00:00:00Z,-119.394,36.325
363250N1193935W001,2513645,1998-06-15T00:00:00Z,294,294,0,90,204,90,90,NA,Unknown,Water level accuracy to nearest tenth of a foot,5317,Mid-Kaweah GSA,NA,5317,Mid-Kaweah GSA,NA,NA,54646,NA,KSB-1427,Unknown,Unknown,5-022.11,Kaweah,Tulare,NA,Unknown,Single Well,NA,1993-09-15 - 2017-12-15,163,other,NA,NA,NA,NA,1998,18030012,Wet,Wet,1997-10-01T00:00:00Z,1998-10-01T00:00:00Z,-119.394,36.325
363250N1193935W001,2513618,1998-05-15T00:00:00Z,294,294,0,89,205,89,89,NA,Unknown,Water level accuracy to nearest tenth of a foot,5317,Mid-Kaweah GSA,NA,5317,Mid-Kaweah GSA,NA,NA,54646,NA,KSB-1427,Unknown,Unknown,5-022.11,Kaweah,Tulare,NA,Unknown,Single Well,NA,1993-09-15 - 2017-12-15,163,spring,NA,NA,84,152,1998,18030012,Wet,Wet,1997-10-01T00:00:00Z,1998-10-01T00:00:00Z,-119.394,36.325
363250N1193935W001,2513589,1998-04-15T00:00:00Z,294,294,0,88,206,88,88,NA,Unknown,Water level accuracy to nearest tenth of a foot,5317,Mid-Kaweah GSA,NA,5317,Mid-Kaweah GSA,NA,NA,54646,NA,KSB-1427,Unknown,Unknown,5-022.11,Kaweah,Tulare,NA,Unknown,Single Well,NA,1993-09-15 - 2017-12-15,163,spring,NA,NA,84,152,1998,18030012,Wet,Wet,1997-10-01T00:00:00Z,1998-10-01T00:00:00Z,-119.394,36.325
363250N1193935W001,2513557,1998-02-15T00:00:00Z,294,294,0,90,204,90,90,NA,Unknown,Water level accuracy to nearest tenth of a foot,5317,Mid-Kaweah GSA,NA,5317,Mid-Kaweah GSA,NA,NA,54646,NA,KSB-1427,Unknown,Unknown,5-022.11,Kaweah,Tulare,NA,Unknown,Single Well,NA,1993-09-15 - 2017-12-15,163,other,NA,NA,NA,NA,1998,18030012,Wet,Wet,1997-10-01T00:00:00Z,1998-10-01T00:00:00Z,-119.394,36.325
363250N1193935W001,2513530,1998-01-15T00:00:00Z,294,294,0,91,203,91,91,NA,Unknown,Water level accuracy to nearest tenth of a foot,5317,Mid-Kaweah GSA,NA,5317,Mid-Kaweah GSA,NA,NA,54646,NA,KSB-1427,Unknown,Unknown,5-022.11,Kaweah,Tulare,NA,Unknown,Single Well,NA,1993-09-15 - 2017-12-15,163,other,NA,NA,NA,NA,1998,18030012,Wet,Wet,1997-10-01T00:00:00Z,1998-10-01T00:00:00Z,-119.394,36.325
363250N1193935W001,2513503,1997-12-15T00:00:00Z,294,294,0,93,201,93,93,NA,Unknown,Water level accuracy to nearest tenth of a foot,5317,Mid-Kaweah GSA,NA,5317,Mid-Kaweah GSA,NA,NA,54646,NA,KSB-1427,Unknown,Unknown,5-022.11,Kaweah,Tulare,NA,Unknown,Single Well,NA,1993-09-15 - 2017-12-15,163,other,NA,NA,NA,NA,1998,18030012,Wet,Wet,1997-10-01T00:00:00Z,1998-10-01T00:00:00Z,-119.394,36.325
363250N1193935W001,2513472,1997-11-15T00:00:00Z,294,294,0,95,199,95,95,NA,Unknown,Water level accuracy to nearest tenth of a foot,5317,Mid-Kaweah GSA,NA,5317,Mid-Kaweah GSA,NA,NA,54646,NA,KSB-1427,Unknown,Unknown,5-022.11,Kaweah,Tulare,NA,Unknown,Single Well,NA,1993-09-15 - 2017-12-15,163,fall,85,159,NA,NA,1998,18030012,Wet,Wet,1997-10-01T00:00:00Z,1998-10-01T00:00:00Z,-119.394,36.325
363250N1193935W001,2513443,1997-10-15T00:00:00Z,294,294,0,97,197,97,97,NA,Unknown,Water level accuracy to nearest tenth of a foot,5317,Mid-Kaweah GSA,NA,5317,Mid-Kaweah GSA,NA,NA,54646,NA,KSB-1427,Unknown,Unknown,5-022.11,Kaweah,Tulare,NA,Unknown,Single Well,NA,1993-09-15 - 2017-12-15,163,fall,85,159,NA,NA,1998,18030012,Wet,Wet,1997-10-01T00:00:00Z,1998-10-01T00:00:00Z,-119.394,36.325
363250N1193935W001,2513414,1997-09-15T00:00:00Z,294,294,0,102,192,102,102,NA,Unknown,Water level accuracy to nearest tenth of a foot,5317,Mid-Kaweah GSA,NA,5317,Mid-Kaweah GSA,NA,NA,54646,NA,KSB-1427,Unknown,Unknown,5-022.11,Kaweah,Tulare,NA,Unknown,Single Well,NA,1993-09-15 - 2017-12-15,163,fall,85,159,NA,NA,1997,18030012,Above Normal,Above Normal,1996-10-01T00:00:00Z,1997-10-01T00:00:00Z,-119.394,36.325
363250N1193935W001,2513408,1997-08-15T00:00:00Z,294,294,0,110,184,110,110,NA,Unknown,Water level accuracy to nearest tenth of a foot,5317,Mid-Kaweah GSA,NA,5317,Mid-Kaweah GSA,NA,NA,54646,NA,KSB-1427,Unknown,Unknown,5-022.11,Kaweah,Tulare,NA,Unknown,Single Well,NA,1993-09-15 - 2017-12-15,163,fall,85,159,NA,NA,1997,18030012,Above Normal,Above Normal,1996-10-01T00:00:00Z,1997-10-01T00:00:00Z,-119.394,36.325
363250N1193935W001,2513380,1997-07-15T00:00:00Z,294,294,0,108,186,108,108,NA,Unknown,Water level accuracy to nearest tenth of a foot,5317,Mid-Kaweah GSA,NA,5317,Mid-Kaweah GSA,NA,NA,54646,NA,KSB-1427,Unknown,Unknown,5-022.11,Kaweah,Tulare,NA,Unknown,Single Well,NA,1993-09-15 - 2017-12-15,163,other,NA,NA,NA,NA,1997,18030012,Above Normal,Above Normal,1996-10-01T00:00:00Z,1997-10-01T00:00:00Z,-119.394,36.325
363250N1193935W001,2513823,1997-06-15T00:00:00Z,294,294,0,101,193,101,101,NA,Unknown,Water level accuracy to nearest tenth of a foot,5317,Mid-Kaweah GSA,NA,5317,Mid-Kaweah GSA,NA,NA,54646,NA,KSB-1427,Unknown,Unknown,5-022.11,Kaweah,Tulare,NA,Unknown,Single Well,NA,1993-09-15 - 2017-12-15,163,other,NA,NA,NA,NA,1997,18030012,Above Normal,Above Normal,1996-10-01T00:00:00Z,1997-10-01T00:00:00Z,-119.394,36.325
363250N1193935W001,2513817,1997-05-15T00:00:00Z,294,294,0,100,194,100,100,NA,Unknown,Water level accuracy to nearest tenth of a foot,5317,Mid-Kaweah GSA,NA,5317,Mid-Kaweah GSA,NA,NA,54646,NA,KSB-1427,Unknown,Unknown,5-022.11,Kaweah,Tulare,NA,Unknown,Single Well,NA,1993-09-15 - 2017-12-15,163,spring,NA,NA,84,152,1997,18030012,Above Normal,Above Normal,1996-10-01T00:00:00Z,1997-10-01T00:00:00Z,-119.394,36.325
363250N1193935W001,2513790,1997-04-15T00:00:00Z,294,294,0,98,196,98,98,NA,Unknown,Water level accuracy to nearest tenth of a foot,5317,Mid-Kaweah GSA,NA,5317,Mid-Kaweah GSA,NA,NA,54646,NA,KSB-1427,Unknown,Unknown,5-022.11,Kaweah,Tulare,NA,Unknown,Single Well,NA,1993-09-15 - 2017-12-15,163,spring,NA,NA,84,152,1997,18030012,Above Normal,Above Normal,1996-10-01T00:00:00Z,1997-10-01T00:00:00Z,-119.394,36.325
363250N1193935W001,2513759,1997-03-15T00:00:00Z,294,294,0,94,200,94,94,NA,Unknown,Water level accuracy to nearest tenth of a foot,5317,Mid-Kaweah GSA,NA,5317,Mid-Kaweah GSA,NA,NA,54646,NA,KSB-1427,Unknown,Unknown,5-022.11,Kaweah,Tulare,NA,Unknown,Single Well,NA,1993-09-15 - 2017-12-15,163,spring,NA,NA,84,152,1997,18030012,Above Normal,Above Normal,1996-10-01T00:00:00Z,1997-10-01T00:00:00Z,-119.394,36.325
363250N1193935W001,2513732,1997-02-15T00:00:00Z,294,294,0,93,201,93,93,NA,Unknown,Water level accuracy to nearest tenth of a foot,5317,Mid-Kaweah GSA,NA,5317,Mid-Kaweah GSA,NA,NA,54646,NA,KSB-1427,Unknown,Unknown,5-022.11,Kaweah,Tulare,NA,Unknown,Single Well,NA,1993-09-15 - 2017-12-15,163,other,NA,NA,NA,NA,1997,18030012,Above Normal,Above Normal,1996-10-01T00:00:00Z,1997-10-01T00:00:00Z,-119.394,36.325
363250N1193935W001,2513726,1997-01-15T00:00:00Z,294,294,0,93,201,93,93,NA,Unknown,Water level accuracy to nearest tenth of a foot,5317,Mid-Kaweah GSA,NA,5317,Mid-Kaweah GSA,NA,NA,54646,NA,KSB-1427,Unknown,Unknown,5-022.11,Kaweah,Tulare,NA,Unknown,Single Well,NA,1993-09-15 - 2017-12-15,163,other,NA,NA,NA,NA,1997,18030012,Above Normal,Above Normal,1996-10-01T00:00:00Z,1997-10-01T00:00:00Z,-119.394,36.325
363250N1193935W001,2513696,1996-12-15T00:00:00Z,294,294,0,95,199,95,95,NA,Unknown,Water level accuracy to nearest tenth of a foot,5317,Mid-Kaweah GSA,NA,5317,Mid-Kaweah GSA,NA,NA,54646,NA,KSB-1427,Unknown,Unknown,5-022.11,Kaweah,Tulare,NA,Unknown,Single Well,NA,1993-09-15 - 2017-12-15,163,other,NA,NA,NA,NA,1997,18030012,Above Normal,Above Normal,1996-10-01T00:00:00Z,1997-10-01T00:00:00Z,-119.394,36.325
363250N1193935W001,2513667,1996-11-15T00:00:00Z,294,294,0,97,197,97,97,NA,Unknown,Water level accuracy to nearest tenth of a foot,5317,Mid-Kaweah GSA,NA,5317,Mid-Kaweah GSA,NA,NA,54646,NA,KSB-1427,Unknown,Unknown,5-022.11,Kaweah,Tulare,NA,Unknown,Single Well,NA,1993-09-15 - 2017-12-15,163,fall,85,159,NA,NA,1997,18030012,Above Normal,Above Normal,1996-10-01T00:00:00Z,1997-10-01T00:00:00Z,-119.394,36.325
363250N1193935W001,2514096,1996-10-15T00:00:00Z,294,294,0,103,191,103,103,NA,Unknown,Water level accuracy to nearest tenth of a foot,5317,Mid-Kaweah GSA,NA,5317,Mid-Kaweah GSA,NA,NA,54646,NA,KSB-1427,Unknown,Unknown,5-022.11,Kaweah,Tulare,NA,Unknown,Single Well,NA,1993-09-15 - 2017-12-15,163,fall,85,159,NA,NA,1997,18030012,Above Normal,Above Normal,1996-10-01T00:00:00Z,1997-10-01T00:00:00Z,-119.394,36.325
363250N1193935W001,2514014,1996-09-15T00:00:00Z,294,294,0,105,189,105,105,NA,Unknown,Water level accuracy to nearest tenth of a foot,5317,Mid-Kaweah GSA,NA,5317,Mid-Kaweah GSA,NA,NA,54646,NA,KSB-1427,Unknown,Unknown,5-022.11,Kaweah,Tulare,NA,Unknown,Single Well,NA,1993-09-15 - 2017-12-15,163,fall,85,159,NA,NA,1996,18030012,Wet,Wet,1995-10-01T00:00:00Z,1996-10-01T00:00:00Z,-119.394,36.325
363250N1193935W001,2514070,1996-08-15T00:00:00Z,294,294,0,113,181,113,113,NA,Unknown,Water level accuracy to nearest tenth of a foot,5317,Mid-Kaweah GSA,NA,5317,Mid-Kaweah GSA,NA,NA,54646,NA,KSB-1427,Unknown,Unknown,5-022.11,Kaweah,Tulare,NA,Unknown,Single Well,NA,1993-09-15 - 2017-12-15,163,fall,85,159,NA,NA,1996,18030012,Wet,Wet,1995-10-01T00:00:00Z,1996-10-01T00:00:00Z,-119.394,36.325
363250N1193935W001,2514064,1996-07-15T00:00:00Z,294,294,0,106,188,106,106,NA,Unknown,Water level accuracy to nearest tenth of a foot,5317,Mid-Kaweah GSA,NA,5317,Mid-Kaweah GSA,NA,NA,54646,NA,KSB-1427,Unknown,Unknown,5-022.11,Kaweah,Tulare,NA,Unknown,Single Well,NA,1993-09-15 - 2017-12-15,163,other,NA,NA,NA,NA,1996,18030012,Wet,Wet,1995-10-01T00:00:00Z,1996-10-01T00:00:00Z,-119.394,36.325
363250N1193935W001,2514038,1996-06-15T00:00:00Z,294,294,0,101,193,101,101,NA,Unknown,Water level accuracy to nearest tenth of a foot,5317,Mid-Kaweah GSA,NA,5317,Mid-Kaweah GSA,NA,NA,54646,NA,KSB-1427,Unknown,Unknown,5-022.11,Kaweah,Tulare,NA,Unknown,Single Well,NA,1993-09-15 - 2017-12-15,163,other,NA,NA,NA,NA,1996,18030012,Wet,Wet,1995-10-01T00:00:00Z,1996-10-01T00:00:00Z,-119.394,36.325
363250N1193935W001,2513987,1996-05-15T00:00:00Z,294,294,0,96,198,96,96,NA,Unknown,Water level accuracy to nearest tenth of a foot,5317,Mid-Kaweah GSA,NA,5317,Mid-Kaweah GSA,NA,NA,54646,NA,KSB-1427,Unknown,Unknown,5-022.11,Kaweah,Tulare,NA,Unknown,Single Well,NA,1993-09-15 - 2017-12-15,163,spring,NA,NA,84,152,1996,18030012,Wet,Wet,1995-10-01T00:00:00Z,1996-10-01T00:00:00Z,-119.394,36.325
363250N1193935W001,2513963,1996-04-15T00:00:00Z,294,294,0,96,198,96,96,NA,Unknown,Water level accuracy to nearest tenth of a foot,5317,Mid-Kaweah GSA,NA,5317,Mid-Kaweah GSA,NA,NA,54646,NA,KSB-1427,Unknown,Unknown,5-022.11,Kaweah,Tulare,NA,Unknown,Single Well,NA,1993-09-15 - 2017-12-15,163,spring,NA,NA,84,152,1996,18030012,Wet,Wet,1995-10-01T00:00:00Z,1996-10-01T00:00:00Z,-119.394,36.325
363250N1193935W001,2513957,1996-03-15T00:00:00Z,294,294,0,90,204,90,90,NA,Unknown,Water level accuracy to nearest tenth of a foot,5317,Mid-Kaweah GSA,NA,5317,Mid-Kaweah GSA,NA,NA,54646,NA,KSB-1427,Unknown,Unknown,5-022.11,Kaweah,Tulare,NA,Unknown,Single Well,NA,1993-09-15 - 2017-12-15,163,spring,NA,NA,84,152,1996,18030012,Wet,Wet,1995-10-01T00:00:00Z,1996-10-01T00:00:00Z,-119.394,36.325
363250N1193935W001,2513930,1996-02-15T00:00:00Z,294,294,0,97,197,97,97,NA,Unknown,Water level accuracy to nearest tenth of a foot,5317,Mid-Kaweah GSA,NA,5317,Mid-Kaweah GSA,NA,NA,54646,NA,KSB-1427,Unknown,Unknown,5-022.11,Kaweah,Tulare,NA,Unknown,Single Well,NA,1993-09-15 - 2017-12-15,163,other,NA,NA,NA,NA,1996,18030012,Wet,Wet,1995-10-01T00:00:00Z,1996-10-01T00:00:00Z,-119.394,36.325
363250N1193935W001,2513902,1996-01-15T00:00:00Z,294,294,0,97,197,97,97,NA,Unknown,Water level accuracy to nearest tenth of a foot,5317,Mid-Kaweah GSA,NA,5317,Mid-Kaweah GSA,NA,NA,54646,NA,KSB-1427,Unknown,Unknown,5-022.11,Kaweah,Tulare,NA,Unknown,Single Well,NA,1993-09-15 - 2017-12-15,163,other,NA,NA,NA,NA,1996,18030012,Wet,Wet,1995-10-01T00:00:00Z,1996-10-01T00:00:00Z,-119.394,36.325
363250N1193935W001,2513874,1995-12-15T00:00:00Z,294,294,0,99,195,99,99,NA,Unknown,Water level accuracy to nearest tenth of a foot,5317,Mid-Kaweah GSA,NA,5317,Mid-Kaweah GSA,NA,NA,54646,NA,KSB-1427,Unknown,Unknown,5-022.11,Kaweah,Tulare,NA,Unknown,Single Well,NA,1993-09-15 - 2017-12-15,163,other,NA,NA,NA,NA,1996,18030012,Wet,Wet,1995-10-01T00:00:00Z,1996-10-01T00:00:00Z,-119.394,36.325
363250N1193935W001,2513868,1995-11-15T00:00:00Z,294,294,0,100,194,100,100,NA,Unknown,Water level accuracy to nearest tenth of a foot,5317,Mid-Kaweah GSA,NA,5317,Mid-Kaweah GSA,NA,NA,54646,NA,KSB-1427,Unknown,Unknown,5-022.11,Kaweah,Tulare,NA,Unknown,Single Well,NA,1993-09-15 - 2017-12-15,163,fall,85,159,NA,NA,1996,18030012,Wet,Wet,1995-10-01T00:00:00Z,1996-10-01T00:00:00Z,-119.394,36.325
363250N1193935W001,2514260,1995-10-15T00:00:00Z,294,294,0,104,190,104,104,NA,Unknown,Water level accuracy to nearest tenth of a foot,5317,Mid-Kaweah GSA,NA,5317,Mid-Kaweah GSA,NA,NA,54646,NA,KSB-1427,Unknown,Unknown,5-022.11,Kaweah,Tulare,NA,Unknown,Single Well,NA,1993-09-15 - 2017-12-15,163,fall,85,159,NA,NA,1996,18030012,Wet,Wet,1995-10-01T00:00:00Z,1996-10-01T00:00:00Z,-119.394,36.325
363250N1193935W001,2514254,1995-09-15T00:00:00Z,294,294,0,110,184,110,110,NA,Unknown,Water level accuracy to nearest tenth of a foot,5317,Mid-Kaweah GSA,NA,5317,Mid-Kaweah GSA,NA,NA,54646,NA,KSB-1427,Unknown,Unknown,5-022.11,Kaweah,Tulare,NA,Unknown,Single Well,NA,1993-09-15 - 2017-12-15,163,fall,85,159,NA,NA,1995,18030012,Wet,Wet,1994-10-01T00:00:00Z,1995-10-01T00:00:00Z,-119.394,36.325
363250N1193935W001,2514200,1995-07-15T00:00:00Z,294,294,0,107,187,107,107,NA,Unknown,Water level accuracy to nearest tenth of a foot,5317,Mid-Kaweah GSA,NA,5317,Mid-Kaweah GSA,NA,NA,54646,NA,KSB-1427,Unknown,Unknown,5-022.11,Kaweah,Tulare,NA,Unknown,Single Well,NA,1993-09-15 - 2017-12-15,163,other,NA,NA,NA,NA,1995,18030012,Wet,Wet,1994-10-01T00:00:00Z,1995-10-01T00:00:00Z,-119.394,36.325
363250N1193935W001,2514174,1995-06-15T00:00:00Z,294,294,0,104,190,104,104,NA,Unknown,Water level accuracy to nearest tenth of a foot,5317,Mid-Kaweah GSA,NA,5317,Mid-Kaweah GSA,NA,NA,54646,NA,KSB-1427,Unknown,Unknown,5-022.11,Kaweah,Tulare,NA,Unknown,Single Well,NA,1993-09-15 - 2017-12-15,163,other,NA,NA,NA,NA,1995,18030012,Wet,Wet,1994-10-01T00:00:00Z,1995-10-01T00:00:00Z,-119.394,36.325
363250N1193935W001,2514168,1995-05-15T00:00:00Z,294,294,0,101,193,101,101,NA,Unknown,Water level accuracy to nearest tenth of a foot,5317,Mid-Kaweah GSA,NA,5317,Mid-Kaweah GSA,NA,NA,54646,NA,KSB-1427,Unknown,Unknown,5-022.11,Kaweah,Tulare,NA,Unknown,Single Well,NA,1993-09-15 - 2017-12-15,163,spring,NA,NA,84,152,1995,18030012,Wet,Wet,1994-10-01T00:00:00Z,1995-10-01T00:00:00Z,-119.394,36.325
363250N1193935W001,2514144,1995-04-15T00:00:00Z,294,294,0,104,190,104,104,NA,Unknown,Water level accuracy to nearest tenth of a foot,5317,Mid-Kaweah GSA,NA,5317,Mid-Kaweah GSA,NA,NA,54646,NA,KSB-1427,Unknown,Unknown,5-022.11,Kaweah,Tulare,NA,Unknown,Single Well,NA,1993-09-15 - 2017-12-15,163,spring,NA,NA,84,152,1995,18030012,Wet,Wet,1994-10-01T00:00:00Z,1995-10-01T00:00:00Z,-119.394,36.325
363250N1193935W001,2514114,1995-03-15T00:00:00Z,294,294,0,103,191,103,103,NA,Unknown,Water level accuracy to nearest tenth of a foot,5317,Mid-Kaweah GSA,NA,5317,Mid-Kaweah GSA,NA,NA,54646,NA,KSB-1427,Unknown,Unknown,5-022.11,Kaweah,Tulare,NA,Unknown,Single Well,NA,1993-09-15 - 2017-12-15,163,spring,NA,NA,84,152,1995,18030012,Wet,Wet,1994-10-01T00:00:00Z,1995-10-01T00:00:00Z,-119.394,36.325
363250N1193935W001,2514116,1995-02-15T00:00:00Z,294,294,0,103,191,103,103,NA,Unknown,Water level accuracy to nearest tenth of a foot,5317,Mid-Kaweah GSA,NA,5317,Mid-Kaweah GSA,NA,NA,54646,NA,KSB-1427,Unknown,Unknown,5-022.11,Kaweah,Tulare,NA,Unknown,Single Well,NA,1993-09-15 - 2017-12-15,163,other,NA,NA,NA,NA,1995,18030012,Wet,Wet,1994-10-01T00:00:00Z,1995-10-01T00:00:00Z,-119.394,36.325
363250N1193935W001,2514088,1995-01-15T00:00:00Z,294,294,0,105,189,105,105,NA,Unknown,Water level accuracy to nearest tenth of a foot,5317,Mid-Kaweah GSA,NA,5317,Mid-Kaweah GSA,NA,NA,54646,NA,KSB-1427,Unknown,Unknown,5-022.11,Kaweah,Tulare,NA,Unknown,Single Well,NA,1993-09-15 - 2017-12-15,163,other,NA,NA,NA,NA,1995,18030012,Wet,Wet,1994-10-01T00:00:00Z,1995-10-01T00:00:00Z,-119.394,36.325
363250N1193935W001,2514061,1994-12-15T00:00:00Z,294,294,0,106,188,106,106,NA,Unknown,Water level accuracy to nearest tenth of a foot,5317,Mid-Kaweah GSA,NA,5317,Mid-Kaweah GSA,NA,NA,54646,NA,KSB-1427,Unknown,Unknown,5-022.11,Kaweah,Tulare,NA,Unknown,Single Well,NA,1993-09-15 - 2017-12-15,163,other,NA,NA,NA,NA,1995,18030012,Wet,Wet,1994-10-01T00:00:00Z,1995-10-01T00:00:00Z,-119.394,36.325
363250N1193935W001,2514033,1994-11-15T00:00:00Z,294,294,0,90,204,90,90,NA,Unknown,Water level accuracy to nearest tenth of a foot,5317,Mid-Kaweah GSA,NA,5317,Mid-Kaweah GSA,NA,NA,54646,NA,KSB-1427,Unknown,Unknown,5-022.11,Kaweah,Tulare,NA,Unknown,Single Well,NA,1993-09-15 - 2017-12-15,163,fall,85,159,NA,NA,1995,18030012,Wet,Wet,1994-10-01T00:00:00Z,1995-10-01T00:00:00Z,-119.394,36.325
363250N1193935W001,2514007,1994-10-15T00:00:00Z,294,294,0,111,183,111,111,NA,Unknown,Water level accuracy to nearest tenth of a foot,5317,Mid-Kaweah GSA,NA,5317,Mid-Kaweah GSA,NA,NA,54646,NA,KSB-1427,Unknown,Unknown,5-022.11,Kaweah,Tulare,NA,Unknown,Single Well,NA,1993-09-15 - 2017-12-15,163,fall,85,159,NA,NA,1995,18030012,Wet,Wet,1994-10-01T00:00:00Z,1995-10-01T00:00:00Z,-119.394,36.325
363250N1193935W001,2513981,1994-09-15T00:00:00Z,294,294,0,115,179,115,115,NA,Unknown,Water level accuracy to nearest tenth of a foot,5317,Mid-Kaweah GSA,NA,5317,Mid-Kaweah GSA,NA,NA,54646,NA,KSB-1427,Unknown,Unknown,5-022.11,Kaweah,Tulare,NA,Unknown,Single Well,NA,1993-09-15 - 2017-12-15,163,fall,85,159,NA,NA,1994,18030012,Above Normal,Above Normal,1993-10-01T00:00:00Z,1994-10-01T00:00:00Z,-119.394,36.325
363250N1193935W001,2513975,1994-08-15T00:00:00Z,294,294,0,123,171,123,123,NA,Unknown,Water level accuracy to nearest tenth of a foot,5317,Mid-Kaweah GSA,NA,5317,Mid-Kaweah GSA,NA,NA,54646,NA,KSB-1427,Unknown,Unknown,5-022.11,Kaweah,Tulare,NA,Unknown,Single Well,NA,1993-09-15 - 2017-12-15,163,fall,85,159,NA,NA,1994,18030012,Above Normal,Above Normal,1993-10-01T00:00:00Z,1994-10-01T00:00:00Z,-119.394,36.325
363250N1193935W001,2513952,1994-07-15T00:00:00Z,294,294,0,116,178,116,116,NA,Unknown,Water level accuracy to nearest tenth of a foot,5317,Mid-Kaweah GSA,NA,5317,Mid-Kaweah GSA,NA,NA,54646,NA,KSB-1427,Unknown,Unknown,5-022.11,Kaweah,Tulare,NA,Unknown,Single Well,NA,1993-09-15 - 2017-12-15,163,other,NA,NA,NA,NA,1994,18030012,Above Normal,Above Normal,1993-10-01T00:00:00Z,1994-10-01T00:00:00Z,-119.394,36.325
363250N1193935W001,2513925,1994-06-15T00:00:00Z,294,294,0,116,178,116,116,NA,Unknown,Water level accuracy to nearest tenth of a foot,5317,Mid-Kaweah GSA,NA,5317,Mid-Kaweah GSA,NA,NA,54646,NA,KSB-1427,Unknown,Unknown,5-022.11,Kaweah,Tulare,NA,Unknown,Single Well,NA,1993-09-15 - 2017-12-15,163,other,NA,NA,NA,NA,1994,18030012,Above Normal,Above Normal,1993-10-01T00:00:00Z,1994-10-01T00:00:00Z,-119.394,36.325
363250N1193935W001,2513919,1994-05-15T00:00:00Z,294,294,0,110,184,110,110,NA,Unknown,Water level accuracy to nearest tenth of a foot,5317,Mid-Kaweah GSA,NA,5317,Mid-Kaweah GSA,NA,NA,54646,NA,KSB-1427,Unknown,Unknown,5-022.11,Kaweah,Tulare,NA,Unknown,Single Well,NA,1993-09-15 - 2017-12-15,163,spring,NA,NA,84,152,1994,18030012,Above Normal,Above Normal,1993-10-01T00:00:00Z,1994-10-01T00:00:00Z,-119.394,36.325
363250N1193935W001,2513892,1994-04-15T00:00:00Z,294,294,0,107,187,107,107,NA,Unknown,Water level accuracy to nearest tenth of a foot,5317,Mid-Kaweah GSA,NA,5317,Mid-Kaweah GSA,NA,NA,54646,NA,KSB-1427,Unknown,Unknown,5-022.11,Kaweah,Tulare,NA,Unknown,Single Well,NA,1993-09-15 - 2017-12-15,163,spring,NA,NA,84,152,1994,18030012,Above Normal,Above Normal,1993-10-01T00:00:00Z,1994-10-01T00:00:00Z,-119.394,36.325
363250N1193935W001,2513864,1994-03-15T00:00:00Z,294,294,0,111,183,111,111,NA,Unknown,Water level accuracy to nearest tenth of a foot,5317,Mid-Kaweah GSA,NA,5317,Mid-Kaweah GSA,NA,NA,54646,NA,KSB-1427,Unknown,Unknown,5-022.11,Kaweah,Tulare,NA,Unknown,Single Well,NA,1993-09-15 - 2017-12-15,163,spring,NA,NA,84,152,1994,18030012,Above Normal,Above Normal,1993-10-01T00:00:00Z,1994-10-01T00:00:00Z,-119.394,36.325
363250N1193935W001,2513845,1994-02-15T00:00:00Z,294,294,0,105,189,105,105,NA,Unknown,Water level accuracy to nearest tenth of a foot,5317,Mid-Kaweah GSA,NA,5317,Mid-Kaweah GSA,NA,NA,54646,NA,KSB-1427,Unknown,Unknown,5-022.11,Kaweah,Tulare,NA,Unknown,Single Well,NA,1993-09-15 - 2017-12-15,163,other,NA,NA,NA,NA,1994,18030012,Above Normal,Above Normal,1993-10-01T00:00:00Z,1994-10-01T00:00:00Z,-119.394,36.325
363250N1193935W001,2513839,1994-01-15T00:00:00Z,294,294,0,105,189,105,105,NA,Unknown,Water level accuracy to nearest tenth of a foot,5317,Mid-Kaweah GSA,NA,5317,Mid-Kaweah GSA,NA,NA,54646,NA,KSB-1427,Unknown,Unknown,5-022.11,Kaweah,Tulare,NA,Unknown,Single Well,NA,1993-09-15 - 2017-12-15,163,other,NA,NA,NA,NA,1994,18030012,Above Normal,Above Normal,1993-10-01T00:00:00Z,1994-10-01T00:00:00Z,-119.394,36.325
363250N1193935W001,2514249,1993-12-15T00:00:00Z,294,294,0,104,190,104,104,NA,Unknown,Water level accuracy to nearest tenth of a foot,5317,Mid-Kaweah GSA,NA,5317,Mid-Kaweah GSA,NA,NA,54646,NA,KSB-1427,Unknown,Unknown,5-022.11,Kaweah,Tulare,NA,Unknown,Single Well,NA,1993-09-15 - 2017-12-15,163,other,NA,NA,NA,NA,1994,18030012,Above Normal,Above Normal,1993-10-01T00:00:00Z,1994-10-01T00:00:00Z,-119.394,36.325
363250N1193935W001,2514219,1993-11-15T00:00:00Z,294,294,0,106,188,106,106,NA,Unknown,Water level accuracy to nearest tenth of a foot,5317,Mid-Kaweah GSA,NA,5317,Mid-Kaweah GSA,NA,NA,54646,NA,KSB-1427,Unknown,Unknown,5-022.11,Kaweah,Tulare,NA,Unknown,Single Well,NA,1993-09-15 - 2017-12-15,163,fall,85,159,NA,NA,1994,18030012,Above Normal,Above Normal,1993-10-01T00:00:00Z,1994-10-01T00:00:00Z,-119.394,36.325
363250N1193935W001,2514192,1993-10-15T00:00:00Z,294,294,0,110,184,110,110,NA,Unknown,Water level accuracy to nearest tenth of a foot,5317,Mid-Kaweah GSA,NA,5317,Mid-Kaweah GSA,NA,NA,54646,NA,KSB-1427,Unknown,Unknown,5-022.11,Kaweah,Tulare,NA,Unknown,Single Well,NA,1993-09-15 - 2017-12-15,163,fall,85,159,NA,NA,1994,18030012,Above Normal,Above Normal,1993-10-01T00:00:00Z,1994-10-01T00:00:00Z,-119.394,36.325
363250N1193935W001,2514165,1993-09-15T00:00:00Z,294,294,0,115,179,115,115,NA,Unknown,Water level accuracy to nearest tenth of a foot,5317,Mid-Kaweah GSA,NA,5317,Mid-Kaweah GSA,NA,NA,54646,NA,KSB-1427,Unknown,Unknown,5-022.11,Kaweah,Tulare,NA,Unknown,Single Well,NA,1993-09-15 - 2017-12-15,163,fall,85,159,NA,NA,1993,18030012,Wet,Wet,1992-10-01T00:00:00Z,1993-10-01T00:00:00Z,-119.394,36.325
