SITE_CODE,WLM_ID,MSMT_DATE,WLM_RPE,WLM_GSE,RDNG_WS,RDNG_RP,WSE,RPE_WSE,GSE_WSE,WLM_QA_DESC,WLM_DESC,WLM_ACC_DESC,WLM_ORG_ID,WLM_ORG_NAME,MSMT_CMT,COOP_AGENCY_ORG_ID,COOP_ORG_NAME,TOP_PRF,BOT_PRF,STN_ID,SWN,WELL_NAME,WLM_METHOD,WLM_ACC,BASIN_CODE,BASIN_NAME,COUNTY_NAME,WELL_DEPTH,WELL_USE,WELL_TYPE,WCR_NO,t_range,n_samples,season,fall_high,fall_low,spring_high,spring_low,water_year,HUC8,WYT,water_year_type,water_year_start,water_year_end,X,Y
363425N1193854W001,2510348,2010-12-15T00:00:00Z,297,297,0,125,172,125,125,NA,Unknown,Water level accuracy to nearest tenth of a foot,5317,Mid-Kaweah GSA,NA,5317,Mid-Kaweah GSA,NA,NA,54642,NA,KSB-1447,Unknown,Unknown,5-022.11,Kaweah,Tulare,NA,Unknown,Single Well,NA,1993-09-15 - 2010-12-15,120,other,NA,NA,NA,NA,2011,18030012,Wet,Wet,2010-10-01T00:00:00Z,2011-10-01T00:00:00Z,-119.385,36.3424
363425N1193854W001,2510270,2007-08-15T00:00:00Z,297,297,0,119,178,119,119,NA,Unknown,Water level accuracy to nearest tenth of a foot,5317,Mid-Kaweah GSA,NA,5317,Mid-Kaweah GSA,NA,NA,54642,NA,KSB-1447,Unknown,Unknown,5-022.11,Kaweah,Tulare,NA,Unknown,Single Well,NA,1993-09-15 - 2010-12-15,120,fall,80,122,NA,NA,2007,18030012,Critical,Critical,2006-10-01T00:00:00Z,2007-10-01T00:00:00Z,-119.385,36.3424
363425N1193854W001,2510241,2007-02-15T00:00:00Z,297,297,0,102,195,102,102,NA,Unknown,Water level accuracy to nearest tenth of a foot,5317,Mid-Kaweah GSA,NA,5317,Mid-Kaweah GSA,NA,NA,54642,NA,KSB-1447,Unknown,Unknown,5-022.11,Kaweah,Tulare,NA,Unknown,Single Well,NA,1993-09-15 - 2010-12-15,120,other,NA,NA,NA,NA,2007,18030012,Critical,Critical,2006-10-01T00:00:00Z,2007-10-01T00:00:00Z,-119.385,36.3424
363425N1193854W001,2510332,2006-10-15T00:00:00Z,297,297,0,103,194,103,103,NA,Unknown,Water level accuracy to nearest tenth of a foot,5317,Mid-Kaweah GSA,NA,5317,Mid-Kaweah GSA,NA,NA,54642,NA,KSB-1447,Unknown,Unknown,5-022.11,Kaweah,Tulare,NA,Unknown,Single Well,NA,1993-09-15 - 2010-12-15,120,fall,80,122,NA,NA,2007,18030012,Critical,Critical,2006-10-01T00:00:00Z,2007-10-01T00:00:00Z,-119.385,36.3424
363425N1193854W001,2510326,2006-08-15T00:00:00Z,297,297,0,109,188,109,109,NA,Unknown,Water level accuracy to nearest tenth of a foot,5317,Mid-Kaweah GSA,NA,5317,Mid-Kaweah GSA,NA,NA,54642,NA,KSB-1447,Unknown,Unknown,5-022.11,Kaweah,Tulare,NA,Unknown,Single Well,NA,1993-09-15 - 2010-12-15,120,fall,80,122,NA,NA,2006,18030012,Wet,Wet,2005-10-01T00:00:00Z,2006-10-01T00:00:00Z,-119.385,36.3424
363425N1193854W001,2510321,2006-06-15T00:00:00Z,297,297,0,98,199,98,98,NA,Unknown,Water level accuracy to nearest tenth of a foot,5317,Mid-Kaweah GSA,NA,5317,Mid-Kaweah GSA,NA,NA,54642,NA,KSB-1447,Unknown,Unknown,5-022.11,Kaweah,Tulare,NA,Unknown,Single Well,NA,1993-09-15 - 2010-12-15,120,other,NA,NA,NA,NA,2006,18030012,Wet,Wet,2005-10-01T00:00:00Z,2006-10-01T00:00:00Z,-119.385,36.3424
363425N1193854W001,2510315,2006-04-15T00:00:00Z,297,297,0,100,197,100,100,NA,Unknown,Water level accuracy to nearest tenth of a foot,5317,Mid-Kaweah GSA,NA,5317,Mid-Kaweah GSA,NA,NA,54642,NA,KSB-1447,Unknown,Unknown,5-022.11,Kaweah,Tulare,NA,Unknown,Single Well,NA,1993-09-15 - 2010-12-15,120,spring,NA,NA,78,107,2006,18030012,Wet,Wet,2005-10-01T00:00:00Z,2006-10-01T00:00:00Z,-119.385,36.3424
363425N1193854W001,2513582,2006-02-15T00:00:00Z,297,297,0,113,184,113,113,NA,Unknown,Water level accuracy to nearest tenth of a foot,5317,Mid-Kaweah GSA,NA,5317,Mid-Kaweah GSA,NA,NA,54642,NA,KSB-1447,Unknown,Unknown,5-022.11,Kaweah,Tulare,NA,Unknown,Single Well,NA,1993-09-15 - 2010-12-15,120,other,NA,NA,NA,NA,2006,18030012,Wet,Wet,2005-10-01T00:00:00Z,2006-10-01T00:00:00Z,-119.385,36.3424
363425N1193854W001,2513644,2005-12-15T00:00:00Z,297,297,0,102,195,102,102,NA,Unknown,Water level accuracy to nearest tenth of a foot,5317,Mid-Kaweah GSA,NA,5317,Mid-Kaweah GSA,NA,NA,54642,NA,KSB-1447,Unknown,Unknown,5-022.11,Kaweah,Tulare,NA,Unknown,Single Well,NA,1993-09-15 - 2010-12-15,120,other,NA,NA,NA,NA,2006,18030012,Wet,Wet,2005-10-01T00:00:00Z,2006-10-01T00:00:00Z,-119.385,36.3424
363425N1193854W001,2513554,2005-10-15T00:00:00Z,297,297,0,108,189,108,108,NA,Unknown,Water level accuracy to nearest tenth of a foot,5317,Mid-Kaweah GSA,NA,5317,Mid-Kaweah GSA,NA,NA,54642,NA,KSB-1447,Unknown,Unknown,5-022.11,Kaweah,Tulare,NA,Unknown,Single Well,NA,1993-09-15 - 2010-12-15,120,fall,80,122,NA,NA,2006,18030012,Wet,Wet,2005-10-01T00:00:00Z,2006-10-01T00:00:00Z,-119.385,36.3424
363425N1193854W001,2513519,2005-02-15T00:00:00Z,297,297,0,106,191,106,106,NA,Unknown,Water level accuracy to nearest tenth of a foot,5317,Mid-Kaweah GSA,NA,5317,Mid-Kaweah GSA,NA,NA,54642,NA,KSB-1447,Unknown,Unknown,5-022.11,Kaweah,Tulare,NA,Unknown,Single Well,NA,1993-09-15 - 2010-12-15,120,other,NA,NA,NA,NA,2005,18030012,Wet,Wet,2004-10-01T00:00:00Z,2005-10-01T00:00:00Z,-119.385,36.3424
363425N1193854W001,2513493,2004-12-15T00:00:00Z,297,297,0,111,186,111,111,NA,Unknown,Water level accuracy to nearest tenth of a foot,5317,Mid-Kaweah GSA,NA,5317,Mid-Kaweah GSA,NA,NA,54642,NA,KSB-1447,Unknown,Unknown,5-022.11,Kaweah,Tulare,NA,Unknown,Single Well,NA,1993-09-15 - 2010-12-15,120,other,NA,NA,NA,NA,2005,18030012,Wet,Wet,2004-10-01T00:00:00Z,2005-10-01T00:00:00Z,-119.385,36.3424
363425N1193854W001,2513465,2004-10-15T00:00:00Z,297,297,0,122,175,122,122,NA,Unknown,Water level accuracy to nearest tenth of a foot,5317,Mid-Kaweah GSA,NA,5317,Mid-Kaweah GSA,NA,NA,54642,NA,KSB-1447,Unknown,Unknown,5-022.11,Kaweah,Tulare,NA,Unknown,Single Well,NA,1993-09-15 - 2010-12-15,120,fall,80,122,NA,NA,2005,18030012,Wet,Wet,2004-10-01T00:00:00Z,2005-10-01T00:00:00Z,-119.385,36.3424
363425N1193854W001,2513406,2004-06-15T00:00:00Z,297,297,0,116,181,116,116,NA,Unknown,Water level accuracy to nearest tenth of a foot,5317,Mid-Kaweah GSA,NA,5317,Mid-Kaweah GSA,NA,NA,54642,NA,KSB-1447,Unknown,Unknown,5-022.11,Kaweah,Tulare,NA,Unknown,Single Well,NA,1993-09-15 - 2010-12-15,120,other,NA,NA,NA,NA,2004,18030012,Dry,Dry,2003-10-01T00:00:00Z,2004-10-01T00:00:00Z,-119.385,36.3424
363425N1193854W001,2513400,2004-04-15T00:00:00Z,297,297,0,107,190,107,107,NA,Unknown,Water level accuracy to nearest tenth of a foot,5317,Mid-Kaweah GSA,NA,5317,Mid-Kaweah GSA,NA,NA,54642,NA,KSB-1447,Unknown,Unknown,5-022.11,Kaweah,Tulare,NA,Unknown,Single Well,NA,1993-09-15 - 2010-12-15,120,spring,NA,NA,78,107,2004,18030012,Dry,Dry,2003-10-01T00:00:00Z,2004-10-01T00:00:00Z,-119.385,36.3424
363425N1193854W001,2513372,2004-02-15T00:00:00Z,297,297,0,95,202,95,95,NA,Unknown,Water level accuracy to nearest tenth of a foot,5317,Mid-Kaweah GSA,NA,5317,Mid-Kaweah GSA,NA,NA,54642,NA,KSB-1447,Unknown,Unknown,5-022.11,Kaweah,Tulare,NA,Unknown,Single Well,NA,1993-09-15 - 2010-12-15,120,other,NA,NA,NA,NA,2004,18030012,Dry,Dry,2003-10-01T00:00:00Z,2004-10-01T00:00:00Z,-119.385,36.3424
363425N1193854W001,2513814,2003-12-15T00:00:00Z,297,297,0,102,195,102,102,NA,Unknown,Water level accuracy to nearest tenth of a foot,5317,Mid-Kaweah GSA,NA,5317,Mid-Kaweah GSA,NA,NA,54642,NA,KSB-1447,Unknown,Unknown,5-022.11,Kaweah,Tulare,NA,Unknown,Single Well,NA,1993-09-15 - 2010-12-15,120,other,NA,NA,NA,NA,2004,18030012,Dry,Dry,2003-10-01T00:00:00Z,2004-10-01T00:00:00Z,-119.385,36.3424
363425N1193854W001,2513785,2003-10-15T00:00:00Z,297,297,0,109,188,109,109,NA,Unknown,Water level accuracy to nearest tenth of a foot,5317,Mid-Kaweah GSA,NA,5317,Mid-Kaweah GSA,NA,NA,54642,NA,KSB-1447,Unknown,Unknown,5-022.11,Kaweah,Tulare,NA,Unknown,Single Well,NA,1993-09-15 - 2010-12-15,120,fall,80,122,NA,NA,2004,18030012,Dry,Dry,2003-10-01T00:00:00Z,2004-10-01T00:00:00Z,-119.385,36.3424
363425N1193854W001,2513754,2003-08-15T00:00:00Z,297,297,0,120,177,120,120,NA,Unknown,Water level accuracy to nearest tenth of a foot,5317,Mid-Kaweah GSA,NA,5317,Mid-Kaweah GSA,NA,NA,54642,NA,KSB-1447,Unknown,Unknown,5-022.11,Kaweah,Tulare,NA,Unknown,Single Well,NA,1993-09-15 - 2010-12-15,120,fall,80,122,NA,NA,2003,18030012,Dry,Dry,2002-10-01T00:00:00Z,2003-10-01T00:00:00Z,-119.385,36.3424
363425N1193854W001,2513748,2003-06-15T00:00:00Z,297,297,0,108,189,108,108,NA,Unknown,Water level accuracy to nearest tenth of a foot,5317,Mid-Kaweah GSA,NA,5317,Mid-Kaweah GSA,NA,NA,54642,NA,KSB-1447,Unknown,Unknown,5-022.11,Kaweah,Tulare,NA,Unknown,Single Well,NA,1993-09-15 - 2010-12-15,120,other,NA,NA,NA,NA,2003,18030012,Dry,Dry,2002-10-01T00:00:00Z,2003-10-01T00:00:00Z,-119.385,36.3424
363425N1193854W001,2513722,2003-04-15T00:00:00Z,297,297,0,104,193,104,104,NA,Unknown,Water level accuracy to nearest tenth of a foot,5317,Mid-Kaweah GSA,NA,5317,Mid-Kaweah GSA,NA,NA,54642,NA,KSB-1447,Unknown,Unknown,5-022.11,Kaweah,Tulare,NA,Unknown,Single Well,NA,1993-09-15 - 2010-12-15,120,spring,NA,NA,78,107,2003,18030012,Dry,Dry,2002-10-01T00:00:00Z,2003-10-01T00:00:00Z,-119.385,36.3424
363425N1193854W001,2513691,2003-02-15T00:00:00Z,297,297,0,91,206,91,91,NA,Unknown,Water level accuracy to nearest tenth of a foot,5317,Mid-Kaweah GSA,NA,5317,Mid-Kaweah GSA,NA,NA,54642,NA,KSB-1447,Unknown,Unknown,5-022.11,Kaweah,Tulare,NA,Unknown,Single Well,NA,1993-09-15 - 2010-12-15,120,other,NA,NA,NA,NA,2003,18030012,Dry,Dry,2002-10-01T00:00:00Z,2003-10-01T00:00:00Z,-119.385,36.3424
363425N1193854W001,2513663,2002-12-15T00:00:00Z,297,297,0,97,200,97,97,NA,Unknown,Water level accuracy to nearest tenth of a foot,5317,Mid-Kaweah GSA,NA,5317,Mid-Kaweah GSA,NA,NA,54642,NA,KSB-1447,Unknown,Unknown,5-022.11,Kaweah,Tulare,NA,Unknown,Single Well,NA,1993-09-15 - 2010-12-15,120,other,NA,NA,NA,NA,2003,18030012,Dry,Dry,2002-10-01T00:00:00Z,2003-10-01T00:00:00Z,-119.385,36.3424
363425N1193854W001,2513638,2002-10-15T00:00:00Z,297,297,0,99,198,99,99,NA,Unknown,Water level accuracy to nearest tenth of a foot,5317,Mid-Kaweah GSA,NA,5317,Mid-Kaweah GSA,NA,NA,54642,NA,KSB-1447,Unknown,Unknown,5-022.11,Kaweah,Tulare,NA,Unknown,Single Well,NA,1993-09-15 - 2010-12-15,120,fall,80,122,NA,NA,2003,18030012,Dry,Dry,2002-10-01T00:00:00Z,2003-10-01T00:00:00Z,-119.385,36.3424
363425N1193854W001,2513608,2002-08-15T00:00:00Z,297,297,0,113,184,113,113,NA,Unknown,Water level accuracy to nearest tenth of a foot,5317,Mid-Kaweah GSA,NA,5317,Mid-Kaweah GSA,NA,NA,54642,NA,KSB-1447,Unknown,Unknown,5-022.11,Kaweah,Tulare,NA,Unknown,Single Well,NA,1993-09-15 - 2010-12-15,120,fall,80,122,NA,NA,2002,18030012,Critical,Critical,2001-10-01T00:00:00Z,2002-10-01T00:00:00Z,-119.385,36.3424
363425N1193854W001,2513602,2002-06-15T00:00:00Z,297,297,0,103,194,103,103,NA,Unknown,Water level accuracy to nearest tenth of a foot,5317,Mid-Kaweah GSA,NA,5317,Mid-Kaweah GSA,NA,NA,54642,NA,KSB-1447,Unknown,Unknown,5-022.11,Kaweah,Tulare,NA,Unknown,Single Well,NA,1993-09-15 - 2010-12-15,120,other,NA,NA,NA,NA,2002,18030012,Critical,Critical,2001-10-01T00:00:00Z,2002-10-01T00:00:00Z,-119.385,36.3424
363425N1193854W001,2513571,2002-02-15T00:00:00Z,297,297,0,88,209,88,88,NA,Unknown,Water level accuracy to nearest tenth of a foot,5317,Mid-Kaweah GSA,NA,5317,Mid-Kaweah GSA,NA,NA,54642,NA,KSB-1447,Unknown,Unknown,5-022.11,Kaweah,Tulare,NA,Unknown,Single Well,NA,1993-09-15 - 2010-12-15,120,other,NA,NA,NA,NA,2002,18030012,Critical,Critical,2001-10-01T00:00:00Z,2002-10-01T00:00:00Z,-119.385,36.3424
363425N1193854W001,2513544,2001-12-15T00:00:00Z,297,297,0,89,208,89,89,NA,Unknown,Water level accuracy to nearest tenth of a foot,5317,Mid-Kaweah GSA,NA,5317,Mid-Kaweah GSA,NA,NA,54642,NA,KSB-1447,Unknown,Unknown,5-022.11,Kaweah,Tulare,NA,Unknown,Single Well,NA,1993-09-15 - 2010-12-15,120,other,NA,NA,NA,NA,2002,18030012,Critical,Critical,2001-10-01T00:00:00Z,2002-10-01T00:00:00Z,-119.385,36.3424
363425N1193854W001,2513515,2001-10-15T00:00:00Z,297,297,0,96,201,96,96,NA,Unknown,Water level accuracy to nearest tenth of a foot,5317,Mid-Kaweah GSA,NA,5317,Mid-Kaweah GSA,NA,NA,54642,NA,KSB-1447,Unknown,Unknown,5-022.11,Kaweah,Tulare,NA,Unknown,Single Well,NA,1993-09-15 - 2010-12-15,120,fall,80,122,NA,NA,2002,18030012,Critical,Critical,2001-10-01T00:00:00Z,2002-10-01T00:00:00Z,-119.385,36.3424
363425N1193854W001,2513487,2001-08-15T00:00:00Z,297,297,0,107,190,107,107,NA,Unknown,Water level accuracy to nearest tenth of a foot,5317,Mid-Kaweah GSA,NA,5317,Mid-Kaweah GSA,NA,NA,54642,NA,KSB-1447,Unknown,Unknown,5-022.11,Kaweah,Tulare,NA,Unknown,Single Well,NA,1993-09-15 - 2010-12-15,120,fall,80,122,NA,NA,2001,18030012,Below Normal,Below Normal,2000-10-01T00:00:00Z,2001-10-01T00:00:00Z,-119.385,36.3424
363425N1193854W001,2513461,2001-06-15T00:00:00Z,297,297,0,95,202,95,95,NA,Unknown,Water level accuracy to nearest tenth of a foot,5317,Mid-Kaweah GSA,NA,5317,Mid-Kaweah GSA,NA,NA,54642,NA,KSB-1447,Unknown,Unknown,5-022.11,Kaweah,Tulare,NA,Unknown,Single Well,NA,1993-09-15 - 2010-12-15,120,other,NA,NA,NA,NA,2001,18030012,Below Normal,Below Normal,2000-10-01T00:00:00Z,2001-10-01T00:00:00Z,-119.385,36.3424
363425N1193854W001,2513455,2001-04-15T00:00:00Z,297,297,0,84,213,84,84,NA,Unknown,Water level accuracy to nearest tenth of a foot,5317,Mid-Kaweah GSA,NA,5317,Mid-Kaweah GSA,NA,NA,54642,NA,KSB-1447,Unknown,Unknown,5-022.11,Kaweah,Tulare,NA,Unknown,Single Well,NA,1993-09-15 - 2010-12-15,120,spring,NA,NA,78,107,2001,18030012,Below Normal,Below Normal,2000-10-01T00:00:00Z,2001-10-01T00:00:00Z,-119.385,36.3424
363425N1193854W001,2513426,2001-02-15T00:00:00Z,297,297,0,82,215,82,82,NA,Unknown,Water level accuracy to nearest tenth of a foot,5317,Mid-Kaweah GSA,NA,5317,Mid-Kaweah GSA,NA,NA,54642,NA,KSB-1447,Unknown,Unknown,5-022.11,Kaweah,Tulare,NA,Unknown,Single Well,NA,1993-09-15 - 2010-12-15,120,other,NA,NA,NA,NA,2001,18030012,Below Normal,Below Normal,2000-10-01T00:00:00Z,2001-10-01T00:00:00Z,-119.385,36.3424
363425N1193854W001,2513395,2001-01-15T00:00:00Z,297,297,0,82,215,82,82,NA,Unknown,Water level accuracy to nearest tenth of a foot,5317,Mid-Kaweah GSA,NA,5317,Mid-Kaweah GSA,NA,NA,54642,NA,KSB-1447,Unknown,Unknown,5-022.11,Kaweah,Tulare,NA,Unknown,Single Well,NA,1993-09-15 - 2010-12-15,120,other,NA,NA,NA,NA,2001,18030012,Below Normal,Below Normal,2000-10-01T00:00:00Z,2001-10-01T00:00:00Z,-119.385,36.3424
363425N1193854W001,2513366,2000-12-15T00:00:00Z,297,297,0,82,215,82,82,NA,Unknown,Water level accuracy to nearest tenth of a foot,5317,Mid-Kaweah GSA,NA,5317,Mid-Kaweah GSA,NA,NA,54642,NA,KSB-1447,Unknown,Unknown,5-022.11,Kaweah,Tulare,NA,Unknown,Single Well,NA,1993-09-15 - 2010-12-15,120,other,NA,NA,NA,NA,2001,18030012,Below Normal,Below Normal,2000-10-01T00:00:00Z,2001-10-01T00:00:00Z,-119.385,36.3424
363425N1193854W001,2513837,2000-11-15T00:00:00Z,297,297,0,84,213,84,84,NA,Unknown,Water level accuracy to nearest tenth of a foot,5317,Mid-Kaweah GSA,NA,5317,Mid-Kaweah GSA,NA,NA,54642,NA,KSB-1447,Unknown,Unknown,5-022.11,Kaweah,Tulare,NA,Unknown,Single Well,NA,1993-09-15 - 2010-12-15,120,fall,80,122,NA,NA,2001,18030012,Below Normal,Below Normal,2000-10-01T00:00:00Z,2001-10-01T00:00:00Z,-119.385,36.3424
363425N1193854W001,2513808,2000-10-15T00:00:00Z,297,297,0,87,210,87,87,NA,Unknown,Water level accuracy to nearest tenth of a foot,5317,Mid-Kaweah GSA,NA,5317,Mid-Kaweah GSA,NA,NA,54642,NA,KSB-1447,Unknown,Unknown,5-022.11,Kaweah,Tulare,NA,Unknown,Single Well,NA,1993-09-15 - 2010-12-15,120,fall,80,122,NA,NA,2001,18030012,Below Normal,Below Normal,2000-10-01T00:00:00Z,2001-10-01T00:00:00Z,-119.385,36.3424
363425N1193854W001,2513779,2000-09-15T00:00:00Z,297,297,0,92,205,92,92,NA,Unknown,Water level accuracy to nearest tenth of a foot,5317,Mid-Kaweah GSA,NA,5317,Mid-Kaweah GSA,NA,NA,54642,NA,KSB-1447,Unknown,Unknown,5-022.11,Kaweah,Tulare,NA,Unknown,Single Well,NA,1993-09-15 - 2010-12-15,120,fall,80,122,NA,NA,2000,18030012,Below Normal,Below Normal,1999-10-01T00:00:00Z,2000-10-01T00:00:00Z,-119.385,36.3424
363425N1193854W001,2513773,2000-08-15T00:00:00Z,297,297,0,95,202,95,95,NA,Unknown,Water level accuracy to nearest tenth of a foot,5317,Mid-Kaweah GSA,NA,5317,Mid-Kaweah GSA,NA,NA,54642,NA,KSB-1447,Unknown,Unknown,5-022.11,Kaweah,Tulare,NA,Unknown,Single Well,NA,1993-09-15 - 2010-12-15,120,fall,80,122,NA,NA,2000,18030012,Below Normal,Below Normal,1999-10-01T00:00:00Z,2000-10-01T00:00:00Z,-119.385,36.3424
363425N1193854W001,2513742,2000-07-15T00:00:00Z,297,297,0,91,206,91,91,NA,Unknown,Water level accuracy to nearest tenth of a foot,5317,Mid-Kaweah GSA,NA,5317,Mid-Kaweah GSA,NA,NA,54642,NA,KSB-1447,Unknown,Unknown,5-022.11,Kaweah,Tulare,NA,Unknown,Single Well,NA,1993-09-15 - 2010-12-15,120,other,NA,NA,NA,NA,2000,18030012,Below Normal,Below Normal,1999-10-01T00:00:00Z,2000-10-01T00:00:00Z,-119.385,36.3424
363425N1193854W001,2513716,2000-06-15T00:00:00Z,297,297,0,89,208,89,89,NA,Unknown,Water level accuracy to nearest tenth of a foot,5317,Mid-Kaweah GSA,NA,5317,Mid-Kaweah GSA,NA,NA,54642,NA,KSB-1447,Unknown,Unknown,5-022.11,Kaweah,Tulare,NA,Unknown,Single Well,NA,1993-09-15 - 2010-12-15,120,other,NA,NA,NA,NA,2000,18030012,Below Normal,Below Normal,1999-10-01T00:00:00Z,2000-10-01T00:00:00Z,-119.385,36.3424
363425N1193854W001,2513710,2000-05-15T00:00:00Z,297,297,0,85,212,85,85,NA,Unknown,Water level accuracy to nearest tenth of a foot,5317,Mid-Kaweah GSA,NA,5317,Mid-Kaweah GSA,NA,NA,54642,NA,KSB-1447,Unknown,Unknown,5-022.11,Kaweah,Tulare,NA,Unknown,Single Well,NA,1993-09-15 - 2010-12-15,120,spring,NA,NA,78,107,2000,18030012,Below Normal,Below Normal,1999-10-01T00:00:00Z,2000-10-01T00:00:00Z,-119.385,36.3424
363425N1193854W001,2513681,2000-04-15T00:00:00Z,297,297,0,83,214,83,83,NA,Unknown,Water level accuracy to nearest tenth of a foot,5317,Mid-Kaweah GSA,NA,5317,Mid-Kaweah GSA,NA,NA,54642,NA,KSB-1447,Unknown,Unknown,5-022.11,Kaweah,Tulare,NA,Unknown,Single Well,NA,1993-09-15 - 2010-12-15,120,spring,NA,NA,78,107,2000,18030012,Below Normal,Below Normal,1999-10-01T00:00:00Z,2000-10-01T00:00:00Z,-119.385,36.3424
363425N1193854W001,2513656,2000-03-15T00:00:00Z,297,297,0,79,218,79,79,NA,Unknown,Water level accuracy to nearest tenth of a foot,5317,Mid-Kaweah GSA,NA,5317,Mid-Kaweah GSA,NA,NA,54642,NA,KSB-1447,Unknown,Unknown,5-022.11,Kaweah,Tulare,NA,Unknown,Single Well,NA,1993-09-15 - 2010-12-15,120,spring,NA,NA,78,107,2000,18030012,Below Normal,Below Normal,1999-10-01T00:00:00Z,2000-10-01T00:00:00Z,-119.385,36.3424
363425N1193854W001,2513630,2000-02-15T00:00:00Z,297,297,0,81,216,81,81,NA,Unknown,Water level accuracy to nearest tenth of a foot,5317,Mid-Kaweah GSA,NA,5317,Mid-Kaweah GSA,NA,NA,54642,NA,KSB-1447,Unknown,Unknown,5-022.11,Kaweah,Tulare,NA,Unknown,Single Well,NA,1993-09-15 - 2010-12-15,120,other,NA,NA,NA,NA,2000,18030012,Below Normal,Below Normal,1999-10-01T00:00:00Z,2000-10-01T00:00:00Z,-119.385,36.3424
363425N1193854W001,2513624,2000-01-15T00:00:00Z,297,297,0,82,215,82,82,NA,Unknown,Water level accuracy to nearest tenth of a foot,5317,Mid-Kaweah GSA,NA,5317,Mid-Kaweah GSA,NA,NA,54642,NA,KSB-1447,Unknown,Unknown,5-022.11,Kaweah,Tulare,NA,Unknown,Single Well,NA,1993-09-15 - 2010-12-15,120,other,NA,NA,NA,NA,2000,18030012,Below Normal,Below Normal,1999-10-01T00:00:00Z,2000-10-01T00:00:00Z,-119.385,36.3424
363425N1193854W001,2513594,1999-12-15T00:00:00Z,297,297,0,81,216,81,81,NA,Unknown,Water level accuracy to nearest tenth of a foot,5317,Mid-Kaweah GSA,NA,5317,Mid-Kaweah GSA,NA,NA,54642,NA,KSB-1447,Unknown,Unknown,5-022.11,Kaweah,Tulare,NA,Unknown,Single Well,NA,1993-09-15 - 2010-12-15,120,other,NA,NA,NA,NA,2000,18030012,Below Normal,Below Normal,1999-10-01T00:00:00Z,2000-10-01T00:00:00Z,-119.385,36.3424
363425N1193854W001,2513565,1999-11-15T00:00:00Z,297,297,0,84,213,84,84,NA,Unknown,Water level accuracy to nearest tenth of a foot,5317,Mid-Kaweah GSA,NA,5317,Mid-Kaweah GSA,NA,NA,54642,NA,KSB-1447,Unknown,Unknown,5-022.11,Kaweah,Tulare,NA,Unknown,Single Well,NA,1993-09-15 - 2010-12-15,120,fall,80,122,NA,NA,2000,18030012,Below Normal,Below Normal,1999-10-01T00:00:00Z,2000-10-01T00:00:00Z,-119.385,36.3424
363425N1193854W001,2513538,1999-10-15T00:00:00Z,297,297,0,86,211,86,86,NA,Unknown,Water level accuracy to nearest tenth of a foot,5317,Mid-Kaweah GSA,NA,5317,Mid-Kaweah GSA,NA,NA,54642,NA,KSB-1447,Unknown,Unknown,5-022.11,Kaweah,Tulare,NA,Unknown,Single Well,NA,1993-09-15 - 2010-12-15,120,fall,80,122,NA,NA,2000,18030012,Below Normal,Below Normal,1999-10-01T00:00:00Z,2000-10-01T00:00:00Z,-119.385,36.3424
363425N1193854W001,2513509,1999-09-15T00:00:00Z,297,297,0,88,209,88,88,NA,Unknown,Water level accuracy to nearest tenth of a foot,5317,Mid-Kaweah GSA,NA,5317,Mid-Kaweah GSA,NA,NA,54642,NA,KSB-1447,Unknown,Unknown,5-022.11,Kaweah,Tulare,NA,Unknown,Single Well,NA,1993-09-15 - 2010-12-15,120,fall,80,122,NA,NA,1999,18030012,Wet,Wet,1998-10-01T00:00:00Z,1999-10-01T00:00:00Z,-119.385,36.3424
363425N1193854W001,2513480,1999-08-15T00:00:00Z,297,297,0,93,204,93,93,NA,Unknown,Water level accuracy to nearest tenth of a foot,5317,Mid-Kaweah GSA,NA,5317,Mid-Kaweah GSA,NA,NA,54642,NA,KSB-1447,Unknown,Unknown,5-022.11,Kaweah,Tulare,NA,Unknown,Single Well,NA,1993-09-15 - 2010-12-15,120,fall,80,122,NA,NA,1999,18030012,Wet,Wet,1998-10-01T00:00:00Z,1999-10-01T00:00:00Z,-119.385,36.3424
363425N1193854W001,2513474,1999-07-15T00:00:00Z,297,297,0,89,208,89,89,NA,Unknown,Water level accuracy to nearest tenth of a foot,5317,Mid-Kaweah GSA,NA,5317,Mid-Kaweah GSA,NA,NA,54642,NA,KSB-1447,Unknown,Unknown,5-022.11,Kaweah,Tulare,NA,Unknown,Single Well,NA,1993-09-15 - 2010-12-15,120,other,NA,NA,NA,NA,1999,18030012,Wet,Wet,1998-10-01T00:00:00Z,1999-10-01T00:00:00Z,-119.385,36.3424
363425N1193854W001,2513449,1999-06-15T00:00:00Z,297,297,0,85,212,85,85,NA,Unknown,Water level accuracy to nearest tenth of a foot,5317,Mid-Kaweah GSA,NA,5317,Mid-Kaweah GSA,NA,NA,54642,NA,KSB-1447,Unknown,Unknown,5-022.11,Kaweah,Tulare,NA,Unknown,Single Well,NA,1993-09-15 - 2010-12-15,120,other,NA,NA,NA,NA,1999,18030012,Wet,Wet,1998-10-01T00:00:00Z,1999-10-01T00:00:00Z,-119.385,36.3424
363425N1193854W001,2513421,1999-05-15T00:00:00Z,297,297,0,86,211,86,86,NA,Unknown,Water level accuracy to nearest tenth of a foot,5317,Mid-Kaweah GSA,NA,5317,Mid-Kaweah GSA,NA,NA,54642,NA,KSB-1447,Unknown,Unknown,5-022.11,Kaweah,Tulare,NA,Unknown,Single Well,NA,1993-09-15 - 2010-12-15,120,spring,NA,NA,78,107,1999,18030012,Wet,Wet,1998-10-01T00:00:00Z,1999-10-01T00:00:00Z,-119.385,36.3424
363425N1193854W001,2513391,1999-04-15T00:00:00Z,297,297,0,78,219,78,78,NA,Unknown,Water level accuracy to nearest tenth of a foot,5317,Mid-Kaweah GSA,NA,5317,Mid-Kaweah GSA,NA,NA,54642,NA,KSB-1447,Unknown,Unknown,5-022.11,Kaweah,Tulare,NA,Unknown,Single Well,NA,1993-09-15 - 2010-12-15,120,spring,NA,NA,78,107,1999,18030012,Wet,Wet,1998-10-01T00:00:00Z,1999-10-01T00:00:00Z,-119.385,36.3424
363425N1193854W001,2513385,1999-03-15T00:00:00Z,297,297,0,81,216,81,81,NA,Unknown,Water level accuracy to nearest tenth of a foot,5317,Mid-Kaweah GSA,NA,5317,Mid-Kaweah GSA,NA,NA,54642,NA,KSB-1447,Unknown,Unknown,5-022.11,Kaweah,Tulare,NA,Unknown,Single Well,NA,1993-09-15 - 2010-12-15,120,spring,NA,NA,78,107,1999,18030012,Wet,Wet,1998-10-01T00:00:00Z,1999-10-01T00:00:00Z,-119.385,36.3424
363425N1193854W001,2513828,1999-02-15T00:00:00Z,297,297,0,77,220,77,77,NA,Unknown,Water level accuracy to nearest tenth of a foot,5317,Mid-Kaweah GSA,NA,5317,Mid-Kaweah GSA,NA,NA,54642,NA,KSB-1447,Unknown,Unknown,5-022.11,Kaweah,Tulare,NA,Unknown,Single Well,NA,1993-09-15 - 2010-12-15,120,other,NA,NA,NA,NA,1999,18030012,Wet,Wet,1998-10-01T00:00:00Z,1999-10-01T00:00:00Z,-119.385,36.3424
363425N1193854W001,2513800,1999-01-15T00:00:00Z,297,297,0,78,219,78,78,NA,Unknown,Water level accuracy to nearest tenth of a foot,5317,Mid-Kaweah GSA,NA,5317,Mid-Kaweah GSA,NA,NA,54642,NA,KSB-1447,Unknown,Unknown,5-022.11,Kaweah,Tulare,NA,Unknown,Single Well,NA,1993-09-15 - 2010-12-15,120,other,NA,NA,NA,NA,1999,18030012,Wet,Wet,1998-10-01T00:00:00Z,1999-10-01T00:00:00Z,-119.385,36.3424
363425N1193854W001,2513769,1998-12-15T00:00:00Z,297,297,0,79,218,79,79,NA,Unknown,Water level accuracy to nearest tenth of a foot,5317,Mid-Kaweah GSA,NA,5317,Mid-Kaweah GSA,NA,NA,54642,NA,KSB-1447,Unknown,Unknown,5-022.11,Kaweah,Tulare,NA,Unknown,Single Well,NA,1993-09-15 - 2010-12-15,120,other,NA,NA,NA,NA,1999,18030012,Wet,Wet,1998-10-01T00:00:00Z,1999-10-01T00:00:00Z,-119.385,36.3424
363425N1193854W001,2513763,1998-11-15T00:00:00Z,297,297,0,80,217,80,80,NA,Unknown,Water level accuracy to nearest tenth of a foot,5317,Mid-Kaweah GSA,NA,5317,Mid-Kaweah GSA,NA,NA,54642,NA,KSB-1447,Unknown,Unknown,5-022.11,Kaweah,Tulare,NA,Unknown,Single Well,NA,1993-09-15 - 2010-12-15,120,fall,80,122,NA,NA,1999,18030012,Wet,Wet,1998-10-01T00:00:00Z,1999-10-01T00:00:00Z,-119.385,36.3424
363425N1193854W001,2513708,1998-10-15T00:00:00Z,297,297,0,83,214,83,83,NA,Unknown,Water level accuracy to nearest tenth of a foot,5317,Mid-Kaweah GSA,NA,5317,Mid-Kaweah GSA,NA,NA,54642,NA,KSB-1447,Unknown,Unknown,5-022.11,Kaweah,Tulare,NA,Unknown,Single Well,NA,1993-09-15 - 2010-12-15,120,fall,80,122,NA,NA,1999,18030012,Wet,Wet,1998-10-01T00:00:00Z,1999-10-01T00:00:00Z,-119.385,36.3424
363425N1193854W001,2513702,1998-09-15T00:00:00Z,297,297,0,85,212,85,85,NA,Unknown,Water level accuracy to nearest tenth of a foot,5317,Mid-Kaweah GSA,NA,5317,Mid-Kaweah GSA,NA,NA,54642,NA,KSB-1447,Unknown,Unknown,5-022.11,Kaweah,Tulare,NA,Unknown,Single Well,NA,1993-09-15 - 2010-12-15,120,fall,80,122,NA,NA,1998,18030012,Wet,Wet,1997-10-01T00:00:00Z,1998-10-01T00:00:00Z,-119.385,36.3424
363425N1193854W001,2513674,1998-08-15T00:00:00Z,297,297,0,91,206,91,91,NA,Unknown,Water level accuracy to nearest tenth of a foot,5317,Mid-Kaweah GSA,NA,5317,Mid-Kaweah GSA,NA,NA,54642,NA,KSB-1447,Unknown,Unknown,5-022.11,Kaweah,Tulare,NA,Unknown,Single Well,NA,1993-09-15 - 2010-12-15,120,fall,80,122,NA,NA,1998,18030012,Wet,Wet,1997-10-01T00:00:00Z,1998-10-01T00:00:00Z,-119.385,36.3424
363425N1193854W001,2513650,1998-07-15T00:00:00Z,297,297,0,90,207,90,90,NA,Unknown,Water level accuracy to nearest tenth of a foot,5317,Mid-Kaweah GSA,NA,5317,Mid-Kaweah GSA,NA,NA,54642,NA,KSB-1447,Unknown,Unknown,5-022.11,Kaweah,Tulare,NA,Unknown,Single Well,NA,1993-09-15 - 2010-12-15,120,other,NA,NA,NA,NA,1998,18030012,Wet,Wet,1997-10-01T00:00:00Z,1998-10-01T00:00:00Z,-119.385,36.3424
363425N1193854W001,2513623,1998-06-15T00:00:00Z,297,297,0,87,210,87,87,NA,Unknown,Water level accuracy to nearest tenth of a foot,5317,Mid-Kaweah GSA,NA,5317,Mid-Kaweah GSA,NA,NA,54642,NA,KSB-1447,Unknown,Unknown,5-022.11,Kaweah,Tulare,NA,Unknown,Single Well,NA,1993-09-15 - 2010-12-15,120,other,NA,NA,NA,NA,1998,18030012,Wet,Wet,1997-10-01T00:00:00Z,1998-10-01T00:00:00Z,-119.385,36.3424
363425N1193854W001,2513617,1998-05-15T00:00:00Z,297,297,0,87,210,87,87,NA,Unknown,Water level accuracy to nearest tenth of a foot,5317,Mid-Kaweah GSA,NA,5317,Mid-Kaweah GSA,NA,NA,54642,NA,KSB-1447,Unknown,Unknown,5-022.11,Kaweah,Tulare,NA,Unknown,Single Well,NA,1993-09-15 - 2010-12-15,120,spring,NA,NA,78,107,1998,18030012,Wet,Wet,1997-10-01T00:00:00Z,1998-10-01T00:00:00Z,-119.385,36.3424
363425N1193854W001,2513588,1998-04-15T00:00:00Z,297,297,0,83,214,83,83,NA,Unknown,Water level accuracy to nearest tenth of a foot,5317,Mid-Kaweah GSA,NA,5317,Mid-Kaweah GSA,NA,NA,54642,NA,KSB-1447,Unknown,Unknown,5-022.11,Kaweah,Tulare,NA,Unknown,Single Well,NA,1993-09-15 - 2010-12-15,120,spring,NA,NA,78,107,1998,18030012,Wet,Wet,1997-10-01T00:00:00Z,1998-10-01T00:00:00Z,-119.385,36.3424
363425N1193854W001,2513535,1998-02-15T00:00:00Z,297,297,0,87,210,87,87,NA,Unknown,Water level accuracy to nearest tenth of a foot,5317,Mid-Kaweah GSA,NA,5317,Mid-Kaweah GSA,NA,NA,54642,NA,KSB-1447,Unknown,Unknown,5-022.11,Kaweah,Tulare,NA,Unknown,Single Well,NA,1993-09-15 - 2010-12-15,120,other,NA,NA,NA,NA,1998,18030012,Wet,Wet,1997-10-01T00:00:00Z,1998-10-01T00:00:00Z,-119.385,36.3424
363425N1193854W001,2513529,1998-01-15T00:00:00Z,297,297,0,88,209,88,88,NA,Unknown,Water level accuracy to nearest tenth of a foot,5317,Mid-Kaweah GSA,NA,5317,Mid-Kaweah GSA,NA,NA,54642,NA,KSB-1447,Unknown,Unknown,5-022.11,Kaweah,Tulare,NA,Unknown,Single Well,NA,1993-09-15 - 2010-12-15,120,other,NA,NA,NA,NA,1998,18030012,Wet,Wet,1997-10-01T00:00:00Z,1998-10-01T00:00:00Z,-119.385,36.3424
363425N1193854W001,2513502,1997-12-15T00:00:00Z,297,297,0,87,210,87,87,NA,Unknown,Water level accuracy to nearest tenth of a foot,5317,Mid-Kaweah GSA,NA,5317,Mid-Kaweah GSA,NA,NA,54642,NA,KSB-1447,Unknown,Unknown,5-022.11,Kaweah,Tulare,NA,Unknown,Single Well,NA,1993-09-15 - 2010-12-15,120,other,NA,NA,NA,NA,1998,18030012,Wet,Wet,1997-10-01T00:00:00Z,1998-10-01T00:00:00Z,-119.385,36.3424
363425N1193854W001,2513471,1997-11-15T00:00:00Z,297,297,0,88,209,88,88,NA,Unknown,Water level accuracy to nearest tenth of a foot,5317,Mid-Kaweah GSA,NA,5317,Mid-Kaweah GSA,NA,NA,54642,NA,KSB-1447,Unknown,Unknown,5-022.11,Kaweah,Tulare,NA,Unknown,Single Well,NA,1993-09-15 - 2010-12-15,120,fall,80,122,NA,NA,1998,18030012,Wet,Wet,1997-10-01T00:00:00Z,1998-10-01T00:00:00Z,-119.385,36.3424
363425N1193854W001,2513442,1997-10-15T00:00:00Z,297,297,0,95,202,95,95,NA,Unknown,Water level accuracy to nearest tenth of a foot,5317,Mid-Kaweah GSA,NA,5317,Mid-Kaweah GSA,NA,NA,54642,NA,KSB-1447,Unknown,Unknown,5-022.11,Kaweah,Tulare,NA,Unknown,Single Well,NA,1993-09-15 - 2010-12-15,120,fall,80,122,NA,NA,1998,18030012,Wet,Wet,1997-10-01T00:00:00Z,1998-10-01T00:00:00Z,-119.385,36.3424
363425N1193854W001,2513413,1997-09-15T00:00:00Z,297,297,0,105,192,105,105,NA,Unknown,Water level accuracy to nearest tenth of a foot,5317,Mid-Kaweah GSA,NA,5317,Mid-Kaweah GSA,NA,NA,54642,NA,KSB-1447,Unknown,Unknown,5-022.11,Kaweah,Tulare,NA,Unknown,Single Well,NA,1993-09-15 - 2010-12-15,120,fall,80,122,NA,NA,1997,18030012,Above Normal,Above Normal,1996-10-01T00:00:00Z,1997-10-01T00:00:00Z,-119.385,36.3424
363425N1193854W001,2513407,1997-08-15T00:00:00Z,297,297,0,102,195,102,102,NA,Unknown,Water level accuracy to nearest tenth of a foot,5317,Mid-Kaweah GSA,NA,5317,Mid-Kaweah GSA,NA,NA,54642,NA,KSB-1447,Unknown,Unknown,5-022.11,Kaweah,Tulare,NA,Unknown,Single Well,NA,1993-09-15 - 2010-12-15,120,fall,80,122,NA,NA,1997,18030012,Above Normal,Above Normal,1996-10-01T00:00:00Z,1997-10-01T00:00:00Z,-119.385,36.3424
363425N1193854W001,2513379,1997-07-15T00:00:00Z,297,297,0,105,192,105,105,NA,Unknown,Water level accuracy to nearest tenth of a foot,5317,Mid-Kaweah GSA,NA,5317,Mid-Kaweah GSA,NA,NA,54642,NA,KSB-1447,Unknown,Unknown,5-022.11,Kaweah,Tulare,NA,Unknown,Single Well,NA,1993-09-15 - 2010-12-15,120,other,NA,NA,NA,NA,1997,18030012,Above Normal,Above Normal,1996-10-01T00:00:00Z,1997-10-01T00:00:00Z,-119.385,36.3424
363425N1193854W001,2513822,1997-06-15T00:00:00Z,297,297,0,92,205,92,92,NA,Unknown,Water level accuracy to nearest tenth of a foot,5317,Mid-Kaweah GSA,NA,5317,Mid-Kaweah GSA,NA,NA,54642,NA,KSB-1447,Unknown,Unknown,5-022.11,Kaweah,Tulare,NA,Unknown,Single Well,NA,1993-09-15 - 2010-12-15,120,other,NA,NA,NA,NA,1997,18030012,Above Normal,Above Normal,1996-10-01T00:00:00Z,1997-10-01T00:00:00Z,-119.385,36.3424
363425N1193854W001,2513795,1997-05-15T00:00:00Z,297,297,0,97,200,97,97,NA,Unknown,Water level accuracy to nearest tenth of a foot,5317,Mid-Kaweah GSA,NA,5317,Mid-Kaweah GSA,NA,NA,54642,NA,KSB-1447,Unknown,Unknown,5-022.11,Kaweah,Tulare,NA,Unknown,Single Well,NA,1993-09-15 - 2010-12-15,120,spring,NA,NA,78,107,1997,18030012,Above Normal,Above Normal,1996-10-01T00:00:00Z,1997-10-01T00:00:00Z,-119.385,36.3424
363425N1193854W001,2513789,1997-04-15T00:00:00Z,297,297,0,93,204,93,93,NA,Unknown,Water level accuracy to nearest tenth of a foot,5317,Mid-Kaweah GSA,NA,5317,Mid-Kaweah GSA,NA,NA,54642,NA,KSB-1447,Unknown,Unknown,5-022.11,Kaweah,Tulare,NA,Unknown,Single Well,NA,1993-09-15 - 2010-12-15,120,spring,NA,NA,78,107,1997,18030012,Above Normal,Above Normal,1996-10-01T00:00:00Z,1997-10-01T00:00:00Z,-119.385,36.3424
363425N1193854W001,2513758,1997-03-15T00:00:00Z,297,297,0,91,206,91,91,NA,Unknown,Water level accuracy to nearest tenth of a foot,5317,Mid-Kaweah GSA,NA,5317,Mid-Kaweah GSA,NA,NA,54642,NA,KSB-1447,Unknown,Unknown,5-022.11,Kaweah,Tulare,NA,Unknown,Single Well,NA,1993-09-15 - 2010-12-15,120,spring,NA,NA,78,107,1997,18030012,Above Normal,Above Normal,1996-10-01T00:00:00Z,1997-10-01T00:00:00Z,-119.385,36.3424
363425N1193854W001,2513731,1997-02-15T00:00:00Z,297,297,0,83,214,83,83,NA,Unknown,Water level accuracy to nearest tenth of a foot,5317,Mid-Kaweah GSA,NA,5317,Mid-Kaweah GSA,NA,NA,54642,NA,KSB-1447,Unknown,Unknown,5-022.11,Kaweah,Tulare,NA,Unknown,Single Well,NA,1993-09-15 - 2010-12-15,120,other,NA,NA,NA,NA,1997,18030012,Above Normal,Above Normal,1996-10-01T00:00:00Z,1997-10-01T00:00:00Z,-119.385,36.3424
363425N1193854W001,2513701,1997-01-15T00:00:00Z,297,297,0,89,208,89,89,NA,Unknown,Water level accuracy to nearest tenth of a foot,5317,Mid-Kaweah GSA,NA,5317,Mid-Kaweah GSA,NA,NA,54642,NA,KSB-1447,Unknown,Unknown,5-022.11,Kaweah,Tulare,NA,Unknown,Single Well,NA,1993-09-15 - 2010-12-15,120,other,NA,NA,NA,NA,1997,18030012,Above Normal,Above Normal,1996-10-01T00:00:00Z,1997-10-01T00:00:00Z,-119.385,36.3424
363425N1193854W001,2513695,1996-12-15T00:00:00Z,297,297,0,91,206,91,91,NA,Unknown,Water level accuracy to nearest tenth of a foot,5317,Mid-Kaweah GSA,NA,5317,Mid-Kaweah GSA,NA,NA,54642,NA,KSB-1447,Unknown,Unknown,5-022.11,Kaweah,Tulare,NA,Unknown,Single Well,NA,1993-09-15 - 2010-12-15,120,other,NA,NA,NA,NA,1997,18030012,Above Normal,Above Normal,1996-10-01T00:00:00Z,1997-10-01T00:00:00Z,-119.385,36.3424
363425N1193854W001,2513666,1996-11-15T00:00:00Z,297,297,0,91,206,91,91,NA,Unknown,Water level accuracy to nearest tenth of a foot,5317,Mid-Kaweah GSA,NA,5317,Mid-Kaweah GSA,NA,NA,54642,NA,KSB-1447,Unknown,Unknown,5-022.11,Kaweah,Tulare,NA,Unknown,Single Well,NA,1993-09-15 - 2010-12-15,120,fall,80,122,NA,NA,1997,18030012,Above Normal,Above Normal,1996-10-01T00:00:00Z,1997-10-01T00:00:00Z,-119.385,36.3424
363425N1193854W001,2514095,1996-10-15T00:00:00Z,297,297,0,98,199,98,98,NA,Unknown,Water level accuracy to nearest tenth of a foot,5317,Mid-Kaweah GSA,NA,5317,Mid-Kaweah GSA,NA,NA,54642,NA,KSB-1447,Unknown,Unknown,5-022.11,Kaweah,Tulare,NA,Unknown,Single Well,NA,1993-09-15 - 2010-12-15,120,fall,80,122,NA,NA,1997,18030012,Above Normal,Above Normal,1996-10-01T00:00:00Z,1997-10-01T00:00:00Z,-119.385,36.3424
363425N1193854W001,2514013,1996-09-15T00:00:00Z,297,297,0,100,197,100,100,NA,Unknown,Water level accuracy to nearest tenth of a foot,5317,Mid-Kaweah GSA,NA,5317,Mid-Kaweah GSA,NA,NA,54642,NA,KSB-1447,Unknown,Unknown,5-022.11,Kaweah,Tulare,NA,Unknown,Single Well,NA,1993-09-15 - 2010-12-15,120,fall,80,122,NA,NA,1996,18030012,Wet,Wet,1995-10-01T00:00:00Z,1996-10-01T00:00:00Z,-119.385,36.3424
363425N1193854W001,2514069,1996-08-15T00:00:00Z,297,297,0,100,197,100,100,NA,Unknown,Water level accuracy to nearest tenth of a foot,5317,Mid-Kaweah GSA,NA,5317,Mid-Kaweah GSA,NA,NA,54642,NA,KSB-1447,Unknown,Unknown,5-022.11,Kaweah,Tulare,NA,Unknown,Single Well,NA,1993-09-15 - 2010-12-15,120,fall,80,122,NA,NA,1996,18030012,Wet,Wet,1995-10-01T00:00:00Z,1996-10-01T00:00:00Z,-119.385,36.3424
363425N1193854W001,2514043,1996-07-15T00:00:00Z,297,297,0,99,198,99,99,NA,Unknown,Water level accuracy to nearest tenth of a foot,5317,Mid-Kaweah GSA,NA,5317,Mid-Kaweah GSA,NA,NA,54642,NA,KSB-1447,Unknown,Unknown,5-022.11,Kaweah,Tulare,NA,Unknown,Single Well,NA,1993-09-15 - 2010-12-15,120,other,NA,NA,NA,NA,1996,18030012,Wet,Wet,1995-10-01T00:00:00Z,1996-10-01T00:00:00Z,-119.385,36.3424
363425N1193854W001,2514037,1996-06-15T00:00:00Z,297,297,0,97,200,97,97,NA,Unknown,Water level accuracy to nearest tenth of a foot,5317,Mid-Kaweah GSA,NA,5317,Mid-Kaweah GSA,NA,NA,54642,NA,KSB-1447,Unknown,Unknown,5-022.11,Kaweah,Tulare,NA,Unknown,Single Well,NA,1993-09-15 - 2010-12-15,120,other,NA,NA,NA,NA,1996,18030012,Wet,Wet,1995-10-01T00:00:00Z,1996-10-01T00:00:00Z,-119.385,36.3424
363425N1193854W001,2513986,1996-05-15T00:00:00Z,297,297,0,92,205,92,92,NA,Unknown,Water level accuracy to nearest tenth of a foot,5317,Mid-Kaweah GSA,NA,5317,Mid-Kaweah GSA,NA,NA,54642,NA,KSB-1447,Unknown,Unknown,5-022.11,Kaweah,Tulare,NA,Unknown,Single Well,NA,1993-09-15 - 2010-12-15,120,spring,NA,NA,78,107,1996,18030012,Wet,Wet,1995-10-01T00:00:00Z,1996-10-01T00:00:00Z,-119.385,36.3424
363425N1193854W001,2513962,1996-04-15T00:00:00Z,297,297,0,86,211,86,86,NA,Unknown,Water level accuracy to nearest tenth of a foot,5317,Mid-Kaweah GSA,NA,5317,Mid-Kaweah GSA,NA,NA,54642,NA,KSB-1447,Unknown,Unknown,5-022.11,Kaweah,Tulare,NA,Unknown,Single Well,NA,1993-09-15 - 2010-12-15,120,spring,NA,NA,78,107,1996,18030012,Wet,Wet,1995-10-01T00:00:00Z,1996-10-01T00:00:00Z,-119.385,36.3424
363425N1193854W001,2513935,1996-03-15T00:00:00Z,297,297,0,85,212,85,85,NA,Unknown,Water level accuracy to nearest tenth of a foot,5317,Mid-Kaweah GSA,NA,5317,Mid-Kaweah GSA,NA,NA,54642,NA,KSB-1447,Unknown,Unknown,5-022.11,Kaweah,Tulare,NA,Unknown,Single Well,NA,1993-09-15 - 2010-12-15,120,spring,NA,NA,78,107,1996,18030012,Wet,Wet,1995-10-01T00:00:00Z,1996-10-01T00:00:00Z,-119.385,36.3424
363425N1193854W001,2513929,1996-02-15T00:00:00Z,297,297,0,80,217,80,80,NA,Unknown,Water level accuracy to nearest tenth of a foot,5317,Mid-Kaweah GSA,NA,5317,Mid-Kaweah GSA,NA,NA,54642,NA,KSB-1447,Unknown,Unknown,5-022.11,Kaweah,Tulare,NA,Unknown,Single Well,NA,1993-09-15 - 2010-12-15,120,other,NA,NA,NA,NA,1996,18030012,Wet,Wet,1995-10-01T00:00:00Z,1996-10-01T00:00:00Z,-119.385,36.3424
363425N1193854W001,2513901,1996-01-15T00:00:00Z,297,297,0,82,215,82,82,NA,Unknown,Water level accuracy to nearest tenth of a foot,5317,Mid-Kaweah GSA,NA,5317,Mid-Kaweah GSA,NA,NA,54642,NA,KSB-1447,Unknown,Unknown,5-022.11,Kaweah,Tulare,NA,Unknown,Single Well,NA,1993-09-15 - 2010-12-15,120,other,NA,NA,NA,NA,1996,18030012,Wet,Wet,1995-10-01T00:00:00Z,1996-10-01T00:00:00Z,-119.385,36.3424
363425N1193854W001,2513873,1995-12-15T00:00:00Z,297,297,0,81,216,81,81,NA,Unknown,Water level accuracy to nearest tenth of a foot,5317,Mid-Kaweah GSA,NA,5317,Mid-Kaweah GSA,NA,NA,54642,NA,KSB-1447,Unknown,Unknown,5-022.11,Kaweah,Tulare,NA,Unknown,Single Well,NA,1993-09-15 - 2010-12-15,120,other,NA,NA,NA,NA,1996,18030012,Wet,Wet,1995-10-01T00:00:00Z,1996-10-01T00:00:00Z,-119.385,36.3424
363425N1193854W001,2513867,1995-11-15T00:00:00Z,297,297,0,84,213,84,84,NA,Unknown,Water level accuracy to nearest tenth of a foot,5317,Mid-Kaweah GSA,NA,5317,Mid-Kaweah GSA,NA,NA,54642,NA,KSB-1447,Unknown,Unknown,5-022.11,Kaweah,Tulare,NA,Unknown,Single Well,NA,1993-09-15 - 2010-12-15,120,fall,80,122,NA,NA,1996,18030012,Wet,Wet,1995-10-01T00:00:00Z,1996-10-01T00:00:00Z,-119.385,36.3424
363425N1193854W001,2514259,1995-10-15T00:00:00Z,297,297,0,89,208,89,89,NA,Unknown,Water level accuracy to nearest tenth of a foot,5317,Mid-Kaweah GSA,NA,5317,Mid-Kaweah GSA,NA,NA,54642,NA,KSB-1447,Unknown,Unknown,5-022.11,Kaweah,Tulare,NA,Unknown,Single Well,NA,1993-09-15 - 2010-12-15,120,fall,80,122,NA,NA,1996,18030012,Wet,Wet,1995-10-01T00:00:00Z,1996-10-01T00:00:00Z,-119.385,36.3424
363425N1193854W001,2514229,1995-09-15T00:00:00Z,297,297,0,90,207,90,90,NA,Unknown,Water level accuracy to nearest tenth of a foot,5317,Mid-Kaweah GSA,NA,5317,Mid-Kaweah GSA,NA,NA,54642,NA,KSB-1447,Unknown,Unknown,5-022.11,Kaweah,Tulare,NA,Unknown,Single Well,NA,1993-09-15 - 2010-12-15,120,fall,80,122,NA,NA,1995,18030012,Wet,Wet,1994-10-01T00:00:00Z,1995-10-01T00:00:00Z,-119.385,36.3424
363425N1193854W001,2514224,1995-08-15T00:00:00Z,297,297,0,91,206,91,91,NA,Unknown,Water level accuracy to nearest tenth of a foot,5317,Mid-Kaweah GSA,NA,5317,Mid-Kaweah GSA,NA,NA,54642,NA,KSB-1447,Unknown,Unknown,5-022.11,Kaweah,Tulare,NA,Unknown,Single Well,NA,1993-09-15 - 2010-12-15,120,fall,80,122,NA,NA,1995,18030012,Wet,Wet,1994-10-01T00:00:00Z,1995-10-01T00:00:00Z,-119.385,36.3424
363425N1193854W001,2514199,1995-07-15T00:00:00Z,297,297,0,93,204,93,93,NA,Unknown,Water level accuracy to nearest tenth of a foot,5317,Mid-Kaweah GSA,NA,5317,Mid-Kaweah GSA,NA,NA,54642,NA,KSB-1447,Unknown,Unknown,5-022.11,Kaweah,Tulare,NA,Unknown,Single Well,NA,1993-09-15 - 2010-12-15,120,other,NA,NA,NA,NA,1995,18030012,Wet,Wet,1994-10-01T00:00:00Z,1995-10-01T00:00:00Z,-119.385,36.3424
363425N1193854W001,2514173,1995-06-15T00:00:00Z,297,297,0,92,205,92,92,NA,Unknown,Water level accuracy to nearest tenth of a foot,5317,Mid-Kaweah GSA,NA,5317,Mid-Kaweah GSA,NA,NA,54642,NA,KSB-1447,Unknown,Unknown,5-022.11,Kaweah,Tulare,NA,Unknown,Single Well,NA,1993-09-15 - 2010-12-15,120,other,NA,NA,NA,NA,1995,18030012,Wet,Wet,1994-10-01T00:00:00Z,1995-10-01T00:00:00Z,-119.385,36.3424
363425N1193854W001,2514167,1995-05-15T00:00:00Z,297,297,0,87,210,87,87,NA,Unknown,Water level accuracy to nearest tenth of a foot,5317,Mid-Kaweah GSA,NA,5317,Mid-Kaweah GSA,NA,NA,54642,NA,KSB-1447,Unknown,Unknown,5-022.11,Kaweah,Tulare,NA,Unknown,Single Well,NA,1993-09-15 - 2010-12-15,120,spring,NA,NA,78,107,1995,18030012,Wet,Wet,1994-10-01T00:00:00Z,1995-10-01T00:00:00Z,-119.385,36.3424
363425N1193854W001,2514143,1995-04-15T00:00:00Z,297,297,0,86,211,86,86,NA,Unknown,Water level accuracy to nearest tenth of a foot,5317,Mid-Kaweah GSA,NA,5317,Mid-Kaweah GSA,NA,NA,54642,NA,KSB-1447,Unknown,Unknown,5-022.11,Kaweah,Tulare,NA,Unknown,Single Well,NA,1993-09-15 - 2010-12-15,120,spring,NA,NA,78,107,1995,18030012,Wet,Wet,1994-10-01T00:00:00Z,1995-10-01T00:00:00Z,-119.385,36.3424
363425N1193854W001,2514113,1995-03-15T00:00:00Z,297,297,0,85,212,85,85,NA,Unknown,Water level accuracy to nearest tenth of a foot,5317,Mid-Kaweah GSA,NA,5317,Mid-Kaweah GSA,NA,NA,54642,NA,KSB-1447,Unknown,Unknown,5-022.11,Kaweah,Tulare,NA,Unknown,Single Well,NA,1993-09-15 - 2010-12-15,120,spring,NA,NA,78,107,1995,18030012,Wet,Wet,1994-10-01T00:00:00Z,1995-10-01T00:00:00Z,-119.385,36.3424
363425N1193854W001,2514093,1995-02-15T00:00:00Z,297,297,0,89,208,89,89,NA,Unknown,Water level accuracy to nearest tenth of a foot,5317,Mid-Kaweah GSA,NA,5317,Mid-Kaweah GSA,NA,NA,54642,NA,KSB-1447,Unknown,Unknown,5-022.11,Kaweah,Tulare,NA,Unknown,Single Well,NA,1993-09-15 - 2010-12-15,120,other,NA,NA,NA,NA,1995,18030012,Wet,Wet,1994-10-01T00:00:00Z,1995-10-01T00:00:00Z,-119.385,36.3424
363425N1193854W001,2514087,1995-01-15T00:00:00Z,297,297,0,94,203,94,94,NA,Unknown,Water level accuracy to nearest tenth of a foot,5317,Mid-Kaweah GSA,NA,5317,Mid-Kaweah GSA,NA,NA,54642,NA,KSB-1447,Unknown,Unknown,5-022.11,Kaweah,Tulare,NA,Unknown,Single Well,NA,1993-09-15 - 2010-12-15,120,other,NA,NA,NA,NA,1995,18030012,Wet,Wet,1994-10-01T00:00:00Z,1995-10-01T00:00:00Z,-119.385,36.3424
363425N1193854W001,2514060,1994-12-15T00:00:00Z,297,297,0,94,203,94,94,NA,Unknown,Water level accuracy to nearest tenth of a foot,5317,Mid-Kaweah GSA,NA,5317,Mid-Kaweah GSA,NA,NA,54642,NA,KSB-1447,Unknown,Unknown,5-022.11,Kaweah,Tulare,NA,Unknown,Single Well,NA,1993-09-15 - 2010-12-15,120,other,NA,NA,NA,NA,1995,18030012,Wet,Wet,1994-10-01T00:00:00Z,1995-10-01T00:00:00Z,-119.385,36.3424
363425N1193854W001,2514006,1994-10-15T00:00:00Z,297,297,0,97,200,97,97,NA,Unknown,Water level accuracy to nearest tenth of a foot,5317,Mid-Kaweah GSA,NA,5317,Mid-Kaweah GSA,NA,NA,54642,NA,KSB-1447,Unknown,Unknown,5-022.11,Kaweah,Tulare,NA,Unknown,Single Well,NA,1993-09-15 - 2010-12-15,120,fall,80,122,NA,NA,1995,18030012,Wet,Wet,1994-10-01T00:00:00Z,1995-10-01T00:00:00Z,-119.385,36.3424
363425N1193854W001,2513980,1994-09-15T00:00:00Z,297,297,0,102,195,102,102,NA,Unknown,Water level accuracy to nearest tenth of a foot,5317,Mid-Kaweah GSA,NA,5317,Mid-Kaweah GSA,NA,NA,54642,NA,KSB-1447,Unknown,Unknown,5-022.11,Kaweah,Tulare,NA,Unknown,Single Well,NA,1993-09-15 - 2010-12-15,120,fall,80,122,NA,NA,1994,18030012,Above Normal,Above Normal,1993-10-01T00:00:00Z,1994-10-01T00:00:00Z,-119.385,36.3424
363425N1193854W001,2513974,1994-08-15T00:00:00Z,297,297,0,110,187,110,110,NA,Unknown,Water level accuracy to nearest tenth of a foot,5317,Mid-Kaweah GSA,NA,5317,Mid-Kaweah GSA,NA,NA,54642,NA,KSB-1447,Unknown,Unknown,5-022.11,Kaweah,Tulare,NA,Unknown,Single Well,NA,1993-09-15 - 2010-12-15,120,fall,80,122,NA,NA,1994,18030012,Above Normal,Above Normal,1993-10-01T00:00:00Z,1994-10-01T00:00:00Z,-119.385,36.3424
363425N1193854W001,2513951,1994-07-15T00:00:00Z,297,297,0,108,189,108,108,NA,Unknown,Water level accuracy to nearest tenth of a foot,5317,Mid-Kaweah GSA,NA,5317,Mid-Kaweah GSA,NA,NA,54642,NA,KSB-1447,Unknown,Unknown,5-022.11,Kaweah,Tulare,NA,Unknown,Single Well,NA,1993-09-15 - 2010-12-15,120,other,NA,NA,NA,NA,1994,18030012,Above Normal,Above Normal,1993-10-01T00:00:00Z,1994-10-01T00:00:00Z,-119.385,36.3424
363425N1193854W001,2513924,1994-06-15T00:00:00Z,297,297,0,105,192,105,105,NA,Unknown,Water level accuracy to nearest tenth of a foot,5317,Mid-Kaweah GSA,NA,5317,Mid-Kaweah GSA,NA,NA,54642,NA,KSB-1447,Unknown,Unknown,5-022.11,Kaweah,Tulare,NA,Unknown,Single Well,NA,1993-09-15 - 2010-12-15,120,other,NA,NA,NA,NA,1994,18030012,Above Normal,Above Normal,1993-10-01T00:00:00Z,1994-10-01T00:00:00Z,-119.385,36.3424
363425N1193854W001,2513897,1994-05-15T00:00:00Z,297,297,0,95,202,95,95,NA,Unknown,Water level accuracy to nearest tenth of a foot,5317,Mid-Kaweah GSA,NA,5317,Mid-Kaweah GSA,NA,NA,54642,NA,KSB-1447,Unknown,Unknown,5-022.11,Kaweah,Tulare,NA,Unknown,Single Well,NA,1993-09-15 - 2010-12-15,120,spring,NA,NA,78,107,1994,18030012,Above Normal,Above Normal,1993-10-01T00:00:00Z,1994-10-01T00:00:00Z,-119.385,36.3424
363425N1193854W001,2513891,1994-04-15T00:00:00Z,297,297,0,98,199,98,98,NA,Unknown,Water level accuracy to nearest tenth of a foot,5317,Mid-Kaweah GSA,NA,5317,Mid-Kaweah GSA,NA,NA,54642,NA,KSB-1447,Unknown,Unknown,5-022.11,Kaweah,Tulare,NA,Unknown,Single Well,NA,1993-09-15 - 2010-12-15,120,spring,NA,NA,78,107,1994,18030012,Above Normal,Above Normal,1993-10-01T00:00:00Z,1994-10-01T00:00:00Z,-119.385,36.3424
363425N1193854W001,2513863,1994-03-15T00:00:00Z,297,297,0,87,210,87,87,NA,Unknown,Water level accuracy to nearest tenth of a foot,5317,Mid-Kaweah GSA,NA,5317,Mid-Kaweah GSA,NA,NA,54642,NA,KSB-1447,Unknown,Unknown,5-022.11,Kaweah,Tulare,NA,Unknown,Single Well,NA,1993-09-15 - 2010-12-15,120,spring,NA,NA,78,107,1994,18030012,Above Normal,Above Normal,1993-10-01T00:00:00Z,1994-10-01T00:00:00Z,-119.385,36.3424
363425N1193854W001,2513844,1994-02-15T00:00:00Z,297,297,0,87,210,87,87,NA,Unknown,Water level accuracy to nearest tenth of a foot,5317,Mid-Kaweah GSA,NA,5317,Mid-Kaweah GSA,NA,NA,54642,NA,KSB-1447,Unknown,Unknown,5-022.11,Kaweah,Tulare,NA,Unknown,Single Well,NA,1993-09-15 - 2010-12-15,120,other,NA,NA,NA,NA,1994,18030012,Above Normal,Above Normal,1993-10-01T00:00:00Z,1994-10-01T00:00:00Z,-119.385,36.3424
363425N1193854W001,2513838,1994-01-15T00:00:00Z,297,297,0,85,212,85,85,NA,Unknown,Water level accuracy to nearest tenth of a foot,5317,Mid-Kaweah GSA,NA,5317,Mid-Kaweah GSA,NA,NA,54642,NA,KSB-1447,Unknown,Unknown,5-022.11,Kaweah,Tulare,NA,Unknown,Single Well,NA,1993-09-15 - 2010-12-15,120,other,NA,NA,NA,NA,1994,18030012,Above Normal,Above Normal,1993-10-01T00:00:00Z,1994-10-01T00:00:00Z,-119.385,36.3424
363425N1193854W001,2514248,1993-12-15T00:00:00Z,297,297,0,83,214,83,83,NA,Unknown,Water level accuracy to nearest tenth of a foot,5317,Mid-Kaweah GSA,NA,5317,Mid-Kaweah GSA,NA,NA,54642,NA,KSB-1447,Unknown,Unknown,5-022.11,Kaweah,Tulare,NA,Unknown,Single Well,NA,1993-09-15 - 2010-12-15,120,other,NA,NA,NA,NA,1994,18030012,Above Normal,Above Normal,1993-10-01T00:00:00Z,1994-10-01T00:00:00Z,-119.385,36.3424
363425N1193854W001,2514218,1993-11-15T00:00:00Z,297,297,0,89,208,89,89,NA,Unknown,Water level accuracy to nearest tenth of a foot,5317,Mid-Kaweah GSA,NA,5317,Mid-Kaweah GSA,NA,NA,54642,NA,KSB-1447,Unknown,Unknown,5-022.11,Kaweah,Tulare,NA,Unknown,Single Well,NA,1993-09-15 - 2010-12-15,120,fall,80,122,NA,NA,1994,18030012,Above Normal,Above Normal,1993-10-01T00:00:00Z,1994-10-01T00:00:00Z,-119.385,36.3424
363425N1193854W001,2514191,1993-10-15T00:00:00Z,297,297,0,92,205,92,92,NA,Unknown,Water level accuracy to nearest tenth of a foot,5317,Mid-Kaweah GSA,NA,5317,Mid-Kaweah GSA,NA,NA,54642,NA,KSB-1447,Unknown,Unknown,5-022.11,Kaweah,Tulare,NA,Unknown,Single Well,NA,1993-09-15 - 2010-12-15,120,fall,80,122,NA,NA,1994,18030012,Above Normal,Above Normal,1993-10-01T00:00:00Z,1994-10-01T00:00:00Z,-119.385,36.3424
363425N1193854W001,2514164,1993-09-15T00:00:00Z,297,297,0,97,200,97,97,NA,Unknown,Water level accuracy to nearest tenth of a foot,5317,Mid-Kaweah GSA,NA,5317,Mid-Kaweah GSA,NA,NA,54642,NA,KSB-1447,Unknown,Unknown,5-022.11,Kaweah,Tulare,NA,Unknown,Single Well,NA,1993-09-15 - 2010-12-15,120,fall,80,122,NA,NA,1993,18030012,Wet,Wet,1992-10-01T00:00:00Z,1993-10-01T00:00:00Z,-119.385,36.3424
