SITE_CODE,WLM_ID,MSMT_DATE,WLM_RPE,WLM_GSE,RDNG_WS,RDNG_RP,WSE,RPE_WSE,GSE_WSE,WLM_QA_DESC,WLM_DESC,WLM_ACC_DESC,WLM_ORG_ID,WLM_ORG_NAME,MSMT_CMT,COOP_AGENCY_ORG_ID,COOP_ORG_NAME,TOP_PRF,BOT_PRF,STN_ID,SWN,WELL_NAME,WLM_METHOD,WLM_ACC,BASIN_CODE,BASIN_NAME,COUNTY_NAME,WELL_DEPTH,WELL_USE,WELL_TYPE,WCR_NO,t_range,n_samples,season,fall_high,fall_low,spring_high,spring_low,water_year,HUC8,WYT,water_year_type,water_year_start,water_year_end,X,Y
363458N1192970W001,898730,1969-02-03T00:00:00Z,331.7,330.7,NA,NA,NA,NA,NA,Measurement Discontinued,NA,NA,1,Department of Water Resources,NA,5155,Kaweah Delta Water Conservation District,NA,NA,34336,18S25E19J001M,NA,Unknown,Unknown,5-022.11,Kaweah,Tulare,NA,Unknown,Unknown,NA,1939-10-09 - 1969-02-03,44,other,NA,NA,NA,NA,1969,18030012,Wet,Wet,1968-10-01T00:00:00Z,1969-10-01T00:00:00Z,-119.297,36.3458
363458N1192970W001,898729,1968-02-06T00:00:00Z,331.7,330.7,NA,NA,NA,NA,NA,Can't get tape in casing,NA,NA,1,Department of Water Resources,NA,5155,Kaweah Delta Water Conservation District,NA,NA,34336,18S25E19J001M,NA,Unknown,Unknown,5-022.11,Kaweah,Tulare,NA,Unknown,Unknown,NA,1939-10-09 - 1969-02-03,44,other,NA,NA,NA,NA,1968,18030012,Below Normal,Below Normal,1967-10-01T00:00:00Z,1968-10-01T00:00:00Z,-119.297,36.3458
363458N1192970W001,898728,1967-02-06T00:00:00Z,331.7,330.7,NA,NA,NA,NA,NA,Tape hung up,NA,NA,1,Department of Water Resources,NA,5155,Kaweah Delta Water Conservation District,NA,NA,34336,18S25E19J001M,NA,Unknown,Unknown,5-022.11,Kaweah,Tulare,NA,Unknown,Unknown,NA,1939-10-09 - 1969-02-03,44,other,NA,NA,NA,NA,1967,18030012,Wet,Wet,1966-10-01T00:00:00Z,1967-10-01T00:00:00Z,-119.297,36.3458
363458N1192970W001,898727,1966-02-02T00:00:00Z,331.7,330.7,0,47.4,284.3,47.4,46.4,NA,Unknown,Water level accuracy is unknown,1,Department of Water Resources,NA,5155,Kaweah Delta Water Conservation District,NA,NA,34336,18S25E19J001M,NA,Unknown,Unknown,5-022.11,Kaweah,Tulare,NA,Unknown,Unknown,NA,1939-10-09 - 1969-02-03,44,other,NA,NA,NA,NA,1966,18030012,Below Normal,Below Normal,1965-10-01T00:00:00Z,1966-10-01T00:00:00Z,-119.297,36.3458
363458N1192970W001,898726,1965-02-03T00:00:00Z,331.7,330.7,0,54.3,277.4,54.3,53.3,NA,Unknown,Water level accuracy is unknown,1,Department of Water Resources,NA,5155,Kaweah Delta Water Conservation District,NA,NA,34336,18S25E19J001M,NA,Unknown,Unknown,5-022.11,Kaweah,Tulare,NA,Unknown,Unknown,NA,1939-10-09 - 1969-02-03,44,other,NA,NA,NA,NA,1965,18030012,Below Normal,Below Normal,1964-10-01T00:00:00Z,1965-10-01T00:00:00Z,-119.297,36.3458
363458N1192970W001,898725,1964-09-28T00:00:00Z,331.7,330.7,0,55.5,276.2,55.5,54.5,NA,Unknown,Water level accuracy is unknown,1,Department of Water Resources,NA,5155,Kaweah Delta Water Conservation District,NA,NA,34336,18S25E19J001M,NA,Unknown,Unknown,5-022.11,Kaweah,Tulare,NA,Unknown,Unknown,NA,1939-10-09 - 1969-02-03,44,fall,14.5,63.9,NA,NA,1964,18030012,Dry,Dry,1963-10-01T00:00:00Z,1964-10-01T00:00:00Z,-119.297,36.3458
363458N1192970W001,898724,1964-02-03T00:00:00Z,331.7,330.7,0,47.9,283.8,47.9,46.9,NA,Unknown,Water level accuracy is unknown,1,Department of Water Resources,NA,5155,Kaweah Delta Water Conservation District,NA,NA,34336,18S25E19J001M,NA,Unknown,Unknown,5-022.11,Kaweah,Tulare,NA,Unknown,Unknown,NA,1939-10-09 - 1969-02-03,44,other,NA,NA,NA,NA,1964,18030012,Dry,Dry,1963-10-01T00:00:00Z,1964-10-01T00:00:00Z,-119.297,36.3458
363458N1192970W001,898723,1963-09-23T00:00:00Z,331.7,330.7,0,51.1,280.6,51.1,50.1,NA,Unknown,Water level accuracy is unknown,1,Department of Water Resources,NA,5155,Kaweah Delta Water Conservation District,NA,NA,34336,18S25E19J001M,NA,Unknown,Unknown,5-022.11,Kaweah,Tulare,NA,Unknown,Unknown,NA,1939-10-09 - 1969-02-03,44,fall,14.5,63.9,NA,NA,1963,18030012,Above Normal,Above Normal,1962-10-01T00:00:00Z,1963-10-01T00:00:00Z,-119.297,36.3458
363458N1192970W001,898722,1963-02-18T00:00:00Z,331.7,330.7,0,58.8,272.9,58.8,57.8,NA,Unknown,Water level accuracy is unknown,1,Department of Water Resources,NA,5155,Kaweah Delta Water Conservation District,NA,NA,34336,18S25E19J001M,NA,Unknown,Unknown,5-022.11,Kaweah,Tulare,NA,Unknown,Unknown,NA,1939-10-09 - 1969-02-03,44,other,NA,NA,NA,NA,1963,18030012,Above Normal,Above Normal,1962-10-01T00:00:00Z,1963-10-01T00:00:00Z,-119.297,36.3458
363458N1192970W001,898721,1962-02-05T00:00:00Z,331.7,330.7,0,64.8,266.9,64.8,63.8,NA,Unknown,Water level accuracy is unknown,1,Department of Water Resources,NA,5155,Kaweah Delta Water Conservation District,NA,NA,34336,18S25E19J001M,NA,Unknown,Unknown,5-022.11,Kaweah,Tulare,NA,Unknown,Unknown,NA,1939-10-09 - 1969-02-03,44,other,NA,NA,NA,NA,1962,18030012,Above Normal,Above Normal,1961-10-01T00:00:00Z,1962-10-01T00:00:00Z,-119.297,36.3458
363458N1192970W001,898720,1961-10-16T00:00:00Z,331.7,330.7,0,64.9,266.8,64.9,63.9,NA,Unknown,Water level accuracy is unknown,1,Department of Water Resources,NA,5155,Kaweah Delta Water Conservation District,NA,NA,34336,18S25E19J001M,NA,Unknown,Unknown,5-022.11,Kaweah,Tulare,NA,Unknown,Unknown,NA,1939-10-09 - 1969-02-03,44,fall,14.5,63.9,NA,NA,1962,18030012,Above Normal,Above Normal,1961-10-01T00:00:00Z,1962-10-01T00:00:00Z,-119.297,36.3458
363458N1192970W001,898719,1961-02-17T00:00:00Z,331.7,330.7,0,50.4,281.3,50.4,49.4,NA,Unknown,Water level accuracy is unknown,1,Department of Water Resources,NA,5155,Kaweah Delta Water Conservation District,NA,NA,34336,18S25E19J001M,NA,Unknown,Unknown,5-022.11,Kaweah,Tulare,NA,Unknown,Unknown,NA,1939-10-09 - 1969-02-03,44,other,NA,NA,NA,NA,1961,18030012,Critical,Critical,1960-10-01T00:00:00Z,1961-10-01T00:00:00Z,-119.297,36.3458
363458N1192970W001,898718,1960-10-05T00:00:00Z,331.7,330.7,0,49.9,281.8,49.9,48.9,NA,Unknown,Water level accuracy is unknown,1,Department of Water Resources,NA,5155,Kaweah Delta Water Conservation District,NA,NA,34336,18S25E19J001M,NA,Unknown,Unknown,5-022.11,Kaweah,Tulare,NA,Unknown,Unknown,NA,1939-10-09 - 1969-02-03,44,fall,14.5,63.9,NA,NA,1961,18030012,Critical,Critical,1960-10-01T00:00:00Z,1961-10-01T00:00:00Z,-119.297,36.3458
363458N1192970W001,898717,1960-02-16T00:00:00Z,331.7,330.7,0,43.3,288.4,43.3,42.3,NA,Unknown,Water level accuracy is unknown,1,Department of Water Resources,NA,5155,Kaweah Delta Water Conservation District,NA,NA,34336,18S25E19J001M,NA,Unknown,Unknown,5-022.11,Kaweah,Tulare,NA,Unknown,Unknown,NA,1939-10-09 - 1969-02-03,44,other,NA,NA,NA,NA,1960,18030012,Critical,Critical,1959-10-01T00:00:00Z,1960-10-01T00:00:00Z,-119.297,36.3458
363458N1192970W001,898716,1959-09-28T00:00:00Z,331.7,330.7,0,42.4,289.3,42.4,41.4,NA,Unknown,Water level accuracy is unknown,1,Department of Water Resources,NA,5155,Kaweah Delta Water Conservation District,NA,NA,34336,18S25E19J001M,NA,Unknown,Unknown,5-022.11,Kaweah,Tulare,NA,Unknown,Unknown,NA,1939-10-09 - 1969-02-03,44,fall,14.5,63.9,NA,NA,1959,18030012,Below Normal,Below Normal,1958-10-01T00:00:00Z,1959-10-01T00:00:00Z,-119.297,36.3458
363458N1192970W001,898715,1959-02-18T00:00:00Z,331.7,330.7,0,34.6,297.1,34.6,33.6,NA,Unknown,Water level accuracy is unknown,1,Department of Water Resources,NA,5155,Kaweah Delta Water Conservation District,NA,NA,34336,18S25E19J001M,NA,Unknown,Unknown,5-022.11,Kaweah,Tulare,NA,Unknown,Unknown,NA,1939-10-09 - 1969-02-03,44,other,NA,NA,NA,NA,1959,18030012,Below Normal,Below Normal,1958-10-01T00:00:00Z,1959-10-01T00:00:00Z,-119.297,36.3458
363458N1192970W001,898714,1958-10-05T00:00:00Z,331.7,330.7,0,32.7,299,32.7,31.7,NA,Unknown,Water level accuracy is unknown,1,Department of Water Resources,NA,5155,Kaweah Delta Water Conservation District,NA,NA,34336,18S25E19J001M,NA,Unknown,Unknown,5-022.11,Kaweah,Tulare,NA,Unknown,Unknown,NA,1939-10-09 - 1969-02-03,44,fall,14.5,63.9,NA,NA,1959,18030012,Below Normal,Below Normal,1958-10-01T00:00:00Z,1959-10-01T00:00:00Z,-119.297,36.3458
363458N1192970W001,898713,1958-02-26T00:00:00Z,331.7,330.7,0,36.7,295,36.7,35.7,NA,Unknown,Water level accuracy is unknown,1,Department of Water Resources,NA,5155,Kaweah Delta Water Conservation District,NA,NA,34336,18S25E19J001M,NA,Unknown,Unknown,5-022.11,Kaweah,Tulare,NA,Unknown,Unknown,NA,1939-10-09 - 1969-02-03,44,other,NA,NA,NA,NA,1958,18030012,Wet,Wet,1957-10-01T00:00:00Z,1958-10-01T00:00:00Z,-119.297,36.3458
363458N1192970W001,898712,1957-10-20T00:00:00Z,331.7,330.7,0,37.5,294.2,37.5,36.5,NA,Unknown,Water level accuracy is unknown,1,Department of Water Resources,NA,5155,Kaweah Delta Water Conservation District,NA,NA,34336,18S25E19J001M,NA,Unknown,Unknown,5-022.11,Kaweah,Tulare,NA,Unknown,Unknown,NA,1939-10-09 - 1969-02-03,44,fall,14.5,63.9,NA,NA,1958,18030012,Wet,Wet,1957-10-01T00:00:00Z,1958-10-01T00:00:00Z,-119.297,36.3458
363458N1192970W001,898711,1957-02-12T00:00:00Z,331.7,330.7,0,34.5,297.2,34.5,33.5,NA,Unknown,Water level accuracy is unknown,1,Department of Water Resources,NA,5155,Kaweah Delta Water Conservation District,NA,NA,34336,18S25E19J001M,NA,Unknown,Unknown,5-022.11,Kaweah,Tulare,NA,Unknown,Unknown,NA,1939-10-09 - 1969-02-03,44,other,NA,NA,NA,NA,1957,18030012,Below Normal,Below Normal,1956-10-01T00:00:00Z,1957-10-01T00:00:00Z,-119.297,36.3458
363458N1192970W001,898710,1956-10-12T00:00:00Z,331.7,330.7,0,34.3,297.4,34.3,33.3,NA,Unknown,Water level accuracy is unknown,1,Department of Water Resources,NA,5155,Kaweah Delta Water Conservation District,NA,NA,34336,18S25E19J001M,NA,Unknown,Unknown,5-022.11,Kaweah,Tulare,NA,Unknown,Unknown,NA,1939-10-09 - 1969-02-03,44,fall,14.5,63.9,NA,NA,1957,18030012,Below Normal,Below Normal,1956-10-01T00:00:00Z,1957-10-01T00:00:00Z,-119.297,36.3458
363458N1192970W001,898709,1956-02-15T00:00:00Z,331.7,330.7,0,37.8,293.9,37.8,36.8,NA,Unknown,Water level accuracy is unknown,1,Department of Water Resources,NA,5155,Kaweah Delta Water Conservation District,NA,NA,34336,18S25E19J001M,NA,Unknown,Unknown,5-022.11,Kaweah,Tulare,NA,Unknown,Unknown,NA,1939-10-09 - 1969-02-03,44,other,NA,NA,NA,NA,1956,18030012,Above Normal,Above Normal,1955-10-01T00:00:00Z,1956-10-01T00:00:00Z,-119.297,36.3458
363458N1192970W001,898708,1955-09-28T00:00:00Z,331.7,330.7,0,39.2,292.5,39.2,38.2,NA,Unknown,Water level accuracy is unknown,1,Department of Water Resources,NA,5155,Kaweah Delta Water Conservation District,NA,NA,34336,18S25E19J001M,NA,Unknown,Unknown,5-022.11,Kaweah,Tulare,NA,Unknown,Unknown,NA,1939-10-09 - 1969-02-03,44,fall,14.5,63.9,NA,NA,1955,18030012,Below Normal,Below Normal,1954-10-01T00:00:00Z,1955-10-01T00:00:00Z,-119.297,36.3458
363458N1192970W001,898707,1955-02-16T00:00:00Z,331.7,330.7,0,37,294.7,37,36,NA,Unknown,Water level accuracy is unknown,1,Department of Water Resources,NA,5155,Kaweah Delta Water Conservation District,NA,NA,34336,18S25E19J001M,NA,Unknown,Unknown,5-022.11,Kaweah,Tulare,NA,Unknown,Unknown,NA,1939-10-09 - 1969-02-03,44,other,NA,NA,NA,NA,1955,18030012,Below Normal,Below Normal,1954-10-01T00:00:00Z,1955-10-01T00:00:00Z,-119.297,36.3458
363458N1192970W001,898706,1954-09-27T00:00:00Z,331.7,330.7,0,35.4,296.3,35.4,34.4,NA,Unknown,Water level accuracy is unknown,1,Department of Water Resources,NA,5155,Kaweah Delta Water Conservation District,NA,NA,34336,18S25E19J001M,NA,Unknown,Unknown,5-022.11,Kaweah,Tulare,NA,Unknown,Unknown,NA,1939-10-09 - 1969-02-03,44,fall,14.5,63.9,NA,NA,1954,18030012,Below Normal,Below Normal,1953-10-01T00:00:00Z,1954-10-01T00:00:00Z,-119.297,36.3458
363458N1192970W001,898705,1954-02-16T00:00:00Z,331.7,330.7,0,34,297.7,34,33,NA,Unknown,Water level accuracy is unknown,1,Department of Water Resources,NA,5155,Kaweah Delta Water Conservation District,NA,NA,34336,18S25E19J001M,NA,Unknown,Unknown,5-022.11,Kaweah,Tulare,NA,Unknown,Unknown,NA,1939-10-09 - 1969-02-03,44,other,NA,NA,NA,NA,1954,18030012,Below Normal,Below Normal,1953-10-01T00:00:00Z,1954-10-01T00:00:00Z,-119.297,36.3458
363458N1192970W001,898704,1953-10-26T00:00:00Z,331.7,330.7,0,33.5,298.2,33.5,32.5,NA,Unknown,Water level accuracy is unknown,1,Department of Water Resources,NA,5155,Kaweah Delta Water Conservation District,NA,NA,34336,18S25E19J001M,NA,Unknown,Unknown,5-022.11,Kaweah,Tulare,NA,Unknown,Unknown,NA,1939-10-09 - 1969-02-03,44,fall,14.5,63.9,NA,NA,1954,18030012,Below Normal,Below Normal,1953-10-01T00:00:00Z,1954-10-01T00:00:00Z,-119.297,36.3458
363458N1192970W001,898703,1953-09-26T00:00:00Z,331.7,330.7,0,32.6,299.1,32.6,31.6,NA,Unknown,Water level accuracy is unknown,1,Department of Water Resources,NA,5155,Kaweah Delta Water Conservation District,NA,NA,34336,18S25E19J001M,NA,Unknown,Unknown,5-022.11,Kaweah,Tulare,NA,Unknown,Unknown,NA,1939-10-09 - 1969-02-03,44,fall,14.5,63.9,NA,NA,1953,18030012,Above Normal,Above Normal,1952-10-01T00:00:00Z,1953-10-01T00:00:00Z,-119.297,36.3458
363458N1192970W001,898702,1953-02-14T00:00:00Z,331.7,330.7,0,29.9,301.8,29.9,28.9,NA,Unknown,Water level accuracy is unknown,1,Department of Water Resources,NA,5155,Kaweah Delta Water Conservation District,NA,NA,34336,18S25E19J001M,NA,Unknown,Unknown,5-022.11,Kaweah,Tulare,NA,Unknown,Unknown,NA,1939-10-09 - 1969-02-03,44,other,NA,NA,NA,NA,1953,18030012,Above Normal,Above Normal,1952-10-01T00:00:00Z,1953-10-01T00:00:00Z,-119.297,36.3458
363458N1192970W001,898701,1952-10-26T00:00:00Z,331.7,330.7,0,31.2,300.5,31.2,30.2,NA,Unknown,Water level accuracy is unknown,1,Department of Water Resources,NA,5155,Kaweah Delta Water Conservation District,NA,NA,34336,18S25E19J001M,NA,Unknown,Unknown,5-022.11,Kaweah,Tulare,NA,Unknown,Unknown,NA,1939-10-09 - 1969-02-03,44,fall,14.5,63.9,NA,NA,1953,18030012,Above Normal,Above Normal,1952-10-01T00:00:00Z,1953-10-01T00:00:00Z,-119.297,36.3458
363458N1192970W001,898700,1952-02-27T00:00:00Z,331.7,330.7,0,34.5,297.2,34.5,33.5,NA,Unknown,Water level accuracy is unknown,1,Department of Water Resources,NA,5155,Kaweah Delta Water Conservation District,NA,NA,34336,18S25E19J001M,NA,Unknown,Unknown,5-022.11,Kaweah,Tulare,NA,Unknown,Unknown,NA,1939-10-09 - 1969-02-03,44,other,NA,NA,NA,NA,1952,18030012,Wet,Wet,1951-10-01T00:00:00Z,1952-10-01T00:00:00Z,-119.297,36.3458
363458N1192970W001,898699,1951-10-18T00:00:00Z,331.7,330.7,0,34.8,296.9,34.8,33.8,NA,Unknown,Water level accuracy is unknown,1,Department of Water Resources,NA,5155,Kaweah Delta Water Conservation District,NA,NA,34336,18S25E19J001M,NA,Unknown,Unknown,5-022.11,Kaweah,Tulare,NA,Unknown,Unknown,NA,1939-10-09 - 1969-02-03,44,fall,14.5,63.9,NA,NA,1952,18030012,Wet,Wet,1951-10-01T00:00:00Z,1952-10-01T00:00:00Z,-119.297,36.3458
363458N1192970W001,898698,1951-02-02T00:00:00Z,331.7,330.7,0,33.8,297.9,33.8,32.8,NA,Unknown,Water level accuracy is unknown,1,Department of Water Resources,NA,5155,Kaweah Delta Water Conservation District,NA,NA,34336,18S25E19J001M,NA,Unknown,Unknown,5-022.11,Kaweah,Tulare,NA,Unknown,Unknown,NA,1939-10-09 - 1969-02-03,44,other,NA,NA,NA,NA,1951,18030012,Critical,Critical,1950-10-01T00:00:00Z,1951-10-01T00:00:00Z,-119.297,36.3458
363458N1192970W001,898697,1950-10-12T00:00:00Z,331.7,330.7,0,35.2,296.5,35.2,34.2,NA,Unknown,Water level accuracy is unknown,1,Department of Water Resources,NA,5155,Kaweah Delta Water Conservation District,NA,NA,34336,18S25E19J001M,NA,Unknown,Unknown,5-022.11,Kaweah,Tulare,NA,Unknown,Unknown,NA,1939-10-09 - 1969-02-03,44,fall,14.5,63.9,NA,NA,1951,18030012,Critical,Critical,1950-10-01T00:00:00Z,1951-10-01T00:00:00Z,-119.297,36.3458
363458N1192970W001,898696,1949-10-04T00:00:00Z,331.7,330.7,0,33.4,298.3,33.4,32.4,NA,Unknown,Water level accuracy is unknown,1,Department of Water Resources,NA,5155,Kaweah Delta Water Conservation District,NA,NA,34336,18S25E19J001M,NA,Unknown,Unknown,5-022.11,Kaweah,Tulare,NA,Unknown,Unknown,NA,1939-10-09 - 1969-02-03,44,fall,14.5,63.9,NA,NA,1950,18030012,Dry,Dry,1949-10-01T00:00:00Z,1950-10-01T00:00:00Z,-119.297,36.3458
363458N1192970W001,898695,1948-10-30T00:00:00Z,331.7,330.7,0,29.7,302,29.7,28.7,NA,Unknown,Water level accuracy is unknown,1,Department of Water Resources,NA,5155,Kaweah Delta Water Conservation District,NA,NA,34336,18S25E19J001M,NA,Unknown,Unknown,5-022.11,Kaweah,Tulare,NA,Unknown,Unknown,NA,1939-10-09 - 1969-02-03,44,fall,14.5,63.9,NA,NA,1949,18030012,Critical,Critical,1948-10-01T00:00:00Z,1949-10-01T00:00:00Z,-119.297,36.3458
363458N1192970W001,898694,1946-10-21T00:00:00Z,331.7,330.7,0,21.1,310.6,21.1,20.1,NA,Unknown,Water level accuracy is unknown,1,Department of Water Resources,NA,5155,Kaweah Delta Water Conservation District,NA,NA,34336,18S25E19J001M,NA,Unknown,Unknown,5-022.11,Kaweah,Tulare,NA,Unknown,Unknown,NA,1939-10-09 - 1969-02-03,44,fall,14.5,63.9,NA,NA,1947,18030012,Dry,Dry,1946-10-01T00:00:00Z,1947-10-01T00:00:00Z,-119.297,36.3458
363458N1192970W001,898693,1945-10-12T00:00:00Z,331.7,330.7,0,17.8,313.9,17.8,16.8,NA,Unknown,Water level accuracy is unknown,1,Department of Water Resources,NA,5155,Kaweah Delta Water Conservation District,NA,NA,34336,18S25E19J001M,NA,Unknown,Unknown,5-022.11,Kaweah,Tulare,NA,Unknown,Unknown,NA,1939-10-09 - 1969-02-03,44,fall,14.5,63.9,NA,NA,1946,18030012,Dry,Dry,1945-10-01T00:00:00Z,1946-10-01T00:00:00Z,-119.297,36.3458
363458N1192970W001,898692,1944-10-14T00:00:00Z,331.7,330.7,0,18.5,313.2,18.5,17.5,NA,Unknown,Water level accuracy is unknown,1,Department of Water Resources,NA,5155,Kaweah Delta Water Conservation District,NA,NA,34336,18S25E19J001M,NA,Unknown,Unknown,5-022.11,Kaweah,Tulare,NA,Unknown,Unknown,NA,1939-10-09 - 1969-02-03,44,fall,14.5,63.9,NA,NA,1945,18030012,Below Normal,Below Normal,1944-10-01T00:00:00Z,1945-10-01T00:00:00Z,-119.297,36.3458
363458N1192970W001,898691,1943-10-15T00:00:00Z,331.7,330.7,0,15.5,316.2,15.5,14.5,NA,Unknown,Water level accuracy is unknown,1,Department of Water Resources,NA,5155,Kaweah Delta Water Conservation District,NA,NA,34336,18S25E19J001M,NA,Unknown,Unknown,5-022.11,Kaweah,Tulare,NA,Unknown,Unknown,NA,1939-10-09 - 1969-02-03,44,fall,14.5,63.9,NA,NA,1944,18030012,Below Normal,Below Normal,1943-10-01T00:00:00Z,1944-10-01T00:00:00Z,-119.297,36.3458
363458N1192970W001,898690,1942-10-17T00:00:00Z,331.7,330.7,NA,NA,NA,NA,NA,Pumping,NA,NA,1,Department of Water Resources,NA,5155,Kaweah Delta Water Conservation District,NA,NA,34336,18S25E19J001M,NA,Unknown,Unknown,5-022.11,Kaweah,Tulare,NA,Unknown,Unknown,NA,1939-10-09 - 1969-02-03,44,fall,14.5,63.9,NA,NA,1943,18030012,Above Normal,Above Normal,1942-10-01T00:00:00Z,1943-10-01T00:00:00Z,-119.297,36.3458
363458N1192970W001,898689,1941-10-24T00:00:00Z,331.7,330.7,0,15.6,316.1,15.6,14.6,NA,Unknown,Water level accuracy is unknown,1,Department of Water Resources,NA,5155,Kaweah Delta Water Conservation District,NA,NA,34336,18S25E19J001M,NA,Unknown,Unknown,5-022.11,Kaweah,Tulare,NA,Unknown,Unknown,NA,1939-10-09 - 1969-02-03,44,fall,14.5,63.9,NA,NA,1942,18030012,Wet,Wet,1941-10-01T00:00:00Z,1942-10-01T00:00:00Z,-119.297,36.3458
363458N1192970W001,898688,1940-10-24T00:00:00Z,331.7,330.7,0,18.2,313.5,18.2,17.2,NA,Unknown,Water level accuracy is unknown,1,Department of Water Resources,NA,5155,Kaweah Delta Water Conservation District,NA,NA,34336,18S25E19J001M,NA,Unknown,Unknown,5-022.11,Kaweah,Tulare,NA,Unknown,Unknown,NA,1939-10-09 - 1969-02-03,44,fall,14.5,63.9,NA,NA,1941,18030012,Wet,Wet,1940-10-01T00:00:00Z,1941-10-01T00:00:00Z,-119.297,36.3458
363458N1192970W001,898687,1939-10-09T00:00:00Z,331.7,330.7,0,18.3,313.4,18.3,17.3,NA,Unknown,Water level accuracy is unknown,1,Department of Water Resources,NA,5155,Kaweah Delta Water Conservation District,NA,NA,34336,18S25E19J001M,NA,Unknown,Unknown,5-022.11,Kaweah,Tulare,NA,Unknown,Unknown,NA,1939-10-09 - 1969-02-03,44,fall,14.5,63.9,NA,NA,1940,18030012,Above Normal,Above Normal,1939-10-01T00:00:00Z,1940-10-01T00:00:00Z,-119.297,36.3458
